id_camion,orden_parada,nodo_ine,paquetes,km_tramo,tiempo_tramo_min,tiempo_acumulado_min,Id_Transportista,Centro_Origen,Zona_Geografica
1,1,Inicio_Poligono_Nave_industrial_070,0,0.0,20.0,20.0,1,Poligono_Nave_industrial_070,Zona_0
1,2,2100101,7,114.87,116.26,157.26,1,Poligono_Nave_industrial_070,Zona_0
1,3,2104501,3,4.3320000222808375,5.198400026737005,171.458400026737,1,Poligono_Nave_industrial_070,Zona_0
1,4,2104801,4,5.469030306718086,6.562836368061703,190.0212363947987,1,Poligono_Nave_industrial_070,Zona_0
1,5,2103301,7,3.444574472233368,4.133489366680042,215.15472576147874,1,Poligono_Nave_industrial_070,Zona_0
1,6,2102201,2,3.2251969207194273,3.870236304863313,225.02496206634206,1,Poligono_Nave_industrial_070,Zona_0
1,7,2103401,11,4.38610013587557,5.263320163050684,263.28828222939273,1,Poligono_Nave_industrial_070,Zona_0
1,8,2107101,2,3.2627613899847634,3.915313667981716,273.20359589737444,1,Poligono_Nave_industrial_070,Zona_0
1,9,2102601,3,4.151473222825534,4.981767867390642,287.1853637647651,1,Poligono_Nave_industrial_070,Zona_0
1,10,2100702,8,6.181128211412118,7.417353853694541,318.6027176184596,1,Poligono_Nave_industrial_070,Zona_0
1,11,2100703,19,4.381224394247657,5.257469273097188,380.8601868915568,1,Poligono_Nave_industrial_070,Zona_0
1,12,2107201,1,39.61310590962337,47.53572709154804,431.39591398310483,1,Poligono_Nave_industrial_070,Zona_0
1,13,Regreso_Poligono_Nave_industrial_070,0,53.31,47.18,478.57591398310484,1,Poligono_Nave_industrial_070,Zona_0
2,1,Inicio_Poligono_Nave_industrial_070,0,0.0,20.0,20.0,2,Poligono_Nave_industrial_070,Zona_0
2,2,2100201,119,67.63,50.91,427.90999999999997,2,Poligono_Nave_industrial_070,Zona_0
2,3,Regreso_Poligono_Nave_industrial_070,0,67.63,50.91,478.81999999999994,2,Poligono_Nave_industrial_070,Zona_0
3,1,Inicio_Poligono_Nave_industrial_070,0,0.0,20.0,20.0,3,Poligono_Nave_industrial_070,Zona_0
3,2,2100201,1,67.63,50.91,73.91,3,Poligono_Nave_industrial_070,Zona_0
3,3,2100202,116,3.98442067934485,4.78130481521382,426.6913048152138,3,Poligono_Nave_industrial_070,Zona_0
3,4,2104108,2,2.3346959919779473,2.8016351903735366,435.49294000558734,3,Poligono_Nave_industrial_070,Zona_0
3,5,Regreso_Poligono_Nave_industrial_070,0,60.34,43.71,479.2029400055873,3,Poligono_Nave_industrial_070,Zona_0
4,1,Inicio_Poligono_Nave_industrial_070,0,0.0,20.0,20.0,4,Poligono_Nave_industrial_070,Zona_0
4,2,2100202,38,65.9,50.64,184.64,4,Poligono_Nave_industrial_070,Zona_0
4,3,2104108,82,2.3346959919779473,2.8016351903735366,433.4416351903735,4,Poligono_Nave_industrial_070,Zona_0
4,4,Regreso_Poligono_Nave_industrial_070,0,60.34,43.71,477.1516351903735,4,Poligono_Nave_industrial_070,Zona_0
5,1,Inicio_Poligono_Nave_industrial_070,0,0.0,20.0,20.0,5,Poligono_Nave_industrial_070,Zona_0
5,2,2100301,8,111.24,115.45,159.45,5,Poligono_Nave_industrial_070,Zona_0
5,3,2103701,5,8.599350024725052,10.319220029670062,184.76922002967007,5,Poligono_Nave_industrial_070,Zona_0
5,4,2106501,4,8.042737221092134,9.651284665310559,206.42050469498062,5,Poligono_Nave_industrial_070,Zona_0
5,5,2106601,6,7.38050516289301,8.856606195471612,233.27711089045224,5,Poligono_Nave_industrial_070,Zona_0
5,6,2107301,24,9.626282478792788,11.551538974551347,316.82864986500357,5,Poligono_Nave_industrial_070,Zona_0
5,7,2104201,17,8.676140139172334,10.4113681670068,378.24001803201037,5,Poligono_Nave_industrial_070,Zona_0
5,8,2104203,8,3.701016628049109,4.44121995365893,406.6812379856693,5,Poligono_Nave_industrial_070,Zona_0
5,9,Regreso_Poligono_Nave_industrial_070,0,102.38,71.09,477.77123798566936,5,Poligono_Nave_industrial_070,Zona_0
6,1,Inicio_Poligono_Nave_industrial_070,0,0.0,20.0,20.0,6,Poligono_Nave_industrial_070,Zona_0
6,2,2100401,10,120.37,120.18,170.18,6,Poligono_Nave_industrial_070,Zona_0
6,3,2102502,12,4.099636339400535,4.919563607280641,211.09956360728066,6,Poligono_Nave_industrial_070,Zona_0
6,4,2102501,28,4.90856981235498,5.890283774825976,300.98984738210663,6,Poligono_Nave_industrial_070,Zona_0
6,5,2104301,21,7.541686754454896,9.050024105345875,373.0398714874525,6,Poligono_Nave_industrial_070,Zona_0
6,6,2101701,1,31.123249433293598,37.34789931995232,413.3877708074048,6,Poligono_Nave_industrial_070,Zona_0
6,7,Regreso_Poligono_Nave_industrial_070,0,72.51,65.36,478.74777080740483,6,Poligono_Nave_industrial_070,Zona_0
7,1,Inicio_Poligono_Nave_industrial_070,0,0.0,20.0,20.0,7,Poligono_Nave_industrial_070,Zona_0
7,2,2100402,7,101.67,109.12,150.12,7,Poligono_Nave_industrial_070,Zona_0
7,3,2106701,5,9.04392096408352,10.852705156900225,175.97270515690022,7,Poligono_Nave_industrial_070,Zona_0
7,4,2105101,3,13.806929636091137,16.568315563309362,201.5410207202096,7,Poligono_Nave_industrial_070,Zona_0
7,5,2102801,3,9.965737036548392,11.95888444385807,222.49990516406766,7,Poligono_Nave_industrial_070,Zona_0
7,6,2102701,1,9.083194413385526,10.899833296062631,236.3997384601303,7,Poligono_Nave_industrial_070,Zona_0
7,7,2102901,8,5.905502599137232,7.086603118964677,267.486341579095,7,Poligono_Nave_industrial_070,Zona_0
7,8,2102902,6,5.943028904993149,7.131634685991778,292.6179762650868,7,Poligono_Nave_industrial_070,Zona_0
7,9,2103901,3,8.914783730112923,10.697740476135507,312.3157167412223,7,Poligono_Nave_industrial_070,Zona_0
7,10,2102001,3,6.318437660904732,7.5821251930856794,328.89784193430796,7,Poligono_Nave_industrial_070,Zona_0
7,11,2102401,5,6.803245724117465,8.16389486894096,352.0617368032489,7,Poligono_Nave_industrial_070,Zona_0
7,12,2105901,3,5.16162950416732,6.193955405000784,367.2556922082497,7,Poligono_Nave_industrial_070,Zona_0
7,13,2103801,6,6.793538513860199,8.15224621663224,393.40793842488193,7,Poligono_Nave_industrial_070,Zona_0
7,14,2105602,3,46.37746328279362,55.65295593935234,458.0608943642343,7,Poligono_Nave_industrial_070,Zona_0
7,15,2103001,1,6.998503379815278,8.398204055778335,469.4590984200126,7,Poligono_Nave_industrial_070,Zona_0
7,16,Regreso_Poligono_Nave_industrial_070,0,6.66,9.83,479.2890984200126,7,Poligono_Nave_industrial_070,Zona_0
8,1,Inicio_Poligono_Nave_industrial_070,0,0.0,20.0,20.0,8,Poligono_Nave_industrial_070,Zona_0
8,2,2100501,73,16.25,26.62,265.62,8,Poligono_Nave_industrial_070,Zona_0
8,3,2100503,65,3.8452361767284398,4.614283412074128,465.2342834120741,8,Poligono_Nave_industrial_070,Zona_0
8,4,Regreso_Poligono_Nave_industrial_070,0,10.54,13.18,478.4142834120741,8,Poligono_Nave_industrial_070,Zona_0
9,1,Inicio_Poligono_Nave_industrial_070,0,0.0,20.0,20.0,9,Poligono_Nave_industrial_070,Zona_0
9,2,2100502,33,27.66,49.84,168.84,9,Poligono_Nave_industrial_070,Zona_0
9,3,2106102,28,4.662430493615283,5.59491659233834,258.43491659233837,9,Poligono_Nave_industrial_070,Zona_0
9,4,2106101,31,3.5225598019679434,4.227071762361533,355.66198835469993,9,Poligono_Nave_industrial_070,Zona_0
9,5,2101401,30,4.966902963490216,5.960283556188259,451.6222719108882,9,Poligono_Nave_industrial_070,Zona_0
9,6,Regreso_Poligono_Nave_industrial_070,0,33.94,26.62,478.2422719108882,9,Poligono_Nave_industrial_070,Zona_0
10,1,Inicio_Poligono_Nave_industrial_070,0,0.0,20.0,20.0,10,Poligono_Nave_industrial_070,Zona_0
10,2,2100503,40,10.54,13.18,153.18,10,Poligono_Nave_industrial_070,Zona_0
10,3,2104001,16,7.372030437615152,8.84643652513818,210.0264365251382,10,Poligono_Nave_industrial_070,Zona_0
10,4,2103001,17,4.962838227633536,5.955405873160243,266.98184239829845,10,Poligono_Nave_industrial_070,Zona_0
10,5,2104701,8,3.728862073005064,4.474634487606076,295.4564768859045,10,Poligono_Nave_industrial_070,Zona_0
10,6,2105602,8,4.323029536603305,5.187635443923965,324.6441123298285,10,Poligono_Nave_industrial_070,Zona_0
10,7,2104702,10,5.505795142683893,6.606954171220672,361.25106650104914,10,Poligono_Nave_industrial_070,Zona_0
10,8,2107401,25,2.4617347254609325,2.9540816705531188,439.2051481716023,10,Poligono_Nave_industrial_070,Zona_0
10,9,2105401,1,8.157207851100985,9.788649421321182,451.99379759292344,10,Poligono_Nave_industrial_070,Zona_0
10,10,Regreso_Poligono_Nave_industrial_070,0,28.67,26.87,478.86379759292345,10,Poligono_Nave_industrial_070,Zona_0
11,1,Inicio_Poligono_Nave_industrial_070,0,0.0,20.0,20.0,11,Poligono_Nave_industrial_070,Zona_0
11,2,2100601,18,94.08,73.54,147.54000000000002,11,Poligono_Nave_industrial_070,Zona_0
11,3,2100602,15,5.674821657726833,6.809785989272199,199.34978598927222,11,Poligono_Nave_industrial_070,Zona_0
11,4,2107501,3,9.379749000322525,11.25569880038703,219.60548478965924,11,Poligono_Nave_industrial_070,Zona_0
11,5,2102301,18,9.916545267382343,11.899854320858811,285.50533911051804,11,Poligono_Nave_industrial_070,Zona_0
11,6,2101501,6,10.39760318500268,12.477123822003215,315.98246293252123,11,Poligono_Nave_industrial_070,Zona_0
11,7,2106801,9,9.087288154625194,10.904745785550233,353.88720871807146,11,Poligono_Nave_industrial_070,Zona_0
11,8,2105802,4,20.897853945798172,25.07742473495781,390.96463345302925,11,Poligono_Nave_industrial_070,Zona_0
11,9,Regreso_Poligono_Nave_industrial_070,0,109.92,88.64,479.60463345302924,11,Poligono_Nave_industrial_070,Zona_0
12,1,Inicio_Poligono_Nave_industrial_070,0,0.0,20.0,20.0,12,Poligono_Nave_industrial_070,Zona_0
12,2,2100701,17,124.09,96.63,167.63,12,Poligono_Nave_industrial_070,Zona_0
12,3,2100703,37,0.8820452582627974,1.058454309915357,279.68845430991536,12,Poligono_Nave_industrial_070,Zona_0
12,4,2103801,4,12.480938153449946,14.977125784139934,306.6655800940553,12,Poligono_Nave_industrial_070,Zona_0
12,5,2107901,6,7.45546562163372,8.946558745960463,333.6121388400158,12,Poligono_Nave_industrial_070,Zona_0
12,6,2106901,18,13.915480246757287,16.698576296108744,404.31071513612454,12,Poligono_Nave_industrial_070,Zona_0
12,7,Regreso_Poligono_Nave_industrial_070,0,103.63,73.5,477.81071513612454,12,Poligono_Nave_industrial_070,Zona_0
13,1,Inicio_Poligono_Nave_industrial_070,0,0.0,20.0,20.0,13,Poligono_Nave_industrial_070,Zona_0
13,2,2100801,11,128.85,124.27,177.26999999999998,13,Poligono_Nave_industrial_070,Zona_0
13,3,2100802,8,11.323741931214808,13.58849031745777,214.85849031745775,13,Poligono_Nave_industrial_070,Zona_0
13,4,2100803,6,10.599807005076073,12.719768406091287,245.57825872354903,13,Poligono_Nave_industrial_070,Zona_0
13,5,2106201,13,13.796214323390549,16.555457188068658,301.1337159116177,13,Poligono_Nave_industrial_070,Zona_0
13,6,2105701,10,22.741421533420187,27.289705840104222,358.4234217517219,13,Poligono_Nave_industrial_070,Zona_0
13,7,2105802,4,15.991510422865284,19.18981250743834,389.6132342591602,13,Poligono_Nave_industrial_070,Zona_0
13,8,Regreso_Poligono_Nave_industrial_070,0,109.92,88.64,478.2532342591602,13,Poligono_Nave_industrial_070,Zona_0
14,1,Inicio_Poligono_Nave_industrial_070,0,0.0,20.0,20.0,14,Poligono_Nave_industrial_070,Zona_0
14,2,2100901,6,132.67,105.81,143.81,14,Poligono_Nave_industrial_070,Zona_0
14,3,2101601,9,9.235791748508715,11.082950098210457,181.89295009821046,14,Poligono_Nave_industrial_070,Zona_0
14,4,4108001,11,16.056150683218217,19.267380819861863,234.16033091807233,14,Poligono_Nave_industrial_070,Zona_0
14,5,4100901,11,10.19576601904359,12.234919222852309,279.39525014092465,14,Poligono_Nave_industrial_070,Zona_0
14,6,4108301,12,16.16930261536973,19.403163138443674,334.79841327936833,14,Poligono_Nave_industrial_070,Zona_0
14,7,4104301,7,13.051522135645387,15.661826562774465,371.4602398421428,14,Poligono_Nave_industrial_070,Zona_0
14,8,4104501,15,13.29322492400521,15.951869908806252,432.41210975094907,14,Poligono_Nave_industrial_070,Zona_0
14,9,4106702,1,12.366550537909754,14.839860645491704,450.25197039644075,14,Poligono_Nave_industrial_070,Zona_0
14,10,Regreso_Poligono_Nave_industrial_070,0,32.36,28.34,478.59197039644073,14,Poligono_Nave_industrial_070,Zona_0
15,1,Inicio_Poligono_Nave_industrial_070,0,0.0,20.0,20.0,15,Poligono_Nave_industrial_070,Zona_0
15,2,2101001,83,107.38,73.33,342.33,15,Poligono_Nave_industrial_070,Zona_0
15,3,2101002,20,0.3776336480393865,0.4531603776472638,402.7831603776473,15,Poligono_Nave_industrial_070,Zona_0
15,4,Regreso_Poligono_Nave_industrial_070,0,107.78,74.51,477.29316037764727,15,Poligono_Nave_industrial_070,Zona_0
16,1,Inicio_Poligono_Nave_industrial_070,0,0.0,20.0,20.0,16,Poligono_Nave_industrial_070,Zona_0
16,2,2101002,28,107.78,74.51,178.51,16,Poligono_Nave_industrial_070,Zona_0
16,3,2101003,56,4.080614718142985,4.896737661771582,351.40673766177156,16,Poligono_Nave_industrial_070,Zona_0
16,4,2104202,17,4.445245350235012,5.334294420282014,407.74103208205355,16,Poligono_Nave_industrial_070,Zona_0
16,5,Regreso_Poligono_Nave_industrial_070,0,102.42,71.13,478.87103208205355,16,Poligono_Nave_industrial_070,Zona_0
17,1,Inicio_Poligono_Nave_industrial_070,0,0.0,20.0,20.0,17,Poligono_Nave_industrial_070,Zona_0
17,2,2101101,38,46.79,48.18,182.18,17,Poligono_Nave_industrial_070,Zona_0
17,3,2107002,27,6.789043907568878,8.146852689082655,271.32685268908267,17,Poligono_Nave_industrial_070,Zona_0
17,4,2106402,48,3.455572210545764,4.146686652654917,419.4735393417376,17,Poligono_Nave_industrial_070,Zona_0
17,5,2105001,4,6.991612626588458,8.389935151906151,439.86347449364376,17,Poligono_Nave_industrial_070,Zona_0
17,6,Regreso_Poligono_Nave_industrial_070,0,51.78,37.89,477.75347449364375,17,Poligono_Nave_industrial_070,Zona_0
18,1,Inicio_Poligono_Nave_industrial_070,0,0.0,20.0,20.0,18,Poligono_Nave_industrial_070,Zona_0
18,2,2101201,3,55.42,79.88,108.88,18,Poligono_Nave_industrial_070,Zona_0
18,3,2107802,11,10.033067492877391,12.039680991452869,153.91968099145288,18,Poligono_Nave_industrial_070,Zona_0
18,4,2104901,28,9.028899803475978,10.834679764171174,248.75436075562405,18,Poligono_Nave_industrial_070,Zona_0
18,5,2104902,7,1.2084011939494743,1.4500814327393692,271.20444218836343,18,Poligono_Nave_industrial_070,Zona_0
18,6,2105201,16,2.5057650293358984,3.006918035203078,322.2113602235665,18,Poligono_Nave_industrial_070,Zona_0
18,7,2105202,14,3.054149768027072,3.6649797216324864,367.876339945199,18,Poligono_Nave_industrial_070,Zona_0
18,8,2105203,6,4.111612411735287,4.933934894082344,390.81027483928136,18,Poligono_Nave_industrial_070,Zona_0
18,9,2103201,4,23.114674479034395,27.737609374841274,430.54788421412263,18,Poligono_Nave_industrial_070,Zona_0
18,10,4103001,5,12.839062897703764,15.406875477244519,460.95475969136714,18,Poligono_Nave_industrial_070,Zona_0
18,11,Regreso_Poligono_Nave_industrial_070,0,14.27,17.68,478.63475969136715,18,Poligono_Nave_industrial_070,Zona_0
19,1,Inicio_Poligono_Nave_industrial_070,0,0.0,20.0,20.0,19,Poligono_Nave_industrial_070,Zona_0
19,2,2101301,25,23.39,21.12,116.12,19,Poligono_Nave_industrial_070,Zona_0
19,3,2101302,24,0.486521633210099,0.5838259598521188,188.7038259598521,19,Poligono_Nave_industrial_070,Zona_0
19,4,2101304,20,0.6059703420408874,0.7271644104490649,249.43099037030117,19,Poligono_Nave_industrial_070,Zona_0
19,5,2101305,18,0.32807321136509643,0.3936878536381157,303.82467822393926,19,Poligono_Nave_industrial_070,Zona_0
19,6,2101303,33,2.8745127371431383,3.449415284571766,406.27409350851104,19,Poligono_Nave_industrial_070,Zona_0
19,7,2107702,12,4.29919799153459,5.159037589841508,447.43313109835253,19,Poligono_Nave_industrial_070,Zona_0
19,8,Regreso_Poligono_Nave_industrial_070,0,28.46,30.08,477.5131310983525,19,Poligono_Nave_industrial_070,Zona_0
20,1,Inicio_Poligono_Nave_industrial_070,0,0.0,20.0,20.0,20,Poligono_Nave_industrial_070,Zona_0
20,2,2101401,18,33.94,26.62,100.62,20,Poligono_Nave_industrial_070,Zona_0
20,3,2105302,15,3.1895895243145964,3.8275074291775155,149.4475074291775,20,Poligono_Nave_industrial_070,Zona_0
20,4,2105301,9,1.8801265951582076,2.256151914189849,178.70365934336735,20,Poligono_Nave_industrial_070,Zona_0
20,5,2107701,7,7.12060585966124,8.544727031593489,208.24838637496083,20,Poligono_Nave_industrial_070,Zona_0
20,6,2105303,13,5.277900958421737,6.333481150106085,253.5818675250669,20,Poligono_Nave_industrial_070,Zona_0
20,7,2105401,62,11.029490016213774,13.23538801945653,452.81725554452345,20,Poligono_Nave_industrial_070,Zona_0
20,8,Regreso_Poligono_Nave_industrial_070,0,28.67,26.87,479.68725554452345,20,Poligono_Nave_industrial_070,Zona_0
21,1,Inicio_Poligono_Nave_industrial_070,0,0.0,20.0,20.0,21,Poligono_Nave_industrial_070,Zona_0
21,2,2101701,25,72.51,65.36,160.36,21,Poligono_Nave_industrial_070,Zona_0
21,3,2101702,1,1.822554652883053,2.1870655834596637,165.54706558345967,21,Poligono_Nave_industrial_070,Zona_0
21,4,2190201,10,5.667304335444002,6.800765202532802,202.34783078599247,21,Poligono_Nave_industrial_070,Zona_0
21,5,2107801,14,11.459262294594865,13.751114753513837,258.0989455395063,21,Poligono_Nave_industrial_070,Zona_0
21,6,2107201,37,9.069766705766295,10.883720046919555,379.98266558642587,21,Poligono_Nave_industrial_070,Zona_0
21,7,2107203,17,0.38137495451885584,0.457649945422627,431.4403155318485,21,Poligono_Nave_industrial_070,Zona_0
21,8,Regreso_Poligono_Nave_industrial_070,0,53.6,47.87,479.3103155318485,21,Poligono_Nave_industrial_070,Zona_0
22,1,Inicio_Poligono_Nave_industrial_070,0,0.0,20.0,20.0,22,Poligono_Nave_industrial_070,Zona_0
22,2,2101801,10,76.39,78.94,128.94,22,Poligono_Nave_industrial_070,Zona_0
22,3,2101802,9,2.5541489454640005,3.0649787345568007,159.0049787345568,22,Poligono_Nave_industrial_070,Zona_0
22,4,2101901,7,8.48222214011881,10.178666568142571,190.18364530269938,22,Poligono_Nave_industrial_070,Zona_0
22,5,2103601,2,6.502504641706903,7.803005570048283,203.98665087274765,22,Poligono_Nave_industrial_070,Zona_0
22,6,2105203,9,10.031211699223283,12.03745403906794,243.02410491181558,22,Poligono_Nave_industrial_070,Zona_0
22,7,4105701,3,7.050321400897076,8.460385681076492,260.4844905928921,22,Poligono_Nave_industrial_070,Zona_0
22,8,4103101,12,12.443156427826812,14.931787713392175,311.41627830628425,22,Poligono_Nave_industrial_070,Zona_0
22,9,4101301,21,19.429291753176226,23.31515010381147,397.73142841009576,22,Poligono_Nave_industrial_070,Zona_0
22,10,4101302,14,0.7987623377776639,0.9585148053331967,440.68994321542897,22,Poligono_Nave_industrial_070,Zona_0
22,11,4102502,1,18.21313948943615,21.855767387323375,465.54571060275237,22,Poligono_Nave_industrial_070,Zona_0
22,12,Regreso_Poligono_Nave_industrial_070,0,12.59,12.06,477.60571060275237,22,Poligono_Nave_industrial_070,Zona_0
23,1,Inicio_Poligono_Nave_industrial_070,0,0.0,20.0,20.0,23,Poligono_Nave_industrial_070,Zona_0
23,2,2102101,72,81.29,59.0,295.0,23,Poligono_Nave_industrial_070,Zona_0
23,3,2102102,41,0.3648643523485278,0.4378372228182334,418.43783722281825,23,Poligono_Nave_industrial_070,Zona_0
23,4,Regreso_Poligono_Nave_industrial_070,0,81.59,58.69,477.12783722281824,23,Poligono_Nave_industrial_070,Zona_0
24,1,Inicio_Poligono_Nave_industrial_070,0,0.0,20.0,20.0,24,Poligono_Nave_industrial_070,Zona_0
24,2,2102102,74,81.59,58.69,300.69,24,Poligono_Nave_industrial_070,Zona_0
24,3,2104403,36,2.9558368413021783,3.5470042095626138,412.2370042095626,24,Poligono_Nave_industrial_070,Zona_0
24,4,Regreso_Poligono_Nave_industrial_070,0,87.8,65.29,477.5270042095626,24,Poligono_Nave_industrial_070,Zona_0
25,1,Inicio_Poligono_Nave_industrial_070,0,0.0,20.0,20.0,25,Poligono_Nave_industrial_070,Zona_0
25,2,2103101,10,147.95,132.52,182.52,25,Poligono_Nave_industrial_070,Zona_0
25,3,2107203,38,62.952525531631835,75.5430306379582,372.0630306379582,25,Poligono_Nave_industrial_070,Zona_0
25,4,2107202,20,0.5942747792644838,0.7131297351173805,432.7761603730756,25,Poligono_Nave_industrial_070,Zona_0
25,5,Regreso_Poligono_Nave_industrial_070,0,52.81,46.54,479.3161603730756,25,Poligono_Nave_industrial_070,Zona_0
26,1,Inicio_Poligono_Nave_industrial_070,0,0.0,20.0,20.0,26,Poligono_Nave_industrial_070,Zona_0
26,2,2103201,16,25.9,47.42,115.42,26,Poligono_Nave_industrial_070,Zona_0
26,3,2105601,16,7.307533813953967,8.769040576744759,172.18904057674476,26,Poligono_Nave_industrial_070,Zona_0
26,4,2105401,29,10.061915587392186,12.074298704870623,271.2633392816154,26,Poligono_Nave_industrial_070,Zona_0
26,5,4102502,10,21.39125355898351,25.669504270780212,326.93284355239564,26,Poligono_Nave_industrial_070,Zona_0
26,6,4102501,13,1.1329250959314487,1.3595101151177387,367.2923536675134,26,Poligono_Nave_industrial_070,Zona_0
26,7,4105101,31,3.27123819334747,3.925485832016964,464.2178394995303,26,Poligono_Nave_industrial_070,Zona_0
26,8,Regreso_Poligono_Nave_industrial_070,0,15.51,15.56,479.77783949953033,26,Poligono_Nave_industrial_070,Zona_0
27,1,Inicio_Poligono_Nave_industrial_070,0,0.0,20.0,20.0,27,Poligono_Nave_industrial_070,Zona_0
27,2,2103501,50,68.79,64.05,234.05,27,Poligono_Nave_industrial_070,Zona_0
27,3,2103502,61,5.6311876244504475,6.757425149340537,423.8074251493406,27,Poligono_Nave_industrial_070,Zona_0
27,4,Regreso_Poligono_Nave_industrial_070,0,62.74,44.77,468.57742514934057,27,Poligono_Nave_industrial_070,Zona_0
28,1,Inicio_Poligono_Nave_industrial_070,0,0.0,20.0,20.0,28,Poligono_Nave_industrial_070,Zona_0
28,2,2104002,21,27.34,49.41,132.41,28,Poligono_Nave_industrial_070,Zona_0
28,3,4109702,17,12.226660045913707,14.67199205509645,198.08199205509646,28,Poligono_Nave_industrial_070,Zona_0
28,4,4109701,20,3.9608896873704915,4.75306762484459,262.8350596799411,28,Poligono_Nave_industrial_070,Zona_0
28,5,4107501,66,5.881310266738427,7.057572320086113,467.8926320000272,28,Poligono_Nave_industrial_070,Zona_0
28,6,Regreso_Poligono_Nave_industrial_070,0,8.27,10.87,478.7626320000272,28,Poligono_Nave_industrial_070,Zona_0
29,1,Inicio_Poligono_Nave_industrial_070,0,0.0,20.0,20.0,29,Poligono_Nave_industrial_070,Zona_0
29,2,2104101,122,64.27,45.61,431.61,29,Poligono_Nave_industrial_070,Zona_0
29,3,2104107,1,1.618588547499646,1.942306256999575,436.5523062569996,29,Poligono_Nave_industrial_070,Zona_0
29,4,Regreso_Poligono_Nave_industrial_070,0,58.62,41.95,478.5023062569996,29,Poligono_Nave_industrial_070,Zona_0
30,1,Inicio_Poligono_Nave_industrial_070,0,0.0,20.0,20.0,30,Poligono_Nave_industrial_070,Zona_0
30,2,2104101,118,64.27,45.61,419.61,30,Poligono_Nave_industrial_070,Zona_0
30,3,2104103,4,0.447774095863328,0.5373289150359937,432.147328915036,30,Poligono_Nave_industrial_070,Zona_0
30,4,2104107,1,2.001816025410626,2.402179230492751,437.54950814552876,30,Poligono_Nave_industrial_070,Zona_0
30,5,Regreso_Poligono_Nave_industrial_070,0,58.62,41.95,479.49950814552875,30,Poligono_Nave_industrial_070,Zona_0
31,1,Inicio_Poligono_Nave_industrial_070,0,0.0,20.0,20.0,31,Poligono_Nave_industrial_070,Zona_0
31,2,2104102,122,62.07,45.63,431.63,31,Poligono_Nave_industrial_070,Zona_0
31,3,2104107,1,1.8044669264769002,2.16536031177228,436.7953603117723,31,Poligono_Nave_industrial_070,Zona_0
31,4,Regreso_Poligono_Nave_industrial_070,0,58.62,41.95,478.7453603117723,31,Poligono_Nave_industrial_070,Zona_0
32,1,Inicio_Poligono_Nave_industrial_070,0,0.0,20.0,20.0,32,Poligono_Nave_industrial_070,Zona_0
32,2,2104102,24,62.07,45.63,137.63,32,Poligono_Nave_industrial_070,Zona_0
32,3,2104103,98,1.329836802065275,1.5958041624783301,433.2258041624783,32,Poligono_Nave_industrial_070,Zona_0
32,4,Regreso_Poligono_Nave_industrial_070,0,64.15,46.06,479.2858041624783,32,Poligono_Nave_industrial_070,Zona_0
33,1,Inicio_Poligono_Nave_industrial_070,0,0.0,20.0,20.0,33,Poligono_Nave_industrial_070,Zona_0
33,2,2104103,56,64.15,46.06,234.06,33,Poligono_Nave_industrial_070,Zona_0
33,3,2104104,66,1.9269356390551986,2.312322766866238,434.3723227668662,33,Poligono_Nave_industrial_070,Zona_0
33,4,2104105,1,0.30263294013245173,0.3631595281589421,437.7354822950251,33,Poligono_Nave_industrial_070,Zona_0
33,5,Regreso_Poligono_Nave_industrial_070,0,58.67,42.02,479.7554822950251,33,Poligono_Nave_industrial_070,Zona_0
34,1,Inicio_Poligono_Nave_industrial_070,0,0.0,20.0,20.0,34,Poligono_Nave_industrial_070,Zona_0
34,2,2104104,100,59.03,42.72,362.72,34,Poligono_Nave_industrial_070,Zona_0
34,3,2104105,24,0.30263294013245173,0.3631595281589421,435.08315952815894,34,Poligono_Nave_industrial_070,Zona_0
34,4,Regreso_Poligono_Nave_industrial_070,0,58.67,42.02,477.1031595281589,34,Poligono_Nave_industrial_070,Zona_0
35,1,Inicio_Poligono_Nave_industrial_070,0,0.0,20.0,20.0,35,Poligono_Nave_industrial_070,Zona_0
35,2,2104105,125,58.67,42.02,437.02,35,Poligono_Nave_industrial_070,Zona_0
35,3,Regreso_Poligono_Nave_industrial_070,0,58.67,42.02,479.03999999999996,35,Poligono_Nave_industrial_070,Zona_0
36,1,Inicio_Poligono_Nave_industrial_070,0,0.0,20.0,20.0,36,Poligono_Nave_industrial_070,Zona_0
36,2,2104105,16,58.67,42.02,110.02000000000001,36,Poligono_Nave_industrial_070,Zona_0
36,3,2104106,86,0.5457587378138197,0.6549104853765836,368.6749104853766,36,Poligono_Nave_industrial_070,Zona_0
36,4,2104107,22,1.1262626759663037,1.3515152111595645,436.02642569653614,36,Poligono_Nave_industrial_070,Zona_0
36,5,Regreso_Poligono_Nave_industrial_070,0,58.62,41.95,477.9764256965361,36,Poligono_Nave_industrial_070,Zona_0
37,1,Inicio_Poligono_Nave_industrial_070,0,0.0,20.0,20.0,37,Poligono_Nave_industrial_070,Zona_0
37,2,2104107,125,58.62,41.95,436.95,37,Poligono_Nave_industrial_070,Zona_0
37,3,Regreso_Poligono_Nave_industrial_070,0,58.62,41.95,478.9,37,Poligono_Nave_industrial_070,Zona_0
38,1,Inicio_Poligono_Nave_industrial_070,0,0.0,20.0,20.0,38,Poligono_Nave_industrial_070,Zona_0
38,2,2104107,125,58.62,41.95,436.95,38,Poligono_Nave_industrial_070,Zona_0
38,3,Regreso_Poligono_Nave_industrial_070,0,58.62,41.95,478.9,38,Poligono_Nave_industrial_070,Zona_0
39,1,Inicio_Poligono_Nave_industrial_070,0,0.0,20.0,20.0,39,Poligono_Nave_industrial_070,Zona_0
39,2,2104107,1,58.62,41.95,64.95,39,Poligono_Nave_industrial_070,Zona_0
39,3,2104108,57,3.91613965226968,4.699367582723616,240.64936758272364,39,Poligono_Nave_industrial_070,Zona_0
39,4,2105501,59,8.679622413160683,10.415546895792819,428.06491447851647,39,Poligono_Nave_industrial_070,Zona_0
39,5,2105002,1,6.975632156943483,8.37075858833218,439.43567306684866,39,Poligono_Nave_industrial_070,Zona_0
39,6,Regreso_Poligono_Nave_industrial_070,0,54.12,40.07,479.50567306684866,39,Poligono_Nave_industrial_070,Zona_0
40,1,Inicio_Poligono_Nave_industrial_070,0,0.0,20.0,20.0,40,Poligono_Nave_industrial_070,Zona_0
40,2,2104202,47,102.42,71.13,232.13,40,Poligono_Nave_industrial_070,Zona_0
40,3,2104203,58,0.509848911402197,0.6118186936826364,406.7418186936826,40,Poligono_Nave_industrial_070,Zona_0
40,4,Regreso_Poligono_Nave_industrial_070,0,102.38,71.09,477.83181869368264,40,Poligono_Nave_industrial_070,Zona_0
41,1,Inicio_Poligono_Nave_industrial_070,0,0.0,20.0,20.0,41,Poligono_Nave_industrial_070,Zona_0
41,2,2104203,8,102.38,71.09,115.09,41,Poligono_Nave_industrial_070,Zona_0
41,3,2104204,17,5.789086449828072,6.946903739793686,173.03690373979367,41,Poligono_Nave_industrial_070,Zona_0
41,4,2104402,70,3.212115201793443,3.854538242152132,386.89144198194583,41,Poligono_Nave_industrial_070,Zona_0
41,5,2104401,8,2.345735989776657,2.814883187731988,413.7063251696778,41,Poligono_Nave_industrial_070,Zona_0
41,6,Regreso_Poligono_Nave_industrial_070,0,87.54,64.19,477.8963251696778,41,Poligono_Nave_industrial_070,Zona_0
42,1,Inicio_Poligono_Nave_industrial_070,0,0.0,20.0,20.0,42,Poligono_Nave_industrial_070,Zona_0
42,2,2104401,94,87.54,64.19,366.19,42,Poligono_Nave_industrial_070,Zona_0
42,3,2104403,15,2.549177669909591,3.059013203891509,414.24901320389154,42,Poligono_Nave_industrial_070,Zona_0
42,4,Regreso_Poligono_Nave_industrial_070,0,87.8,65.29,479.53901320389156,42,Poligono_Nave_industrial_070,Zona_0
43,1,Inicio_Poligono_Nave_industrial_070,0,0.0,20.0,20.0,43,Poligono_Nave_industrial_070,Zona_0
43,2,2104403,26,87.8,65.29,163.29000000000002,43,Poligono_Nave_industrial_070,Zona_0
43,3,2106301,36,18.803736114602906,22.564483337523487,293.8544833375235,43,Poligono_Nave_industrial_070,Zona_0
43,4,2107602,10,10.139325732408292,12.167190878889949,336.02167421641343,43,Poligono_Nave_industrial_070,Zona_0
43,5,2107601,16,6.495828775807365,7.794994530968838,391.81666874738227,43,Poligono_Nave_industrial_070,Zona_0
43,6,2105001,1,38.34553346934405,46.01464016321285,440.8313089105951,43,Poligono_Nave_industrial_070,Zona_0
43,7,Regreso_Poligono_Nave_industrial_070,0,51.78,37.89,478.7213089105951,43,Poligono_Nave_industrial_070,Zona_0
44,1,Inicio_Poligono_Nave_industrial_070,0,0.0,20.0,20.0,44,Poligono_Nave_industrial_070,Zona_0
44,2,2104601,31,48.63,43.56,156.56,44,Poligono_Nave_industrial_070,Zona_0
44,3,2105002,40,9.225539114037264,11.070646936844717,287.63064693684476,44,Poligono_Nave_industrial_070,Zona_0
44,4,2105001,47,2.168336433761436,2.602003720513723,431.2326506573585,44,Poligono_Nave_industrial_070,Zona_0
44,5,Regreso_Poligono_Nave_industrial_070,0,51.78,37.89,469.12265065735846,44,Poligono_Nave_industrial_070,Zona_0
45,1,Inicio_Poligono_Nave_industrial_070,0,0.0,20.0,20.0,45,Poligono_Nave_industrial_070,Zona_0
45,2,2105003,104,67.86,65.53,397.53,45,Poligono_Nave_industrial_070,Zona_0
45,3,2105501,6,9.519780505955168,11.423736607146202,426.9537366071462,45,Poligono_Nave_industrial_070,Zona_0
45,4,Regreso_Poligono_Nave_industrial_070,0,61.99,51.7,478.6537366071462,45,Poligono_Nave_industrial_070,Zona_0
46,1,Inicio_Poligono_Nave_industrial_070,0,0.0,20.0,20.0,46,Poligono_Nave_industrial_070,Zona_0
46,2,2105501,55,61.99,51.7,236.7,46,Poligono_Nave_industrial_070,Zona_0
46,3,2106401,36,7.6871395383793475,9.224567446055218,353.9245674460552,46,Poligono_Nave_industrial_070,Zona_0
46,4,2106402,4,6.2663516503156105,7.519621980378732,373.4441894264339,46,Poligono_Nave_industrial_070,Zona_0
46,5,2107001,4,12.23803336516746,14.685640038200953,400.1298294646349,46,Poligono_Nave_industrial_070,Zona_0
46,6,2107202,4,17.08473156042736,20.501677872512833,432.6315073371477,46,Poligono_Nave_industrial_070,Zona_0
46,7,Regreso_Poligono_Nave_industrial_070,0,52.81,46.54,479.1715073371477,46,Poligono_Nave_industrial_070,Zona_0
47,1,Inicio_Poligono_Nave_industrial_070,0,0.0,20.0,20.0,47,Poligono_Nave_industrial_070,Zona_0
47,2,2105801,9,117.43,116.81,163.81,47,Poligono_Nave_industrial_070,Zona_0
47,3,2105802,10,5.1094258754518975,6.131311050542277,199.94131105054228,47,Poligono_Nave_industrial_070,Zona_0
47,4,2107001,43,36.11250907128951,43.33501088554741,372.2763219360897,47,Poligono_Nave_industrial_070,Zona_0
47,5,2107202,3,17.08473156042736,20.501677872512833,401.77799980860254,47,Poligono_Nave_industrial_070,Zona_0
47,6,4105101,2,47.170651399149136,56.604781678978966,464.3827814875815,47,Poligono_Nave_industrial_070,Zona_0
47,7,Regreso_Poligono_Nave_industrial_070,0,15.51,15.56,479.9427814875815,47,Poligono_Nave_industrial_070,Zona_0
48,1,Inicio_Poligono_Nave_industrial_070,0,0.0,20.0,20.0,48,Poligono_Nave_industrial_070,Zona_0
48,2,2106001,109,80.77,65.01,412.01,48,Poligono_Nave_industrial_070,Zona_0
48,3,Regreso_Poligono_Nave_industrial_070,0,80.77,65.01,477.02,48,Poligono_Nave_industrial_070,Zona_0
49,1,Inicio_Poligono_Nave_industrial_070,0,0.0,20.0,20.0,49,Poligono_Nave_industrial_070,Zona_0
49,2,2106001,33,80.77,65.01,184.01,49,Poligono_Nave_industrial_070,Zona_0
49,3,4107501,52,59.064293721306505,70.8771524655678,410.8871524655678,49,Poligono_Nave_industrial_070,Zona_0
49,4,4101201,2,4.755272568814629,5.7063270825775545,422.59347954814535,49,Poligono_Nave_industrial_070,Zona_0
49,5,4101501,7,4.382383018763382,5.258859622516058,448.8523391706614,49,Poligono_Nave_industrial_070,Zona_0
49,6,4101502,1,2.2934652048986304,2.7521582458783564,454.6044974165398,49,Poligono_Nave_industrial_070,Zona_0
49,7,Regreso_Poligono_Nave_industrial_070,0,25.41,24.0,478.6044974165398,49,Poligono_Nave_industrial_070,Zona_0
50,1,Inicio_Poligono_Nave_industrial_070,0,0.0,20.0,20.0,50,Poligono_Nave_industrial_070,Zona_0
50,2,4100301,28,35.22,41.14,145.14,50,Poligono_Nave_industrial_070,Zona_0
50,3,4106701,45,3.4535264197027766,4.144231703643332,284.2842317036433,50,Poligono_Nave_industrial_070,Zona_0
50,4,4104502,40,4.632014251568499,5.558417101882199,409.84264880552547,50,Poligono_Nave_industrial_070,Zona_0
50,5,4104501,6,4.069296785837687,4.883156143005224,432.7258049485307,50,Poligono_Nave_industrial_070,Zona_0
50,6,4106702,1,12.366550537909754,14.839860645491704,450.5656655940224,50,Poligono_Nave_industrial_070,Zona_0
50,7,Regreso_Poligono_Nave_industrial_070,0,32.36,28.34,478.90566559402237,50,Poligono_Nave_industrial_070,Zona_0
51,1,Inicio_Poligono_Nave_industrial_070,0,0.0,20.0,20.0,51,Poligono_Nave_industrial_070,Zona_0
51,2,4101001,68,36.04,33.55,257.55,51,Poligono_Nave_industrial_070,Zona_0
51,3,4104401,58,3.734790421836569,4.481748506203883,436.0317485062039,51,Poligono_Nave_industrial_070,Zona_0
51,4,4101602,5,3.298484852717459,3.958181823260951,454.9899303294648,51,Poligono_Nave_industrial_070,Zona_0
51,5,Regreso_Poligono_Nave_industrial_070,0,30.66,24.38,479.3699303294648,51,Poligono_Nave_industrial_070,Zona_0
52,1,Inicio_Poligono_Nave_industrial_070,0,0.0,20.0,20.0,52,Poligono_Nave_industrial_070,Zona_0
52,2,4101201,39,32.77,56.45,193.45,52,Poligono_Nave_industrial_070,Zona_0
52,3,4101501,15,4.382383018763382,5.258859622516058,243.70885962251606,52,Poligono_Nave_industrial_070,Zona_0
52,4,4101502,40,2.2934652048986304,2.7521582458783564,366.46101786839444,52,Poligono_Nave_industrial_070,Zona_0
52,5,4108702,28,4.0684461802108185,4.882135416252982,455.3431532846474,52,Poligono_Nave_industrial_070,Zona_0
52,6,Regreso_Poligono_Nave_industrial_070,0,27.24,23.13,478.4731532846474,52,Poligono_Nave_industrial_070,Zona_0
53,1,Inicio_Poligono_Nave_industrial_070,0,0.0,20.0,20.0,53,Poligono_Nave_industrial_070,Zona_0
53,2,4101302,17,38.27,38.57,109.57,53,Poligono_Nave_industrial_070,Zona_0
53,3,4104502,11,9.047187364610686,10.856624837532824,153.4266248375328,53,Poligono_Nave_industrial_070,Zona_0
53,4,4104501,2,4.069296785837687,4.883156143005224,164.30978098053805,53,Poligono_Nave_industrial_070,Zona_0
53,5,4104901,87,6.299001792468007,7.5588021509616095,432.86858313149963,53,Poligono_Nave_industrial_070,Zona_0
53,6,Regreso_Poligono_Nave_industrial_070,0,59.17,45.82,478.6885831314996,53,Poligono_Nave_industrial_070,Zona_0
54,1,Inicio_Poligono_Nave_industrial_070,0,0.0,20.0,20.0,54,Poligono_Nave_industrial_070,Zona_0
54,2,4101601,66,31.96,27.32,245.32,54,Poligono_Nave_industrial_070,Zona_0
54,3,4101602,41,1.1006625011941682,1.3207950014330019,369.640795001433,54,Poligono_Nave_industrial_070,Zona_0
54,4,4104401,21,3.298484852717459,3.958181823260951,436.598976824694,54,Poligono_Nave_industrial_070,Zona_0
54,5,4104001,2,5.534063053348376,6.640875664018051,449.239852488712,54,Poligono_Nave_industrial_070,Zona_0
54,6,4109402,1,2.5931321810426886,3.111758617251226,455.35161110596323,54,Poligono_Nave_industrial_070,Zona_0
54,7,Regreso_Poligono_Nave_industrial_070,0,30.79,24.11,479.46161110596324,54,Poligono_Nave_industrial_070,Zona_0
55,1,Inicio_Poligono_Nave_industrial_070,0,0.0,20.0,20.0,55,Poligono_Nave_industrial_070,Zona_0
55,2,4102701,18,81.66,75.16,149.16,55,Poligono_Nave_industrial_070,Zona_0
55,3,4102702,23,0.5047613467627262,0.6057136161152714,218.76571361611525,55,Poligono_Nave_industrial_070,Zona_0
55,4,4104901,36,16.02386123475444,19.228633481705327,345.9943470978206,55,Poligono_Nave_industrial_070,Zona_0
55,5,4108901,15,10.336973616009313,12.404368339211176,403.3987154370318,55,Poligono_Nave_industrial_070,Zona_0
55,6,4109601,11,3.3927833184433362,4.071339982132003,440.4700554191638,55,Poligono_Nave_industrial_070,Zona_0
55,7,4104701,2,3.6612951057400616,4.393554126888074,450.8636095460519,55,Poligono_Nave_industrial_070,Zona_0
55,8,Regreso_Poligono_Nave_industrial_070,0,36.2,28.05,478.91360954605193,55,Poligono_Nave_industrial_070,Zona_0
56,1,Inicio_Poligono_Nave_industrial_070,0,0.0,20.0,20.0,56,Poligono_Nave_industrial_070,Zona_0
56,2,4103202,22,124.61,121.07,207.07,56,Poligono_Nave_industrial_070,Zona_0
56,3,4104802,5,18.47011645484854,22.164139745818247,244.23413974581825,56,Poligono_Nave_industrial_070,Zona_0
56,4,4104801,7,0.30054091994574217,0.3606491039348906,265.5947888497532,56,Poligono_Nave_industrial_070,Zona_0
56,5,4104803,7,1.1065663700323898,1.3278796440388678,287.92266849379206,56,Poligono_Nave_industrial_070,Zona_0
56,6,4108102,20,70.2373740579619,84.28484886955428,432.20751736334637,56,Poligono_Nave_industrial_070,Zona_0
56,7,Regreso_Poligono_Nave_industrial_070,0,54.83,46.7,478.90751736334636,56,Poligono_Nave_industrial_070,Zona_0
57,1,Inicio_Poligono_Nave_industrial_070,0,0.0,20.0,20.0,57,Poligono_Nave_industrial_070,Zona_0
57,2,4104001,134,34.18,28.29,450.29,57,Poligono_Nave_industrial_070,Zona_0
57,3,Regreso_Poligono_Nave_industrial_070,0,34.18,28.29,478.58000000000004,57,Poligono_Nave_industrial_070,Zona_0
58,1,Inicio_Poligono_Nave_industrial_070,0,0.0,20.0,20.0,58,Poligono_Nave_industrial_070,Zona_0
58,2,4104001,75,34.18,28.29,273.28999999999996,58,Poligono_Nave_industrial_070,Zona_0
58,3,4109801,58,1.967637734988971,2.3611652819867652,449.6511652819867,58,Poligono_Nave_industrial_070,Zona_0
58,4,Regreso_Poligono_Nave_industrial_070,0,34.89,28.93,478.5811652819867,58,Poligono_Nave_industrial_070,Zona_0
59,1,Inicio_Poligono_Nave_industrial_070,0,0.0,20.0,20.0,59,Poligono_Nave_industrial_070,Zona_0
59,2,4104401,33,36.19,42.74,161.74,59,Poligono_Nave_industrial_070,Zona_0
59,3,4104701,94,5.928106235549206,7.113727482659047,450.85372748265905,59,Poligono_Nave_industrial_070,Zona_0
59,4,Regreso_Poligono_Nave_industrial_070,0,36.2,28.05,478.90372748265906,59,Poligono_Nave_industrial_070,Zona_0
60,1,Inicio_Poligono_Nave_industrial_070,0,0.0,20.0,20.0,60,Poligono_Nave_industrial_070,Zona_0
60,2,4104701,54,36.2,28.05,210.05,60,Poligono_Nave_industrial_070,Zona_0
60,3,4109601,71,3.6612951057400616,4.393554126888074,427.4435541268881,60,Poligono_Nave_industrial_070,Zona_0
60,4,4108501,2,5.21691944171198,6.260303330054376,439.7038574569425,60,Poligono_Nave_industrial_070,Zona_0
60,5,4106702,2,3.147611456827782,3.7771337481933385,449.48099120513587,60,Poligono_Nave_industrial_070,Zona_0
60,6,Regreso_Poligono_Nave_industrial_070,0,32.36,28.34,477.82099120513584,60,Poligono_Nave_industrial_070,Zona_0
61,1,Inicio_Poligono_Nave_industrial_070,0,0.0,20.0,20.0,61,Poligono_Nave_industrial_070,Zona_0
61,2,4190201,43,36.63,61.07,210.07,61,Poligono_Nave_industrial_070,Zona_0
61,3,4109402,32,22.767070142970667,27.3204841715648,333.3904841715648,61,Poligono_Nave_industrial_070,Zona_0
61,4,4109401,40,0.5982021867438247,0.7178426240925897,454.1083267956574,61,Poligono_Nave_industrial_070,Zona_0
61,5,Regreso_Poligono_Nave_industrial_070,0,31.4,24.82,478.92832679565737,61,Poligono_Nave_industrial_070,Zona_0
62,1,Inicio_Poligono_Nave_industrial_070,0,0.0,20.0,20.0,62,Poligono_Nave_industrial_070,Zona_0
62,2,4106702,28,32.36,28.34,132.34,62,Poligono_Nave_industrial_070,Zona_0
62,3,4108501,56,3.147611456827782,3.7771337481933385,304.11713374819334,62,Poligono_Nave_industrial_070,Zona_0
62,4,4109401,17,5.33766604644492,6.405199255733904,361.52233300392726,62,Poligono_Nave_industrial_070,Zona_0
62,5,4108702,30,3.651905057100948,4.382286068521138,455.9046190724484,62,Poligono_Nave_industrial_070,Zona_0
62,6,Regreso_Poligono_Nave_industrial_070,0,27.24,23.13,479.0346190724484,62,Poligono_Nave_industrial_070,Zona_0
63,1,Inicio_Poligono_Nave_industrial_070,0,0.0,20.0,20.0,63,Poligono_Nave_industrial_070,Zona_0
63,2,4108102,122,54.83,46.7,432.7,63,Poligono_Nave_industrial_070,Zona_0
63,3,Regreso_Poligono_Nave_industrial_070,0,54.83,46.7,479.4,63,Poligono_Nave_industrial_070,Zona_0
64,1,Inicio_Poligono_Nave_industrial_070,0,0.0,20.0,20.0,64,Poligono_Nave_industrial_070,Zona_0
64,2,4108102,122,54.83,46.7,432.7,64,Poligono_Nave_industrial_070,Zona_0
64,3,Regreso_Poligono_Nave_industrial_070,0,54.83,46.7,479.4,64,Poligono_Nave_industrial_070,Zona_0
65,1,Inicio_Poligono_Nave_industrial_070,0,0.0,20.0,20.0,65,Poligono_Nave_industrial_070,Zona_0
65,2,4108102,9,54.83,46.7,93.7,65,Poligono_Nave_industrial_070,Zona_0
65,3,4109103,111,10.247971642603098,12.297565971123717,438.9975659711237,65,Poligono_Nave_industrial_070,Zona_0
65,4,Regreso_Poligono_Nave_industrial_070,0,46.5,38.92,477.91756597112374,65,Poligono_Nave_industrial_070,Zona_0
66,1,Inicio_Poligono_Nave_industrial_070,0,0.0,20.0,20.0,66,Poligono_Nave_industrial_070,Zona_0
66,2,4108701,67,27.11,23.69,244.69,66,Poligono_Nave_industrial_070,Zona_0
66,3,4108702,1,0.9067687519000222,1.0881225022800265,248.77812250228,66,Poligono_Nave_industrial_070,Zona_0
66,4,4109111,56,17.265403401327337,20.718484081592806,437.4966065838728,66,Poligono_Nave_industrial_070,Zona_0
66,5,Regreso_Poligono_Nave_industrial_070,0,46.74,42.24,479.7366065838728,66,Poligono_Nave_industrial_070,Zona_0
67,1,Inicio_Poligono_Nave_industrial_070,0,0.0,20.0,20.0,67,Poligono_Nave_industrial_070,Zona_0
67,2,4109103,127,46.5,38.92,439.92,67,Poligono_Nave_industrial_070,Zona_0
67,3,Regreso_Poligono_Nave_industrial_070,0,46.5,38.92,478.84000000000003,67,Poligono_Nave_industrial_070,Zona_0
68,1,Inicio_Poligono_Nave_industrial_070,0,0.0,20.0,20.0,68,Poligono_Nave_industrial_070,Zona_0
68,2,4109103,127,46.5,38.92,439.92,68,Poligono_Nave_industrial_070,Zona_0
68,3,Regreso_Poligono_Nave_industrial_070,0,46.5,38.92,478.84000000000003,68,Poligono_Nave_industrial_070,Zona_0
69,1,Inicio_Poligono_Nave_industrial_070,0,0.0,20.0,20.0,69,Poligono_Nave_industrial_070,Zona_0
69,2,4109103,127,46.5,38.92,439.92,69,Poligono_Nave_industrial_070,Zona_0
69,3,Regreso_Poligono_Nave_industrial_070,0,46.5,38.92,478.84000000000003,69,Poligono_Nave_industrial_070,Zona_0
70,1,Inicio_Poligono_Nave_industrial_070,0,0.0,20.0,20.0,70,Poligono_Nave_industrial_070,Zona_0
70,2,4109103,127,46.5,38.92,439.92,70,Poligono_Nave_industrial_070,Zona_0
70,3,Regreso_Poligono_Nave_industrial_070,0,46.5,38.92,478.84000000000003,70,Poligono_Nave_industrial_070,Zona_0
71,1,Inicio_Poligono_Nave_industrial_070,0,0.0,20.0,20.0,71,Poligono_Nave_industrial_070,Zona_0
71,2,4109103,91,46.5,38.92,331.92,71,Poligono_Nave_industrial_070,Zona_0
71,3,4109105,36,1.4414282235269733,1.729713868232368,441.64971386823237,71,Poligono_Nave_industrial_070,Zona_0
71,4,Regreso_Poligono_Nave_industrial_070,0,45.54,36.75,478.39971386823237,71,Poligono_Nave_industrial_070,Zona_0
72,1,Inicio_Poligono_Nave_industrial_070,0,0.0,20.0,20.0,72,Poligono_Nave_industrial_070,Zona_0
72,2,4109105,128,45.54,36.75,440.75,72,Poligono_Nave_industrial_070,Zona_0
72,3,Regreso_Poligono_Nave_industrial_070,0,45.54,36.75,477.5,72,Poligono_Nave_industrial_070,Zona_0
73,1,Inicio_Poligono_Nave_industrial_070,0,0.0,20.0,20.0,73,Poligono_Nave_industrial_070,Zona_0
73,2,4109105,128,45.54,36.75,440.75,73,Poligono_Nave_industrial_070,Zona_0
73,3,Regreso_Poligono_Nave_industrial_070,0,45.54,36.75,477.5,73,Poligono_Nave_industrial_070,Zona_0
74,1,Inicio_Poligono_Nave_industrial_070,0,0.0,20.0,20.0,74,Poligono_Nave_industrial_070,Zona_0
74,2,4109105,128,45.54,36.75,440.75,74,Poligono_Nave_industrial_070,Zona_0
74,3,Regreso_Poligono_Nave_industrial_070,0,45.54,36.75,477.5,74,Poligono_Nave_industrial_070,Zona_0
75,1,Inicio_Poligono_Nave_industrial_070,0,0.0,20.0,20.0,75,Poligono_Nave_industrial_070,Zona_0
75,2,4109105,128,45.54,36.75,440.75,75,Poligono_Nave_industrial_070,Zona_0
75,3,Regreso_Poligono_Nave_industrial_070,0,45.54,36.75,477.5,75,Poligono_Nave_industrial_070,Zona_0
76,1,Inicio_Poligono_Nave_industrial_070,0,0.0,20.0,20.0,76,Poligono_Nave_industrial_070,Zona_0
76,2,4109105,101,45.54,36.75,359.75,76,Poligono_Nave_industrial_070,Zona_0
76,3,4109111,24,4.4459451494003615,5.335134179280433,437.08513417928043,76,Poligono_Nave_industrial_070,Zona_0
76,4,Regreso_Poligono_Nave_industrial_070,0,46.74,42.24,479.32513417928044,76,Poligono_Nave_industrial_070,Zona_0
77,1,Inicio_Poligono_Nave_industrial_070,0,0.0,20.0,20.0,77,Poligono_Nave_industrial_070,Zona_0
77,2,4109111,125,46.74,42.24,437.24,77,Poligono_Nave_industrial_070,Zona_0
77,3,Regreso_Poligono_Nave_industrial_070,0,46.74,42.24,479.48,77,Poligono_Nave_industrial_070,Zona_0
78,1,Inicio_Poligono_Nave_industrial_070,0,0.0,20.0,20.0,78,Poligono_Nave_industrial_070,Zona_0
78,2,4109111,125,46.74,42.24,437.24,78,Poligono_Nave_industrial_070,Zona_0
78,3,Regreso_Poligono_Nave_industrial_070,0,46.74,42.24,479.48,78,Poligono_Nave_industrial_070,Zona_0
79,1,Inicio_Poligono_Nave_industrial_070,0,0.0,20.0,20.0,79,Poligono_Nave_industrial_070,Zona_0
79,2,4109111,56,46.74,42.24,230.24,79,Poligono_Nave_industrial_070,Zona_0
79,3,Regreso_Poligono_Nave_industrial_070,0,46.74,42.24,272.48,79,Poligono_Nave_industrial_070,Zona_0
80,1,Inicio_Poligono_Almacen_003,0,0.0,20.0,20.0,80,Poligono_Almacen_003,Zona_1
80,2,1100101,20,45.63,40.05,120.05,80,Poligono_Almacen_003,Zona_1
80,3,1100102,23,3.5878891603474705,4.305466992416965,193.35546699241695,80,Poligono_Almacen_003,Zona_1
80,4,1102306,15,14.3153554868851,17.17842658426212,255.53389357667908,80,Poligono_Almacen_003,Zona_1
80,5,1190101,54,8.293523739269245,9.952228487123095,427.4861220638022,80,Poligono_Almacen_003,Zona_1
80,6,1102301,1,16.67214299715362,20.006571596584347,450.4926936603866,80,Poligono_Almacen_003,Zona_1
80,7,Regreso_Poligono_Almacen_003,0,27.37,27.24,477.7326936603866,80,Poligono_Almacen_003,Zona_1
81,1,Inicio_Poligono_Almacen_003,0,0.0,20.0,20.0,81,Poligono_Almacen_003,Zona_1
81,2,1100401,108,90.92,66.82,410.82,81,Poligono_Almacen_003,Zona_1
81,3,Regreso_Poligono_Almacen_003,0,90.92,66.82,477.64,81,Poligono_Almacen_003,Zona_1
82,1,Inicio_Poligono_Almacen_003,0,0.0,20.0,20.0,82,Poligono_Almacen_003,Zona_1
82,2,1100401,108,90.92,66.82,410.82,82,Poligono_Almacen_003,Zona_1
82,3,Regreso_Poligono_Almacen_003,0,90.92,66.82,477.64,82,Poligono_Almacen_003,Zona_1
83,1,Inicio_Poligono_Almacen_003,0,0.0,20.0,20.0,83,Poligono_Almacen_003,Zona_1
83,2,1100401,108,90.92,66.82,410.82,83,Poligono_Almacen_003,Zona_1
83,3,Regreso_Poligono_Almacen_003,0,90.92,66.82,477.64,83,Poligono_Almacen_003,Zona_1
84,1,Inicio_Poligono_Almacen_003,0,0.0,20.0,20.0,84,Poligono_Almacen_003,Zona_1
84,2,1100401,25,90.92,66.82,161.82,84,Poligono_Almacen_003,Zona_1
84,3,1100404,83,0.21706176709442687,0.2604741205133122,411.0804741205133,84,Poligono_Almacen_003,Zona_1
84,4,Regreso_Poligono_Almacen_003,0,90.46,66.74,477.8204741205133,84,Poligono_Almacen_003,Zona_1
85,1,Inicio_Poligono_Almacen_003,0,0.0,20.0,20.0,85,Poligono_Almacen_003,Zona_1
85,2,1100402,107,91.19,68.3,409.3,85,Poligono_Almacen_003,Zona_1
85,3,Regreso_Poligono_Almacen_003,0,91.19,68.3,477.6,85,Poligono_Almacen_003,Zona_1
86,1,Inicio_Poligono_Almacen_003,0,0.0,20.0,20.0,86,Poligono_Almacen_003,Zona_1
86,2,1100402,107,91.19,68.3,409.3,86,Poligono_Almacen_003,Zona_1
86,3,Regreso_Poligono_Almacen_003,0,91.19,68.3,477.6,86,Poligono_Almacen_003,Zona_1
87,1,Inicio_Poligono_Almacen_003,0,0.0,20.0,20.0,87,Poligono_Almacen_003,Zona_1
87,2,1100402,81,91.19,68.3,331.3,87,Poligono_Almacen_003,Zona_1
87,3,1100404,26,1.1308608772397386,1.3570330526876864,410.65703305268767,87,Poligono_Almacen_003,Zona_1
87,4,Regreso_Poligono_Almacen_003,0,90.46,66.74,477.3970330526877,87,Poligono_Almacen_003,Zona_1
88,1,Inicio_Poligono_Almacen_003,0,0.0,20.0,20.0,88,Poligono_Almacen_003,Zona_1
88,2,1100403,108,91.06,67.37,411.37,88,Poligono_Almacen_003,Zona_1
88,3,Regreso_Poligono_Almacen_003,0,91.06,67.37,478.74,88,Poligono_Almacen_003,Zona_1
89,1,Inicio_Poligono_Almacen_003,0,0.0,20.0,20.0,89,Poligono_Almacen_003,Zona_1
89,2,1100403,60,91.06,67.37,267.37,89,Poligono_Almacen_003,Zona_1
89,3,1100404,48,0.2995653735789619,0.3594784482947543,411.7294784482948,89,Poligono_Almacen_003,Zona_1
89,4,Regreso_Poligono_Almacen_003,0,90.46,66.74,478.4694784482948,89,Poligono_Almacen_003,Zona_1
90,1,Inicio_Poligono_Almacen_003,0,0.0,20.0,20.0,90,Poligono_Almacen_003,Zona_1
90,2,1100404,108,90.46,66.74,410.74,90,Poligono_Almacen_003,Zona_1
90,3,Regreso_Poligono_Almacen_003,0,90.46,66.74,477.48,90,Poligono_Almacen_003,Zona_1
91,1,Inicio_Poligono_Almacen_003,0,0.0,20.0,20.0,91,Poligono_Almacen_003,Zona_1
91,2,1100404,78,90.46,66.74,320.74,91,Poligono_Almacen_003,Zona_1
91,3,1100802,19,5.855605013071896,7.026726015686275,384.7667260156863,91,Poligono_Almacen_003,Zona_1
91,4,1103304,8,3.1150416244812096,3.7380499493774515,412.50477596506374,91,Poligono_Almacen_003,Zona_1
91,5,Regreso_Poligono_Almacen_003,0,91.46,66.94,479.44477596506374,91,Poligono_Almacen_003,Zona_1
92,1,Inicio_Poligono_Almacen_003,0,0.0,20.0,20.0,92,Poligono_Almacen_003,Zona_1
92,2,1100701,51,61.13,50.8,223.8,92,Poligono_Almacen_003,Zona_1
92,3,1100702,67,0.352337002867611,0.4228044034411332,425.22280440344116,92,Poligono_Almacen_003,Zona_1
92,4,Regreso_Poligono_Almacen_003,0,61.56,51.49,476.71280440344117,92,Poligono_Almacen_003,Zona_1
93,1,Inicio_Poligono_Almacen_003,0,0.0,20.0,20.0,93,Poligono_Almacen_003,Zona_1
93,2,1100703,28,61.98,51.96,155.96,93,Poligono_Almacen_003,Zona_1
93,3,1100704,24,5.011222504833083,6.0134670057997,233.9734670057997,93,Poligono_Almacen_003,Zona_1
93,4,1103902,51,10.984564019753538,13.181476823704246,400.15494382950396,93,Poligono_Almacen_003,Zona_1
93,5,1103901,9,5.041109230064485,6.049331076077382,433.2042749055813,93,Poligono_Almacen_003,Zona_1
93,6,Regreso_Poligono_Almacen_003,0,48.84,45.28,478.4842749055813,93,Poligono_Almacen_003,Zona_1
94,1,Inicio_Poligono_Almacen_003,0,0.0,20.0,20.0,94,Poligono_Almacen_003,Zona_1
94,2,1100801,117,72.26,54.25,425.25,94,Poligono_Almacen_003,Zona_1
94,3,Regreso_Poligono_Almacen_003,0,72.26,54.25,479.5,94,Poligono_Almacen_003,Zona_1
95,1,Inicio_Poligono_Almacen_003,0,0.0,20.0,20.0,95,Poligono_Almacen_003,Zona_1
95,2,1100801,57,72.26,54.25,245.25,95,Poligono_Almacen_003,Zona_1
95,3,1100803,50,10.615581828344459,12.73869819401335,407.98869819401335,95,Poligono_Almacen_003,Zona_1
95,4,Regreso_Poligono_Almacen_003,0,86.4,71.11,479.09869819401337,95,Poligono_Almacen_003,Zona_1
96,1,Inicio_Poligono_Almacen_003,0,0.0,20.0,20.0,96,Poligono_Almacen_003,Zona_1
96,2,1100803,6,86.4,71.11,109.11,96,Poligono_Almacen_003,Zona_1
96,3,1103304,41,4.077533839591022,4.893040607509227,237.0030406075092,96,Poligono_Almacen_003,Zona_1
96,4,1103302,56,3.0274848617876406,3.632981834145169,408.6360224416544,96,Poligono_Almacen_003,Zona_1
96,5,Regreso_Poligono_Almacen_003,0,96.23,71.02,479.6560224416544,96,Poligono_Almacen_003,Zona_1
97,1,Inicio_Poligono_Almacen_003,0,0.0,20.0,20.0,97,Poligono_Almacen_003,Zona_1
97,2,1190101,7,47.87,52.29,93.28999999999999,97,Poligono_Almacen_003,Zona_1
97,3,1102301,5,16.67214299715362,20.006571596584347,128.29657159658433,97,Poligono_Almacen_003,Zona_1
97,4,1102303,6,0.3003628655834057,0.3604354387000868,146.6570070352844,97,Poligono_Almacen_003,Zona_1
97,5,1102302,7,0.27299557657693596,0.32759469189232315,167.98460172717674,97,Poligono_Almacen_003,Zona_1
97,6,1102304,7,0.5452676287092151,0.6543211544510581,189.6389228816278,97,Poligono_Almacen_003,Zona_1
97,7,1102305,59,0.639129534199222,0.7669554410390664,367.40587832266687,97,Poligono_Almacen_003,Zona_1
97,8,1102501,23,8.78033433393877,10.536401200726525,446.9422795233934,97,Poligono_Almacen_003,Zona_1
97,9,Regreso_Poligono_Almacen_003,0,31.81,30.98,477.9222795233934,97,Poligono_Almacen_003,Zona_1
98,1,Inicio_Poligono_Almacen_003,0,0.0,20.0,20.0,98,Poligono_Almacen_003,Zona_1
98,2,1101201,59,19.86,22.97,219.97,98,Poligono_Almacen_003,Zona_1
98,3,1101203,57,0.20398239437268112,0.24477887324721734,391.2147788732472,98,Poligono_Almacen_003,Zona_1
98,4,1101202,21,0.1640972106368737,0.19691665276424844,454.41169552601144,98,Poligono_Almacen_003,Zona_1
98,5,1101206,1,0.44750434628829283,0.5370052155459514,457.9487007415574,98,Poligono_Almacen_003,Zona_1
98,6,Regreso_Poligono_Almacen_003,0,19.16,20.92,478.8687007415574,98,Poligono_Almacen_003,Zona_1
99,1,Inicio_Poligono_Almacen_003,0,0.0,20.0,20.0,99,Poligono_Almacen_003,Zona_1
99,2,1101202,36,19.88,23.67,151.67000000000002,99,Poligono_Almacen_003,Zona_1
99,3,1101205,39,0.2466611270921861,0.2959933525106233,268.9659933525106,99,Poligono_Almacen_003,Zona_1
99,4,1101206,36,0.2980574668065243,0.3576689601678292,377.32366231267844,99,Poligono_Almacen_003,Zona_1
99,5,1101204,25,0.6020661600586678,0.7224793920704013,453.04614170474883,99,Poligono_Almacen_003,Zona_1
99,6,1101207,1,1.3722903417706547,1.6467484101247856,457.6928901148736,99,Poligono_Almacen_003,Zona_1
99,7,Regreso_Poligono_Almacen_003,0,18.21,19.72,477.41289011487356,99,Poligono_Almacen_003,Zona_1
100,1,Inicio_Poligono_Almacen_003,0,0.0,20.0,20.0,100,Poligono_Almacen_003,Zona_1
100,2,1101204,8,20.02,24.1,68.1,100,Poligono_Almacen_003,Zona_1
100,3,1101207,26,1.3722903417706547,1.6467484101247856,147.74674841012478,100,Poligono_Almacen_003,Zona_1
100,4,1101208,104,0.7650106721654121,0.9180128065984945,460.66476121672326,100,Poligono_Almacen_003,Zona_1
100,5,Regreso_Poligono_Almacen_003,0,18.1,18.7,479.36476121672325,100,Poligono_Almacen_003,Zona_1
101,1,Inicio_Poligono_Almacen_003,0,0.0,20.0,20.0,101,Poligono_Almacen_003,Zona_1
101,2,1101208,140,18.1,18.7,458.7,101,Poligono_Almacen_003,Zona_1
101,3,Regreso_Poligono_Almacen_003,0,18.1,18.7,477.4,101,Poligono_Almacen_003,Zona_1
102,1,Inicio_Poligono_Almacen_003,0,0.0,20.0,20.0,102,Poligono_Almacen_003,Zona_1
102,2,1101208,33,18.1,18.7,137.7,102,Poligono_Almacen_003,Zona_1
102,3,1101209,107,1.166236808575326,1.3994841702903913,460.0994841702904,102,Poligono_Almacen_003,Zona_1
102,4,Regreso_Poligono_Almacen_003,0,17.78,18.73,478.8294841702904,102,Poligono_Almacen_003,Zona_1
103,1,Inicio_Poligono_Almacen_003,0,0.0,20.0,20.0,103,Poligono_Almacen_003,Zona_1
103,2,1101209,117,17.78,18.73,389.73,103,Poligono_Almacen_003,Zona_1
103,3,1101210,23,0.9296233182472802,1.1155479818967362,459.84554798189674,103,Poligono_Almacen_003,Zona_1
103,4,Regreso_Poligono_Almacen_003,0,18.56,20.02,479.8655479818967,103,Poligono_Almacen_003,Zona_1
104,1,Inicio_Poligono_Almacen_003,0,0.0,20.0,20.0,104,Poligono_Almacen_003,Zona_1
104,2,1101210,139,18.56,20.02,457.02,104,Poligono_Almacen_003,Zona_1
104,3,Regreso_Poligono_Almacen_003,0,18.56,20.02,477.03999999999996,104,Poligono_Almacen_003,Zona_1
105,1,Inicio_Poligono_Almacen_003,0,0.0,20.0,20.0,105,Poligono_Almacen_003,Zona_1
105,2,1101210,120,18.56,20.02,400.02,105,Poligono_Almacen_003,Zona_1
105,3,1102801,19,7.611229195596312,9.133475034715575,466.15347503471554,105,Poligono_Almacen_003,Zona_1
105,4,Regreso_Poligono_Almacen_003,0,10.16,12.94,479.09347503471554,105,Poligono_Almacen_003,Zona_1
106,1,Inicio_Poligono_Almacen_003,0,0.0,20.0,20.0,106,Poligono_Almacen_003,Zona_1
106,2,1101301,28,106.15,83.69,187.69,106,Poligono_Almacen_003,Zona_1
106,3,1102102,20,10.288637282990669,12.346364739588802,260.0363647395888,106,Poligono_Almacen_003,Zona_1
106,4,1190301,22,6.530517930499386,7.836621516599262,333.8729862561881,106,Poligono_Almacen_003,Zona_1
106,5,1103305,16,7.010916878134188,8.413100253761026,390.2860865099491,106,Poligono_Almacen_003,Zona_1
106,6,1103302,1,11.079197715211569,13.295037258253883,406.581123768203,106,Poligono_Almacen_003,Zona_1
106,7,Regreso_Poligono_Almacen_003,0,96.23,71.02,477.60112376820297,106,Poligono_Almacen_003,Zona_1
107,1,Inicio_Poligono_Almacen_003,0,0.0,20.0,20.0,107,Poligono_Almacen_003,Zona_1
107,2,1101501,138,19.95,22.54,456.54,107,Poligono_Almacen_003,Zona_1
107,3,Regreso_Poligono_Almacen_003,0,19.95,22.54,479.08000000000004,107,Poligono_Almacen_003,Zona_1
108,1,Inicio_Poligono_Almacen_003,0,0.0,20.0,20.0,108,Poligono_Almacen_003,Zona_1
108,2,1101501,12,19.95,22.54,78.53999999999999,108,Poligono_Almacen_003,Zona_1
108,3,1101504,126,0.46353467110718416,0.556241605328621,457.0962416053286,108,Poligono_Almacen_003,Zona_1
108,4,Regreso_Poligono_Almacen_003,0,18.88,21.76,478.8562416053286,108,Poligono_Almacen_003,Zona_1
109,1,Inicio_Poligono_Almacen_003,0,0.0,20.0,20.0,109,Poligono_Almacen_003,Zona_1
109,2,1101502,79,21.15,25.13,282.13,109,Poligono_Almacen_003,Zona_1
109,3,1101503,57,0.6220972667598266,0.7465167201117919,453.8765167201118,109,Poligono_Almacen_003,Zona_1
109,4,1101504,1,0.91754222192663,1.1010506663119561,457.97756738642374,109,Poligono_Almacen_003,Zona_1
109,5,Regreso_Poligono_Almacen_003,0,18.88,21.76,479.73756738642373,109,Poligono_Almacen_003,Zona_1
110,1,Inicio_Poligono_Almacen_003,0,0.0,20.0,20.0,110,Poligono_Almacen_003,Zona_1
110,2,1101503,24,20.38,23.36,115.36,110,Poligono_Almacen_003,Zona_1
110,3,1101504,66,0.91754222192663,1.1010506663119561,314.46105066631196,110,Poligono_Almacen_003,Zona_1
110,4,1103106,45,6.506039762107262,7.807247714528714,457.2682983808407,110,Poligono_Almacen_003,Zona_1
110,5,1103102,1,1.1133062041301256,1.3359674449561507,461.60426582579686,110,Poligono_Almacen_003,Zona_1
110,6,Regreso_Poligono_Almacen_003,0,15.59,17.52,479.12426582579684,110,Poligono_Almacen_003,Zona_1
111,1,Inicio_Poligono_Almacen_003,0,0.0,20.0,20.0,111,Poligono_Almacen_003,Zona_1
111,2,1101505,128,32.36,37.04,441.04,111,Poligono_Almacen_003,Zona_1
111,3,1103106,1,12.641650546608538,15.169980655930246,459.2099806559303,111,Poligono_Almacen_003,Zona_1
111,4,Regreso_Poligono_Almacen_003,0,17.38,20.57,479.7799806559303,111,Poligono_Almacen_003,Zona_1
112,1,Inicio_Poligono_Almacen_003,0,0.0,20.0,20.0,112,Poligono_Almacen_003,Zona_1
112,2,1101505,128,32.36,37.04,441.04,112,Poligono_Almacen_003,Zona_1
112,3,1103106,1,12.641650546608538,15.169980655930246,459.2099806559303,112,Poligono_Almacen_003,Zona_1
112,4,Regreso_Poligono_Almacen_003,0,17.38,20.57,479.7799806559303,112,Poligono_Almacen_003,Zona_1
113,1,Inicio_Poligono_Almacen_003,0,0.0,20.0,20.0,113,Poligono_Almacen_003,Zona_1
113,2,1101505,42,32.36,37.04,183.04,113,Poligono_Almacen_003,Zona_1
113,3,1101402,67,10.35288619333759,12.423463432005107,396.46346343200514,113,Poligono_Almacen_003,Zona_1
113,4,1101401,14,0.6952204264661506,0.8342645117593807,439.2977279437645,113,Poligono_Almacen_003,Zona_1
113,5,Regreso_Poligono_Almacen_003,0,39.37,37.72,477.0177279437645,113,Poligono_Almacen_003,Zona_1
114,1,Inicio_Poligono_Almacen_003,0,0.0,20.0,20.0,114,Poligono_Almacen_003,Zona_1
114,2,1101601,15,50.0,42.68,107.68,114,Poligono_Almacen_003,Zona_1
114,3,1101603,64,3.4414936010483976,4.129792321258077,303.8097923212581,114,Poligono_Almacen_003,Zona_1
114,4,1103002,41,12.190698422143528,14.628838106572234,441.43863042783033,114,Poligono_Almacen_003,Zona_1
114,5,1102702,1,9.171653028635212,11.005983634362256,455.4446140621926,114,Poligono_Almacen_003,Zona_1
114,6,Regreso_Poligono_Almacen_003,0,24.08,24.19,479.6346140621926,114,Poligono_Almacen_003,Zona_1
115,1,Inicio_Poligono_Almacen_003,0,0.0,20.0,20.0,115,Poligono_Almacen_003,Zona_1
115,2,1101401,78,39.37,37.72,291.72,115,Poligono_Almacen_003,Zona_1
115,3,1101403,49,0.43242093410846966,0.5189051209301636,439.2389051209302,115,Poligono_Almacen_003,Zona_1
115,4,Regreso_Poligono_Almacen_003,0,39.74,37.9,477.1389051209302,115,Poligono_Almacen_003,Zona_1
116,1,Inicio_Poligono_Almacen_003,0,0.0,20.0,20.0,116,Poligono_Almacen_003,Zona_1
116,2,1101403,3,39.74,37.9,66.9,116,Poligono_Almacen_003,Zona_1
116,3,1103903,41,5.153921855731098,6.184706226877317,196.08470622687733,116,Poligono_Almacen_003,Zona_1
116,4,1103106,76,28.273005155599986,33.927606186719984,458.01231241359733,116,Poligono_Almacen_003,Zona_1
116,5,1103102,1,1.1133062041301256,1.3359674449561507,462.3482798585535,116,Poligono_Almacen_003,Zona_1
116,6,Regreso_Poligono_Almacen_003,0,15.59,17.52,479.8682798585535,116,Poligono_Almacen_003,Zona_1
117,1,Inicio_Poligono_Almacen_003,0,0.0,20.0,20.0,117,Poligono_Almacen_003,Zona_1
117,2,1102001,40,24.1,23.7,163.7,117,Poligono_Almacen_003,Zona_1
117,3,1102003,97,0.8890185802174716,1.066822296260966,455.76682229626095,117,Poligono_Almacen_003,Zona_1
117,4,Regreso_Poligono_Almacen_003,0,24.7,22.28,478.046822296261,117,Poligono_Almacen_003,Zona_1
118,1,Inicio_Poligono_Almacen_003,0,0.0,20.0,20.0,118,Poligono_Almacen_003,Zona_1
118,2,1102003,57,24.7,22.28,213.28,118,Poligono_Almacen_003,Zona_1
118,3,1102007,81,1.3201864001919763,1.5842236802303717,457.86422368023034,118,Poligono_Almacen_003,Zona_1
118,4,Regreso_Poligono_Almacen_003,0,23.74,21.78,479.6442236802303,118,Poligono_Almacen_003,Zona_1
119,1,Inicio_Poligono_Almacen_003,0,0.0,20.0,20.0,119,Poligono_Almacen_003,Zona_1
119,2,1102006,135,26.41,27.02,452.02,119,Poligono_Almacen_003,Zona_1
119,3,1102007,1,2.179594999517054,2.6155139994204646,457.6355139994204,119,Poligono_Almacen_003,Zona_1
119,4,Regreso_Poligono_Almacen_003,0,23.74,21.78,479.41551399942045,119,Poligono_Almacen_003,Zona_1
120,1,Inicio_Poligono_Almacen_003,0,0.0,20.0,20.0,120,Poligono_Almacen_003,Zona_1
120,2,1102006,135,26.41,27.02,452.02,120,Poligono_Almacen_003,Zona_1
120,3,1102007,1,2.179594999517054,2.6155139994204646,457.6355139994204,120,Poligono_Almacen_003,Zona_1
120,4,Regreso_Poligono_Almacen_003,0,23.74,21.78,479.41551399942045,120,Poligono_Almacen_003,Zona_1
121,1,Inicio_Poligono_Almacen_003,0,0.0,20.0,20.0,121,Poligono_Almacen_003,Zona_1
121,2,1102006,135,26.41,27.02,452.02,121,Poligono_Almacen_003,Zona_1
121,3,1102007,1,2.179594999517054,2.6155139994204646,457.6355139994204,121,Poligono_Almacen_003,Zona_1
121,4,Regreso_Poligono_Almacen_003,0,23.74,21.78,479.41551399942045,121,Poligono_Almacen_003,Zona_1
122,1,Inicio_Poligono_Almacen_003,0,0.0,20.0,20.0,122,Poligono_Almacen_003,Zona_1
122,2,1102006,135,26.41,27.02,452.02,122,Poligono_Almacen_003,Zona_1
122,3,1102007,1,2.179594999517054,2.6155139994204646,457.6355139994204,122,Poligono_Almacen_003,Zona_1
122,4,Regreso_Poligono_Almacen_003,0,23.74,21.78,479.41551399942045,122,Poligono_Almacen_003,Zona_1
123,1,Inicio_Poligono_Almacen_003,0,0.0,20.0,20.0,123,Poligono_Almacen_003,Zona_1
123,2,1102006,93,26.41,27.02,326.02,123,Poligono_Almacen_003,Zona_1
123,3,1102007,43,2.179594999517054,2.6155139994204646,457.6355139994205,123,Poligono_Almacen_003,Zona_1
123,4,Regreso_Poligono_Almacen_003,0,23.74,21.78,479.41551399942045,123,Poligono_Almacen_003,Zona_1
124,1,Inicio_Poligono_Almacen_003,0,0.0,20.0,20.0,124,Poligono_Almacen_003,Zona_1
124,2,1102007,92,23.74,21.78,317.78,124,Poligono_Almacen_003,Zona_1
124,3,1102008,29,3.0309461161812545,3.6371353394175054,408.4171353394175,124,Poligono_Almacen_003,Zona_1
124,4,1102010,10,6.80720301196267,8.168643614355204,446.58577895377266,124,Poligono_Almacen_003,Zona_1
124,5,1102803,2,12.49345034528236,14.992140414338833,467.5779193681115,124,Poligono_Almacen_003,Zona_1
124,6,Regreso_Poligono_Almacen_003,0,7.51,11.74,479.3179193681115,124,Poligono_Almacen_003,Zona_1
125,1,Inicio_Poligono_Almacen_003,0,0.0,20.0,20.0,125,Poligono_Almacen_003,Zona_1
125,2,1102010,16,29.52,32.15,100.15,125,Poligono_Almacen_003,Zona_1
125,3,1102704,68,9.7748213091313,11.72978557095756,315.87978557095755,125,Poligono_Almacen_003,Zona_1
125,4,1102701,46,3.8735923466941427,4.648310816032971,458.5280963869905,125,Poligono_Almacen_003,Zona_1
125,5,Regreso_Poligono_Almacen_003,0,16.6,19.08,477.6080963869905,125,Poligono_Almacen_003,Zona_1
126,1,Inicio_Poligono_Almacen_003,0,0.0,20.0,20.0,126,Poligono_Almacen_003,Zona_1
126,2,1102201,74,100.97,77.0,319.0,126,Poligono_Almacen_003,Zona_1
126,3,1102203,28,0.25803882558579877,0.3096465907029585,403.309646590703,126,Poligono_Almacen_003,Zona_1
126,4,Regreso_Poligono_Almacen_003,0,100.63,76.24,479.549646590703,126,Poligono_Almacen_003,Zona_1
127,1,Inicio_Poligono_Almacen_003,0,0.0,20.0,20.0,127,Poligono_Almacen_003,Zona_1
127,2,1102202,97,101.44,77.39,388.39,127,Poligono_Almacen_003,Zona_1
127,3,1102203,4,0.7182915848766478,0.8619499018519774,401.25194990185196,127,Poligono_Almacen_003,Zona_1
127,4,1103303,1,2.4780622227277056,2.973674667273247,407.2256245691252,127,Poligono_Almacen_003,Zona_1
127,5,Regreso_Poligono_Almacen_003,0,97.98,72.61,479.83562456912523,127,Poligono_Almacen_003,Zona_1
128,1,Inicio_Poligono_Almacen_003,0,0.0,20.0,20.0,128,Poligono_Almacen_003,Zona_1
128,2,1102203,102,100.63,76.24,402.24,128,Poligono_Almacen_003,Zona_1
128,3,Regreso_Poligono_Almacen_003,0,100.63,76.24,478.48,128,Poligono_Almacen_003,Zona_1
129,1,Inicio_Poligono_Almacen_003,0,0.0,20.0,20.0,129,Poligono_Almacen_003,Zona_1
129,2,1102203,11,100.63,76.24,129.24,129,Poligono_Almacen_003,Zona_1
129,3,1102204,47,0.521780984726463,0.6261371816717556,270.8661371816718,129,Poligono_Almacen_003,Zona_1
129,4,1102205,44,0.7934731233831842,0.952167748059821,403.8183049297316,129,Poligono_Almacen_003,Zona_1
129,5,Regreso_Poligono_Almacen_003,0,99.47,74.55,478.3683049297316,129,Poligono_Almacen_003,Zona_1
130,1,Inicio_Poligono_Almacen_003,0,0.0,20.0,20.0,130,Poligono_Almacen_003,Zona_1
130,2,1102205,1,99.47,74.55,97.55,130,Poligono_Almacen_003,Zona_1
130,3,1103303,39,1.3467016446337867,1.6160419735605442,216.16604197356054,130,Poligono_Almacen_003,Zona_1
130,4,1102206,42,3.260582412734647,3.9126988952815767,346.07874086884215,130,Poligono_Almacen_003,Zona_1
130,5,1102207,17,1.3451438806764346,1.6141726568117214,398.69291352565386,130,Poligono_Almacen_003,Zona_1
130,6,1103301,2,4.403313506695425,5.28397620803451,409.9768897336884,130,Poligono_Almacen_003,Zona_1
130,7,Regreso_Poligono_Almacen_003,0,94.73,69.76,479.7368897336884,130,Poligono_Almacen_003,Zona_1
131,1,Inicio_Poligono_Almacen_003,0,0.0,20.0,20.0,131,Poligono_Almacen_003,Zona_1
131,2,1102207,77,102.42,79.86,330.86,131,Poligono_Almacen_003,Zona_1
131,3,1103301,24,4.403313506695425,5.28397620803451,408.14397620803453,131,Poligono_Almacen_003,Zona_1
131,4,Regreso_Poligono_Almacen_003,0,94.73,69.76,477.9039762080345,131,Poligono_Almacen_003,Zona_1
132,1,Inicio_Poligono_Almacen_003,0,0.0,20.0,20.0,132,Poligono_Almacen_003,Zona_1
132,2,1102501,23,31.81,30.98,119.98,132,Poligono_Almacen_003,Zona_1
132,3,1102804,106,20.287316838090423,24.344780205708506,462.3247802057085,132,Poligono_Almacen_003,Zona_1
132,4,Regreso_Poligono_Almacen_003,0,10.52,16.25,478.5747802057085,132,Poligono_Almacen_003,Zona_1
133,1,Inicio_Poligono_Almacen_003,0,0.0,20.0,20.0,133,Poligono_Almacen_003,Zona_1
133,2,1102701,140,16.6,19.08,459.08,133,Poligono_Almacen_003,Zona_1
133,3,Regreso_Poligono_Almacen_003,0,16.6,19.08,478.15999999999997,133,Poligono_Almacen_003,Zona_1
134,1,Inicio_Poligono_Almacen_003,0,0.0,20.0,20.0,134,Poligono_Almacen_003,Zona_1
134,2,1102701,140,16.6,19.08,459.08,134,Poligono_Almacen_003,Zona_1
134,3,Regreso_Poligono_Almacen_003,0,16.6,19.08,478.15999999999997,134,Poligono_Almacen_003,Zona_1
135,1,Inicio_Poligono_Almacen_003,0,0.0,20.0,20.0,135,Poligono_Almacen_003,Zona_1
135,2,1102701,14,16.6,19.08,81.08,135,Poligono_Almacen_003,Zona_1
135,3,1102703,125,1.1131423559226925,1.335770827107231,457.4157708271072,135,Poligono_Almacen_003,Zona_1
135,4,Regreso_Poligono_Almacen_003,0,17.93,21.36,478.77577082710724,135,Poligono_Almacen_003,Zona_1
136,1,Inicio_Poligono_Almacen_003,0,0.0,20.0,20.0,136,Poligono_Almacen_003,Zona_1
136,2,1102702,137,24.08,24.19,455.19,136,Poligono_Almacen_003,Zona_1
136,3,Regreso_Poligono_Almacen_003,0,24.08,24.19,479.38,136,Poligono_Almacen_003,Zona_1
137,1,Inicio_Poligono_Almacen_003,0,0.0,20.0,20.0,137,Poligono_Almacen_003,Zona_1
137,2,1102702,91,24.08,24.19,317.19,137,Poligono_Almacen_003,Zona_1
137,3,1102703,45,3.538716268079371,4.246459521695246,456.43645952169527,137,Poligono_Almacen_003,Zona_1
137,4,Regreso_Poligono_Almacen_003,0,17.93,21.36,477.7964595216953,137,Poligono_Almacen_003,Zona_1
138,1,Inicio_Poligono_Almacen_003,0,0.0,20.0,20.0,138,Poligono_Almacen_003,Zona_1
138,2,1102703,56,17.93,21.36,209.36,138,Poligono_Almacen_003,Zona_1
138,3,1102801,65,9.401324143795506,11.281588972554607,415.6415889725546,138,Poligono_Almacen_003,Zona_1
138,4,1102802,16,0.5335778954241297,0.6402934745089557,464.28188244706354,138,Poligono_Almacen_003,Zona_1
138,5,1102803,1,0.4212157304749225,0.5054588765699071,467.7873413236334,138,Poligono_Almacen_003,Zona_1
138,6,Regreso_Poligono_Almacen_003,0,7.51,11.74,479.52734132363344,138,Poligono_Almacen_003,Zona_1
139,1,Inicio_Poligono_Almacen_003,0,0.0,20.0,20.0,139,Poligono_Almacen_003,Zona_1
139,2,1102802,8,7.82,13.01,57.01,139,Poligono_Almacen_003,Zona_1
139,3,1102803,111,0.4212157304749225,0.5054588765699071,390.5154588765699,139,Poligono_Almacen_003,Zona_1
139,4,1103101,21,6.238814621413327,7.486577545695992,461.00203642226586,139,Poligono_Almacen_003,Zona_1
139,5,Regreso_Poligono_Almacen_003,0,15.26,17.57,478.57203642226585,139,Poligono_Almacen_003,Zona_1
140,1,Inicio_Poligono_Almacen_003,0,0.0,20.0,20.0,140,Poligono_Almacen_003,Zona_1
140,2,1102804,83,10.52,16.25,285.25,140,Poligono_Almacen_003,Zona_1
140,3,1103101,55,8.092202281384436,9.710642737661324,459.9606427376613,140,Poligono_Almacen_003,Zona_1
140,4,Regreso_Poligono_Almacen_003,0,15.26,17.57,477.5306427376613,140,Poligono_Almacen_003,Zona_1
141,1,Inicio_Poligono_Almacen_003,0,0.0,20.0,20.0,141,Poligono_Almacen_003,Zona_1
141,2,1103001,94,40.97,40.05,342.05,141,Poligono_Almacen_003,Zona_1
141,3,1103003,32,0.4367860962301748,0.5241433154762097,438.57414331547625,141,Poligono_Almacen_003,Zona_1
141,4,Regreso_Poligono_Almacen_003,0,40.71,39.02,477.59414331547623,141,Poligono_Almacen_003,Zona_1
142,1,Inicio_Poligono_Almacen_003,0,0.0,20.0,20.0,142,Poligono_Almacen_003,Zona_1
142,2,1103002,15,40.35,38.23,103.22999999999999,142,Poligono_Almacen_003,Zona_1
142,3,1103003,105,0.4201778180583257,0.5042133816699909,418.73421338167,142,Poligono_Almacen_003,Zona_1
142,4,1103103,5,21.78701096523588,26.144413158283054,459.878626539953,142,Poligono_Almacen_003,Zona_1
142,5,Regreso_Poligono_Almacen_003,0,16.21,18.55,478.42862653995303,142,Poligono_Almacen_003,Zona_1
143,1,Inicio_Poligono_Almacen_003,0,0.0,20.0,20.0,143,Poligono_Almacen_003,Zona_1
143,2,1103101,122,15.26,17.57,403.57,143,Poligono_Almacen_003,Zona_1
143,3,1103102,7,1.019671597503058,1.2236059170036695,425.7936059170037,143,Poligono_Almacen_003,Zona_1
143,4,1103104,11,0.5514243424846832,0.6617092109816198,459.4553151279853,143,Poligono_Almacen_003,Zona_1
143,5,Regreso_Poligono_Almacen_003,0,16.19,19.17,478.6253151279853,143,Poligono_Almacen_003,Zona_1
144,1,Inicio_Poligono_Almacen_003,0,0.0,20.0,20.0,144,Poligono_Almacen_003,Zona_1
144,2,1103103,68,16.21,18.55,242.55,144,Poligono_Almacen_003,Zona_1
144,3,1103104,62,0.6790051549697974,0.8148061859637569,429.36480618596374,144,Poligono_Almacen_003,Zona_1
144,4,1103106,9,0.5647412713096115,0.6776895255715338,457.04249571153525,144,Poligono_Almacen_003,Zona_1
144,5,Regreso_Poligono_Almacen_003,0,17.38,20.57,477.61249571153525,144,Poligono_Almacen_003,Zona_1
145,1,Inicio_Poligono_Almacen_003,0,0.0,20.0,20.0,145,Poligono_Almacen_003,Zona_1
145,2,1103105,105,17.29,20.32,355.32,145,Poligono_Almacen_003,Zona_1
145,3,1103106,34,0.321945666207136,0.3863347994485632,457.70633479944854,145,Poligono_Almacen_003,Zona_1
145,4,Regreso_Poligono_Almacen_003,0,17.38,20.57,478.27633479944853,145,Poligono_Almacen_003,Zona_1
146,1,Inicio_Poligono_Almacen_003,0,0.0,20.0,20.0,146,Poligono_Almacen_003,Zona_1
146,2,1103106,139,17.38,20.57,457.57,146,Poligono_Almacen_003,Zona_1
146,3,Regreso_Poligono_Almacen_003,0,17.38,20.57,478.14,146,Poligono_Almacen_003,Zona_1
147,1,Inicio_Poligono_Almacen_003,0,0.0,20.0,20.0,147,Poligono_Almacen_003,Zona_1
147,2,1103106,119,17.38,20.57,397.57,147,Poligono_Almacen_003,Zona_1
147,3,Regreso_Poligono_Almacen_003,0,17.38,20.57,418.14,147,Poligono_Almacen_003,Zona_1
148,1,Inicio_Poligono_Almacen_003,0,0.0,20.0,20.0,148,Poligono_Almacen_003,Zona_1
148,2,1103301,7,94.73,69.76,110.76,148,Poligono_Almacen_003,Zona_1
148,3,1103302,38,0.5912948605352608,0.709553832642313,225.4695538326423,148,Poligono_Almacen_003,Zona_1
148,4,1103305,51,11.079197715211569,13.295037258253883,391.76459109089615,148,Poligono_Almacen_003,Zona_1
148,5,Regreso_Poligono_Almacen_003,0,111.75,88.03,479.7945910908961,148,Poligono_Almacen_003,Zona_1
149,1,Inicio_Poligono_Almacen_003,0,0.0,20.0,20.0,149,Poligono_Almacen_003,Zona_1
149,2,1103305,44,111.75,88.03,240.03,149,Poligono_Almacen_003,Zona_1
149,3,1103502,36,34.64442827768444,41.57331393322133,389.60331393322133,149,Poligono_Almacen_003,Zona_1
149,4,1103501,1,6.688065894531649,8.025679073437978,400.6289930066593,149,Poligono_Almacen_003,Zona_1
149,5,Regreso_Poligono_Almacen_003,0,100.33,76.51,477.1389930066593,149,Poligono_Almacen_003,Zona_1
150,1,Inicio_Poligono_Almacen_003,0,0.0,20.0,20.0,150,Poligono_Almacen_003,Zona_1
150,2,1103501,102,100.33,76.51,402.51,150,Poligono_Almacen_003,Zona_1
150,3,Regreso_Poligono_Almacen_003,0,100.33,76.51,479.02,150,Poligono_Almacen_003,Zona_1
151,1,Inicio_Poligono_Almacen_003,0,0.0,20.0,20.0,151,Poligono_Almacen_003,Zona_1
151,2,1103501,32,100.33,76.51,192.51,151,Poligono_Almacen_003,Zona_1
151,3,1103502,3,6.688065894531649,8.025679073437978,209.53567907343796,151,Poligono_Almacen_003,Zona_1
151,4,Regreso_Poligono_Almacen_003,0,102.79,89.27,298.80567907343794,151,Poligono_Almacen_003,Zona_1
152,1,Inicio_Poligono_Nave_industrial_051,0,0.0,20.0,20.0,152,Poligono_Nave_industrial_051,Zona_2
152,2,4100501,20,84.81,73.76,153.76,152,Poligono_Nave_industrial_051,Zona_2
152,3,4100502,84,0.7372202660674034,0.8846643192808841,406.6446643192809,152,Poligono_Nave_industrial_051,Zona_2
152,4,Regreso_Poligono_Nave_industrial_051,0,83.91,72.29,478.9346643192809,152,Poligono_Nave_industrial_051,Zona_2
153,1,Inicio_Poligono_Nave_industrial_051,0,0.0,20.0,20.0,153,Poligono_Nave_industrial_051,Zona_2
153,2,4100502,8,83.91,72.29,116.29,153,Poligono_Nave_industrial_051,Zona_2
153,3,4108101,96,3.5206994584203786,4.224839350104455,408.51483935010447,153,Poligono_Nave_industrial_051,Zona_2
153,4,Regreso_Poligono_Nave_industrial_051,0,81.19,70.55,479.0648393501045,153,Poligono_Nave_industrial_051,Zona_2
154,1,Inicio_Poligono_Nave_industrial_051,0,0.0,20.0,20.0,154,Poligono_Nave_industrial_051,Zona_2
154,2,4100701,41,77.64,66.23,209.23000000000002,154,Poligono_Nave_industrial_051,Zona_2
154,3,4100702,67,0.4053327756397063,0.4863993307676475,410.7163993307677,154,Poligono_Nave_industrial_051,Zona_2
154,4,Regreso_Poligono_Nave_industrial_051,0,78.37,67.79,478.5063993307677,154,Poligono_Nave_industrial_051,Zona_2
155,1,Inicio_Poligono_Nave_industrial_051,0,0.0,20.0,20.0,155,Poligono_Nave_industrial_051,Zona_2
155,2,4100702,42,78.37,67.79,213.79000000000002,155,Poligono_Nave_industrial_051,Zona_2
155,3,4108902,61,3.659106609119075,4.39092793094289,401.1809279309429,155,Poligono_Nave_industrial_051,Zona_2
155,4,4102101,4,3.133677109560151,3.7604125314721815,416.9413404624151,155,Poligono_Nave_industrial_051,Zona_2
155,5,Regreso_Poligono_Nave_industrial_051,0,71.01,61.48,478.4213404624151,155,Poligono_Nave_industrial_051,Zona_2
156,1,Inicio_Poligono_Nave_industrial_051,0,0.0,20.0,20.0,156,Poligono_Nave_industrial_051,Zona_2
156,2,4101701,111,72.62,63.22,416.22,156,Poligono_Nave_industrial_051,Zona_2
156,3,Regreso_Poligono_Nave_industrial_051,0,72.62,63.22,479.44000000000005,156,Poligono_Nave_industrial_051,Zona_2
157,1,Inicio_Poligono_Nave_industrial_051,0,0.0,20.0,20.0,157,Poligono_Nave_industrial_051,Zona_2
157,2,4101701,111,72.62,63.22,416.22,157,Poligono_Nave_industrial_051,Zona_2
157,3,Regreso_Poligono_Nave_industrial_051,0,72.62,63.22,479.44000000000005,157,Poligono_Nave_industrial_051,Zona_2
158,1,Inicio_Poligono_Nave_industrial_051,0,0.0,20.0,20.0,158,Poligono_Nave_industrial_051,Zona_2
158,2,4101701,36,72.62,63.22,191.22,158,Poligono_Nave_industrial_051,Zona_2
158,3,4109301,75,1.846702325538665,2.216042790646398,418.4360427906464,158,Poligono_Nave_industrial_051,Zona_2
158,4,Regreso_Poligono_Nave_industrial_051,0,68.04,59.81,478.2460427906464,158,Poligono_Nave_industrial_051,Zona_2
159,1,Inicio_Poligono_Nave_industrial_051,0,0.0,20.0,20.0,159,Poligono_Nave_industrial_051,Zona_2
159,2,4101901,59,97.78,99.59,296.59000000000003,159,Poligono_Nave_industrial_051,Zona_2
159,3,4108101,4,13.128038676029604,15.753646411235525,324.34364641123557,159,Poligono_Nave_industrial_051,Zona_2
159,4,4109102,27,8.945704845458778,10.734845814550534,416.07849222578614,159,Poligono_Nave_industrial_051,Zona_2
159,5,4109101,1,1.2936296730275176,1.5523556076330212,420.6308478334192,159,Poligono_Nave_industrial_051,Zona_2
159,6,Regreso_Poligono_Nave_industrial_051,0,65.98,57.79,478.4208478334192,159,Poligono_Nave_industrial_051,Zona_2
160,1,Inicio_Poligono_Nave_industrial_051,0,0.0,20.0,20.0,160,Poligono_Nave_industrial_051,Zona_2
160,2,4102001,38,11.51,13.97,147.97,160,Poligono_Nave_industrial_051,Zona_2
160,3,4102002,90,1.3658731590597437,1.6390477908716925,419.6090477908717,160,Poligono_Nave_industrial_051,Zona_2
160,4,4105303,9,14.104620588810048,16.925544706572058,463.5345924974438,160,Poligono_Nave_industrial_051,Zona_2
160,5,Regreso_Poligono_Nave_industrial_051,0,10.37,14.77,478.30459249744376,160,Poligono_Nave_industrial_051,Zona_2
161,1,Inicio_Poligono_Nave_industrial_051,0,0.0,20.0,20.0,161,Poligono_Nave_industrial_051,Zona_2
161,2,4102101,82,71.01,61.48,327.48,161,Poligono_Nave_industrial_051,Zona_2
161,3,4102102,30,0.3126767261092241,0.37521207133106893,417.8552120713311,161,Poligono_Nave_industrial_051,Zona_2
161,4,Regreso_Poligono_Nave_industrial_051,0,68.65,60.34,478.19521207133107,161,Poligono_Nave_industrial_051,Zona_2
162,1,Inicio_Poligono_Nave_industrial_051,0,0.0,20.0,20.0,162,Poligono_Nave_industrial_051,Zona_2
162,2,4102102,85,68.65,60.34,335.34000000000003,162,Poligono_Nave_industrial_051,Zona_2
162,3,4102103,27,1.4600963314385917,1.75211559772631,418.0921155977263,162,Poligono_Nave_industrial_051,Zona_2
162,4,Regreso_Poligono_Nave_industrial_051,0,67.97,59.37,477.4621155977263,162,Poligono_Nave_industrial_051,Zona_2
163,1,Inicio_Poligono_Nave_industrial_051,0,0.0,20.0,20.0,163,Poligono_Nave_industrial_051,Zona_2
163,2,4102103,2,67.97,59.37,85.37,163,Poligono_Nave_industrial_051,Zona_2
163,3,4102104,22,0.7470912256066606,0.8965094707279927,152.266509470728,163,Poligono_Nave_industrial_051,Zona_2
163,4,4109301,88,1.2261377457812537,1.4713652949375045,417.73787476566554,163,Poligono_Nave_industrial_051,Zona_2
163,5,Regreso_Poligono_Nave_industrial_051,0,68.04,59.81,477.54787476566554,163,Poligono_Nave_industrial_051,Zona_2
164,1,Inicio_Poligono_Nave_industrial_051,0,0.0,20.0,20.0,164,Poligono_Nave_industrial_051,Zona_2
164,2,4102801,35,71.45,70.17,195.17000000000002,164,Poligono_Nave_industrial_051,Zona_2
164,3,4102901,73,2.262389299522904,2.714867159427485,416.8848671594275,164,Poligono_Nave_industrial_051,Zona_2
164,4,Regreso_Poligono_Nave_industrial_051,0,69.63,62.04,478.9248671594275,164,Poligono_Nave_industrial_051,Zona_2
165,1,Inicio_Poligono_Nave_industrial_051,0,0.0,20.0,20.0,165,Poligono_Nave_industrial_051,Zona_2
165,2,4102901,86,69.63,62.04,340.04,165,Poligono_Nave_industrial_051,Zona_2
165,3,4109301,26,1.5147606558909705,1.8177127870691647,419.8577127870692,165,Poligono_Nave_industrial_051,Zona_2
165,4,Regreso_Poligono_Nave_industrial_051,0,68.04,59.81,479.6677127870692,165,Poligono_Nave_industrial_051,Zona_2
166,1,Inicio_Poligono_Nave_industrial_051,0,0.0,20.0,20.0,166,Poligono_Nave_industrial_051,Zona_2
166,2,4103401,103,63.39,74.92,403.92,166,Poligono_Nave_industrial_051,Zona_2
166,3,4107001,2,3.218872976377262,3.8626475716527144,413.7826475716527,166,Poligono_Nave_industrial_051,Zona_2
166,4,4108603,1,5.130775813721276,6.156930976465531,422.9395785481182,166,Poligono_Nave_industrial_051,Zona_2
166,5,Regreso_Poligono_Nave_industrial_051,0,66.86,56.86,479.79957854811823,166,Poligono_Nave_industrial_051,Zona_2
167,1,Inicio_Poligono_Nave_industrial_051,0,0.0,20.0,20.0,167,Poligono_Nave_industrial_051,Zona_2
167,2,4103401,43,63.39,74.92,223.92000000000002,167,Poligono_Nave_industrial_051,Zona_2
167,3,4103403,60,0.34722849407266937,0.4166741928872032,404.33667419288724,167,Poligono_Nave_industrial_051,Zona_2
167,4,4107001,2,3.565950881752429,4.279141058102915,414.6158152509902,167,Poligono_Nave_industrial_051,Zona_2
167,5,Regreso_Poligono_Nave_industrial_051,0,73.17,64.55,479.1658152509902,167,Poligono_Nave_industrial_051,Zona_2
168,1,Inicio_Poligono_Nave_industrial_051,0,0.0,20.0,20.0,168,Poligono_Nave_industrial_051,Zona_2
168,2,4103402,33,63.8,76.4,195.4,168,Poligono_Nave_industrial_051,Zona_2
168,3,4107901,68,0.7090282672518502,0.8508339207022202,400.25083392070223,168,Poligono_Nave_industrial_051,Zona_2
168,4,4103403,1,1.42960748230326,1.715528978763912,404.96636289946616,168,Poligono_Nave_industrial_051,Zona_2
168,5,4107001,2,3.565950881752429,4.279141058102915,415.2455039575691,168,Poligono_Nave_industrial_051,Zona_2
168,6,Regreso_Poligono_Nave_industrial_051,0,73.17,64.55,479.7955039575691,168,Poligono_Nave_industrial_051,Zona_2
169,1,Inicio_Poligono_Nave_industrial_051,0,0.0,20.0,20.0,169,Poligono_Nave_industrial_051,Zona_2
169,2,4103403,18,63.3,74.5,148.5,169,Poligono_Nave_industrial_051,Zona_2
169,3,4107901,26,1.42960748230326,1.715528978763912,228.21552897876393,169,Poligono_Nave_industrial_051,Zona_2
169,4,4107001,60,4.986140936696424,5.9833691240357085,414.1988981027996,169,Poligono_Nave_industrial_051,Zona_2
169,5,Regreso_Poligono_Nave_industrial_051,0,73.17,64.55,478.7488981027996,169,Poligono_Nave_industrial_051,Zona_2
170,1,Inicio_Poligono_Nave_industrial_051,0,0.0,20.0,20.0,170,Poligono_Nave_industrial_051,Zona_2
170,2,4190301,68,10.29,10.81,234.81,170,Poligono_Nave_industrial_051,Zona_2
170,3,1102009,64,6.829532430426647,8.195438916511975,435.005438916512,170,Poligono_Nave_industrial_051,Zona_2
170,4,4105302,3,12.78205955213019,15.338471462556228,459.34391037906823,170,Poligono_Nave_industrial_051,Zona_2
170,5,4105301,1,0.5456442673743798,0.6547731208492557,462.9986834999175,170,Poligono_Nave_industrial_051,Zona_2
170,6,Regreso_Poligono_Nave_industrial_051,0,11.1,16.08,479.0786834999175,170,Poligono_Nave_industrial_051,Zona_2
171,1,Inicio_Poligono_Nave_industrial_051,0,0.0,20.0,20.0,171,Poligono_Nave_industrial_051,Zona_2
171,2,4105301,79,11.1,16.08,273.08,171,Poligono_Nave_industrial_051,Zona_2
171,3,4105304,61,0.5327840080511033,0.6393408096613239,456.7193408096613,171,Poligono_Nave_industrial_051,Zona_2
171,4,Regreso_Poligono_Nave_industrial_051,0,12.0,17.64,474.35934080966126,171,Poligono_Nave_industrial_051,Zona_2
172,1,Inicio_Poligono_Nave_industrial_051,0,0.0,20.0,20.0,172,Poligono_Nave_industrial_051,Zona_2
172,2,4105302,33,11.83,17.75,136.75,172,Poligono_Nave_industrial_051,Zona_2
172,3,4105304,5,0.812411523408674,0.9748938280904087,152.72489382809042,172,Poligono_Nave_industrial_051,Zona_2
172,4,4105303,39,0.8491039560760667,1.0189247472912801,270.7438185753817,172,Poligono_Nave_industrial_051,Zona_2
172,5,1103701,50,9.613020796973203,11.535624956367844,432.2794435317495,172,Poligono_Nave_industrial_051,Zona_2
172,6,Regreso_Poligono_Nave_industrial_051,0,27.23,45.42,477.6994435317495,172,Poligono_Nave_industrial_051,Zona_2
173,1,Inicio_Poligono_Nave_industrial_051,0,0.0,20.0,20.0,173,Poligono_Nave_industrial_051,Zona_2
173,2,4105901,113,70.04,60.18,419.18,173,Poligono_Nave_industrial_051,Zona_2
173,3,Regreso_Poligono_Nave_industrial_051,0,70.04,60.18,479.36,173,Poligono_Nave_industrial_051,Zona_2
174,1,Inicio_Poligono_Nave_industrial_051,0,0.0,20.0,20.0,174,Poligono_Nave_industrial_051,Zona_2
174,2,4105901,113,70.04,60.18,419.18,174,Poligono_Nave_industrial_051,Zona_2
174,3,Regreso_Poligono_Nave_industrial_051,0,70.04,60.18,479.36,174,Poligono_Nave_industrial_051,Zona_2
175,1,Inicio_Poligono_Nave_industrial_051,0,0.0,20.0,20.0,175,Poligono_Nave_industrial_051,Zona_2
175,2,4105901,113,70.04,60.18,419.18,175,Poligono_Nave_industrial_051,Zona_2
175,3,Regreso_Poligono_Nave_industrial_051,0,70.04,60.18,479.36,175,Poligono_Nave_industrial_051,Zona_2
176,1,Inicio_Poligono_Nave_industrial_051,0,0.0,20.0,20.0,176,Poligono_Nave_industrial_051,Zona_2
176,2,4105901,113,70.04,60.18,419.18,176,Poligono_Nave_industrial_051,Zona_2
176,3,Regreso_Poligono_Nave_industrial_051,0,70.04,60.18,479.36,176,Poligono_Nave_industrial_051,Zona_2
177,1,Inicio_Poligono_Nave_industrial_051,0,0.0,20.0,20.0,177,Poligono_Nave_industrial_051,Zona_2
177,2,4105901,94,70.04,60.18,362.18,177,Poligono_Nave_industrial_051,Zona_2
177,3,4108604,18,3.159044993261616,3.790853991913939,419.97085399191394,177,Poligono_Nave_industrial_051,Zona_2
177,4,Regreso_Poligono_Nave_industrial_051,0,67.41,57.7,477.67085399191393,177,Poligono_Nave_industrial_051,Zona_2
178,1,Inicio_Poligono_Nave_industrial_051,0,0.0,20.0,20.0,178,Poligono_Nave_industrial_051,Zona_2
178,2,4107001,42,73.17,64.55,210.55,178,Poligono_Nave_industrial_051,Zona_2
178,3,4108604,32,4.98381707256206,5.980580487074472,312.5305804870745,178,Poligono_Nave_industrial_051,Zona_2
178,4,4108603,36,0.17072798426050853,0.20487358111261023,420.7354540681871,178,Poligono_Nave_industrial_051,Zona_2
178,5,Regreso_Poligono_Nave_industrial_051,0,66.86,56.86,477.5954540681871,178,Poligono_Nave_industrial_051,Zona_2
179,1,Inicio_Poligono_Nave_industrial_051,0,0.0,20.0,20.0,179,Poligono_Nave_industrial_051,Zona_2
179,2,4108601,19,67.78,58.52,135.52,179,Poligono_Nave_industrial_051,Zona_2
179,3,4108602,50,0.5477325666364746,0.6572790799637696,286.1772790799638,179,Poligono_Nave_industrial_051,Zona_2
179,4,4108603,43,0.7701268754212474,0.9241522505054969,416.10143133046927,179,Poligono_Nave_industrial_051,Zona_2
179,5,Regreso_Poligono_Nave_industrial_051,0,66.86,56.86,472.9614313304693,179,Poligono_Nave_industrial_051,Zona_2
180,1,Inicio_Poligono_Nave_industrial_051,0,0.0,20.0,20.0,180,Poligono_Nave_industrial_051,Zona_2
180,2,4109101,114,65.98,57.79,419.79,180,Poligono_Nave_industrial_051,Zona_2
180,3,Regreso_Poligono_Nave_industrial_051,0,65.98,57.79,477.58000000000004,180,Poligono_Nave_industrial_051,Zona_2
181,1,Inicio_Poligono_Nave_industrial_051,0,0.0,20.0,20.0,181,Poligono_Nave_industrial_051,Zona_2
181,2,4109101,114,65.98,57.79,419.79,181,Poligono_Nave_industrial_051,Zona_2
181,3,Regreso_Poligono_Nave_industrial_051,0,65.98,57.79,477.58000000000004,181,Poligono_Nave_industrial_051,Zona_2
182,1,Inicio_Poligono_Nave_industrial_051,0,0.0,20.0,20.0,182,Poligono_Nave_industrial_051,Zona_2
182,2,4109101,114,65.98,57.79,419.79,182,Poligono_Nave_industrial_051,Zona_2
182,3,Regreso_Poligono_Nave_industrial_051,0,65.98,57.79,477.58000000000004,182,Poligono_Nave_industrial_051,Zona_2
183,1,Inicio_Poligono_Nave_industrial_051,0,0.0,20.0,20.0,183,Poligono_Nave_industrial_051,Zona_2
183,2,4109101,114,65.98,57.79,419.79,183,Poligono_Nave_industrial_051,Zona_2
183,3,Regreso_Poligono_Nave_industrial_051,0,65.98,57.79,477.58000000000004,183,Poligono_Nave_industrial_051,Zona_2
184,1,Inicio_Poligono_Nave_industrial_051,0,0.0,20.0,20.0,184,Poligono_Nave_industrial_051,Zona_2
184,2,4109101,114,65.98,57.79,419.79,184,Poligono_Nave_industrial_051,Zona_2
184,3,Regreso_Poligono_Nave_industrial_051,0,65.98,57.79,477.58000000000004,184,Poligono_Nave_industrial_051,Zona_2
185,1,Inicio_Poligono_Nave_industrial_051,0,0.0,20.0,20.0,185,Poligono_Nave_industrial_051,Zona_2
185,2,4109101,114,65.98,57.79,419.79,185,Poligono_Nave_industrial_051,Zona_2
185,3,Regreso_Poligono_Nave_industrial_051,0,65.98,57.79,477.58000000000004,185,Poligono_Nave_industrial_051,Zona_2
186,1,Inicio_Poligono_Nave_industrial_051,0,0.0,20.0,20.0,186,Poligono_Nave_industrial_051,Zona_2
186,2,4109101,72,65.98,57.79,293.79,186,Poligono_Nave_industrial_051,Zona_2
186,3,4109102,40,1.2936296730275176,1.5523556076330212,415.34235560763307,186,Poligono_Nave_industrial_051,Zona_2
186,4,Regreso_Poligono_Nave_industrial_051,0,69.54,62.01,477.35235560763306,186,Poligono_Nave_industrial_051,Zona_2
187,1,Inicio_Poligono_Nave_industrial_051,0,0.0,20.0,20.0,187,Poligono_Nave_industrial_051,Zona_2
187,2,4109102,111,69.54,62.01,415.01,187,Poligono_Nave_industrial_051,Zona_2
187,3,4109106,1,2.76642023003438,3.3197042760412563,421.32970427604124,187,Poligono_Nave_industrial_051,Zona_2
187,4,Regreso_Poligono_Nave_industrial_051,0,66.84,58.48,479.80970427604126,187,Poligono_Nave_industrial_051,Zona_2
188,1,Inicio_Poligono_Nave_industrial_051,0,0.0,20.0,20.0,188,Poligono_Nave_industrial_051,Zona_2
188,2,4109102,111,69.54,62.01,415.01,188,Poligono_Nave_industrial_051,Zona_2
188,3,4109106,1,2.76642023003438,3.3197042760412563,421.32970427604124,188,Poligono_Nave_industrial_051,Zona_2
188,4,Regreso_Poligono_Nave_industrial_051,0,66.84,58.48,479.80970427604126,188,Poligono_Nave_industrial_051,Zona_2
189,1,Inicio_Poligono_Nave_industrial_051,0,0.0,20.0,20.0,189,Poligono_Nave_industrial_051,Zona_2
189,2,4109102,111,69.54,62.01,415.01,189,Poligono_Nave_industrial_051,Zona_2
189,3,4109106,1,2.76642023003438,3.3197042760412563,421.32970427604124,189,Poligono_Nave_industrial_051,Zona_2
189,4,Regreso_Poligono_Nave_industrial_051,0,66.84,58.48,479.80970427604126,189,Poligono_Nave_industrial_051,Zona_2
190,1,Inicio_Poligono_Nave_industrial_051,0,0.0,20.0,20.0,190,Poligono_Nave_industrial_051,Zona_2
190,2,4109102,111,69.54,62.01,415.01,190,Poligono_Nave_industrial_051,Zona_2
190,3,4109106,1,2.76642023003438,3.3197042760412563,421.32970427604124,190,Poligono_Nave_industrial_051,Zona_2
190,4,Regreso_Poligono_Nave_industrial_051,0,66.84,58.48,479.80970427604126,190,Poligono_Nave_industrial_051,Zona_2
191,1,Inicio_Poligono_Nave_industrial_051,0,0.0,20.0,20.0,191,Poligono_Nave_industrial_051,Zona_2
191,2,4109102,109,69.54,62.01,409.01,191,Poligono_Nave_industrial_051,Zona_2
191,3,4109106,3,2.76642023003438,3.3197042760412563,421.32970427604124,191,Poligono_Nave_industrial_051,Zona_2
191,4,Regreso_Poligono_Nave_industrial_051,0,66.84,58.48,479.80970427604126,191,Poligono_Nave_industrial_051,Zona_2
192,1,Inicio_Poligono_Nave_industrial_051,0,0.0,20.0,20.0,192,Poligono_Nave_industrial_051,Zona_2
192,2,4109106,114,66.84,58.48,420.48,192,Poligono_Nave_industrial_051,Zona_2
192,3,Regreso_Poligono_Nave_industrial_051,0,66.84,58.48,478.96000000000004,192,Poligono_Nave_industrial_051,Zona_2
193,1,Inicio_Poligono_Nave_industrial_051,0,0.0,20.0,20.0,193,Poligono_Nave_industrial_051,Zona_2
193,2,4109106,114,66.84,58.48,420.48,193,Poligono_Nave_industrial_051,Zona_2
193,3,Regreso_Poligono_Nave_industrial_051,0,66.84,58.48,478.96000000000004,193,Poligono_Nave_industrial_051,Zona_2
194,1,Inicio_Poligono_Nave_industrial_051,0,0.0,20.0,20.0,194,Poligono_Nave_industrial_051,Zona_2
194,2,4109106,114,66.84,58.48,420.48,194,Poligono_Nave_industrial_051,Zona_2
194,3,Regreso_Poligono_Nave_industrial_051,0,66.84,58.48,478.96000000000004,194,Poligono_Nave_industrial_051,Zona_2
195,1,Inicio_Poligono_Nave_industrial_051,0,0.0,20.0,20.0,195,Poligono_Nave_industrial_051,Zona_2
195,2,4109106,114,66.84,58.48,420.48,195,Poligono_Nave_industrial_051,Zona_2
195,3,Regreso_Poligono_Nave_industrial_051,0,66.84,58.48,478.96000000000004,195,Poligono_Nave_industrial_051,Zona_2
196,1,Inicio_Poligono_Nave_industrial_051,0,0.0,20.0,20.0,196,Poligono_Nave_industrial_051,Zona_2
196,2,4109106,66,66.84,58.48,276.48,196,Poligono_Nave_industrial_051,Zona_2
196,3,4109301,46,4.419487687180018,5.303385224616022,419.78338522461604,196,Poligono_Nave_industrial_051,Zona_2
196,4,Regreso_Poligono_Nave_industrial_051,0,68.04,59.81,479.59338522461604,196,Poligono_Nave_industrial_051,Zona_2
197,1,Inicio_Poligono_Nave_industrial_051,0,0.0,20.0,20.0,197,Poligono_Nave_industrial_051,Zona_2
197,2,4109301,102,68.04,59.81,385.81,197,Poligono_Nave_industrial_051,Zona_2
197,3,Regreso_Poligono_Nave_industrial_051,0,68.04,59.81,445.62,197,Poligono_Nave_industrial_051,Zona_2
198,1,Inicio_Poligono_Nave_industrial_051,0,0.0,20.0,20.0,198,Poligono_Nave_industrial_051,Zona_2
198,2,1100301,13,56.9,77.91,136.91,198,Poligono_Nave_industrial_051,Zona_2
198,3,1190201,37,14.784802914712492,17.74176349765499,265.651763497655,198,Poligono_Nave_industrial_051,Zona_2
198,4,1100601,45,15.67514095384021,18.81016914460825,419.46193264226326,198,Poligono_Nave_industrial_051,Zona_2
198,5,1100602,5,0.277527196066289,0.3330326352795468,434.7949652775428,198,Poligono_Nave_industrial_051,Zona_2
198,6,Regreso_Poligono_Nave_industrial_051,0,35.18,43.76,478.5549652775428,198,Poligono_Nave_industrial_051,Zona_2
199,1,Inicio_Poligono_Nave_industrial_051,0,0.0,20.0,20.0,199,Poligono_Nave_industrial_051,Zona_2
199,2,1100501,34,63.68,56.41,178.41,199,Poligono_Nave_industrial_051,Zona_2
199,3,1100502,8,2.657786762330796,3.1893441147969552,205.59934411479696,199,Poligono_Nave_industrial_051,Zona_2
199,4,1104201,12,6.896182271286631,8.275418725543958,249.8747628403409,199,Poligono_Nave_industrial_051,Zona_2
199,5,1101801,15,9.066523063207248,10.879827675848697,305.7545905161896,199,Poligono_Nave_industrial_051,Zona_2
199,6,1101901,17,9.868463964021364,11.842156756825636,368.59674727301524,199,Poligono_Nave_industrial_051,Zona_2
199,7,1104001,3,8.211687227031073,9.854024672437287,387.4507719454525,199,Poligono_Nave_industrial_051,Zona_2
199,8,1103801,5,6.9769739132043735,8.372368695845248,410.82314064129775,199,Poligono_Nave_industrial_051,Zona_2
199,9,1101101,1,10.064221940199204,12.077066328239045,425.9002069695368,199,Poligono_Nave_industrial_051,Zona_2
199,10,Regreso_Poligono_Nave_industrial_051,0,56.79,53.02,478.92020696953676,199,Poligono_Nave_industrial_051,Zona_2
200,1,Inicio_Poligono_Nave_industrial_051,0,0.0,20.0,20.0,200,Poligono_Nave_industrial_051,Zona_2
200,2,1100602,105,35.18,43.76,378.76,200,Poligono_Nave_industrial_051,Zona_2
200,3,1100604,15,2.933178212523441,3.5198138550281293,427.2798138550281,200,Poligono_Nave_industrial_051,Zona_2
200,4,1101002,2,6.659963083124507,7.991955699749408,441.2717695547775,200,Poligono_Nave_industrial_051,Zona_2
200,5,Regreso_Poligono_Nave_industrial_051,0,44.35,38.66,479.9317695547775,200,Poligono_Nave_industrial_051,Zona_2
201,1,Inicio_Poligono_Nave_industrial_051,0,0.0,20.0,20.0,201,Poligono_Nave_industrial_051,Zona_2
201,2,1100603,42,27.92,38.23,184.23,201,Poligono_Nave_industrial_051,Zona_2
201,3,1100604,31,7.61336355032838,9.136036260394055,286.366036260394,201,Poligono_Nave_industrial_051,Zona_2
201,4,1101002,28,6.659963083124507,7.991955699749408,378.3579919601434,201,Poligono_Nave_industrial_051,Zona_2
201,5,1101001,21,0.3648568247467833,0.43782818969613996,441.7958201498395,201,Poligono_Nave_industrial_051,Zona_2
201,6,Regreso_Poligono_Nave_industrial_051,0,43.55,38.16,479.9558201498395,201,Poligono_Nave_industrial_051,Zona_2
202,1,Inicio_Poligono_Nave_industrial_051,0,0.0,20.0,20.0,202,Poligono_Nave_industrial_051,Zona_2
202,2,1100901,7,67.22,74.8,115.8,202,Poligono_Nave_industrial_051,Zona_2
202,3,1103801,97,3.647591226652097,4.377109471982516,411.17710947198253,202,Poligono_Nave_industrial_051,Zona_2
202,4,1101101,1,10.064221940199204,12.077066328239045,426.25417580022156,202,Poligono_Nave_industrial_051,Zona_2
202,5,Regreso_Poligono_Nave_industrial_051,0,56.79,53.02,479.27417580022154,202,Poligono_Nave_industrial_051,Zona_2
203,1,Inicio_Poligono_Nave_industrial_051,0,0.0,20.0,20.0,203,Poligono_Nave_industrial_051,Zona_2
203,2,1101003,7,37.86,33.07,74.07,203,Poligono_Nave_industrial_051,Zona_2
203,3,1104102,71,4.532786096201125,5.43934331544135,292.50934331544136,203,Poligono_Nave_industrial_051,Zona_2
203,4,1104101,32,0.576816492465542,0.6921797909586505,389.20152310640003,203,Poligono_Nave_industrial_051,Zona_2
203,5,1102901,10,10.471692512178743,12.566031014614492,431.76755412101454,203,Poligono_Nave_industrial_051,Zona_2
203,6,Regreso_Poligono_Nave_industrial_051,0,50.7,47.71,479.4775541210145,203,Poligono_Nave_industrial_051,Zona_2
204,1,Inicio_Poligono_Nave_industrial_051,0,0.0,20.0,20.0,204,Poligono_Nave_industrial_051,Zona_2
204,2,1101101,20,56.79,53.02,133.02,204,Poligono_Nave_industrial_051,Zona_2
204,3,1102602,25,5.248436635967617,6.2981239631611405,214.31812396316116,204,Poligono_Nave_industrial_051,Zona_2
204,4,1102601,20,0.4544652271254811,0.5453582725505773,274.86348223571173,204,Poligono_Nave_industrial_051,Zona_2
204,5,1102901,45,14.40752572572624,17.289030870871485,427.1525131065832,204,Poligono_Nave_industrial_051,Zona_2
204,6,Regreso_Poligono_Nave_industrial_051,0,50.7,47.71,474.8625131065832,204,Poligono_Nave_industrial_051,Zona_2
205,1,Inicio_Poligono_Nave_industrial_051,0,0.0,20.0,20.0,205,Poligono_Nave_industrial_051,Zona_2
205,2,1101602,63,62.27,50.54,259.53999999999996,205,Poligono_Nave_industrial_051,Zona_2
205,3,1103202,54,7.87085772695044,9.445029272340529,430.9850292723405,205,Poligono_Nave_industrial_051,Zona_2
205,4,Regreso_Poligono_Nave_industrial_051,0,55.58,46.68,477.6650292723405,205,Poligono_Nave_industrial_051,Zona_2
206,1,Inicio_Poligono_Nave_industrial_051,0,0.0,20.0,20.0,206,Poligono_Nave_industrial_051,Zona_2
206,2,1101701,32,20.77,27.72,143.72,206,Poligono_Nave_industrial_051,Zona_2
206,3,1102009,75,25.83400034645135,31.000800415741622,399.7208004157417,206,Poligono_Nave_industrial_051,Zona_2
206,4,1103701,7,9.408212265888787,11.289854719066545,432.01065513480825,206,Poligono_Nave_industrial_051,Zona_2
206,5,Regreso_Poligono_Nave_industrial_051,0,27.23,45.42,477.43065513480826,206,Poligono_Nave_industrial_051,Zona_2
207,1,Inicio_Poligono_Nave_industrial_051,0,0.0,20.0,20.0,207,Poligono_Nave_industrial_051,Zona_2
207,2,1102002,133,32.94,29.68,448.68,207,Poligono_Nave_industrial_051,Zona_2
207,3,Regreso_Poligono_Nave_industrial_051,0,32.94,29.68,478.36,207,Poligono_Nave_industrial_051,Zona_2
208,1,Inicio_Poligono_Nave_industrial_051,0,0.0,20.0,20.0,208,Poligono_Nave_industrial_051,Zona_2
208,2,1102002,119,32.94,29.68,406.68,208,Poligono_Nave_industrial_051,Zona_2
208,3,1102004,14,0.976951716469757,1.1723420597637084,449.8523420597637,208,Poligono_Nave_industrial_051,Zona_2
208,4,Regreso_Poligono_Nave_industrial_051,0,32.84,29.97,479.82234205976374,208,Poligono_Nave_industrial_051,Zona_2
209,1,Inicio_Poligono_Nave_industrial_051,0,0.0,20.0,20.0,209,Poligono_Nave_industrial_051,Zona_2
209,2,1102004,133,32.84,29.97,448.97,209,Poligono_Nave_industrial_051,Zona_2
209,3,Regreso_Poligono_Nave_industrial_051,0,32.84,29.97,478.94000000000005,209,Poligono_Nave_industrial_051,Zona_2
210,1,Inicio_Poligono_Nave_industrial_051,0,0.0,20.0,20.0,210,Poligono_Nave_industrial_051,Zona_2
210,2,1102004,133,32.84,29.97,448.97,210,Poligono_Nave_industrial_051,Zona_2
210,3,Regreso_Poligono_Nave_industrial_051,0,32.84,29.97,478.94000000000005,210,Poligono_Nave_industrial_051,Zona_2
211,1,Inicio_Poligono_Nave_industrial_051,0,0.0,20.0,20.0,211,Poligono_Nave_industrial_051,Zona_2
211,2,1102004,21,32.84,29.97,112.97,211,Poligono_Nave_industrial_051,Zona_2
211,3,1102005,112,1.8632703216090412,2.2359243859308493,451.20592438593087,211,Poligono_Nave_industrial_051,Zona_2
211,4,Regreso_Poligono_Nave_industrial_051,0,33.58,28.75,479.95592438593087,211,Poligono_Nave_industrial_051,Zona_2
212,1,Inicio_Poligono_Nave_industrial_051,0,0.0,20.0,20.0,212,Poligono_Nave_industrial_051,Zona_2
212,2,1102005,3,33.58,28.75,57.75,212,Poligono_Nave_industrial_051,Zona_2
212,3,1103701,9,17.985568300122154,21.582681960146584,106.33268196014659,212,Poligono_Nave_industrial_051,Zona_2
212,4,1103201,101,19.95247322641068,23.94296787169282,433.2756498318394,212,Poligono_Nave_industrial_051,Zona_2
212,5,Regreso_Poligono_Nave_industrial_051,0,54.81,45.12,478.3956498318394,212,Poligono_Nave_industrial_051,Zona_2
213,1,Inicio_Poligono_Nave_industrial_051,0,0.0,20.0,20.0,213,Poligono_Nave_industrial_051,Zona_2
213,2,1102101,24,160.98,126.2,218.2,213,Poligono_Nave_industrial_051,Zona_2
213,3,1102103,13,5.143454430387582,6.172145316465098,263.3721453164651,213,Poligono_Nave_industrial_051,Zona_2
213,4,1103801,39,24.33306785849067,29.1996814301888,409.57182674665387,213,Poligono_Nave_industrial_051,Zona_2
213,5,Regreso_Poligono_Nave_industrial_051,0,69.09,67.94,477.51182674665387,213,Poligono_Nave_industrial_051,Zona_2
214,1,Inicio_Poligono_Nave_industrial_051,0,0.0,20.0,20.0,214,Poligono_Nave_industrial_051,Zona_2
214,2,1103201,92,54.81,45.12,341.12,214,Poligono_Nave_industrial_051,Zona_2
214,3,1103204,29,0.9841654539894031,1.1809985447872837,429.30099854478726,214,Poligono_Nave_industrial_051,Zona_2
214,4,1103202,1,0.4511481319864084,0.5413777583836901,432.84237630317097,214,Poligono_Nave_industrial_051,Zona_2
214,5,Regreso_Poligono_Nave_industrial_051,0,55.58,46.68,479.522376303171,214,Poligono_Nave_industrial_051,Zona_2
215,1,Inicio_Poligono_Nave_industrial_051,0,0.0,20.0,20.0,215,Poligono_Nave_industrial_051,Zona_2
215,2,1103202,12,55.58,46.68,102.68,215,Poligono_Nave_industrial_051,Zona_2
215,3,1103204,1,0.4511481319864084,0.5413777583836901,106.2213777583837,215,Poligono_Nave_industrial_051,Zona_2
215,4,1103203,66,0.23474569826945602,0.2816948379233472,304.50307259630705,215,Poligono_Nave_industrial_051,Zona_2
215,5,1103205,41,0.5182668197312027,0.6219201836774432,428.1249927799845,215,Poligono_Nave_industrial_051,Zona_2
215,6,Regreso_Poligono_Nave_industrial_051,0,56.97,49.5,477.6249927799845,215,Poligono_Nave_industrial_051,Zona_2
216,1,Inicio_Poligono_Nave_industrial_051,0,0.0,20.0,20.0,216,Poligono_Nave_industrial_051,Zona_2
216,2,1103205,115,56.97,49.5,414.5,216,Poligono_Nave_industrial_051,Zona_2
216,3,Regreso_Poligono_Nave_industrial_051,0,56.97,49.5,464.0,216,Poligono_Nave_industrial_051,Zona_2
217,1,Inicio_Poligono_Nave_industrial_051,0,0.0,20.0,20.0,217,Poligono_Nave_industrial_051,Zona_2
217,2,1103801,4,69.09,67.94,99.94,217,Poligono_Nave_industrial_051,Zona_2
217,3,1104001,2,6.9769739132043735,8.372368695845248,114.31236869584525,217,Poligono_Nave_industrial_051,Zona_2
217,4,Regreso_Poligono_Nave_industrial_051,0,81.79,90.08,204.39236869584525,217,Poligono_Nave_industrial_051,Zona_2
218,1,Inicio_Poligono_Industrial_043,0,0.0,20.0,20.0,218,Poligono_Industrial_043,Zona_3
218,2,4100401,36,24.99,21.87,149.87,218,Poligono_Industrial_043,Zona_3
218,3,4100404,102,1.1293534762675241,1.355224171521029,457.225224171521,218,Poligono_Industrial_043,Zona_3
218,4,Regreso_Poligono_Industrial_043,0,24.05,20.05,477.275224171521,218,Poligono_Industrial_043,Zona_3
219,1,Inicio_Poligono_Industrial_043,0,0.0,20.0,20.0,219,Poligono_Industrial_043,Zona_3
219,2,4100402,81,23.87,20.7,283.7,219,Poligono_Industrial_043,Zona_3
219,3,4100403,58,1.1880842428291578,1.4257010913949895,459.12570109139494,219,Poligono_Industrial_043,Zona_3
219,4,Regreso_Poligono_Industrial_043,0,23.94,20.07,479.19570109139494,219,Poligono_Industrial_043,Zona_3
220,1,Inicio_Poligono_Industrial_043,0,0.0,20.0,20.0,220,Poligono_Industrial_043,Zona_3
220,2,4100403,65,23.94,20.07,235.07,220,Poligono_Industrial_043,Zona_3
220,3,4100404,74,0.33603231556676616,0.40323877868011937,457.47323877868007,220,Poligono_Industrial_043,Zona_3
220,4,Regreso_Poligono_Industrial_043,0,24.05,20.05,477.5232387786801,220,Poligono_Industrial_043,Zona_3
221,1,Inicio_Poligono_Industrial_043,0,0.0,20.0,20.0,221,Poligono_Industrial_043,Zona_3
221,2,4100404,139,24.05,20.05,457.05,221,Poligono_Industrial_043,Zona_3
221,3,Regreso_Poligono_Industrial_043,0,24.05,20.05,477.1,221,Poligono_Industrial_043,Zona_3
222,1,Inicio_Poligono_Industrial_043,0,0.0,20.0,20.0,222,Poligono_Industrial_043,Zona_3
222,2,4100404,139,24.05,20.05,457.05,222,Poligono_Industrial_043,Zona_3
222,3,Regreso_Poligono_Industrial_043,0,24.05,20.05,477.1,222,Poligono_Industrial_043,Zona_3
223,1,Inicio_Poligono_Industrial_043,0,0.0,20.0,20.0,223,Poligono_Industrial_043,Zona_3
223,2,4100404,17,24.05,20.05,91.05,223,Poligono_Industrial_043,Zona_3
223,3,4109109,117,7.88440500464376,9.461286005572513,451.5112860055725,223,Poligono_Industrial_043,Zona_3
223,4,4103805,1,4.66274324083017,5.595291888996204,460.1065778945687,223,Poligono_Industrial_043,Zona_3
223,5,Regreso_Poligono_Industrial_043,0,24.55,17.45,477.5565778945687,223,Poligono_Industrial_043,Zona_3
224,1,Inicio_Poligono_Industrial_043,0,0.0,20.0,20.0,224,Poligono_Industrial_043,Zona_3
224,2,4100601,12,69.55,61.6,117.6,224,Poligono_Industrial_043,Zona_3
224,3,4100602,14,0.4949406715552544,0.5939288058663053,160.1939288058663,224,Poligono_Industrial_043,Zona_3
224,4,4109201,40,5.2172464708436195,6.260695765012343,286.45462457087865,224,Poligono_Industrial_043,Zona_3
224,5,4109202,39,2.5754145885149997,3.0904975062179996,406.54512207709666,224,Poligono_Industrial_043,Zona_3
224,6,4110101,1,12.280216942286973,14.736260330744367,424.281382407841,224,Poligono_Industrial_043,Zona_3
224,7,4103805,1,27.861071681393593,33.433286017672316,460.7146684255133,224,Poligono_Industrial_043,Zona_3
224,8,Regreso_Poligono_Industrial_043,0,24.55,17.45,478.1646684255133,224,Poligono_Industrial_043,Zona_3
225,1,Inicio_Poligono_Industrial_043,0,0.0,20.0,20.0,225,Poligono_Industrial_043,Zona_3
225,2,4100801,11,74.9,79.67,132.67000000000002,225,Poligono_Industrial_043,Zona_3
225,3,4110001,8,6.54236762289871,7.850841147478452,164.52084114747848,225,Poligono_Industrial_043,Zona_3
225,4,4109001,32,8.036545797885177,9.643854957462212,270.1646961049407,225,Poligono_Industrial_043,Zona_3
225,5,4107601,17,16.114335894306183,19.33720307316742,340.5018991781081,225,Poligono_Industrial_043,Zona_3
225,6,1102402,11,5.689207379516431,6.827048855419717,380.3289480335278,225,Poligono_Industrial_043,Zona_3
225,7,1102401,5,2.8803426435685164,3.4564111722822197,398.78535920581004,225,Poligono_Industrial_043,Zona_3
225,8,1102404,1,5.7327549544724645,6.879305945366958,408.664665151177,225,Poligono_Industrial_043,Zona_3
225,9,4106401,2,28.21839606587671,33.86207527905205,448.5267404302291,225,Poligono_Industrial_043,Zona_3
225,10,Regreso_Poligono_Industrial_043,0,32.3,30.15,478.6767404302291,225,Poligono_Industrial_043,Zona_3
226,1,Inicio_Poligono_Industrial_043,0,0.0,20.0,20.0,226,Poligono_Industrial_043,Zona_3
226,2,4101101,48,28.98,27.96,191.96,226,Poligono_Industrial_043,Zona_3
226,3,4101102,31,0.7938918491955961,0.9526702190347152,285.91267021903474,226,Poligono_Industrial_043,Zona_3
226,4,4101103,43,1.0444831096115128,1.2533797315338153,416.16604995056855,226,Poligono_Industrial_043,Zona_3
226,5,4107101,7,5.335647747113468,6.402777296536161,443.5688272471047,226,Poligono_Industrial_043,Zona_3
226,6,Regreso_Poligono_Industrial_043,0,36.47,35.4,478.9688272471047,226,Poligono_Industrial_043,Zona_3
227,1,Inicio_Poligono_Industrial_043,0,0.0,20.0,20.0,227,Poligono_Industrial_043,Zona_3
227,2,4101104,42,25.39,46.71,192.71,227,Poligono_Industrial_043,Zona_3
227,3,4106301,30,11.646339208701358,13.97560705044163,296.6856070504416,227,Poligono_Industrial_043,Zona_3
227,4,4109502,57,5.786269601788252,6.943523522145902,474.62913057258754,227,Poligono_Industrial_043,Zona_3
227,5,Regreso_Poligono_Industrial_043,0,3.15,5.0,479.62913057258754,227,Poligono_Industrial_043,Zona_3
228,1,Inicio_Poligono_Industrial_043,0,0.0,20.0,20.0,228,Poligono_Industrial_043,Zona_3
228,2,4101801,109,54.94,48.87,395.87,228,Poligono_Industrial_043,Zona_3
228,3,4110101,8,4.397723921443457,5.277268705732149,425.14726870573213,228,Poligono_Industrial_043,Zona_3
228,4,4103805,1,27.861071681393593,33.433286017672316,461.5805547234045,228,Poligono_Industrial_043,Zona_3
228,5,Regreso_Poligono_Industrial_043,0,24.55,17.45,479.03055472340446,228,Poligono_Industrial_043,Zona_3
229,1,Inicio_Poligono_Industrial_043,0,0.0,20.0,20.0,229,Poligono_Industrial_043,Zona_3
229,2,4102201,16,86.28,61.85,129.85,229,Poligono_Industrial_043,Zona_3
229,3,4102202,23,0.6668633837567716,0.8002360605081259,199.65023606050812,229,Poligono_Industrial_043,Zona_3
229,4,4104202,17,13.236683279793667,15.884019935752402,266.5342559962605,229,Poligono_Industrial_043,Zona_3
229,5,4104201,9,0.3887551967281916,0.4665062360738299,294.00076223233435,229,Poligono_Industrial_043,Zona_3
229,6,4104203,34,1.7912365414528288,2.149483849743395,398.15024608207773,229,Poligono_Industrial_043,Zona_3
229,7,4106001,5,13.393645430078019,16.07237451609362,429.2226205981714,229,Poligono_Industrial_043,Zona_3
229,8,4106003,2,1.1539653490196593,1.3847584188235913,436.60737901699497,229,Poligono_Industrial_043,Zona_3
229,9,Regreso_Poligono_Industrial_043,0,45.63,42.79,479.397379016995,229,Poligono_Industrial_043,Zona_3
230,1,Inicio_Poligono_Industrial_043,0,0.0,20.0,20.0,230,Poligono_Industrial_043,Zona_3
230,2,4102301,44,63.23,60.67,212.67000000000002,230,Poligono_Industrial_043,Zona_3
230,3,4102302,42,2.0317151563213676,2.438058187585641,341.1080581875857,230,Poligono_Industrial_043,Zona_3
230,4,4110101,25,6.101787218071474,7.322144661685768,423.4302028492715,230,Poligono_Industrial_043,Zona_3
230,5,4103805,1,27.861071681393593,33.433286017672316,459.86348886694384,230,Poligono_Industrial_043,Zona_3
230,6,Regreso_Poligono_Industrial_043,0,24.55,17.45,477.3134888669438,230,Poligono_Industrial_043,Zona_3
231,1,Inicio_Poligono_Industrial_043,0,0.0,20.0,20.0,231,Poligono_Industrial_043,Zona_3
231,2,4102401,15,52.6,37.57,102.57,231,Poligono_Industrial_043,Zona_3
231,3,4102403,10,0.2655150382772477,0.31861804593269727,132.8886180459327,231,Poligono_Industrial_043,Zona_3
231,4,4102404,84,0.4423132194147504,0.5307758632977004,385.4193939092304,231,Poligono_Industrial_043,Zona_3
231,5,4102402,9,0.9316896565638176,1.1180275878765813,413.53742149710695,231,Poligono_Industrial_043,Zona_3
231,6,4102405,9,1.465593487369658,1.7587121848435898,442.29613368195055,231,Poligono_Industrial_043,Zona_3
231,7,Regreso_Poligono_Industrial_043,0,51.42,35.46,477.75613368195053,231,Poligono_Industrial_043,Zona_3
232,1,Inicio_Poligono_Industrial_043,0,0.0,20.0,20.0,232,Poligono_Industrial_043,Zona_3
232,2,4102405,60,51.42,35.46,235.46,232,Poligono_Industrial_043,Zona_3
232,3,4110202,14,10.255319783997445,12.306383740796933,289.7663837407969,232,Poligono_Industrial_043,Zona_3
232,4,4110203,51,0.629570741123284,0.7554848893479409,443.52186863014487,232,Poligono_Industrial_043,Zona_3
232,5,4109504,1,23.019656926510713,27.623588311812853,474.1454569419577,232,Poligono_Industrial_043,Zona_3
232,6,Regreso_Poligono_Industrial_043,0,3.51,5.15,479.2954569419577,232,Poligono_Industrial_043,Zona_3
233,1,Inicio_Poligono_Industrial_043,0,0.0,20.0,20.0,233,Poligono_Industrial_043,Zona_3
233,2,4102406,73,69.46,57.76,296.76,233,Poligono_Industrial_043,Zona_3
233,3,4105501,36,10.066419097040018,12.079702916448023,416.839702916448,233,Poligono_Industrial_043,Zona_3
233,4,Regreso_Poligono_Industrial_043,0,76.13,62.84,479.67970291644804,233,Poligono_Industrial_043,Zona_3
234,1,Inicio_Poligono_Industrial_043,0,0.0,20.0,20.0,234,Poligono_Industrial_043,Zona_3
234,2,4103201,14,108.57,109.84,171.84,234,Poligono_Industrial_043,Zona_3
234,3,4103303,7,14.007137324386232,16.808564789263478,209.64856478926347,234,Poligono_Industrial_043,Zona_3
234,4,4107301,17,14.934458811924648,17.921350574309578,278.56991536357305,234,Poligono_Industrial_043,Zona_3
234,5,4109901,14,15.392747376420566,18.47129685170468,339.0412122152777,234,Poligono_Industrial_043,Zona_3
234,6,4109903,14,0.7139528878650904,0.8567434654381084,381.8979556807158,234,Poligono_Industrial_043,Zona_3
234,7,4109902,9,1.0516787327361783,1.262014479283414,410.15997015999926,234,Poligono_Industrial_043,Zona_3
234,8,4105801,1,30.687188914144794,36.82462669697375,449.984596856973,234,Poligono_Industrial_043,Zona_3
234,9,Regreso_Poligono_Industrial_043,0,33.15,29.99,479.974596856973,234,Poligono_Industrial_043,Zona_3
235,1,Inicio_Poligono_Industrial_043,0,0.0,20.0,20.0,235,Poligono_Industrial_043,Zona_3
235,2,4103501,10,50.75,61.6,111.6,235,Poligono_Industrial_043,Zona_3
235,3,1102403,9,7.326696315555154,8.792035578666184,147.3920355786662,235,Poligono_Industrial_043,Zona_3
235,4,1102404,40,9.68653808094486,11.623845697133833,279.01588127580004,235,Poligono_Industrial_043,Zona_3
235,5,1103601,7,4.506631913460207,5.407958296152248,305.42383957195227,235,Poligono_Industrial_043,Zona_3
235,6,1103401,22,4.595650561128021,5.514780673353626,376.9386202453059,235,Poligono_Industrial_043,Zona_3
235,7,1100201,1,5.812952188238267,6.975542625885921,386.9141628711918,235,Poligono_Industrial_043,Zona_3
235,8,4106505,1,32.73225710058226,39.27870852069871,429.19287139189055,235,Poligono_Industrial_043,Zona_3
235,9,4106503,3,2.333721820156279,2.8004661841875347,440.9933375760781,235,Poligono_Industrial_043,Zona_3
235,10,4106502,1,0.6438778970413485,0.7726534764496182,444.7659910525277,235,Poligono_Industrial_043,Zona_3
235,11,Regreso_Poligono_Industrial_043,0,34.9,35.06,479.8259910525277,235,Poligono_Industrial_043,Zona_3
236,1,Inicio_Poligono_Industrial_043,0,0.0,20.0,20.0,236,Poligono_Industrial_043,Zona_3
236,2,4103601,17,19.7,17.67,88.67,236,Poligono_Industrial_043,Zona_3
236,3,4103602,21,0.41329187813953605,0.4959502537674433,152.16595025376745,236,Poligono_Industrial_043,Zona_3
236,4,4106403,14,11.377425822272581,13.652910986727097,207.81886124049453,236,Poligono_Industrial_043,Zona_3
236,5,4106402,28,1.4431269450661608,1.731752334079393,293.5506135745739,236,Poligono_Industrial_043,Zona_3
236,6,4106401,12,1.6370856799774907,1.9645028159729887,331.5151163905469,236,Poligono_Industrial_043,Zona_3
236,7,4106504,30,17.987729178214693,21.585275013857633,443.1003914044045,236,Poligono_Industrial_043,Zona_3
236,8,Regreso_Poligono_Industrial_043,0,35.77,36.17,479.2703914044045,236,Poligono_Industrial_043,Zona_3
237,1,Inicio_Poligono_Industrial_043,0,0.0,20.0,20.0,237,Poligono_Industrial_043,Zona_3
237,2,4103801,94,22.48,17.65,319.65,237,Poligono_Industrial_043,Zona_3
237,3,4103802,46,0.5584081712034763,0.6700898054441715,458.3200898054441,237,Poligono_Industrial_043,Zona_3
237,4,Regreso_Poligono_Industrial_043,0,23.01,19.46,477.7800898054441,237,Poligono_Industrial_043,Zona_3
238,1,Inicio_Poligono_Industrial_043,0,0.0,20.0,20.0,238,Poligono_Industrial_043,Zona_3
238,2,4103802,111,23.01,19.46,372.46,238,Poligono_Industrial_043,Zona_3
238,3,4103804,29,0.4918847406485284,0.590261688778234,460.0502616887782,238,Poligono_Industrial_043,Zona_3
238,4,Regreso_Poligono_Industrial_043,0,23.4,18.91,478.96026168877825,238,Poligono_Industrial_043,Zona_3
239,1,Inicio_Poligono_Industrial_043,0,0.0,20.0,20.0,239,Poligono_Industrial_043,Zona_3
239,2,4103803,139,24.54,20.25,457.25,239,Poligono_Industrial_043,Zona_3
239,3,Regreso_Poligono_Industrial_043,0,24.54,20.25,477.5,239,Poligono_Industrial_043,Zona_3
240,1,Inicio_Poligono_Industrial_043,0,0.0,20.0,20.0,240,Poligono_Industrial_043,Zona_3
240,2,4103803,63,24.54,20.25,229.25,240,Poligono_Industrial_043,Zona_3
240,3,4103804,76,2.0791920817823533,2.495030498138824,459.7450304981388,240,Poligono_Industrial_043,Zona_3
240,4,Regreso_Poligono_Industrial_043,0,23.4,18.91,478.65503049813884,240,Poligono_Industrial_043,Zona_3
241,1,Inicio_Poligono_Industrial_043,0,0.0,20.0,20.0,241,Poligono_Industrial_043,Zona_3
241,2,4103804,140,23.4,18.91,458.91,241,Poligono_Industrial_043,Zona_3
241,3,Regreso_Poligono_Industrial_043,0,23.4,18.91,477.82000000000005,241,Poligono_Industrial_043,Zona_3
242,1,Inicio_Poligono_Industrial_043,0,0.0,20.0,20.0,242,Poligono_Industrial_043,Zona_3
242,2,4103804,140,23.4,18.91,458.91,242,Poligono_Industrial_043,Zona_3
242,3,Regreso_Poligono_Industrial_043,0,23.4,18.91,477.82000000000005,242,Poligono_Industrial_043,Zona_3
243,1,Inicio_Poligono_Industrial_043,0,0.0,20.0,20.0,243,Poligono_Industrial_043,Zona_3
243,2,4103804,18,23.4,18.91,92.91,243,Poligono_Industrial_043,Zona_3
243,3,4109110,118,5.621376656352818,6.745651987623382,453.6556519876234,243,Poligono_Industrial_043,Zona_3
243,4,4103805,1,3.70410657159114,4.444927885909368,461.10057987353275,243,Poligono_Industrial_043,Zona_3
243,5,Regreso_Poligono_Industrial_043,0,24.55,17.45,478.55057987353274,243,Poligono_Industrial_043,Zona_3
244,1,Inicio_Poligono_Industrial_043,0,0.0,20.0,20.0,244,Poligono_Industrial_043,Zona_3
244,2,4103805,140,24.55,17.45,457.45,244,Poligono_Industrial_043,Zona_3
244,3,Regreso_Poligono_Industrial_043,0,24.55,17.45,474.9,244,Poligono_Industrial_043,Zona_3
245,1,Inicio_Poligono_Industrial_043,0,0.0,20.0,20.0,245,Poligono_Industrial_043,Zona_3
245,2,4103805,140,24.55,17.45,457.45,245,Poligono_Industrial_043,Zona_3
245,3,Regreso_Poligono_Industrial_043,0,24.55,17.45,474.9,245,Poligono_Industrial_043,Zona_3
246,1,Inicio_Poligono_Industrial_043,0,0.0,20.0,20.0,246,Poligono_Industrial_043,Zona_3
246,2,4103805,140,24.55,17.45,457.45,246,Poligono_Industrial_043,Zona_3
246,3,Regreso_Poligono_Industrial_043,0,24.55,17.45,474.9,246,Poligono_Industrial_043,Zona_3
247,1,Inicio_Poligono_Industrial_043,0,0.0,20.0,20.0,247,Poligono_Industrial_043,Zona_3
247,2,4103805,140,24.55,17.45,457.45,247,Poligono_Industrial_043,Zona_3
247,3,Regreso_Poligono_Industrial_043,0,24.55,17.45,474.9,247,Poligono_Industrial_043,Zona_3
248,1,Inicio_Poligono_Industrial_043,0,0.0,20.0,20.0,248,Poligono_Industrial_043,Zona_3
248,2,4103805,7,24.55,17.45,58.45,248,Poligono_Industrial_043,Zona_3
248,3,4109110,131,3.70410657159114,4.444927885909368,455.89492788590934,248,Poligono_Industrial_043,Zona_3
248,4,Regreso_Poligono_Industrial_043,0,29.62,24.05,479.94492788590935,248,Poligono_Industrial_043,Zona_3
249,1,Inicio_Poligono_Industrial_043,0,0.0,20.0,20.0,249,Poligono_Industrial_043,Zona_3
249,2,4105501,7,76.13,62.84,103.84,249,Poligono_Industrial_043,Zona_3
249,3,4105502,75,0.8104236936538046,0.9725084323845655,329.81250843238456,249,Poligono_Industrial_043,Zona_3
249,4,4105503,28,0.47001603322821117,0.5640192398738534,414.3765276722584,249,Poligono_Industrial_043,Zona_3
249,5,Regreso_Poligono_Industrial_043,0,76.9,63.28,477.65652767225845,249,Poligono_Industrial_043,Zona_3
250,1,Inicio_Poligono_Industrial_043,0,0.0,20.0,20.0,250,Poligono_Industrial_043,Zona_3
250,2,4105503,1,76.9,63.28,86.28,250,Poligono_Industrial_043,Zona_3
250,3,4109902,3,16.102220273357528,19.322664328029035,114.60266432802904,250,Poligono_Industrial_043,Zona_3
250,4,4110101,27,15.241989239834854,18.290387087801825,213.89305141583088,250,Poligono_Industrial_043,Zona_3
250,5,4109107,70,22.21992613757775,26.6639113650933,450.5569627809242,250,Poligono_Industrial_043,Zona_3
250,6,Regreso_Poligono_Industrial_043,0,33.03,28.81,479.3669627809242,250,Poligono_Industrial_043,Zona_3
251,1,Inicio_Poligono_Industrial_043,0,0.0,20.0,20.0,251,Poligono_Industrial_043,Zona_3
251,2,4105801,38,33.15,29.99,163.99,251,Poligono_Industrial_043,Zona_3
251,3,4105802,83,0.5293057993543984,0.635166959225278,413.6251669592253,251,Poligono_Industrial_043,Zona_3
251,4,4105803,11,0.8605317690992355,1.0326381229190826,447.65780508214436,251,Poligono_Industrial_043,Zona_3
251,5,Regreso_Poligono_Industrial_043,0,33.72,31.14,478.79780508214435,251,Poligono_Industrial_043,Zona_3
252,1,Inicio_Poligono_Industrial_043,0,0.0,20.0,20.0,252,Poligono_Industrial_043,Zona_3
252,2,4105803,100,33.72,31.14,351.14,252,Poligono_Industrial_043,Zona_3
252,3,4110201,30,2.386866972958118,2.8642403675497414,444.00424036754976,252,Poligono_Industrial_043,Zona_3
252,4,4109504,1,22.294023702999915,26.7528284435999,473.7570688111497,252,Poligono_Industrial_043,Zona_3
252,5,Regreso_Poligono_Industrial_043,0,3.51,5.15,478.90706881114966,252,Poligono_Industrial_043,Zona_3
253,1,Inicio_Poligono_Industrial_043,0,0.0,20.0,20.0,253,Poligono_Industrial_043,Zona_3
253,2,4106001,48,46.93,50.25,214.25,253,Poligono_Industrial_043,Zona_3
253,3,4106003,73,1.1539653490196593,1.3847584188235913,434.6347584188236,253,Poligono_Industrial_043,Zona_3
253,4,Regreso_Poligono_Industrial_043,0,45.63,42.79,477.4247584188236,253,Poligono_Industrial_043,Zona_3
254,1,Inicio_Poligono_Industrial_043,0,0.0,20.0,20.0,254,Poligono_Industrial_043,Zona_3
254,2,4106002,31,45.49,42.55,155.55,254,Poligono_Industrial_043,Zona_3
254,3,4106003,9,0.3694667368073255,0.4433600841687906,182.9933600841688,254,Poligono_Industrial_043,Zona_3
254,4,4107103,16,7.920800687092365,9.504960824510839,240.49832090867966,254,Poligono_Industrial_043,Zona_3
254,5,4107101,9,0.26209374391487994,0.3145124926978559,267.81283340137753,254,Poligono_Industrial_043,Zona_3
254,6,4107102,24,0.9827155691470626,1.179258682976475,340.992092084354,254,Poligono_Industrial_043,Zona_3
254,7,4107702,25,16.97097168915609,20.36516602698731,436.3572581113413,254,Poligono_Industrial_043,Zona_3
254,8,Regreso_Poligono_Industrial_043,0,51.66,42.73,479.0872581113413,254,Poligono_Industrial_043,Zona_3
255,1,Inicio_Poligono_Industrial_043,0,0.0,20.0,20.0,255,Poligono_Industrial_043,Zona_3
255,2,4106501,61,35.55,35.46,238.46,255,Poligono_Industrial_043,Zona_3
255,3,4106502,68,0.44115669624159365,0.5293880354899124,442.9893880354899,255,Poligono_Industrial_043,Zona_3
255,4,Regreso_Poligono_Industrial_043,0,34.9,35.06,478.0493880354899,255,Poligono_Industrial_043,Zona_3
256,1,Inicio_Poligono_Industrial_043,0,0.0,20.0,20.0,256,Poligono_Industrial_043,Zona_3
256,2,4106502,5,34.9,35.06,70.06,256,Poligono_Industrial_043,Zona_3
256,3,4106504,3,0.4330735905112258,0.5196883086134709,79.57968830861347,256,Poligono_Industrial_043,Zona_3
256,4,4106503,48,0.5837726919867823,0.7005272303841388,224.2802155389976,256,Poligono_Industrial_043,Zona_3
256,5,4106505,10,2.333721820156279,2.8004661841875347,257.08068172318514,256,Poligono_Industrial_043,Zona_3
256,6,4107703,24,15.419921197072108,18.50390543648653,347.5845871596717,256,Poligono_Industrial_043,Zona_3
256,7,4107701,22,0.47765789423934396,0.5731894730872127,414.1577766327589,256,Poligono_Industrial_043,Zona_3
256,8,4107702,7,0.6204502507988907,0.7445403009586689,435.90231693371754,256,Poligono_Industrial_043,Zona_3
256,9,Regreso_Poligono_Industrial_043,0,51.66,42.73,478.63231693371756,256,Poligono_Industrial_043,Zona_3
257,1,Inicio_Poligono_Industrial_043,0,0.0,20.0,20.0,257,Poligono_Industrial_043,Zona_3
257,2,4106901,61,12.86,14.85,217.85,257,Poligono_Industrial_043,Zona_3
257,3,4106902,57,0.37340801122668216,0.4480896134720186,389.29808961347203,257,Poligono_Industrial_043,Zona_3
257,4,4106903,22,0.6158659336797219,0.7390391204156663,456.0371287338877,257,Poligono_Industrial_043,Zona_3
257,5,Regreso_Poligono_Industrial_043,0,12.23,14.02,470.0571287338877,257,Poligono_Industrial_043,Zona_3
258,1,Inicio_Poligono_Industrial_043,0,0.0,20.0,20.0,258,Poligono_Industrial_043,Zona_3
258,2,4106903,77,12.23,14.02,265.02,258,Poligono_Industrial_043,Zona_3
258,3,4106904,63,0.7424809398654604,0.8909771278385524,454.9109771278385,258,Poligono_Industrial_043,Zona_3
258,4,Regreso_Poligono_Industrial_043,0,12.56,15.01,469.9209771278385,258,Poligono_Industrial_043,Zona_3
259,1,Inicio_Poligono_Industrial_043,0,0.0,20.0,20.0,259,Poligono_Industrial_043,Zona_3
259,2,4106904,31,12.56,15.01,128.01,259,Poligono_Industrial_043,Zona_3
259,3,4109505,109,10.879895256088105,13.055874307305727,468.0658743073057,259,Poligono_Industrial_043,Zona_3
259,4,Regreso_Poligono_Industrial_043,0,3.74,5.0,473.0658743073057,259,Poligono_Industrial_043,Zona_3
260,1,Inicio_Poligono_Industrial_043,0,0.0,20.0,20.0,260,Poligono_Industrial_043,Zona_3
260,2,4190401,16,16.55,25.88,93.88,260,Poligono_Industrial_043,Zona_3
260,3,4109505,55,12.856326352182716,15.427591622619257,274.30759162261927,260,Poligono_Industrial_043,Zona_3
260,4,4109503,65,1.8431750615529225,2.211810073863507,471.51940169648276,260,Poligono_Industrial_043,Zona_3
260,5,4109502,1,0.37932203388703206,0.4551864406644385,474.9745881371472,260,Poligono_Industrial_043,Zona_3
260,6,Regreso_Poligono_Industrial_043,0,3.15,5.0,479.9745881371472,260,Poligono_Industrial_043,Zona_3
261,1,Inicio_Poligono_Industrial_043,0,0.0,20.0,20.0,261,Poligono_Industrial_043,Zona_3
261,2,4107702,12,51.66,42.73,98.72999999999999,261,Poligono_Industrial_043,Zona_3
261,3,1100201,37,37.854632439928295,45.425558927913954,255.15555892791394,261,Poligono_Industrial_043,Zona_3
261,4,4109502,10,62.1894390329048,74.62732683948576,359.7828857673997,261,Poligono_Industrial_043,Zona_3
261,5,4109503,13,0.37932203388703206,0.4551864406644385,399.2380722080641,261,Poligono_Industrial_043,Zona_3
261,6,4109501,25,0.42459342210359685,0.5095121065243162,474.74758431458844,261,Poligono_Industrial_043,Zona_3
261,7,Regreso_Poligono_Industrial_043,0,3.21,5.0,479.74758431458844,261,Poligono_Industrial_043,Zona_3
262,1,Inicio_Poligono_Industrial_043,0,0.0,20.0,20.0,262,Poligono_Industrial_043,Zona_3
262,2,4109104,136,30.29,25.67,453.67,262,Poligono_Industrial_043,Zona_3
262,3,Regreso_Poligono_Industrial_043,0,30.29,25.67,479.34000000000003,262,Poligono_Industrial_043,Zona_3
263,1,Inicio_Poligono_Industrial_043,0,0.0,20.0,20.0,263,Poligono_Industrial_043,Zona_3
263,2,4109104,136,30.29,25.67,453.67,263,Poligono_Industrial_043,Zona_3
263,3,Regreso_Poligono_Industrial_043,0,30.29,25.67,479.34000000000003,263,Poligono_Industrial_043,Zona_3
264,1,Inicio_Poligono_Industrial_043,0,0.0,20.0,20.0,264,Poligono_Industrial_043,Zona_3
264,2,4109104,136,30.29,25.67,453.67,264,Poligono_Industrial_043,Zona_3
264,3,Regreso_Poligono_Industrial_043,0,30.29,25.67,479.34000000000003,264,Poligono_Industrial_043,Zona_3
265,1,Inicio_Poligono_Industrial_043,0,0.0,20.0,20.0,265,Poligono_Industrial_043,Zona_3
265,2,4109104,136,30.29,25.67,453.67,265,Poligono_Industrial_043,Zona_3
265,3,Regreso_Poligono_Industrial_043,0,30.29,25.67,479.34000000000003,265,Poligono_Industrial_043,Zona_3
266,1,Inicio_Poligono_Industrial_043,0,0.0,20.0,20.0,266,Poligono_Industrial_043,Zona_3
266,2,4109104,120,30.29,25.67,405.67,266,Poligono_Industrial_043,Zona_3
266,3,4109108,15,1.0582661784996543,1.2699194141995853,451.9399194141996,266,Poligono_Industrial_043,Zona_3
266,4,Regreso_Poligono_Industrial_043,0,30.69,25.2,477.1399194141996,266,Poligono_Industrial_043,Zona_3
267,1,Inicio_Poligono_Industrial_043,0,0.0,20.0,20.0,267,Poligono_Industrial_043,Zona_3
267,2,4109107,134,33.03,28.81,450.81,267,Poligono_Industrial_043,Zona_3
267,3,Regreso_Poligono_Industrial_043,0,33.03,28.81,479.62,267,Poligono_Industrial_043,Zona_3
268,1,Inicio_Poligono_Industrial_043,0,0.0,20.0,20.0,268,Poligono_Industrial_043,Zona_3
268,2,4109107,134,33.03,28.81,450.81,268,Poligono_Industrial_043,Zona_3
268,3,Regreso_Poligono_Industrial_043,0,33.03,28.81,479.62,268,Poligono_Industrial_043,Zona_3
269,1,Inicio_Poligono_Industrial_043,0,0.0,20.0,20.0,269,Poligono_Industrial_043,Zona_3
269,2,4109107,134,33.03,28.81,450.81,269,Poligono_Industrial_043,Zona_3
269,3,Regreso_Poligono_Industrial_043,0,33.03,28.81,479.62,269,Poligono_Industrial_043,Zona_3
270,1,Inicio_Poligono_Industrial_043,0,0.0,20.0,20.0,270,Poligono_Industrial_043,Zona_3
270,2,4109107,134,33.03,28.81,450.81,270,Poligono_Industrial_043,Zona_3
270,3,Regreso_Poligono_Industrial_043,0,33.03,28.81,479.62,270,Poligono_Industrial_043,Zona_3
271,1,Inicio_Poligono_Industrial_043,0,0.0,20.0,20.0,271,Poligono_Industrial_043,Zona_3
271,2,4109107,15,33.03,28.81,93.81,271,Poligono_Industrial_043,Zona_3
271,3,4109108,119,1.7682486195992269,2.121898343519072,452.9318983435191,271,Poligono_Industrial_043,Zona_3
271,4,Regreso_Poligono_Industrial_043,0,30.69,25.2,478.1318983435191,271,Poligono_Industrial_043,Zona_3
272,1,Inicio_Poligono_Industrial_043,0,0.0,20.0,20.0,272,Poligono_Industrial_043,Zona_3
272,2,4109108,136,30.69,25.2,453.2,272,Poligono_Industrial_043,Zona_3
272,3,Regreso_Poligono_Industrial_043,0,30.69,25.2,478.4,272,Poligono_Industrial_043,Zona_3
273,1,Inicio_Poligono_Industrial_043,0,0.0,20.0,20.0,273,Poligono_Industrial_043,Zona_3
273,2,4109108,136,30.69,25.2,453.2,273,Poligono_Industrial_043,Zona_3
273,3,Regreso_Poligono_Industrial_043,0,30.69,25.2,478.4,273,Poligono_Industrial_043,Zona_3
274,1,Inicio_Poligono_Industrial_043,0,0.0,20.0,20.0,274,Poligono_Industrial_043,Zona_3
274,2,4109108,136,30.69,25.2,453.2,274,Poligono_Industrial_043,Zona_3
274,3,Regreso_Poligono_Industrial_043,0,30.69,25.2,478.4,274,Poligono_Industrial_043,Zona_3
275,1,Inicio_Poligono_Industrial_043,0,0.0,20.0,20.0,275,Poligono_Industrial_043,Zona_3
275,2,4109108,63,30.69,25.2,234.2,275,Poligono_Industrial_043,Zona_3
275,3,4109109,71,5.2707318336277575,6.324878200353309,453.5248782003533,275,Poligono_Industrial_043,Zona_3
275,4,Regreso_Poligono_Industrial_043,0,31.42,25.79,479.31487820035335,275,Poligono_Industrial_043,Zona_3
276,1,Inicio_Poligono_Industrial_043,0,0.0,20.0,20.0,276,Poligono_Industrial_043,Zona_3
276,2,4109109,136,31.42,25.79,453.79,276,Poligono_Industrial_043,Zona_3
276,3,Regreso_Poligono_Industrial_043,0,31.42,25.79,479.58000000000004,276,Poligono_Industrial_043,Zona_3
277,1,Inicio_Poligono_Industrial_043,0,0.0,20.0,20.0,277,Poligono_Industrial_043,Zona_3
277,2,4109109,136,31.42,25.79,453.79,277,Poligono_Industrial_043,Zona_3
277,3,Regreso_Poligono_Industrial_043,0,31.42,25.79,479.58000000000004,277,Poligono_Industrial_043,Zona_3
278,1,Inicio_Poligono_Industrial_043,0,0.0,20.0,20.0,278,Poligono_Industrial_043,Zona_3
278,2,4109109,136,31.42,25.79,453.79,278,Poligono_Industrial_043,Zona_3
278,3,Regreso_Poligono_Industrial_043,0,31.42,25.79,479.58000000000004,278,Poligono_Industrial_043,Zona_3
279,1,Inicio_Poligono_Industrial_043,0,0.0,20.0,20.0,279,Poligono_Industrial_043,Zona_3
279,2,4109109,136,31.42,25.79,453.79,279,Poligono_Industrial_043,Zona_3
279,3,Regreso_Poligono_Industrial_043,0,31.42,25.79,479.58000000000004,279,Poligono_Industrial_043,Zona_3
280,1,Inicio_Poligono_Industrial_043,0,0.0,20.0,20.0,280,Poligono_Industrial_043,Zona_3
280,2,4109109,136,31.42,25.79,453.79,280,Poligono_Industrial_043,Zona_3
280,3,Regreso_Poligono_Industrial_043,0,31.42,25.79,479.58000000000004,280,Poligono_Industrial_043,Zona_3
281,1,Inicio_Poligono_Industrial_043,0,0.0,20.0,20.0,281,Poligono_Industrial_043,Zona_3
281,2,4109109,136,31.42,25.79,453.79,281,Poligono_Industrial_043,Zona_3
281,3,Regreso_Poligono_Industrial_043,0,31.42,25.79,479.58000000000004,281,Poligono_Industrial_043,Zona_3
282,1,Inicio_Poligono_Industrial_043,0,0.0,20.0,20.0,282,Poligono_Industrial_043,Zona_3
282,2,4109109,60,31.42,25.79,225.79,282,Poligono_Industrial_043,Zona_3
282,3,4109110,73,8.218946135060545,9.862735362072655,454.6527353620727,282,Poligono_Industrial_043,Zona_3
282,4,Regreso_Poligono_Industrial_043,0,29.62,24.05,478.7027353620727,282,Poligono_Industrial_043,Zona_3
283,1,Inicio_Poligono_Industrial_043,0,0.0,20.0,20.0,283,Poligono_Industrial_043,Zona_3
283,2,4109110,137,29.62,24.05,455.05,283,Poligono_Industrial_043,Zona_3
283,3,Regreso_Poligono_Industrial_043,0,29.62,24.05,479.1,283,Poligono_Industrial_043,Zona_3
284,1,Inicio_Poligono_Industrial_043,0,0.0,20.0,20.0,284,Poligono_Industrial_043,Zona_3
284,2,4109110,66,29.62,24.05,242.05,284,Poligono_Industrial_043,Zona_3
284,3,4109504,34,22.400886607949815,26.881063929539778,370.9310639295398,284,Poligono_Industrial_043,Zona_3
284,4,4109501,34,0.8158057676868546,0.9789669212242257,473.91003085076403,284,Poligono_Industrial_043,Zona_3
284,5,Regreso_Poligono_Industrial_043,0,3.21,5.0,478.91003085076403,284,Poligono_Industrial_043,Zona_3
285,1,Inicio_Poligono_Industrial_043,0,0.0,20.0,20.0,285,Poligono_Industrial_043,Zona_3
285,2,4109501,40,3.21,5.0,145.0,285,Poligono_Industrial_043,Zona_3
285,3,4110201,33,23.079089378642696,27.694907254371234,271.69490725437123,285,Poligono_Industrial_043,Zona_3
285,4,4110203,40,0.7281008240554687,0.8737209888665625,392.5686282432378,285,Poligono_Industrial_043,Zona_3
285,5,Regreso_Poligono_Industrial_043,0,38.62,34.66,427.22862824323784,285,Poligono_Industrial_043,Zona_3
286,1,Inicio_Poligono_Nave_industrial_062,0,0.0,20.0,20.0,286,Poligono_Nave_industrial_062,Zona_4
286,2,1400101,32,61.68,49.94,165.94,286,Poligono_Nave_industrial_062,Zona_4
286,3,1405001,15,7.059308086572126,8.47116970388655,219.41116970388654,286,Poligono_Nave_industrial_062,Zona_4
286,4,1405002,11,3.4887755153949525,4.1865306184739435,256.5977003223605,286,Poligono_Nave_industrial_062,Zona_4
286,5,1401802,29,5.378410434597099,6.454092521516519,350.051792843877,286,Poligono_Nave_industrial_062,Zona_4
286,6,1401801,11,0.5936594953920697,0.7123913944704837,383.7641842383475,286,Poligono_Nave_industrial_062,Zona_4
286,7,1406701,17,4.659235140307653,5.5910821683691845,440.35526640671674,286,Poligono_Nave_industrial_062,Zona_4
286,8,Regreso_Poligono_Nave_industrial_062,0,52.28,39.55,479.90526640671675,286,Poligono_Nave_industrial_062,Zona_4
287,1,Inicio_Poligono_Nave_industrial_062,0,0.0,20.0,20.0,287,Poligono_Nave_industrial_062,Zona_4
287,2,1400201,24,20.56,18.02,110.02,287,Poligono_Nave_industrial_062,Zona_4
287,3,1400202,31,1.3195125411866042,1.583415049423925,204.60341504942392,287,Poligono_Nave_industrial_062,Zona_4
287,4,1404203,68,6.549007269800079,7.858808723760095,416.462223773184,287,Poligono_Nave_industrial_062,Zona_4
287,5,1404201,16,0.26003163723614847,0.31203796468337813,464.7742617378674,287,Poligono_Nave_industrial_062,Zona_4
287,6,Regreso_Poligono_Nave_industrial_062,0,14.2,13.68,478.4542617378674,287,Poligono_Nave_industrial_062,Zona_4
288,1,Inicio_Poligono_Nave_industrial_062,0,0.0,20.0,20.0,288,Poligono_Nave_industrial_062,Zona_4
288,2,1400203,51,32.56,27.79,200.79,288,Poligono_Nave_industrial_062,Zona_4
288,3,1405605,55,6.90491355036072,8.285896260432864,374.07589626043284,288,Poligono_Nave_industrial_062,Zona_4
288,4,1405604,21,4.6804435328936655,5.616532239472399,442.69242849990525,288,Poligono_Nave_industrial_062,Zona_4
288,5,Regreso_Poligono_Nave_industrial_062,0,41.07,35.12,477.81242849990525,288,Poligono_Nave_industrial_062,Zona_4
289,1,Inicio_Poligono_Nave_industrial_062,0,0.0,20.0,20.0,289,Poligono_Nave_industrial_062,Zona_4
289,2,1400301,13,96.26,107.2,166.2,289,Poligono_Nave_industrial_062,Zona_4
289,3,1400601,15,6.837552013721063,8.205062416465275,219.40506241646526,289,Poligono_Nave_industrial_062,Zona_4
289,4,1405402,55,5.790069790649425,6.94808374877931,391.35314616524454,289,Poligono_Nave_industrial_062,Zona_4
289,5,1406801,1,26.519530531555766,31.823436637866923,426.17658280311144,289,Poligono_Nave_industrial_062,Zona_4
289,6,Regreso_Poligono_Nave_industrial_062,0,64.38,51.88,478.05658280311144,289,Poligono_Nave_industrial_062,Zona_4
290,1,Inicio_Poligono_Nave_industrial_062,0,0.0,20.0,20.0,290,Poligono_Nave_industrial_062,Zona_4
290,2,1400401,12,83.16,68.84,124.84,290,Poligono_Nave_industrial_062,Zona_4
290,3,1400402,6,2.071520509113101,2.485824610935721,145.32582461093574,290,Poligono_Nave_industrial_062,Zona_4
290,4,1403101,5,10.74784178942998,12.897410147315977,173.22323475825172,290,Poligono_Nave_industrial_062,Zona_4
290,5,1405504,13,5.228779735338653,6.274535682406384,218.4977704406581,290,Poligono_Nave_industrial_062,Zona_4
290,6,1405501,34,7.011382061866342,8.413658474239611,328.91142891489767,290,Poligono_Nave_industrial_062,Zona_4
290,7,1405502,29,1.1231613662945554,1.3477936395534664,417.2592225544511,290,Poligono_Nave_industrial_062,Zona_4
290,8,1401501,1,9.201903582184327,11.042284298621192,431.30150685307234,290,Poligono_Nave_industrial_062,Zona_4
290,9,Regreso_Poligono_Nave_industrial_062,0,61.48,47.75,479.05150685307234,290,Poligono_Nave_industrial_062,Zona_4
291,1,Inicio_Poligono_Nave_industrial_062,0,0.0,20.0,20.0,291,Poligono_Nave_industrial_062,Zona_4
291,2,1400501,65,49.49,47.52,262.52,291,Poligono_Nave_industrial_062,Zona_4
291,3,1403301,14,7.580702989000205,9.096843586800246,313.6168435868002,291,Poligono_Nave_industrial_062,Zona_4
291,4,1401703,14,6.498841588865975,7.79860990663917,363.4154534934394,291,Poligono_Nave_industrial_062,Zona_4
291,5,1401701,29,3.4384203685203287,4.126104442224394,454.5415579356638,291,Poligono_Nave_industrial_062,Zona_4
291,6,Regreso_Poligono_Nave_industrial_062,0,32.02,25.45,479.99155793566376,291,Poligono_Nave_industrial_062,Zona_4
292,1,Inicio_Poligono_Nave_industrial_062,0,0.0,20.0,20.0,292,Poligono_Nave_industrial_062,Zona_4
292,2,1400701,31,45.7,39.85,152.85,292,Poligono_Nave_industrial_062,Zona_4
292,3,1400704,12,0.36810129798651614,0.44172155758381937,189.2917215575838,292,Poligono_Nave_industrial_062,Zona_4
292,4,1400702,11,0.39607927748825084,0.475295132985901,222.7670166905697,292,Poligono_Nave_industrial_062,Zona_4
292,5,1400703,72,0.8202281597757168,0.9842737917308603,439.75129048230053,292,Poligono_Nave_industrial_062,Zona_4
292,6,Regreso_Poligono_Nave_industrial_062,0,45.74,39.64,479.3912904823005,292,Poligono_Nave_industrial_062,Zona_4
293,1,Inicio_Poligono_Nave_industrial_062,0,0.0,20.0,20.0,293,Poligono_Nave_industrial_062,Zona_4
293,2,1400703,14,45.74,39.64,101.64,293,Poligono_Nave_industrial_062,Zona_4
293,3,1402202,11,7.888626848462873,9.466352218155446,144.10635221815545,293,Poligono_Nave_industrial_062,Zona_4
293,4,1402201,25,0.8457655974832515,1.0149187169799019,220.12127093513536,293,Poligono_Nave_industrial_062,Zona_4
293,5,1407501,5,4.357731010843217,5.229277213011861,240.35054814814723,293,Poligono_Nave_industrial_062,Zona_4
293,6,1401501,17,7.270589716959875,8.72470766035185,300.0752558084991,293,Poligono_Nave_industrial_062,Zona_4
293,7,1405502,35,9.201903582184327,11.042284298621192,416.1175401071203,293,Poligono_Nave_industrial_062,Zona_4
293,8,Regreso_Poligono_Nave_industrial_062,0,72.98,61.95,478.0675401071203,293,Poligono_Nave_industrial_062,Zona_4
294,1,Inicio_Poligono_Nave_industrial_062,0,0.0,20.0,20.0,294,Poligono_Nave_industrial_062,Zona_4
294,2,1400705,8,55.64,49.96,93.96000000000001,294,Poligono_Nave_industrial_062,Zona_4
294,3,1406301,7,11.096525449974335,13.315830539969202,128.2758305399692,294,Poligono_Nave_industrial_062,Zona_4
294,4,1401402,11,10.69000234893301,12.828002818719613,174.1038333586888,294,Poligono_Nave_industrial_062,Zona_4
294,5,1401401,11,8.128639943557367,9.75436793226884,216.85820129095765,294,Poligono_Nave_industrial_062,Zona_4
294,6,1401202,14,6.015593941137683,7.21871272936522,266.0769140203229,294,Poligono_Nave_industrial_062,Zona_4
294,7,1401201,16,0.9111232482308723,1.0933478978770468,315.1702619181999,294,Poligono_Nave_industrial_062,Zona_4
294,8,1401204,13,0.5813852595072171,0.6976623114086605,354.86792422960855,294,Poligono_Nave_industrial_062,Zona_4
294,9,1401203,15,2.999548412667073,3.5994580952004873,403.467382324809,294,Poligono_Nave_industrial_062,Zona_4
294,10,1406702,6,13.52986671656158,16.235840059873897,437.70322238468293,294,Poligono_Nave_industrial_062,Zona_4
294,11,Regreso_Poligono_Nave_industrial_062,0,49.05,41.7,479.4032223846829,294,Poligono_Nave_industrial_062,Zona_4
295,1,Inicio_Poligono_Nave_industrial_062,0,0.0,20.0,20.0,295,Poligono_Nave_industrial_062,Zona_4
295,2,1400801,5,128.66,109.61,144.61,295,Poligono_Nave_industrial_062,Zona_4
295,3,1400804,8,0.4757664824284305,0.5709197789141166,169.18091977891413,295,Poligono_Nave_industrial_062,Zona_4
295,4,1400802,6,0.5503246031476925,0.660389523777231,187.84130930269137,295,Poligono_Nave_industrial_062,Zona_4
295,5,1400803,5,2.092404298104657,2.5108851577255886,205.35219446041697,295,Poligono_Nave_industrial_062,Zona_4
295,6,1403503,24,10.342264507118482,12.41071740854218,289.7629118689591,295,Poligono_Nave_industrial_062,Zona_4
295,7,1403502,4,0.3995714614274178,0.4794857537129013,302.242397622672,295,Poligono_Nave_industrial_062,Zona_4
295,8,1403504,13,7.138432257403042,8.56611870888365,349.80851633155567,295,Poligono_Nave_industrial_062,Zona_4
295,9,1402801,3,6.977721595154962,8.373265914185954,367.1817822457416,295,Poligono_Nave_industrial_062,Zona_4
295,10,1407002,5,3.2257147896102167,3.8708577475322596,386.0526399932739,295,Poligono_Nave_industrial_062,Zona_4
295,11,1402603,1,23.49174835400507,28.190098024806083,417.24273801808,295,Poligono_Nave_industrial_062,Zona_4
295,12,Regreso_Poligono_Nave_industrial_062,0,76.92,60.04,477.28273801808,295,Poligono_Nave_industrial_062,Zona_4
296,1,Inicio_Poligono_Nave_industrial_062,0,0.0,20.0,20.0,296,Poligono_Nave_industrial_062,Zona_4
296,2,1400901,10,97.23,75.49,125.49,296,Poligono_Nave_industrial_062,Zona_4
296,3,1400902,6,0.32648764122173635,0.3917851694660836,143.88178516946607,296,Poligono_Nave_industrial_062,Zona_4
296,4,1400903,7,2.1591918249451125,2.591030189934135,167.47281535940022,296,Poligono_Nave_industrial_062,Zona_4
296,5,1405202,23,7.623724565423459,9.14846947850815,245.62128483790838,296,Poligono_Nave_industrial_062,Zona_4
296,6,1405203,19,1.9449104917783275,2.333892590133993,304.95517742804236,296,Poligono_Nave_industrial_062,Zona_4
296,7,1405204,2,1.286491212070788,1.5437894544849455,312.4989668825273,296,Poligono_Nave_industrial_062,Zona_4
296,8,1405201,26,3.9981465949263058,4.7977759139115665,395.2967427964389,296,Poligono_Nave_industrial_062,Zona_4
296,9,Regreso_Poligono_Nave_industrial_062,0,108.0,83.88,479.1767427964389,296,Poligono_Nave_industrial_062,Zona_4
297,1,Inicio_Poligono_Nave_industrial_062,0,0.0,20.0,20.0,297,Poligono_Nave_industrial_062,Zona_4
297,2,1401001,12,58.34,42.34,98.34,297,Poligono_Nave_industrial_062,Zona_4
297,3,1401002,19,0.4359046163263593,0.5230855395916312,155.86308553959162,297,Poligono_Nave_industrial_062,Zona_4
297,4,1401003,10,2.4013021830717247,2.8815626196860697,188.7446481592777,297,Poligono_Nave_industrial_062,Zona_4
297,5,1404801,11,4.724193509125741,5.669032210950889,227.41368037022858,297,Poligono_Nave_industrial_062,Zona_4
297,6,1402401,10,9.423501225186909,11.30820147022429,268.72188184045285,297,Poligono_Nave_industrial_062,Zona_4
297,7,1402402,9,3.306718746353291,3.968062495623949,299.6899443360768,297,Poligono_Nave_industrial_062,Zona_4
297,8,1403804,20,9.63672353562356,11.56406824274827,371.25401257882504,297,Poligono_Nave_industrial_062,Zona_4
297,9,1403805,13,7.8369637657503,9.40435651890036,419.6583690977254,297,Poligono_Nave_industrial_062,Zona_4
297,10,1404501,6,5.451482185464382,6.541778622557258,444.2001477202827,297,Poligono_Nave_industrial_062,Zona_4
297,11,1404401,2,4.701206647399769,5.641447976879723,455.8415956971624,297,Poligono_Nave_industrial_062,Zona_4
297,12,Regreso_Poligono_Nave_industrial_062,0,28.42,22.88,478.7215956971624,297,Poligono_Nave_industrial_062,Zona_4
298,1,Inicio_Poligono_Nave_industrial_062,0,0.0,20.0,20.0,298,Poligono_Nave_industrial_062,Zona_4
298,2,1401101,5,130.45,125.01,160.01,298,Poligono_Nave_industrial_062,Zona_4
298,3,1406401,3,7.861980049568664,9.434376059482396,178.44437605948238,298,Poligono_Nave_industrial_062,Zona_4
298,4,1403201,3,11.438359712153966,13.726031654584759,201.17040771406715,298,Poligono_Nave_industrial_062,Zona_4
298,5,1402901,8,9.948510829942927,11.938212995931513,237.10862070999866,298,Poligono_Nave_industrial_062,Zona_4
298,6,1402903,6,6.876544855519596,8.251853826623513,263.3604745366222,298,Poligono_Nave_industrial_062,Zona_4
298,7,1402902,10,9.554360368300669,11.465232441960802,304.82570697858296,298,Poligono_Nave_industrial_062,Zona_4
298,8,1402904,7,6.524285377357315,7.829142452828778,333.6548494314117,298,Poligono_Nave_industrial_062,Zona_4
298,9,1405201,16,8.880231827167394,10.656278192600873,392.3111276240126,298,Poligono_Nave_industrial_062,Zona_4
298,10,Regreso_Poligono_Nave_industrial_062,0,108.0,83.88,476.1911276240126,298,Poligono_Nave_industrial_062,Zona_4
299,1,Inicio_Poligono_Nave_industrial_062,0,0.0,20.0,20.0,299,Poligono_Nave_industrial_062,Zona_4
299,2,1401301,83,44.02,38.78,307.78,299,Poligono_Nave_industrial_062,Zona_4
299,3,1401302,36,0.35668684846750626,0.4280242181610075,416.208024218161,299,Poligono_Nave_industrial_062,Zona_4
299,4,1401303,8,0.3252917805551321,0.3903501366661585,440.5983743548271,299,Poligono_Nave_industrial_062,Zona_4
299,5,Regreso_Poligono_Nave_industrial_062,0,44.11,38.49,479.0883743548271,299,Poligono_Nave_industrial_062,Zona_4
300,1,Inicio_Poligono_Nave_industrial_062,0,0.0,20.0,20.0,300,Poligono_Nave_industrial_062,Zona_4
300,2,1401303,27,44.11,38.49,139.49,300,Poligono_Nave_industrial_062,Zona_4
300,3,1401304,15,1.9222502562642398,2.3067003075170875,186.79670030751709,300,Poligono_Nave_industrial_062,Zona_4
300,4,1403803,83,8.765412067890482,10.51849448146858,446.31519478898565,300,Poligono_Nave_industrial_062,Zona_4
300,5,Regreso_Poligono_Nave_industrial_062,0,42.68,33.48,479.79519478898567,300,Poligono_Nave_industrial_062,Zona_4
301,1,Inicio_Poligono_Nave_industrial_062,0,0.0,20.0,20.0,301,Poligono_Nave_industrial_062,Zona_4
301,2,1401601,11,106.89,77.08,130.07999999999998,301,Poligono_Nave_industrial_062,Zona_4
301,3,1402001,3,17.872215080784084,21.4466580969409,160.52665809694088,301,Poligono_Nave_industrial_062,Zona_4
301,4,1406904,10,11.404128605728188,13.684954326873825,204.2116124238147,301,Poligono_Nave_industrial_062,Zona_4
301,5,1406901,20,6.278207082311757,7.533848498774108,271.7454609225888,301,Poligono_Nave_industrial_062,Zona_4
301,6,1406902,23,10.35598698820211,12.427184385842532,353.17264530843136,301,Poligono_Nave_industrial_062,Zona_4
301,7,1406903,3,6.596508057281166,7.915809668737398,370.08845497716874,301,Poligono_Nave_industrial_062,Zona_4
301,8,1404701,2,16.830079251867982,20.19609510224158,396.28455007941034,301,Poligono_Nave_industrial_062,Zona_4
301,9,1406801,4,14.148174293626962,16.977809152352354,425.2623592317627,301,Poligono_Nave_industrial_062,Zona_4
301,10,Regreso_Poligono_Nave_industrial_062,0,64.38,51.88,477.14235923176267,301,Poligono_Nave_industrial_062,Zona_4
302,1,Inicio_Poligono_Nave_industrial_062,0,0.0,20.0,20.0,302,Poligono_Nave_industrial_062,Zona_4
302,2,1401701,58,32.02,25.45,219.45,302,Poligono_Nave_industrial_062,Zona_4
302,3,1401702,22,3.36281701128773,4.035380413545276,289.4853804135453,302,Poligono_Nave_industrial_062,Zona_4
302,4,1490201,11,5.990114582593417,7.1881374991121,329.67351791265736,302,Poligono_Nave_industrial_062,Zona_4
302,5,1405901,8,5.620748616117295,6.744898339340754,360.4184162519981,302,Poligono_Nave_industrial_062,Zona_4
302,6,1405701,32,1.3522658536283885,1.6227190243540663,458.0411352763522,302,Poligono_Nave_industrial_062,Zona_4
302,7,1402701,2,7.90039928356968,9.480479140283617,473.52161441663577,302,Poligono_Nave_industrial_062,Zona_4
302,8,Regreso_Poligono_Nave_industrial_062,0,1.24,5.0,478.52161441663577,302,Poligono_Nave_industrial_062,Zona_4
303,1,Inicio_Poligono_Nave_industrial_062,0,0.0,20.0,20.0,303,Poligono_Nave_industrial_062,Zona_4
303,2,1401901,9,26.87,25.8,72.8,303,Poligono_Nave_industrial_062,Zona_4
303,3,1401904,18,0.3677241040319719,0.4412689248383663,127.24126892483837,303,Poligono_Nave_industrial_062,Zona_4
303,4,1401902,15,0.4296080807219491,0.5155296968663389,172.75679862170472,303,Poligono_Nave_industrial_062,Zona_4
303,5,1401905,9,0.7287059990791322,0.8744471988949587,200.63124582059967,303,Poligono_Nave_industrial_062,Zona_4
303,6,1401903,11,1.2994687208987337,1.5593624650784805,235.19060828567814,303,Poligono_Nave_industrial_062,Zona_4
303,7,1402501,9,5.0053915976004415,6.00646991712053,268.19707820279865,303,Poligono_Nave_industrial_062,Zona_4
303,8,1402502,7,2.24925300201014,2.699103602412168,291.8961818052108,303,Poligono_Nave_industrial_062,Zona_4
303,9,1402503,10,3.1324813167509413,3.75897758010113,325.65515938531195,303,Poligono_Nave_industrial_062,Zona_4
303,10,1404102,17,7.448725217193776,8.938470260632531,385.5936296459445,303,Poligono_Nave_industrial_062,Zona_4
303,11,1404101,16,5.394079805700058,6.47289576684007,440.06652541278453,303,Poligono_Nave_industrial_062,Zona_4
303,12,1402701,10,2.5645009223000454,3.0774011067600546,473.1439265195446,303,Poligono_Nave_industrial_062,Zona_4
303,13,Regreso_Poligono_Nave_industrial_062,0,1.24,5.0,478.1439265195446,303,Poligono_Nave_industrial_062,Zona_4
304,1,Inicio_Poligono_Nave_industrial_062,0,0.0,20.0,20.0,304,Poligono_Nave_industrial_062,Zona_4
304,2,1402101,135,30.9,26.08,451.08,304,Poligono_Nave_industrial_062,Zona_4
304,3,1402105,1,0.9157940839316726,1.098952900718007,455.178952900718,304,Poligono_Nave_industrial_062,Zona_4
304,4,Regreso_Poligono_Nave_industrial_062,0,29.03,24.31,479.488952900718,304,Poligono_Nave_industrial_062,Zona_4
305,1,Inicio_Poligono_Nave_industrial_062,0,0.0,20.0,20.0,305,Poligono_Nave_industrial_062,Zona_4
305,2,1402101,135,30.9,26.08,451.08,305,Poligono_Nave_industrial_062,Zona_4
305,3,1402105,1,0.9157940839316726,1.098952900718007,455.178952900718,305,Poligono_Nave_industrial_062,Zona_4
305,4,Regreso_Poligono_Nave_industrial_062,0,29.03,24.31,479.488952900718,305,Poligono_Nave_industrial_062,Zona_4
306,1,Inicio_Poligono_Nave_industrial_062,0,0.0,20.0,20.0,306,Poligono_Nave_industrial_062,Zona_4
306,2,1402101,135,30.9,26.08,451.08,306,Poligono_Nave_industrial_062,Zona_4
306,3,1402105,1,0.9157940839316726,1.098952900718007,455.178952900718,306,Poligono_Nave_industrial_062,Zona_4
306,4,Regreso_Poligono_Nave_industrial_062,0,29.03,24.31,479.488952900718,306,Poligono_Nave_industrial_062,Zona_4
307,1,Inicio_Poligono_Nave_industrial_062,0,0.0,20.0,20.0,307,Poligono_Nave_industrial_062,Zona_4
307,2,1402101,49,30.9,26.08,193.07999999999998,307,Poligono_Nave_industrial_062,Zona_4
307,3,1402103,33,0.39891101657701344,0.4786932198924161,292.5586932198924,307,Poligono_Nave_industrial_062,Zona_4
307,4,1402108,38,0.2927644824015422,0.35131737888185066,406.91001059877425,307,Poligono_Nave_industrial_062,Zona_4
307,5,1402107,15,0.39542133411580865,0.47450560093897043,452.38451619971323,307,Poligono_Nave_industrial_062,Zona_4
307,6,1402110,1,0.6553581038513013,0.7864297246215616,456.1709459243348,307,Poligono_Nave_industrial_062,Zona_4
307,7,Regreso_Poligono_Nave_industrial_062,0,29.53,23.58,479.75094592433476,307,Poligono_Nave_industrial_062,Zona_4
308,1,Inicio_Poligono_Nave_industrial_062,0,0.0,20.0,20.0,308,Poligono_Nave_industrial_062,Zona_4
308,2,1402102,136,29.73,25.99,453.99,308,Poligono_Nave_industrial_062,Zona_4
308,3,Regreso_Poligono_Nave_industrial_062,0,29.73,25.99,479.98,308,Poligono_Nave_industrial_062,Zona_4
309,1,Inicio_Poligono_Nave_industrial_062,0,0.0,20.0,20.0,309,Poligono_Nave_industrial_062,Zona_4
309,2,1402102,136,29.73,25.99,453.99,309,Poligono_Nave_industrial_062,Zona_4
309,3,Regreso_Poligono_Nave_industrial_062,0,29.73,25.99,479.98,309,Poligono_Nave_industrial_062,Zona_4
310,1,Inicio_Poligono_Nave_industrial_062,0,0.0,20.0,20.0,310,Poligono_Nave_industrial_062,Zona_4
310,2,1402102,136,29.73,25.99,453.99,310,Poligono_Nave_industrial_062,Zona_4
310,3,Regreso_Poligono_Nave_industrial_062,0,29.73,25.99,479.98,310,Poligono_Nave_industrial_062,Zona_4
311,1,Inicio_Poligono_Nave_industrial_062,0,0.0,20.0,20.0,311,Poligono_Nave_industrial_062,Zona_4
311,2,1402102,69,29.73,25.99,252.99,311,Poligono_Nave_industrial_062,Zona_4
311,3,1402104,57,0.5127857683148918,0.6153429219778701,424.60534292197786,311,Poligono_Nave_industrial_062,Zona_4
311,4,1402105,10,0.23880068368274085,0.286560820419289,454.8919037423972,311,Poligono_Nave_industrial_062,Zona_4
311,5,Regreso_Poligono_Nave_industrial_062,0,29.03,24.31,479.2019037423972,311,Poligono_Nave_industrial_062,Zona_4
312,1,Inicio_Poligono_Nave_industrial_062,0,0.0,20.0,20.0,312,Poligono_Nave_industrial_062,Zona_4
312,2,1402105,137,29.03,24.31,455.31,312,Poligono_Nave_industrial_062,Zona_4
312,3,Regreso_Poligono_Nave_industrial_062,0,29.03,24.31,479.62,312,Poligono_Nave_industrial_062,Zona_4
313,1,Inicio_Poligono_Nave_industrial_062,0,0.0,20.0,20.0,313,Poligono_Nave_industrial_062,Zona_4
313,2,1402105,133,29.03,24.31,443.31,313,Poligono_Nave_industrial_062,Zona_4
313,3,1402107,2,0.852351890281904,1.0228222683382846,450.3328222683383,313,Poligono_Nave_industrial_062,Zona_4
313,4,1402106,1,0.2962067131267151,0.3554480557520581,453.68827032409035,313,Poligono_Nave_industrial_062,Zona_4
313,5,Regreso_Poligono_Nave_industrial_062,0,30.41,25.66,479.3482703240904,313,Poligono_Nave_industrial_062,Zona_4
314,1,Inicio_Poligono_Nave_industrial_062,0,0.0,20.0,20.0,314,Poligono_Nave_industrial_062,Zona_4
314,2,1402106,136,30.41,25.66,453.66,314,Poligono_Nave_industrial_062,Zona_4
314,3,Regreso_Poligono_Nave_industrial_062,0,30.41,25.66,479.32000000000005,314,Poligono_Nave_industrial_062,Zona_4
315,1,Inicio_Poligono_Nave_industrial_062,0,0.0,20.0,20.0,315,Poligono_Nave_industrial_062,Zona_4
315,2,1402106,136,30.41,25.66,453.66,315,Poligono_Nave_industrial_062,Zona_4
315,3,Regreso_Poligono_Nave_industrial_062,0,30.41,25.66,479.32000000000005,315,Poligono_Nave_industrial_062,Zona_4
316,1,Inicio_Poligono_Nave_industrial_062,0,0.0,20.0,20.0,316,Poligono_Nave_industrial_062,Zona_4
316,2,1402106,136,30.41,25.66,453.66,316,Poligono_Nave_industrial_062,Zona_4
316,3,Regreso_Poligono_Nave_industrial_062,0,30.41,25.66,479.32000000000005,316,Poligono_Nave_industrial_062,Zona_4
317,1,Inicio_Poligono_Nave_industrial_062,0,0.0,20.0,20.0,317,Poligono_Nave_industrial_062,Zona_4
317,2,1402106,136,30.41,25.66,453.66,317,Poligono_Nave_industrial_062,Zona_4
317,3,Regreso_Poligono_Nave_industrial_062,0,30.41,25.66,479.32000000000005,317,Poligono_Nave_industrial_062,Zona_4
318,1,Inicio_Poligono_Nave_industrial_062,0,0.0,20.0,20.0,318,Poligono_Nave_industrial_062,Zona_4
318,2,1402106,136,30.41,25.66,453.66,318,Poligono_Nave_industrial_062,Zona_4
318,3,Regreso_Poligono_Nave_industrial_062,0,30.41,25.66,479.32000000000005,318,Poligono_Nave_industrial_062,Zona_4
319,1,Inicio_Poligono_Nave_industrial_062,0,0.0,20.0,20.0,319,Poligono_Nave_industrial_062,Zona_4
319,2,1402106,136,30.41,25.66,453.66,319,Poligono_Nave_industrial_062,Zona_4
319,3,Regreso_Poligono_Nave_industrial_062,0,30.41,25.66,479.32000000000005,319,Poligono_Nave_industrial_062,Zona_4
320,1,Inicio_Poligono_Nave_industrial_062,0,0.0,20.0,20.0,320,Poligono_Nave_industrial_062,Zona_4
320,2,1402106,34,30.41,25.66,147.66,320,Poligono_Nave_industrial_062,Zona_4
320,3,1402107,47,0.2962067131267151,0.3554480557520581,289.015448055752,320,Poligono_Nave_industrial_062,Zona_4
320,4,1402110,55,0.6553581038513013,0.7864297246215616,454.8018777803736,320,Poligono_Nave_industrial_062,Zona_4
320,5,Regreso_Poligono_Nave_industrial_062,0,29.53,23.58,478.3818777803736,320,Poligono_Nave_industrial_062,Zona_4
321,1,Inicio_Poligono_Nave_industrial_062,0,0.0,20.0,20.0,321,Poligono_Nave_industrial_062,Zona_4
321,2,1402109,136,29.99,25.53,453.53,321,Poligono_Nave_industrial_062,Zona_4
321,3,Regreso_Poligono_Nave_industrial_062,0,29.99,25.53,479.05999999999995,321,Poligono_Nave_industrial_062,Zona_4
322,1,Inicio_Poligono_Nave_industrial_062,0,0.0,20.0,20.0,322,Poligono_Nave_industrial_062,Zona_4
322,2,1402109,136,29.99,25.53,453.53,322,Poligono_Nave_industrial_062,Zona_4
322,3,Regreso_Poligono_Nave_industrial_062,0,29.99,25.53,479.05999999999995,322,Poligono_Nave_industrial_062,Zona_4
323,1,Inicio_Poligono_Nave_industrial_062,0,0.0,20.0,20.0,323,Poligono_Nave_industrial_062,Zona_4
323,2,1402109,42,29.99,25.53,171.53,323,Poligono_Nave_industrial_062,Zona_4
323,3,1402110,94,0.5967552193831763,0.7161062632598116,454.2461062632598,323,Poligono_Nave_industrial_062,Zona_4
323,4,Regreso_Poligono_Nave_industrial_062,0,29.53,23.58,477.82610626325976,323,Poligono_Nave_industrial_062,Zona_4
324,1,Inicio_Poligono_Nave_industrial_062,0,0.0,20.0,20.0,324,Poligono_Nave_industrial_062,Zona_4
324,2,1402110,137,29.53,23.58,454.58,324,Poligono_Nave_industrial_062,Zona_4
324,3,Regreso_Poligono_Nave_industrial_062,0,29.53,23.58,478.15999999999997,324,Poligono_Nave_industrial_062,Zona_4
325,1,Inicio_Poligono_Nave_industrial_062,0,0.0,20.0,20.0,325,Poligono_Nave_industrial_062,Zona_4
325,2,1402110,137,29.53,23.58,454.58,325,Poligono_Nave_industrial_062,Zona_4
325,3,Regreso_Poligono_Nave_industrial_062,0,29.53,23.58,478.15999999999997,325,Poligono_Nave_industrial_062,Zona_4
326,1,Inicio_Poligono_Nave_industrial_062,0,0.0,20.0,20.0,326,Poligono_Nave_industrial_062,Zona_4
326,2,1402110,137,29.53,23.58,454.58,326,Poligono_Nave_industrial_062,Zona_4
326,3,Regreso_Poligono_Nave_industrial_062,0,29.53,23.58,478.15999999999997,326,Poligono_Nave_industrial_062,Zona_4
327,1,Inicio_Poligono_Nave_industrial_062,0,0.0,20.0,20.0,327,Poligono_Nave_industrial_062,Zona_4
327,2,1402110,41,29.53,23.58,166.57999999999998,327,Poligono_Nave_industrial_062,Zona_4
327,3,1406702,13,20.941119870598868,25.12934384471864,230.70934384471863,327,Poligono_Nave_industrial_062,Zona_4
327,4,1406701,10,2.369495751123362,2.843394901348034,263.55273874606667,327,Poligono_Nave_industrial_062,Zona_4
327,5,1404303,13,15.69378040952466,18.832536491429593,321.3852752374963,327,Poligono_Nave_industrial_062,Zona_4
327,6,1404301,14,0.2512038711133238,0.3014446453359886,363.6867198828323,327,Poligono_Nave_industrial_062,Zona_4
327,7,1406601,16,7.242147360490416,8.6905768325885,420.37729671542075,327,Poligono_Nave_industrial_062,Zona_4
327,8,Regreso_Poligono_Nave_industrial_062,0,77.89,58.08,478.45729671542074,327,Poligono_Nave_industrial_062,Zona_4
328,1,Inicio_Poligono_Nave_industrial_062,0,0.0,20.0,20.0,328,Poligono_Nave_industrial_062,Zona_4
328,2,1402301,13,113.99,116.92,175.92000000000002,328,Poligono_Nave_industrial_062,Zona_4
328,3,1402302,9,5.770503782094085,6.924604538512902,209.84460453851293,328,Poligono_Nave_industrial_062,Zona_4
328,4,1405403,19,6.2216660045137635,7.465999205416517,274.31060374392945,328,Poligono_Nave_industrial_062,Zona_4
328,5,1405401,38,1.008085461349211,1.209702553619053,389.5203062975485,328,Poligono_Nave_industrial_062,Zona_4
328,6,1405402,1,1.0112872374920965,1.2135446849905156,393.73385098253897,328,Poligono_Nave_industrial_062,Zona_4
328,7,Regreso_Poligono_Nave_industrial_062,0,103.93,86.08,479.81385098253895,328,Poligono_Nave_industrial_062,Zona_4
329,1,Inicio_Poligono_Nave_industrial_062,0,0.0,20.0,20.0,329,Poligono_Nave_industrial_062,Zona_4
329,2,1402601,7,75.95,59.59,100.59,329,Poligono_Nave_industrial_062,Zona_4
329,3,1402603,7,0.4340202985842882,0.5208243583011458,122.11082435830114,329,Poligono_Nave_industrial_062,Zona_4
329,4,1402602,6,7.732700243144562,9.279240291773474,149.39006465007463,329,Poligono_Nave_industrial_062,Zona_4
329,5,1407101,8,9.938691409356906,11.926429691228288,185.31649434130293,329,Poligono_Nave_industrial_062,Zona_4
329,6,1407301,11,19.49201045352911,23.390412544234934,241.70690688553788,329,Poligono_Nave_industrial_062,Zona_4
329,7,1407302,12,8.544682831946268,10.253619398335521,287.9605262838734,329,Poligono_Nave_industrial_062,Zona_4
329,8,1405302,30,21.55198689621623,25.86238427545948,403.82291055933285,329,Poligono_Nave_industrial_062,Zona_4
329,9,1405301,7,4.018732034492891,4.822478441391469,429.6453890007243,329,Poligono_Nave_industrial_062,Zona_4
329,10,Regreso_Poligono_Nave_industrial_062,0,52.92,49.02,478.6653890007243,329,Poligono_Nave_industrial_062,Zona_4
330,1,Inicio_Poligono_Nave_industrial_062,0,0.0,20.0,20.0,330,Poligono_Nave_industrial_062,Zona_4
330,2,1490101,9,3.04,7.04,54.04,330,Poligono_Nave_industrial_062,Zona_4
330,3,1402701,32,1.8154313817937067,2.178517658152448,152.21851765815245,330,Poligono_Nave_industrial_062,Zona_4
330,4,1402702,29,2.937895779990851,3.5254749359890214,242.74399259414147,330,Poligono_Nave_industrial_062,Zona_4
330,5,1405701,33,8.826595019349105,10.591914023218926,352.33590661736037,330,Poligono_Nave_industrial_062,Zona_4
330,6,1406501,21,4.8462570060695604,5.815508407283472,421.1514150246438,330,Poligono_Nave_industrial_062,Zona_4
330,7,1406002,5,15.02211569819584,18.02653883783501,454.17795386247883,330,Poligono_Nave_industrial_062,Zona_4
330,8,Regreso_Poligono_Nave_industrial_062,0,26.04,25.32,479.4979538624788,330,Poligono_Nave_industrial_062,Zona_4
331,1,Inicio_Poligono_Nave_industrial_062,0,0.0,20.0,20.0,331,Poligono_Nave_industrial_062,Zona_4
331,2,1402703,17,53.33,51.47,122.47,331,Poligono_Nave_industrial_062,Zona_4
331,3,1403001,71,4.3257882266774255,5.19094587201291,340.6609458720129,331,Poligono_Nave_industrial_062,Zona_4
331,4,1403002,13,5.090265837899673,6.108319005479607,385.7692648774925,331,Poligono_Nave_industrial_062,Zona_4
331,5,4103902,12,12.108144377448674,14.52977325293841,436.2990381304309,331,Poligono_Nave_industrial_062,Zona_4
331,6,Regreso_Poligono_Nave_industrial_062,0,53.36,41.2,477.4990381304309,331,Poligono_Nave_industrial_062,Zona_4
332,1,Inicio_Poligono_Nave_industrial_062,0,0.0,20.0,20.0,332,Poligono_Nave_industrial_062,Zona_4
332,2,1403401,3,124.87,122.39,151.39,332,Poligono_Nave_industrial_062,Zona_4
332,3,1406201,8,9.532686845971448,11.439224215165737,186.8292242151657,332,Poligono_Nave_industrial_062,Zona_4
332,4,1406202,1,3.1138716280594654,3.7366459536713585,193.56587016883708,332,Poligono_Nave_industrial_062,Zona_4
332,5,1405101,7,9.19168462785003,11.030021553420037,225.5958917222571,332,Poligono_Nave_industrial_062,Zona_4
332,6,1405102,5,5.562764022377047,6.675316826852457,247.27120854910956,332,Poligono_Nave_industrial_062,Zona_4
332,7,1405401,17,7.394975977083341,8.87397117250001,307.14517972160957,332,Poligono_Nave_industrial_062,Zona_4
332,8,1405402,5,1.0112872374920965,1.2135446849905156,323.35872440660006,332,Poligono_Nave_industrial_062,Zona_4
332,9,1405404,12,13.24031073163479,15.888372877961746,375.2470972845618,332,Poligono_Nave_industrial_062,Zona_4
332,10,Regreso_Poligono_Nave_industrial_062,0,116.08,102.59,477.83709728456176,332,Poligono_Nave_industrial_062,Zona_4
333,1,Inicio_Poligono_Nave_industrial_062,0,0.0,20.0,20.0,333,Poligono_Nave_industrial_062,Zona_4
333,2,1403501,7,116.53,118.24,159.24,333,Poligono_Nave_industrial_062,Zona_4
333,3,1407001,6,14.525763477779606,17.430916173335525,194.67091617333554,333,Poligono_Nave_industrial_062,Zona_4
333,4,1407201,8,14.193005049333292,17.03160605919995,235.7025222325355,333,Poligono_Nave_industrial_062,Zona_4
333,5,1407402,9,3.1932524646300484,3.831902957556058,266.53442519009155,333,Poligono_Nave_industrial_062,Zona_4
333,6,1407401,11,6.686660986049974,8.023993183259968,307.5584183733515,333,Poligono_Nave_industrial_062,Zona_4
333,7,1406101,5,9.564674699518243,11.47760963942189,334.0360280127734,333,Poligono_Nave_industrial_062,Zona_4
333,8,Regreso_Poligono_Nave_industrial_062,0,125.87,94.72,428.7560280127734,333,Poligono_Nave_industrial_062,Zona_4
334,1,Inicio_Poligono_Nave_industrial_062,0,0.0,20.0,448.7560280127734,333,Poligono_Nave_industrial_062,Zona_4
334,2,1404201,1,14.2,13.68,465.4360280127734,333,Poligono_Nave_industrial_062,Zona_4
334,3,Regreso_Poligono_Nave_industrial_062,0,14.2,13.68,479.1160280127734,333,Poligono_Nave_industrial_062,Zona_4
335,1,Inicio_Poligono_Nave_industrial_062,0,0.0,20.0,20.0,334,Poligono_Nave_industrial_062,Zona_4
335,2,1403601,16,67.52,70.49,138.49,334,Poligono_Nave_industrial_062,Zona_4
335,3,1403602,22,0.6606976138985836,0.7928371366783004,205.28283713667832,334,Poligono_Nave_industrial_062,Zona_4
335,4,1405301,24,13.103117402819588,15.723740883383506,293.00657802006185,334,Poligono_Nave_industrial_062,Zona_4
335,5,1404901,33,19.371136603252566,23.24536392390308,415.25194194396494,334,Poligono_Nave_industrial_062,Zona_4
335,6,Regreso_Poligono_Nave_industrial_062,0,64.63,62.29,477.54194194396496,334,Poligono_Nave_industrial_062,Zona_4
336,1,Inicio_Poligono_Nave_industrial_062,0,0.0,20.0,20.0,335,Poligono_Nave_industrial_062,Zona_4
336,2,1403701,15,78.53,63.59,128.59,335,Poligono_Nave_industrial_062,Zona_4
336,3,1403702,5,3.104507847035873,3.725409416443047,147.31540941644306,335,Poligono_Nave_industrial_062,Zona_4
336,4,1403703,7,6.988147050409386,8.385776460491263,176.70118587693432,335,Poligono_Nave_industrial_062,Zona_4
336,5,1405804,13,7.486898167432374,8.984277800918848,224.68546367785316,335,Poligono_Nave_industrial_062,Zona_4
336,6,1405801,20,0.39425387853992044,0.47310465424790454,285.1585683321011,335,Poligono_Nave_industrial_062,Zona_4
336,7,1405802,7,0.2761132851222258,0.331335942146671,306.48990427424775,335,Poligono_Nave_industrial_062,Zona_4
336,8,1405803,24,0.46166670594177506,0.5540000471301301,379.0439043213779,335,Poligono_Nave_industrial_062,Zona_4
336,9,1405805,10,2.372755750623544,2.8473069007482525,411.8912112221262,335,Poligono_Nave_industrial_062,Zona_4
336,10,1403803,6,12.019440198279407,14.423328237935287,444.31453946006144,335,Poligono_Nave_industrial_062,Zona_4
336,11,Regreso_Poligono_Nave_industrial_062,0,42.68,33.48,477.79453946006146,335,Poligono_Nave_industrial_062,Zona_4
337,1,Inicio_Poligono_Nave_industrial_062,0,0.0,20.0,20.0,336,Poligono_Nave_industrial_062,Zona_4
337,2,1403801,79,42.53,34.36,291.36,336,Poligono_Nave_industrial_062,Zona_4
337,3,1403802,51,0.35592270672246873,0.4271072480669625,444.78710724806695,336,Poligono_Nave_industrial_062,Zona_4
337,4,Regreso_Poligono_Nave_industrial_062,0,41.47,32.4,477.1871072480669,336,Poligono_Nave_industrial_062,Zona_4
338,1,Inicio_Poligono_Nave_industrial_062,0,0.0,20.0,20.0,337,Poligono_Nave_industrial_062,Zona_4
338,2,1403802,81,41.47,32.4,295.4,337,Poligono_Nave_industrial_062,Zona_4
338,3,1403803,34,1.1561946771174623,1.3874336125409548,398.78743361254095,337,Poligono_Nave_industrial_062,Zona_4
338,4,1404401,14,11.520846127509644,13.825015353011572,454.6124489655525,337,Poligono_Nave_industrial_062,Zona_4
338,5,Regreso_Poligono_Nave_industrial_062,0,28.42,22.88,477.4924489655525,337,Poligono_Nave_industrial_062,Zona_4
339,1,Inicio_Poligono_Nave_industrial_062,0,0.0,20.0,20.0,338,Poligono_Nave_industrial_062,Zona_4
339,2,1403901,22,59.56,52.9,138.9,338,Poligono_Nave_industrial_062,Zona_4
339,3,1405502,48,14.169083277601631,17.00289993312196,299.90289993312194,338,Poligono_Nave_industrial_062,Zona_4
339,4,1405503,12,6.742285440901217,8.09074252908146,343.9936424622034,338,Poligono_Nave_industrial_062,Zona_4
339,5,1405805,9,11.126409578488895,13.351691494186674,384.3453339563901,338,Poligono_Nave_industrial_062,Zona_4
339,6,1404401,1,23.539779168331805,28.247735001998166,415.59306895838824,338,Poligono_Nave_industrial_062,Zona_4
339,7,1404501,8,4.701206647399769,5.641447976879723,445.23451693526795,338,Poligono_Nave_industrial_062,Zona_4
339,8,Regreso_Poligono_Nave_industrial_062,0,31.16,34.68,479.91451693526795,338,Poligono_Nave_industrial_062,Zona_4
340,1,Inicio_Poligono_Nave_industrial_062,0,0.0,20.0,20.0,339,Poligono_Nave_industrial_062,Zona_4
340,2,1404001,16,14.04,24.16,92.16,339,Poligono_Nave_industrial_062,Zona_4
340,3,1404002,21,1.3556159747882996,1.6267391697459597,156.78673916974594,339,Poligono_Nave_industrial_062,Zona_4
340,4,1406002,21,8.545441853958227,10.254530224749873,230.04126939449583,339,Poligono_Nave_industrial_062,Zona_4
340,5,1406001,13,3.3037254753569982,3.9644705704283973,273.0057399649242,339,Poligono_Nave_industrial_062,Zona_4
340,6,4105002,20,15.830581114438052,18.996697337325664,352.00243730224986,339,Poligono_Nave_industrial_062,Zona_4
340,7,4105001,8,3.3696150803807523,4.043538096456903,380.0459753987068,339,Poligono_Nave_industrial_062,Zona_4
340,8,4105003,16,3.9644100306443883,4.757292036773267,432.80326743548005,339,Poligono_Nave_industrial_062,Zona_4
340,9,1405601,1,4.120900804114258,4.945080964937109,440.74834840041717,339,Poligono_Nave_industrial_062,Zona_4
340,10,Regreso_Poligono_Nave_industrial_062,0,45.39,38.43,479.1783484004172,339,Poligono_Nave_industrial_062,Zona_4
341,1,Inicio_Poligono_Nave_industrial_062,0,0.0,20.0,20.0,340,Poligono_Nave_industrial_062,Zona_4
341,2,1404201,6,14.2,13.68,51.68,340,Poligono_Nave_industrial_062,Zona_4
341,3,1404202,40,0.37795092796673924,0.4535411135600871,172.13354111356009,340,Poligono_Nave_industrial_062,Zona_4
341,4,1404204,52,0.2784445520690648,0.3341334624828778,328.46767457604295,340,Poligono_Nave_industrial_062,Zona_4
341,5,1404205,12,7.204902867855376,8.64588344142645,373.1135580174694,340,Poligono_Nave_industrial_062,Zona_4
341,6,1404602,17,9.19803753895859,11.03764504675031,435.1512030642197,340,Poligono_Nave_industrial_062,Zona_4
341,7,Regreso_Poligono_Nave_industrial_062,0,30.96,39.97,475.1212030642197,340,Poligono_Nave_industrial_062,Zona_4
342,1,Inicio_Poligono_Nave_industrial_062,0,0.0,20.0,20.0,341,Poligono_Nave_industrial_062,Zona_4
342,2,1404302,9,93.51,76.41,123.41,341,Poligono_Nave_industrial_062,Zona_4
342,3,1406601,14,12.565958983876763,15.079150780652116,180.4891507806521,341,Poligono_Nave_industrial_062,Zona_4
342,4,1406602,25,3.9215161396118257,4.705819367534191,260.19497014818626,341,Poligono_Nave_industrial_062,Zona_4
342,5,1404304,27,23.43386110403658,28.120633324843894,369.31560347303014,341,Poligono_Nave_industrial_062,Zona_4
342,6,Regreso_Poligono_Nave_industrial_062,0,99.44,108.81,478.12560347303014,341,Poligono_Nave_industrial_062,Zona_4
343,1,Inicio_Poligono_Nave_industrial_062,0,0.0,20.0,20.0,342,Poligono_Nave_industrial_062,Zona_4
343,2,1404304,14,99.44,108.81,170.81,342,Poligono_Nave_industrial_062,Zona_4
343,3,1406903,10,18.911911716653627,22.69429405998435,223.50429405998435,342,Poligono_Nave_industrial_062,Zona_4
343,4,1405404,17,14.67361471422439,17.608337657069267,292.1126317170536,342,Poligono_Nave_industrial_062,Zona_4
343,5,1404701,18,21.17118827224573,25.405425926694875,371.5180576437485,342,Poligono_Nave_industrial_062,Zona_4
343,6,Regreso_Poligono_Nave_industrial_062,0,59.96,83.69,455.2080576437485,342,Poligono_Nave_industrial_062,Zona_4
344,1,Inicio_Poligono_Nave_industrial_062,0,0.0,20.0,20.0,343,Poligono_Nave_industrial_062,Zona_4
344,2,1404501,15,31.16,34.68,99.68,343,Poligono_Nave_industrial_062,Zona_4
344,3,1405604,55,14.668998475601333,17.6027981707216,282.2827981707216,343,Poligono_Nave_industrial_062,Zona_4
344,4,1405603,53,0.6106607625607218,0.7327929150728661,442.0155910857945,343,Poligono_Nave_industrial_062,Zona_4
344,5,Regreso_Poligono_Nave_industrial_062,0,41.69,36.26,478.2755910857945,343,Poligono_Nave_industrial_062,Zona_4
345,1,Inicio_Poligono_Nave_industrial_062,0,0.0,20.0,20.0,344,Poligono_Nave_industrial_062,Zona_4
345,2,1404601,23,33.39,43.41,132.41,344,Poligono_Nave_industrial_062,Zona_4
345,3,1405603,5,37.15211593344389,44.582539120132665,191.99253912013268,344,Poligono_Nave_industrial_062,Zona_4
345,4,1405602,33,0.6122159866137066,0.7346591839364479,291.72719830406913,344,Poligono_Nave_industrial_062,Zona_4
345,5,1405601,26,2.441258607301605,2.9295103287619257,372.65670863283106,344,Poligono_Nave_industrial_062,Zona_4
345,6,4105003,11,4.120900804114258,4.945080964937109,410.6017895977682,344,Poligono_Nave_industrial_062,Zona_4
345,7,4104104,3,7.455814375492805,8.946977250591365,428.54876684835955,344,Poligono_Nave_industrial_062,Zona_4
345,8,Regreso_Poligono_Nave_industrial_062,0,58.56,48.82,477.36876684835954,344,Poligono_Nave_industrial_062,Zona_4
346,1,Inicio_Poligono_Nave_industrial_062,0,0.0,20.0,20.0,345,Poligono_Nave_industrial_062,Zona_4
346,2,1404901,27,64.63,62.29,163.29,345,Poligono_Nave_industrial_062,Zona_4
346,3,1404902,28,0.5005838349728738,0.6007006019674486,247.89070060196744,345,Poligono_Nave_industrial_062,Zona_4
346,4,1404903,56,0.28121373434859837,0.33745648121831806,416.22815708318575,345,Poligono_Nave_industrial_062,Zona_4
346,5,Regreso_Poligono_Nave_industrial_062,0,64.7,62.62,478.84815708318575,345,Poligono_Nave_industrial_062,Zona_4
347,1,Inicio_Poligono_Nave_industrial_062,0,0.0,20.0,20.0,346,Poligono_Nave_industrial_062,Zona_4
347,2,1404903,21,64.7,62.62,145.62,346,Poligono_Nave_industrial_062,Zona_4
347,3,4107401,29,8.218794181397666,9.862553017677198,242.48255301767722,346,Poligono_Nave_industrial_062,Zona_4
347,4,4107801,6,5.489151899393311,6.5869822792719726,267.0695352969492,346,Poligono_Nave_industrial_062,Zona_4
347,5,4107802,18,0.591362194965651,0.7096346339587812,321.779169930908,346,Poligono_Nave_industrial_062,Zona_4
347,6,4106601,6,16.744065398142116,20.09287847777054,359.87204840867855,346,Poligono_Nave_industrial_062,Zona_4
347,7,4106602,1,3.220318994752293,3.8643827937027524,366.7364312023813,346,Poligono_Nave_industrial_062,Zona_4
347,8,4105601,1,50.35884170383739,60.43061004460486,430.1670412469862,346,Poligono_Nave_industrial_062,Zona_4
347,9,Regreso_Poligono_Nave_industrial_062,0,68.59,49.21,479.37704124698615,346,Poligono_Nave_industrial_062,Zona_4
348,1,Inicio_Poligono_Nave_industrial_062,0,0.0,20.0,20.0,347,Poligono_Nave_industrial_062,Zona_4
348,2,4100101,8,69.95,56.52,100.52000000000001,347,Poligono_Nave_industrial_062,Zona_4
348,3,4100102,10,1.7774781960957524,2.1329738353149033,132.65297383531492,347,Poligono_Nave_industrial_062,Zona_4
348,4,4104602,20,4.244389263998116,5.093267116797739,197.74624095211266,347,Poligono_Nave_industrial_062,Zona_4
348,5,4104601,13,2.7800491688036484,3.336059002564378,240.08229995467704,347,Poligono_Nave_industrial_062,Zona_4
348,6,4104101,34,4.9784502414277485,5.974140289713298,348.05644024439033,347,Poligono_Nave_industrial_062,Zona_4
348,7,4104104,27,0.8451647678841766,1.0141977214610118,430.07063796585135,347,Poligono_Nave_industrial_062,Zona_4
348,8,Regreso_Poligono_Nave_industrial_062,0,58.56,48.82,478.89063796585134,347,Poligono_Nave_industrial_062,Zona_4
349,1,Inicio_Poligono_Nave_industrial_062,0,0.0,20.0,20.0,348,Poligono_Nave_industrial_062,Zona_4
349,2,4100201,13,165.12,138.99,197.99,348,Poligono_Nave_industrial_062,Zona_4
349,3,4108801,5,7.115686901966758,8.53882428236011,221.52882428236012,348,Poligono_Nave_industrial_062,Zona_4
349,4,4103302,10,11.885150024059989,14.262180028871986,265.7910043112321,348,Poligono_Nave_industrial_062,Zona_4
349,5,4103301,19,0.8717269030138988,1.0460722836166787,323.8370765948488,348,Poligono_Nave_industrial_062,Zona_4
349,6,4103304,8,2.6715047526827522,3.2058057032193026,351.0428822980681,348,Poligono_Nave_industrial_062,Zona_4
349,7,4105601,7,47.131662275270585,56.5579947303247,428.6008770283928,348,Poligono_Nave_industrial_062,Zona_4
349,8,Regreso_Poligono_Nave_industrial_062,0,68.59,49.21,477.8108770283928,348,Poligono_Nave_industrial_062,Zona_4
350,1,Inicio_Poligono_Nave_industrial_062,0,0.0,20.0,20.0,349,Poligono_Nave_industrial_062,Zona_4
350,2,4101401,23,61.81,56.51,145.51,349,Poligono_Nave_industrial_062,Zona_4
350,3,4102601,26,5.083914336268806,6.100697203522567,229.61069720352256,349,Poligono_Nave_industrial_062,Zona_4
350,4,4102602,17,0.9834293328883355,1.1801151994660024,281.79081240298854,349,Poligono_Nave_industrial_062,Zona_4
350,5,4105401,8,5.722272868135053,6.866727441762064,312.6575398447506,349,Poligono_Nave_industrial_062,Zona_4
350,6,4104103,21,5.357141299915535,6.428569559898642,382.0861094046493,349,Poligono_Nave_industrial_062,Zona_4
350,7,4104102,15,0.4081841855362535,0.48982102264350424,427.5759304272928,349,Poligono_Nave_industrial_062,Zona_4
350,8,Regreso_Poligono_Nave_industrial_062,0,58.52,50.16,477.73593042729283,349,Poligono_Nave_industrial_062,Zona_4
351,1,Inicio_Poligono_Nave_industrial_062,0,0.0,20.0,20.0,350,Poligono_Nave_industrial_062,Zona_4
351,2,4190101,29,78.46,84.51,191.51,350,Poligono_Nave_industrial_062,Zona_4
351,3,4105601,32,6.657334154423006,7.988800985307607,295.4988009853076,350,Poligono_Nave_industrial_062,Zona_4
351,4,4103903,42,14.342340099531912,17.210808119438294,438.7096091047459,350,Poligono_Nave_industrial_062,Zona_4
351,5,Regreso_Poligono_Nave_industrial_062,0,54.88,39.73,478.4396091047459,350,Poligono_Nave_industrial_062,Zona_4
352,1,Inicio_Poligono_Nave_industrial_062,0,0.0,20.0,20.0,351,Poligono_Nave_industrial_062,Zona_4
352,2,4103701,15,86.0,80.11,145.11,351,Poligono_Nave_industrial_062,Zona_4
352,3,4103702,18,3.2855028683794485,3.9426034420553386,203.05260344205536,351,Poligono_Nave_industrial_062,Zona_4
352,4,4106201,21,7.241131044457619,8.689357253349142,274.7419606954045,351,Poligono_Nave_industrial_062,Zona_4
352,5,4107201,39,9.969972210387251,11.963966652464702,403.7059273478692,351,Poligono_Nave_industrial_062,Zona_4
352,6,4104102,4,10.026774010850758,12.032128813020911,427.7380561608901,351,Poligono_Nave_industrial_062,Zona_4
352,7,Regreso_Poligono_Nave_industrial_062,0,58.52,50.16,477.89805616089006,351,Poligono_Nave_industrial_062,Zona_4
353,1,Inicio_Poligono_Nave_industrial_062,0,0.0,20.0,20.0,352,Poligono_Nave_industrial_062,Zona_4
353,2,4103901,105,52.72,39.97,374.97,352,Poligono_Nave_industrial_062,Zona_4
353,3,4103905,21,0.33120996778448547,0.39745196134138255,438.36745196134143,352,Poligono_Nave_industrial_062,Zona_4
353,4,Regreso_Poligono_Nave_industrial_062,0,52.61,39.9,478.2674519613414,352,Poligono_Nave_industrial_062,Zona_4
354,1,Inicio_Poligono_Nave_industrial_062,0,0.0,20.0,20.0,353,Poligono_Nave_industrial_062,Zona_4
354,2,4103902,38,53.36,41.2,175.2,353,Poligono_Nave_industrial_062,Zona_4
354,3,4103905,8,0.9849537535400033,1.181944504248004,200.381944504248,353,Poligono_Nave_industrial_062,Zona_4
354,4,4103904,64,0.6273861832372963,0.7528634198847556,393.13480792413276,353,Poligono_Nave_industrial_062,Zona_4
354,5,4103903,15,0.7771061608117064,0.9325273929740476,439.0673353171068,353,Poligono_Nave_industrial_062,Zona_4
354,6,Regreso_Poligono_Nave_industrial_062,0,54.88,39.73,478.79733531710684,353,Poligono_Nave_industrial_062,Zona_4
355,1,Inicio_Poligono_Nave_industrial_062,0,0.0,20.0,20.0,354,Poligono_Nave_industrial_062,Zona_4
355,2,4103903,22,54.88,39.73,125.72999999999999,354,Poligono_Nave_industrial_062,Zona_4
355,3,4108401,17,22.328459752828174,26.79415170339381,203.52415170339378,354,Poligono_Nave_industrial_062,Zona_4
355,4,4108402,10,1.890170280153276,2.2682043361839312,235.79235603957773,354,Poligono_Nave_industrial_062,Zona_4
355,5,4106101,20,4.858938581608508,5.83072629793021,301.6230823375079,354,Poligono_Nave_industrial_062,Zona_4
355,6,4104104,4,9.861987723360514,11.834385268032618,325.45746760554056,354,Poligono_Nave_industrial_062,Zona_4
355,7,4104102,4,0.7945827180526505,0.9534992616631806,338.41096686720374,354,Poligono_Nave_industrial_062,Zona_4
355,8,4107201,4,10.026774010850758,12.032128813020911,362.44309568022464,354,Poligono_Nave_industrial_062,Zona_4
355,9,4108201,14,10.148917762902718,12.178701315483261,416.6217969957079,354,Poligono_Nave_industrial_062,Zona_4
355,10,Regreso_Poligono_Nave_industrial_062,0,76.78,60.48,477.1017969957079,354,Poligono_Nave_industrial_062,Zona_4
356,1,Inicio_Poligono_Nave_industrial_062,0,0.0,20.0,20.0,355,Poligono_Nave_industrial_062,Zona_4
356,2,4105201,33,89.21,71.89,190.89,355,Poligono_Nave_industrial_062,Zona_4
356,3,4106802,16,6.066118461993268,7.279342154391922,246.1693421543919,355,Poligono_Nave_industrial_062,Zona_4
356,4,4106801,26,9.596104263675418,11.515325116410501,335.6846672708024,355,Poligono_Nave_industrial_062,Zona_4
356,5,4106803,25,1.172668596508402,1.4072023158100824,412.09186958661246,355,Poligono_Nave_industrial_062,Zona_4
356,6,Regreso_Poligono_Nave_industrial_062,0,80.36,62.99,475.08186958661247,355,Poligono_Nave_industrial_062,Zona_4
357,1,Inicio_Poligono_Nave_industrial_062,0,0.0,20.0,20.0,356,Poligono_Nave_industrial_062,Zona_4
357,2,4106602,6,106.31,112.74,150.74,356,Poligono_Nave_industrial_062,Zona_4
357,3,4106805,30,84.89599828511243,101.87519794213492,342.61519794213496,356,Poligono_Nave_industrial_062,Zona_4
357,4,4106804,19,6.328767238636416,7.5945206863637,407.20971862849865,356,Poligono_Nave_industrial_062,Zona_4
357,5,Regreso_Poligono_Nave_industrial_062,0,87.06,70.69,477.89971862849865,356,Poligono_Nave_industrial_062,Zona_4
358,1,Inicio_Poligono_Nave_industrial_062,0,0.0,20.0,20.0,357,Poligono_Nave_industrial_062,Zona_4
358,2,4106804,28,87.06,70.69,174.69,357,Poligono_Nave_industrial_062,Zona_4
358,3,4108201,21,29.338183431413782,35.20582011769654,272.89582011769653,357,Poligono_Nave_industrial_062,Zona_4
358,4,Regreso_Poligono_Nave_industrial_062,0,76.78,60.48,333.37582011769655,357,Poligono_Nave_industrial_062,Zona_4
