id_camion,orden_parada,nodo_ine,paquetes,km_tramo,tiempo_tramo_min,tiempo_acumulado_min,Id_Transportista,Centro_Origen,Zona_Geografica
1,1,Inicio_Poligono_Nave_industrial_079,0,0.0,12.0,12.0,1,Poligono_Nave_industrial_079,Zona_0
1,2,2100201,120,24.01,25.37,397.37,1,Poligono_Nave_industrial_079,Zona_0
1,3,2100202,17,3.98442067934485,4.78130481521382,453.15130481521385,1,Poligono_Nave_industrial_079,Zona_0
1,4,2104108,1,2.3346959919779473,2.8016351903735366,458.9529400055874,1,Poligono_Nave_industrial_079,Zona_0
1,5,Regreso_Poligono_Nave_industrial_079,0,16.72,18.17,477.1229400055874,1,Poligono_Nave_industrial_079,Zona_0
2,1,Inicio_Poligono_Nave_industrial_079,0,0.0,12.0,12.0,2,Poligono_Nave_industrial_079,Zona_0
2,2,2100202,137,22.28,25.1,448.1,2,Poligono_Nave_industrial_079,Zona_0
2,3,2104108,3,2.3346959919779473,2.8016351903735366,459.90163519037355,2,Poligono_Nave_industrial_079,Zona_0
2,4,Regreso_Poligono_Nave_industrial_079,0,16.72,18.17,478.07163519037357,2,Poligono_Nave_industrial_079,Zona_0
3,1,Inicio_Poligono_Nave_industrial_079,0,0.0,12.0,12.0,3,Poligono_Nave_industrial_079,Zona_0
3,2,2100301,8,67.62,89.59,125.59,3,Poligono_Nave_industrial_079,Zona_0
3,3,2103701,5,8.599350024725052,10.319220029670062,150.90922002967005,3,Poligono_Nave_industrial_079,Zona_0
3,4,2106501,4,8.042737221092134,9.651284665310559,172.5605046949806,3,Poligono_Nave_industrial_079,Zona_0
3,5,2106601,6,7.38050516289301,8.856606195471612,199.41711089045222,3,Poligono_Nave_industrial_079,Zona_0
3,6,2107301,24,9.626282478792788,11.551538974551347,282.96864986500356,3,Poligono_Nave_industrial_079,Zona_0
3,7,2104201,17,8.676140139172334,10.4113681670068,344.38001803201036,3,Poligono_Nave_industrial_079,Zona_0
3,8,2104203,28,3.701016628049109,4.44121995365893,432.8212379856693,3,Poligono_Nave_industrial_079,Zona_0
3,9,Regreso_Poligono_Nave_industrial_079,0,58.76,45.54,478.36123798566933,3,Poligono_Nave_industrial_079,Zona_0
4,1,Inicio_Poligono_Nave_industrial_079,0,0.0,12.0,12.0,4,Poligono_Nave_industrial_079,Zona_0
4,2,2100401,10,102.68,110.67,152.67000000000002,4,Poligono_Nave_industrial_079,Zona_0
4,3,2102502,12,4.099636339400535,4.919563607280641,193.58956360728067,4,Poligono_Nave_industrial_079,Zona_0
4,4,2102501,28,4.90856981235498,5.890283774825976,283.47984738210664,4,Poligono_Nave_industrial_079,Zona_0
4,5,2100801,11,10.569192931411688,12.683031517694026,329.16287889980066,4,Poligono_Nave_industrial_079,Zona_0
4,6,2100802,5,11.323741931214808,13.58849031745777,357.75136921725846,4,Poligono_Nave_industrial_079,Zona_0
4,7,2101501,6,19.287493274712208,23.14499192965465,398.89636114691314,4,Poligono_Nave_industrial_079,Zona_0
4,8,2102301,3,10.39760318500268,12.477123822003215,420.37348496891633,4,Poligono_Nave_industrial_079,Zona_0
4,9,Regreso_Poligono_Nave_industrial_079,0,60.05,58.31,478.68348496891633,4,Poligono_Nave_industrial_079,Zona_0
5,1,Inicio_Poligono_Nave_industrial_079,0,0.0,12.0,12.0,5,Poligono_Nave_industrial_079,Zona_0
5,2,2100402,7,83.99,94.77,127.77,5,Poligono_Nave_industrial_079,Zona_0
5,3,2190201,10,13.675413505166304,16.410496206199564,174.18049620619956,5,Poligono_Nave_industrial_079,Zona_0
5,4,2101701,26,3.8454834791288572,4.614580174954629,256.7950763811542,5,Poligono_Nave_industrial_079,Zona_0
5,5,2101702,1,1.822554652883053,2.1870655834596637,261.9821419646139,5,Poligono_Nave_industrial_079,Zona_0
5,6,2107801,14,11.747609590884165,14.097131509060999,318.0792734736749,5,Poligono_Nave_industrial_079,Zona_0
5,7,2107201,38,9.069766705766295,10.883720046919555,442.96299352059447,5,Poligono_Nave_industrial_079,Zona_0
5,8,2107202,1,0.4928629834771647,0.5914355801725977,446.55442910076704,5,Poligono_Nave_industrial_079,Zona_0
5,9,Regreso_Poligono_Nave_industrial_079,0,33.58,32.25,478.80442910076704,5,Poligono_Nave_industrial_079,Zona_0
6,1,Inicio_Poligono_Nave_industrial_079,0,0.0,12.0,12.0,6,Poligono_Nave_industrial_079,Zona_0
6,2,2100501,73,44.83,42.37,273.37,6,Poligono_Nave_industrial_079,Zona_0
6,3,2100503,54,3.8452361767284398,4.614283412074128,439.9842834120741,6,Poligono_Nave_industrial_079,Zona_0
6,4,Regreso_Poligono_Nave_industrial_079,0,47.55,38.17,478.1542834120741,6,Poligono_Nave_industrial_079,Zona_0
7,1,Inicio_Poligono_Nave_industrial_079,0,0.0,12.0,12.0,7,Poligono_Nave_industrial_079,Zona_0
7,2,2100502,33,33.95,57.28,168.28,7,Poligono_Nave_industrial_079,Zona_0
7,3,2106102,28,4.662430493615283,5.59491659233834,257.8749165923383,7,Poligono_Nave_industrial_079,Zona_0
7,4,2106101,31,3.5225598019679434,4.227071762361533,355.10198835469987,7,Poligono_Nave_industrial_079,Zona_0
7,5,2101401,33,4.966902963490216,5.960283556188259,460.0622719108881,7,Poligono_Nave_industrial_079,Zona_0
7,6,Regreso_Poligono_Nave_industrial_079,0,19.5,19.24,479.3022719108881,7,Poligono_Nave_industrial_079,Zona_0
8,1,Inicio_Poligono_Nave_industrial_079,0,0.0,12.0,12.0,8,Poligono_Nave_industrial_079,Zona_0
8,2,2100503,51,47.55,38.17,203.17000000000002,8,Poligono_Nave_industrial_079,Zona_0
8,3,2101301,25,9.924221715321632,11.909066058385958,290.079066058386,8,Poligono_Nave_industrial_079,Zona_0
8,4,2101302,24,0.486521633210099,0.5838259598521188,362.6628920182381,8,Poligono_Nave_industrial_079,Zona_0
8,5,2101304,20,0.6059703420408874,0.7271644104490649,423.39005642868716,8,Poligono_Nave_industrial_079,Zona_0
8,6,2101305,9,0.32807321136509643,0.3936878536381157,450.7837442823253,8,Poligono_Nave_industrial_079,Zona_0
8,7,Regreso_Poligono_Nave_industrial_079,0,32.7,28.59,479.3737442823253,8,Poligono_Nave_industrial_079,Zona_0
9,1,Inicio_Poligono_Nave_industrial_079,0,0.0,12.0,12.0,9,Poligono_Nave_industrial_079,Zona_0
9,2,2100601,18,50.46,48.0,114.0,9,Poligono_Nave_industrial_079,Zona_0
9,3,2100602,15,5.674821657726833,6.809785989272199,165.8097859892722,9,Poligono_Nave_industrial_079,Zona_0
9,4,2107501,3,9.379749000322525,11.25569880038703,186.06548478965922,9,Poligono_Nave_industrial_079,Zona_0
9,5,2102301,15,9.916545267382343,11.899854320858811,242.96533911051802,9,Poligono_Nave_industrial_079,Zona_0
9,6,2106801,9,19.258239715414113,23.109887658496937,293.07522676901493,9,Poligono_Nave_industrial_079,Zona_0
9,7,2105701,10,11.364620517187879,13.637544620625455,336.7127713896404,9,Poligono_Nave_industrial_079,Zona_0
9,8,2105801,9,12.436201335377909,14.923441602453492,378.6362129920939,9,Poligono_Nave_industrial_079,Zona_0
9,9,2105802,10,5.1094258754518975,6.131311050542277,414.7675240426362,9,Poligono_Nave_industrial_079,Zona_0
9,10,Regreso_Poligono_Nave_industrial_079,0,66.3,63.1,477.8675240426362,9,Poligono_Nave_industrial_079,Zona_0
10,1,Inicio_Poligono_Nave_industrial_079,0,0.0,12.0,12.0,10,Poligono_Nave_industrial_079,Zona_0
10,2,2100802,3,122.43,121.2,142.2,10,Poligono_Nave_industrial_079,Zona_0
10,3,2100803,6,10.599807005076073,12.719768406091287,172.91976840609126,10,Poligono_Nave_industrial_079,Zona_0
10,4,2106201,13,13.796214323390549,16.555457188068658,228.47522559415992,10,Poligono_Nave_industrial_079,Zona_0
10,5,2103101,10,34.130007116533974,40.95600853984077,299.4312341340007,10,Poligono_Nave_industrial_079,Zona_0
10,6,2107203,23,62.952525531631835,75.5430306379582,443.97426477195893,10,Poligono_Nave_industrial_079,Zona_0
10,7,2107202,1,0.5942747792644838,0.7131297351173805,447.6873945070763,10,Poligono_Nave_industrial_079,Zona_0
10,8,Regreso_Poligono_Nave_industrial_079,0,33.58,32.25,479.9373945070763,10,Poligono_Nave_industrial_079,Zona_0
11,1,Inicio_Poligono_Nave_industrial_079,0,0.0,12.0,12.0,11,Poligono_Nave_industrial_079,Zona_0
11,2,2101001,83,63.77,47.79,308.79,11,Poligono_Nave_industrial_079,Zona_0
11,3,2101002,40,0.3776336480393865,0.4531603776472638,429.2431603776473,11,Poligono_Nave_industrial_079,Zona_0
11,4,Regreso_Poligono_Nave_industrial_079,0,64.16,48.97,478.21316037764734,11,Poligono_Nave_industrial_079,Zona_0
12,1,Inicio_Poligono_Nave_industrial_079,0,0.0,12.0,12.0,12,Poligono_Nave_industrial_079,Zona_0
12,2,2101002,8,64.16,48.97,84.97,12,Poligono_Nave_industrial_079,Zona_0
12,3,2101003,56,4.080614718142985,4.896737661771582,257.8667376617716,12,Poligono_Nave_industrial_079,Zona_0
12,4,2104202,57,4.445245350235012,5.334294420282014,434.20103208205364,12,Poligono_Nave_industrial_079,Zona_0
12,5,Regreso_Poligono_Nave_industrial_079,0,58.8,45.59,479.7910320820537,12,Poligono_Nave_industrial_079,Zona_0
13,1,Inicio_Poligono_Nave_industrial_079,0,0.0,12.0,12.0,13,Poligono_Nave_industrial_079,Zona_0
13,2,2101101,38,19.6,26.19,152.19,13,Poligono_Nave_industrial_079,Zona_0
13,3,2107002,27,6.789043907568878,8.146852689082655,241.33685268908266,13,Poligono_Nave_industrial_079,Zona_0
13,4,2106402,52,3.455572210545764,4.146686652654917,401.4835393417376,13,Poligono_Nave_industrial_079,Zona_0
13,5,2106401,14,6.2663516503156105,7.519621980378732,451.0031613221163,13,Poligono_Nave_industrial_079,Zona_0
13,6,2105001,6,2.062450568972217,2.4749406827666602,471.47810200488294,13,Poligono_Nave_industrial_079,Zona_0
13,7,Regreso_Poligono_Nave_industrial_079,0,4.5,8.48,479.95810200488296,13,Poligono_Nave_industrial_079,Zona_0
14,1,Inicio_Poligono_Nave_industrial_079,0,0.0,12.0,12.0,14,Poligono_Nave_industrial_079,Zona_0
14,2,2101303,33,28.66,23.09,134.09,14,Poligono_Nave_industrial_079,Zona_0
14,3,2101305,9,2.8745127371431383,3.449415284571766,164.53941528457176,14,Poligono_Nave_industrial_079,Zona_0
14,4,2107702,12,7.095042591710728,8.514051110052874,209.05346639462465,14,Poligono_Nave_industrial_079,Zona_0
14,5,2105302,15,4.7358641680645155,5.683037001677419,259.73650339630206,14,Poligono_Nave_industrial_079,Zona_0
14,6,2105301,9,1.8801265951582076,2.256151914189849,288.9926553104919,14,Poligono_Nave_industrial_079,Zona_0
14,7,2101401,15,3.384052825592853,4.0608633907114235,338.0535187012033,14,Poligono_Nave_industrial_079,Zona_0
14,8,2107701,7,10.024713141147453,12.029655769376943,371.0831744705803,14,Poligono_Nave_industrial_079,Zona_0
14,9,2105303,13,5.277900958421737,6.333481150106085,416.41665562068636,14,Poligono_Nave_industrial_079,Zona_0
14,10,2105401,4,11.029490016213774,13.23538801945653,441.6520436401429,14,Poligono_Nave_industrial_079,Zona_0
14,11,Regreso_Poligono_Nave_industrial_079,0,39.54,36.88,478.5320436401429,14,Poligono_Nave_industrial_079,Zona_0
15,1,Inicio_Poligono_Nave_industrial_079,0,0.0,12.0,12.0,15,Poligono_Nave_industrial_079,Zona_0
15,2,2102101,72,37.67,33.46,261.46000000000004,15,Poligono_Nave_industrial_079,Zona_0
15,3,2102102,61,0.3648643523485278,0.4378372228182334,444.8978372228183,15,Poligono_Nave_industrial_079,Zona_0
15,4,Regreso_Poligono_Nave_industrial_079,0,37.97,33.15,478.04783722281826,15,Poligono_Nave_industrial_079,Zona_0
16,1,Inicio_Poligono_Nave_industrial_079,0,0.0,12.0,12.0,16,Poligono_Nave_industrial_079,Zona_0
16,2,2102102,54,37.97,33.15,207.15,16,Poligono_Nave_industrial_079,Zona_0
16,3,2104403,76,2.9558368413021783,3.5470042095626138,438.6970042095626,16,Poligono_Nave_industrial_079,Zona_0
16,4,Regreso_Poligono_Nave_industrial_079,0,44.18,39.75,478.4470042095626,16,Poligono_Nave_industrial_079,Zona_0
17,1,Inicio_Poligono_Nave_industrial_079,0,0.0,12.0,12.0,17,Poligono_Nave_industrial_079,Zona_0
17,2,2103501,50,25.17,38.5,200.5,17,Poligono_Nave_industrial_079,Zona_0
17,3,2103502,61,5.6311876244504475,6.757425149340537,390.2574251493405,17,Poligono_Nave_industrial_079,Zona_0
17,4,2104108,20,8.829764558461966,10.595717470154359,460.85314261949486,17,Poligono_Nave_industrial_079,Zona_0
17,5,Regreso_Poligono_Nave_industrial_079,0,16.72,18.17,479.0231426194949,17,Poligono_Nave_industrial_079,Zona_0
18,1,Inicio_Poligono_Nave_industrial_079,0,0.0,12.0,12.0,18,Poligono_Nave_industrial_079,Zona_0
18,2,2104002,21,66.31,88.62,163.62,18,Poligono_Nave_industrial_079,Zona_0
18,3,2104601,31,32.68522311026133,39.222267732313604,295.84226773231364,18,Poligono_Nave_industrial_079,Zona_0
18,4,2105002,41,9.225539114037264,11.070646936844717,429.91291466915834,18,Poligono_Nave_industrial_079,Zona_0
18,5,2105001,13,2.168336433761436,2.602003720513723,471.51491838967206,18,Poligono_Nave_industrial_079,Zona_0
18,6,Regreso_Poligono_Nave_industrial_079,0,4.5,8.48,479.9949183896721,18,Poligono_Nave_industrial_079,Zona_0
19,1,Inicio_Poligono_Nave_industrial_079,0,0.0,12.0,12.0,19,Poligono_Nave_industrial_079,Zona_0
19,2,2104101,140,20.66,20.07,452.07,19,Poligono_Nave_industrial_079,Zona_0
19,3,Regreso_Poligono_Nave_industrial_079,0,20.66,20.07,472.14,19,Poligono_Nave_industrial_079,Zona_0
20,1,Inicio_Poligono_Nave_industrial_079,0,0.0,12.0,12.0,20,Poligono_Nave_industrial_079,Zona_0
20,2,2104101,100,20.66,20.07,332.07,20,Poligono_Nave_industrial_079,Zona_0
20,3,2104103,40,0.447774095863328,0.5373289150359937,452.60732891503596,20,Poligono_Nave_industrial_079,Zona_0
20,4,Regreso_Poligono_Nave_industrial_079,0,20.53,20.52,473.12732891503595,20,Poligono_Nave_industrial_079,Zona_0
21,1,Inicio_Poligono_Nave_industrial_079,0,0.0,12.0,12.0,21,Poligono_Nave_industrial_079,Zona_0
21,2,2104102,140,18.46,20.09,452.09,21,Poligono_Nave_industrial_079,Zona_0
21,3,Regreso_Poligono_Nave_industrial_079,0,18.46,20.09,472.17999999999995,21,Poligono_Nave_industrial_079,Zona_0
22,1,Inicio_Poligono_Nave_industrial_079,0,0.0,12.0,12.0,22,Poligono_Nave_industrial_079,Zona_0
22,2,2104102,6,18.46,20.09,50.09,22,Poligono_Nave_industrial_079,Zona_0
22,3,2104103,118,1.329836802065275,1.5958041624783301,405.68580416247835,22,Poligono_Nave_industrial_079,Zona_0
22,4,2104104,16,1.9269356390551986,2.312322766866238,455.9981269293446,22,Poligono_Nave_industrial_079,Zona_0
22,5,Regreso_Poligono_Nave_industrial_079,0,15.41,17.18,473.1781269293446,22,Poligono_Nave_industrial_079,Zona_0
23,1,Inicio_Poligono_Nave_industrial_079,0,0.0,12.0,12.0,23,Poligono_Nave_industrial_079,Zona_0
23,2,2104104,140,15.41,17.18,449.18,23,Poligono_Nave_industrial_079,Zona_0
23,3,Regreso_Poligono_Nave_industrial_079,0,15.41,17.18,466.36,23,Poligono_Nave_industrial_079,Zona_0
24,1,Inicio_Poligono_Nave_industrial_079,0,0.0,12.0,12.0,24,Poligono_Nave_industrial_079,Zona_0
24,2,2104104,10,15.41,17.18,59.18,24,Poligono_Nave_industrial_079,Zona_0
24,3,2104105,130,0.30263294013245173,0.3631595281589421,449.5431595281589,24,Poligono_Nave_industrial_079,Zona_0
24,4,Regreso_Poligono_Nave_industrial_079,0,15.06,16.48,466.02315952815894,24,Poligono_Nave_industrial_079,Zona_0
25,1,Inicio_Poligono_Nave_industrial_079,0,0.0,12.0,12.0,25,Poligono_Nave_industrial_079,Zona_0
25,2,2104105,36,15.06,16.48,136.48000000000002,25,Poligono_Nave_industrial_079,Zona_0
25,3,2104106,86,0.5457587378138197,0.6549104853765836,395.1349104853766,25,Poligono_Nave_industrial_079,Zona_0
25,4,2104107,18,1.1262626759663037,1.3515152111595645,450.4864256965362,25,Poligono_Nave_industrial_079,Zona_0
25,5,Regreso_Poligono_Nave_industrial_079,0,15.0,16.41,466.8964256965362,25,Poligono_Nave_industrial_079,Zona_0
26,1,Inicio_Poligono_Nave_industrial_079,0,0.0,12.0,12.0,26,Poligono_Nave_industrial_079,Zona_0
26,2,2104107,140,15.0,16.41,448.41,26,Poligono_Nave_industrial_079,Zona_0
26,3,Regreso_Poligono_Nave_industrial_079,0,15.0,16.41,464.82000000000005,26,Poligono_Nave_industrial_079,Zona_0
27,1,Inicio_Poligono_Nave_industrial_079,0,0.0,12.0,12.0,27,Poligono_Nave_industrial_079,Zona_0
27,2,2104107,118,15.0,16.41,382.41,27,Poligono_Nave_industrial_079,Zona_0
27,3,2104108,22,3.91613965226968,4.699367582723616,453.1093675827236,27,Poligono_Nave_industrial_079,Zona_0
27,4,Regreso_Poligono_Nave_industrial_079,0,16.72,18.17,471.27936758272364,27,Poligono_Nave_industrial_079,Zona_0
28,1,Inicio_Poligono_Nave_industrial_079,0,0.0,12.0,12.0,28,Poligono_Nave_industrial_079,Zona_0
28,2,2104108,95,16.72,18.17,315.17,28,Poligono_Nave_industrial_079,Zona_0
28,3,2105501,44,8.679622413160683,10.415546895792819,457.58554689579285,28,Poligono_Nave_industrial_079,Zona_0
28,4,2105001,1,8.761759629407871,10.514111555289446,471.0996584510823,28,Poligono_Nave_industrial_079,Zona_0
28,5,Regreso_Poligono_Nave_industrial_079,0,4.5,8.48,479.5796584510823,28,Poligono_Nave_industrial_079,Zona_0
29,1,Inicio_Poligono_Nave_industrial_079,0,0.0,12.0,12.0,29,Poligono_Nave_industrial_079,Zona_0
29,2,2104202,7,58.8,45.59,78.59,29,Poligono_Nave_industrial_079,Zona_0
29,3,2104203,46,0.509848911402197,0.6118186936826364,217.20181869368264,29,Poligono_Nave_industrial_079,Zona_0
29,4,2104204,17,5.789086449828072,6.946903739793686,275.14872243347634,29,Poligono_Nave_industrial_079,Zona_0
29,5,2104402,53,3.212115201793443,3.854538242152132,438.00326067562844,29,Poligono_Nave_industrial_079,Zona_0
29,6,Regreso_Poligono_Nave_industrial_079,0,51.98,39.15,477.1532606756284,29,Poligono_Nave_industrial_079,Zona_0
30,1,Inicio_Poligono_Nave_industrial_079,0,0.0,12.0,12.0,30,Poligono_Nave_industrial_079,Zona_0
30,2,2104401,102,43.93,38.64,356.64,30,Poligono_Nave_industrial_079,Zona_0
30,3,2104402,17,2.345735989776657,2.814883187731988,410.454883187732,30,Poligono_Nave_industrial_079,Zona_0
30,4,2104403,1,4.8514504757024195,5.821740570842903,419.2766237585749,30,Poligono_Nave_industrial_079,Zona_0
30,5,2106301,1,18.803736114602906,22.564483337523487,444.84110709609837,30,Poligono_Nave_industrial_079,Zona_0
30,6,Regreso_Poligono_Nave_industrial_079,0,36.59,34.91,479.7511070960984,30,Poligono_Nave_industrial_079,Zona_0
31,1,Inicio_Poligono_Nave_industrial_079,0,0.0,12.0,12.0,31,Poligono_Nave_industrial_079,Zona_0
31,2,2105001,32,4.5,8.48,116.48,31,Poligono_Nave_industrial_079,Zona_0
31,3,2106401,22,2.062450568972217,2.4749406827666602,184.95494068276668,31,Poligono_Nave_industrial_079,Zona_0
31,4,2105501,76,7.6871395383793475,9.224567446055218,422.1795081288219,31,Poligono_Nave_industrial_079,Zona_0
31,5,2106001,2,8.71916181844909,10.462994182138907,438.6425023109608,31,Poligono_Nave_industrial_079,Zona_0
31,6,Regreso_Poligono_Nave_industrial_079,0,37.15,39.47,478.11250231096085,31,Poligono_Nave_industrial_079,Zona_0
32,1,Inicio_Poligono_Nave_industrial_079,0,0.0,12.0,12.0,32,Poligono_Nave_industrial_079,Zona_0
32,2,2105003,104,20.58,36.12,360.12,32,Poligono_Nave_industrial_079,Zona_0
32,3,2106001,21,12.693872125939095,15.232646551126916,438.3526465511269,32,Poligono_Nave_industrial_079,Zona_0
32,4,Regreso_Poligono_Nave_industrial_079,0,37.15,39.47,477.8226465511269,32,Poligono_Nave_industrial_079,Zona_0
33,1,Inicio_Poligono_Nave_industrial_079,0,0.0,12.0,12.0,33,Poligono_Nave_industrial_079,Zona_0
33,2,2105401,88,39.54,36.88,312.88,33,Poligono_Nave_industrial_079,Zona_0
33,3,2107202,25,23.709799433494485,28.451759320193382,416.3317593201934,33,Poligono_Nave_industrial_079,Zona_0
33,4,2107203,9,0.5942747792644838,0.7131297351173805,444.04488905531076,33,Poligono_Nave_industrial_079,Zona_0
33,5,Regreso_Poligono_Nave_industrial_079,0,34.3,33.75,477.79488905531076,33,Poligono_Nave_industrial_079,Zona_0
34,1,Inicio_Poligono_Nave_industrial_079,0,0.0,12.0,12.0,34,Poligono_Nave_industrial_079,Zona_0
34,2,2105802,8,66.3,63.1,99.1,34,Poligono_Nave_industrial_079,Zona_0
34,3,2107601,16,15.050046016763018,18.060055220115622,165.16005522011562,34,Poligono_Nave_industrial_079,Zona_0
34,4,2107602,10,6.495828775807365,7.794994530968838,202.95504975108446,34,Poligono_Nave_industrial_079,Zona_0
34,5,2106301,35,10.139325732408292,12.167190878889949,320.1222406299744,34,Poligono_Nave_industrial_079,Zona_0
34,6,2107001,27,19.665021817033917,23.5980261804407,424.72026681041507,34,Poligono_Nave_industrial_079,Zona_0
34,7,Regreso_Poligono_Nave_industrial_079,0,31.14,53.21,477.93026681041505,34,Poligono_Nave_industrial_079,Zona_0
35,1,Inicio_Poligono_Nave_industrial_079,0,0.0,12.0,12.0,35,Poligono_Nave_industrial_079,Zona_0
35,2,2106001,119,37.15,39.47,408.47,35,Poligono_Nave_industrial_079,Zona_0
35,3,Regreso_Poligono_Nave_industrial_079,0,37.15,39.47,447.94000000000005,35,Poligono_Nave_industrial_079,Zona_0
36,1,Inicio_Poligono_Nave_industrial_079,0,0.0,12.0,12.0,36,Poligono_Nave_industrial_079,Zona_0
36,2,2107001,20,31.14,53.21,125.21000000000001,36,Poligono_Nave_industrial_079,Zona_0
36,3,2107203,23,16.793646613315683,20.152375935978817,214.36237593597883,36,Poligono_Nave_industrial_079,Zona_0
36,4,Regreso_Poligono_Nave_industrial_079,0,34.3,33.75,248.11237593597883,36,Poligono_Nave_industrial_079,Zona_0
37,1,Inicio_Poligono_Industrial_015,0,0.0,12.0,12.0,37,Poligono_Industrial_015,Zona_1
37,2,2100101,7,106.59,112.9,145.9,37,Poligono_Industrial_015,Zona_1
37,3,2104501,3,4.3320000222808375,5.198400026737005,160.098400026737,37,Poligono_Industrial_015,Zona_1
37,4,2104801,4,5.469030306718086,6.562836368061703,178.66123639479872,37,Poligono_Industrial_015,Zona_1
37,5,2103301,7,3.444574472233368,4.133489366680042,203.79472576147876,37,Poligono_Industrial_015,Zona_1
37,6,2102201,2,3.2251969207194273,3.870236304863313,213.66496206634207,37,Poligono_Industrial_015,Zona_1
37,7,2103401,11,4.38610013587557,5.263320163050684,251.92828222939275,37,Poligono_Industrial_015,Zona_1
37,8,2107101,2,3.2627613899847634,3.915313667981716,261.8435958973745,37,Poligono_Industrial_015,Zona_1
37,9,2102601,3,4.151473222825534,4.981767867390642,275.82536376476514,37,Poligono_Industrial_015,Zona_1
37,10,2100702,8,6.181128211412118,7.417353853694541,307.24271761845966,37,Poligono_Industrial_015,Zona_1
37,11,2100703,26,4.381224394247657,5.257469273097188,390.50018689155684,37,Poligono_Industrial_015,Zona_1
37,12,4101301,6,48.92147477566682,58.705769730800185,467.205956622357,37,Poligono_Industrial_015,Zona_1
37,13,Regreso_Poligono_Industrial_015,0,5.36,12.09,479.295956622357,37,Poligono_Industrial_015,Zona_1
38,1,Inicio_Poligono_Industrial_015,0,0.0,12.0,12.0,38,Poligono_Industrial_015,Zona_1
38,2,2100701,17,85.48,89.01,152.01,38,Poligono_Industrial_015,Zona_1
38,3,2100703,30,0.8820452582627974,1.058454309915357,243.06845430991535,38,Poligono_Industrial_015,Zona_1
38,4,2102401,5,7.260839375592848,8.713007250711417,266.7814615606268,38,Poligono_Industrial_015,Zona_1
38,5,2105901,3,5.16162950416732,6.193955405000784,281.9754169656276,38,Poligono_Industrial_015,Zona_1
38,6,2103801,10,6.793538513860199,8.15224621663224,320.1276631822598,38,Poligono_Industrial_015,Zona_1
38,7,2107901,6,7.45546562163372,8.946558745960463,347.0742219282203,38,Poligono_Industrial_015,Zona_1
38,8,2106901,16,13.915480246757287,16.698576296108744,411.77279822432905,38,Poligono_Industrial_015,Zona_1
38,9,4101301,2,39.809789057592525,47.771746869111034,465.5445450934401,38,Poligono_Industrial_015,Zona_1
38,10,Regreso_Poligono_Industrial_015,0,5.36,12.09,477.63454509344007,38,Poligono_Industrial_015,Zona_1
39,1,Inicio_Poligono_Industrial_015,0,0.0,12.0,12.0,39,Poligono_Industrial_015,Zona_1
39,2,2100901,6,94.07,98.19,128.19,39,Poligono_Industrial_015,Zona_1
39,3,2102001,3,7.413015194211481,8.895618233053778,146.08561823305376,39,Poligono_Industrial_015,Zona_1
39,4,2103901,3,6.318437660904732,7.5821251930856794,162.66774342613945,39,Poligono_Industrial_015,Zona_1
39,5,2102901,8,8.629995947299994,10.355995136759994,197.02373856289944,39,Poligono_Industrial_015,Zona_1
39,6,2102701,1,5.905502599137232,7.086603118964677,207.11034168186413,39,Poligono_Industrial_015,Zona_1
39,7,2102902,6,6.487486094791177,7.784983313749413,232.89532499561355,39,Poligono_Industrial_015,Zona_1
39,8,2102801,3,15.418248347060795,18.501898016472953,260.3972230120865,39,Poligono_Industrial_015,Zona_1
39,9,2105101,3,9.965737036548392,11.95888444385807,281.35610745594454,39,Poligono_Industrial_015,Zona_1
39,10,2104301,21,7.509886095150555,9.011863314180665,353.3679707701252,39,Poligono_Industrial_015,Zona_1
39,11,2101901,3,20.272906953694818,24.32748834443378,386.695459114559,39,Poligono_Industrial_015,Zona_1
39,12,2105202,1,7.531901345844259,9.038281615013112,398.7337407295721,39,Poligono_Industrial_015,Zona_1
39,13,4105701,1,10.366412790247054,12.439695348296464,414.1734360778686,39,Poligono_Industrial_015,Zona_1
39,14,4101301,9,21.2227516357454,25.467301962894478,466.64073804076304,39,Poligono_Industrial_015,Zona_1
39,15,Regreso_Poligono_Industrial_015,0,5.36,12.09,478.730738040763,39,Poligono_Industrial_015,Zona_1
40,1,Inicio_Poligono_Industrial_015,0,0.0,12.0,12.0,40,Poligono_Industrial_015,Zona_1
40,2,2101201,3,58.14,82.19,103.19,40,Poligono_Industrial_015,Zona_1
40,3,2107802,11,10.033067492877391,12.039680991452869,148.22968099145288,40,Poligono_Industrial_015,Zona_1
40,4,2104901,28,9.028899803475978,10.834679764171174,243.06436075562405,40,Poligono_Industrial_015,Zona_1
40,5,2104902,7,1.2084011939494743,1.4500814327393692,265.51444218836343,40,Poligono_Industrial_015,Zona_1
40,6,2105201,16,2.5057650293358984,3.006918035203078,316.5213602235665,40,Poligono_Industrial_015,Zona_1
40,7,2105202,13,3.054149768027072,3.6649797216324864,359.186339945199,40,Poligono_Industrial_015,Zona_1
40,8,2105203,13,4.111612411735287,4.933934894082344,403.12027483928136,40,Poligono_Industrial_015,Zona_1
40,9,4105701,1,7.050321400897076,8.460385681076492,414.58066052035787,40,Poligono_Industrial_015,Zona_1
40,10,4101301,4,21.2227516357454,25.467301962894478,452.0479624832524,40,Poligono_Industrial_015,Zona_1
40,11,4101302,5,0.7987623377776639,0.9585148053331967,468.0064772885856,40,Poligono_Industrial_015,Zona_1
40,12,Regreso_Poligono_Industrial_015,0,4.83,10.96,478.96647728858557,40,Poligono_Industrial_015,Zona_1
41,1,Inicio_Poligono_Industrial_015,0,0.0,12.0,12.0,41,Poligono_Industrial_015,Zona_1
41,2,2101601,9,84.54,84.63,123.63,41,Poligono_Industrial_015,Zona_1
41,3,2106901,2,13.359645944836997,16.031575133804395,145.66157513380438,41,Poligono_Industrial_015,Zona_1
41,4,4108301,12,14.967574686366557,17.96108962363987,199.62266475744426,41,Poligono_Industrial_015,Zona_1
41,5,4104301,7,13.051522135645387,15.661826562774465,236.2844913202187,41,Poligono_Industrial_015,Zona_1
41,6,4104501,23,13.29322492400521,15.951869908806252,321.23636122902496,41,Poligono_Industrial_015,Zona_1
41,7,4104502,40,4.069296785837687,4.883156143005224,446.1195173720302,41,Poligono_Industrial_015,Zona_1
41,8,4101302,4,9.047187364610686,10.856624837532824,468.976142209563,41,Poligono_Industrial_015,Zona_1
41,9,Regreso_Poligono_Industrial_015,0,4.83,10.96,479.936142209563,41,Poligono_Industrial_015,Zona_1
42,1,Inicio_Poligono_Industrial_015,0,0.0,12.0,12.0,42,Poligono_Industrial_015,Zona_1
42,2,2101801,10,60.87,84.42,126.42,42,Poligono_Industrial_015,Zona_1
42,3,2101802,9,2.5541489454640005,3.0649787345568007,156.4849787345568,42,Poligono_Industrial_015,Zona_1
42,4,2101901,4,8.48222214011881,10.178666568142571,178.66364530269936,42,Poligono_Industrial_015,Zona_1
42,5,2103601,2,6.502504641706903,7.803005570048283,192.46665087274764,42,Poligono_Industrial_015,Zona_1
42,6,2105203,2,10.031211699223283,12.03745403906794,210.50410491181557,42,Poligono_Industrial_015,Zona_1
42,7,4105701,1,7.050321400897076,8.460385681076492,221.96449059289208,42,Poligono_Industrial_015,Zona_1
42,8,4103101,12,12.443156427826812,14.931787713392175,272.8962783062843,42,Poligono_Industrial_015,Zona_1
42,9,4101302,22,20.20441791548074,24.24530149857689,363.1415798048612,42,Poligono_Industrial_015,Zona_1
42,10,4104502,11,9.047187364610686,10.856624837532824,406.998204642394,42,Poligono_Industrial_015,Zona_1
42,11,4106701,6,4.632014251568499,5.558417101882199,430.5566217442762,42,Poligono_Industrial_015,Zona_1
42,12,Regreso_Poligono_Industrial_015,0,25.35,46.65,477.20662174427616,42,Poligono_Industrial_015,Zona_1
43,1,Inicio_Poligono_Industrial_015,0,0.0,12.0,12.0,43,Poligono_Industrial_015,Zona_1
43,2,2103001,18,33.04,46.68,112.68,43,Poligono_Industrial_015,Zona_1
43,3,2104701,8,3.728862073005064,4.474634487606076,141.15463448760607,43,Poligono_Industrial_015,Zona_1
43,4,2105602,11,4.323029536603305,5.187635443923965,179.34226993153004,43,Poligono_Industrial_015,Zona_1
43,5,2104702,10,5.505795142683893,6.606954171220672,215.94922410275072,43,Poligono_Industrial_015,Zona_1
43,6,2107401,25,2.4617347254609325,2.9540816705531188,293.9033057733038,43,Poligono_Industrial_015,Zona_1
43,7,2105601,16,8.609841934391945,10.331810321270334,352.23511609457415,43,Poligono_Industrial_015,Zona_1
43,8,2103201,19,7.307533813953967,8.769040576744759,418.0041566713189,43,Poligono_Industrial_015,Zona_1
43,9,4103001,2,12.839062897703764,15.406875477244519,439.41103214856344,43,Poligono_Industrial_015,Zona_1
43,10,Regreso_Poligono_Industrial_015,0,24.56,39.51,478.9210321485634,43,Poligono_Industrial_015,Zona_1
44,1,Inicio_Poligono_Industrial_015,0,0.0,12.0,12.0,44,Poligono_Industrial_015,Zona_1
44,2,2103201,1,36.18,60.55,75.55,44,Poligono_Industrial_015,Zona_1
44,3,4103001,3,12.839062897703764,15.406875477244519,99.95687547724452,44,Poligono_Industrial_015,Zona_1
44,4,4102501,13,2.855237270237445,3.426284724284934,142.38316020152945,44,Poligono_Industrial_015,Zona_1
44,5,4102502,11,1.1329250959314487,1.3595101151177387,176.74267031664718,44,Poligono_Industrial_015,Zona_1
44,6,4105101,33,3.263320993538527,3.915985192246232,279.6586555088934,44,Poligono_Industrial_015,Zona_1
44,7,4101201,41,5.343661613370719,6.412393936044862,409.07104944493824,44,Poligono_Industrial_015,Zona_1
44,8,4101501,5,4.382383018763382,5.258859622516058,429.3299090674543,44,Poligono_Industrial_015,Zona_1
44,9,4101502,1,2.2934652048986304,2.7521582458783564,435.0820673133327,44,Poligono_Industrial_015,Zona_1
44,10,4108702,1,4.0684461802108185,4.882135416252982,442.9642027295857,44,Poligono_Industrial_015,Zona_1
44,11,Regreso_Poligono_Industrial_015,0,19.36,35.62,478.5842027295857,44,Poligono_Industrial_015,Zona_1
45,1,Inicio_Poligono_Industrial_015,0,0.0,12.0,12.0,45,Poligono_Industrial_015,Zona_1
45,2,2104001,16,42.82,67.89,127.89,45,Poligono_Industrial_015,Zona_1
45,3,4107501,97,9.036612031609366,10.843934437931239,429.7339344379312,45,Poligono_Industrial_015,Zona_1
45,4,Regreso_Poligono_Industrial_015,0,34.14,50.04,479.77393443793125,45,Poligono_Industrial_015,Zona_1
46,1,Inicio_Poligono_Industrial_015,0,0.0,12.0,12.0,46,Poligono_Industrial_015,Zona_1
46,2,2106701,5,114.92,117.41,144.41,46,Poligono_Industrial_015,Zona_1
46,3,4106701,39,65.89174886366001,79.07009863639202,340.480098636392,46,Poligono_Industrial_015,Zona_1
46,4,4100301,28,3.4535264197027766,4.144231703643332,428.62433034003527,46,Poligono_Industrial_015,Zona_1
46,5,4106702,2,3.758752948535544,4.510503538242653,439.1348338782779,46,Poligono_Industrial_015,Zona_1
46,6,Regreso_Poligono_Industrial_015,0,24.7,40.83,479.9648338782779,46,Poligono_Industrial_015,Zona_1
47,1,Inicio_Poligono_Industrial_015,0,0.0,12.0,12.0,47,Poligono_Industrial_015,Zona_1
47,2,4101001,68,35.18,54.84,270.84000000000003,47,Poligono_Industrial_015,Zona_1
47,3,4104401,48,3.734790421836569,4.481748506203883,419.3217485062039,47,Poligono_Industrial_015,Zona_1
47,4,4101602,3,3.298484852717459,3.958181823260951,432.27993032946483,47,Poligono_Industrial_015,Zona_1
47,5,4108702,1,7.195583446824685,8.634700136189622,443.91463046565445,47,Poligono_Industrial_015,Zona_1
47,6,Regreso_Poligono_Industrial_015,0,19.36,35.62,479.53463046565446,47,Poligono_Industrial_015,Zona_1
48,1,Inicio_Poligono_Industrial_015,0,0.0,12.0,12.0,48,Poligono_Industrial_015,Zona_1
48,2,4101501,17,27.54,49.61,112.61,48,Poligono_Industrial_015,Zona_1
48,3,4101502,40,2.2934652048986304,2.7521582458783564,235.36215824587836,48,Poligono_Industrial_015,Zona_1
48,4,4108702,57,4.0684461802108185,4.882135416252982,411.2442936621313,48,Poligono_Industrial_015,Zona_1
48,5,4108701,11,0.9067687519000222,1.0881225022800265,445.33241616441137,48,Poligono_Industrial_015,Zona_1
48,6,Regreso_Poligono_Industrial_015,0,19.08,34.52,479.85241616441135,48,Poligono_Industrial_015,Zona_1
49,1,Inicio_Poligono_Industrial_015,0,0.0,12.0,12.0,49,Poligono_Industrial_015,Zona_1
49,2,4101601,66,31.11,48.6,258.6,49,Poligono_Industrial_015,Zona_1
49,3,4101602,43,1.1006625011941682,1.3207950014330019,388.920795001433,49,Poligono_Industrial_015,Zona_1
49,4,4104401,9,3.298484852717459,3.958181823260951,419.87897682469395,49,Poligono_Industrial_015,Zona_1
49,5,4101701,1,4.931174411895663,5.917409294274795,428.79638611896877,49,Poligono_Industrial_015,Zona_1
49,6,Regreso_Poligono_Industrial_015,0,34.92,49.35,478.1463861189688,49,Poligono_Industrial_015,Zona_1
50,1,Inicio_Poligono_Industrial_015,0,0.0,12.0,12.0,50,Poligono_Industrial_015,Zona_1
50,2,4101701,123,34.92,49.35,430.35,50,Poligono_Industrial_015,Zona_1
50,3,Regreso_Poligono_Industrial_015,0,34.92,49.35,479.70000000000005,50,Poligono_Industrial_015,Zona_1
51,1,Inicio_Poligono_Industrial_015,0,0.0,12.0,12.0,51,Poligono_Industrial_015,Zona_1
51,2,4101701,123,34.92,49.35,430.35,51,Poligono_Industrial_015,Zona_1
51,3,Regreso_Poligono_Industrial_015,0,34.92,49.35,479.70000000000005,51,Poligono_Industrial_015,Zona_1
52,1,Inicio_Poligono_Industrial_015,0,0.0,12.0,12.0,52,Poligono_Industrial_015,Zona_1
52,2,4101701,11,34.92,49.35,94.35,52,Poligono_Industrial_015,Zona_1
52,3,4104701,111,1.6775362726909762,2.013043527229171,429.36304352722914,52,Poligono_Industrial_015,Zona_1
52,4,Regreso_Poligono_Industrial_015,0,35.34,49.34,478.70304352722917,52,Poligono_Industrial_015,Zona_1
53,1,Inicio_Poligono_Industrial_015,0,0.0,12.0,12.0,53,Poligono_Industrial_015,Zona_1
53,2,4104001,127,25.64,43.19,436.19,53,Poligono_Industrial_015,Zona_1
53,3,Regreso_Poligono_Industrial_015,0,25.64,43.19,479.38,53,Poligono_Industrial_015,Zona_1
54,1,Inicio_Poligono_Industrial_015,0,0.0,12.0,12.0,54,Poligono_Industrial_015,Zona_1
54,2,4104001,84,25.64,43.19,307.19,54,Poligono_Industrial_015,Zona_1
54,3,4109801,42,1.967637734988971,2.3611652819867652,435.55116528198675,54,Poligono_Industrial_015,Zona_1
54,4,Regreso_Poligono_Industrial_015,0,26.1,42.89,478.44116528198674,54,Poligono_Industrial_015,Zona_1
55,1,Inicio_Poligono_Industrial_015,0,0.0,12.0,12.0,55,Poligono_Industrial_015,Zona_1
55,2,4104401,55,35.34,59.56,236.56,55,Poligono_Industrial_015,Zona_1
55,3,4105901,61,3.372943279342306,4.047531935210767,423.6075319352108,55,Poligono_Industrial_015,Zona_1
55,4,4109402,1,8.560856750242236,10.273028100290682,436.88056003550145,55,Poligono_Industrial_015,Zona_1
55,5,Regreso_Poligono_Industrial_015,0,25.08,41.5,478.38056003550145,55,Poligono_Industrial_015,Zona_1
56,1,Inicio_Poligono_Industrial_015,0,0.0,12.0,12.0,56,Poligono_Industrial_015,Zona_1
56,2,4104701,39,35.34,49.34,178.34,56,Poligono_Industrial_015,Zona_1
56,3,4108501,58,4.628013474767526,5.553616169721031,357.89361616972104,56,Poligono_Industrial_015,Zona_1
56,4,4109801,16,2.5214326425336213,3.0257191710403455,408.9193353407614,56,Poligono_Industrial_015,Zona_1
56,5,4106702,9,2.511614344266674,3.013937213120009,438.9332725538814,56,Poligono_Industrial_015,Zona_1
56,6,Regreso_Poligono_Industrial_015,0,24.7,40.83,479.7632725538814,56,Poligono_Industrial_015,Zona_1
57,1,Inicio_Poligono_Industrial_015,0,0.0,12.0,12.0,57,Poligono_Industrial_015,Zona_1
57,2,4105901,119,38.03,54.63,423.63,57,Poligono_Industrial_015,Zona_1
57,3,4109402,1,8.560856750242236,10.273028100290682,436.90302810029067,57,Poligono_Industrial_015,Zona_1
57,4,Regreso_Poligono_Industrial_015,0,25.08,41.5,478.40302810029067,57,Poligono_Industrial_015,Zona_1
58,1,Inicio_Poligono_Industrial_015,0,0.0,12.0,12.0,58,Poligono_Industrial_015,Zona_1
58,2,4105901,119,38.03,54.63,423.63,58,Poligono_Industrial_015,Zona_1
58,3,4109402,1,8.560856750242236,10.273028100290682,436.90302810029067,58,Poligono_Industrial_015,Zona_1
58,4,Regreso_Poligono_Industrial_015,0,25.08,41.5,478.40302810029067,58,Poligono_Industrial_015,Zona_1
59,1,Inicio_Poligono_Industrial_015,0,0.0,12.0,12.0,59,Poligono_Industrial_015,Zona_1
59,2,4105901,119,38.03,54.63,423.63,59,Poligono_Industrial_015,Zona_1
59,3,4109402,1,8.560856750242236,10.273028100290682,436.90302810029067,59,Poligono_Industrial_015,Zona_1
59,4,Regreso_Poligono_Industrial_015,0,25.08,41.5,478.40302810029067,59,Poligono_Industrial_015,Zona_1
60,1,Inicio_Poligono_Industrial_015,0,0.0,12.0,12.0,60,Poligono_Industrial_015,Zona_1
60,2,4105901,119,38.03,54.63,423.63,60,Poligono_Industrial_015,Zona_1
60,3,4109402,1,8.560856750242236,10.273028100290682,436.90302810029067,60,Poligono_Industrial_015,Zona_1
60,4,Regreso_Poligono_Industrial_015,0,25.08,41.5,478.40302810029067,60,Poligono_Industrial_015,Zona_1
61,1,Inicio_Poligono_Industrial_015,0,0.0,12.0,12.0,61,Poligono_Industrial_015,Zona_1
61,2,4105901,9,38.03,54.63,93.63,61,Poligono_Industrial_015,Zona_1
61,3,4108602,50,3.9736750510452565,4.768410061254308,248.3984100612543,61,Poligono_Industrial_015,Zona_1
61,4,4109106,58,3.028701821099554,3.6344421853194646,426.0328522465738,61,Poligono_Industrial_015,Zona_1
61,5,Regreso_Poligono_Industrial_015,0,41.3,52.83,478.86285224657377,61,Poligono_Industrial_015,Zona_1
62,1,Inicio_Poligono_Industrial_015,0,0.0,12.0,12.0,62,Poligono_Industrial_015,Zona_1
62,2,4106702,21,24.7,40.83,115.83,62,Poligono_Industrial_015,Zona_1
62,3,4109401,57,4.4100640698120905,5.2920768837745085,292.1220768837745,62,Poligono_Industrial_015,Zona_1
62,4,4109402,28,0.5982021867438247,0.7178426240925897,376.8399195078671,62,Poligono_Industrial_015,Zona_1
62,5,4108701,20,4.954836358271073,5.945803629925287,442.7857231377924,62,Poligono_Industrial_015,Zona_1
62,6,Regreso_Poligono_Industrial_015,0,19.08,34.52,477.30572313779237,62,Poligono_Industrial_015,Zona_1
63,1,Inicio_Poligono_Industrial_015,0,0.0,12.0,12.0,63,Poligono_Industrial_015,Zona_1
63,2,4107501,21,34.14,50.04,125.03999999999999,63,Poligono_Industrial_015,Zona_1
63,3,4109701,20,5.881310266738427,7.057572320086113,192.0975723200861,63,Poligono_Industrial_015,Zona_1
63,4,4109702,17,3.9608896873704915,4.75306762484459,247.8506399449307,63,Poligono_Industrial_015,Zona_1
63,5,4108701,36,21.104913862891028,25.325896635469235,381.1765365803999,63,Poligono_Industrial_015,Zona_1
63,6,4109106,7,18.346523572995434,22.01582828759452,424.1923648679944,63,Poligono_Industrial_015,Zona_1
63,7,Regreso_Poligono_Industrial_015,0,41.3,52.83,477.0223648679944,63,Poligono_Industrial_015,Zona_1
64,1,Inicio_Poligono_Industrial_015,0,0.0,12.0,12.0,64,Poligono_Industrial_015,Zona_1
64,2,4109103,119,42.68,55.46,424.46,64,Poligono_Industrial_015,Zona_1
64,3,Regreso_Poligono_Industrial_015,0,42.68,55.46,479.91999999999996,64,Poligono_Industrial_015,Zona_1
65,1,Inicio_Poligono_Industrial_015,0,0.0,12.0,12.0,65,Poligono_Industrial_015,Zona_1
65,2,4109103,119,42.68,55.46,424.46,65,Poligono_Industrial_015,Zona_1
65,3,Regreso_Poligono_Industrial_015,0,42.68,55.46,479.91999999999996,65,Poligono_Industrial_015,Zona_1
66,1,Inicio_Poligono_Industrial_015,0,0.0,12.0,12.0,66,Poligono_Industrial_015,Zona_1
66,2,4109103,119,42.68,55.46,424.46,66,Poligono_Industrial_015,Zona_1
66,3,Regreso_Poligono_Industrial_015,0,42.68,55.46,479.91999999999996,66,Poligono_Industrial_015,Zona_1
67,1,Inicio_Poligono_Industrial_015,0,0.0,12.0,12.0,67,Poligono_Industrial_015,Zona_1
67,2,4109103,119,42.68,55.46,424.46,67,Poligono_Industrial_015,Zona_1
67,3,Regreso_Poligono_Industrial_015,0,42.68,55.46,479.91999999999996,67,Poligono_Industrial_015,Zona_1
68,1,Inicio_Poligono_Industrial_015,0,0.0,12.0,12.0,68,Poligono_Industrial_015,Zona_1
68,2,4109103,119,42.68,55.46,424.46,68,Poligono_Industrial_015,Zona_1
68,3,Regreso_Poligono_Industrial_015,0,42.68,55.46,479.91999999999996,68,Poligono_Industrial_015,Zona_1
69,1,Inicio_Poligono_Industrial_015,0,0.0,12.0,12.0,69,Poligono_Industrial_015,Zona_1
69,2,4109103,115,42.68,55.46,412.46,69,Poligono_Industrial_015,Zona_1
69,3,4109105,3,1.4414282235269733,1.729713868232368,423.18971386823233,69,Poligono_Industrial_015,Zona_1
69,4,Regreso_Poligono_Industrial_015,0,43.73,55.6,478.78971386823235,69,Poligono_Industrial_015,Zona_1
70,1,Inicio_Poligono_Industrial_015,0,0.0,12.0,12.0,70,Poligono_Industrial_015,Zona_1
70,2,4109104,117,44.67,57.4,420.4,70,Poligono_Industrial_015,Zona_1
70,3,Regreso_Poligono_Industrial_015,0,44.67,57.4,477.79999999999995,70,Poligono_Industrial_015,Zona_1
71,1,Inicio_Poligono_Industrial_015,0,0.0,12.0,12.0,71,Poligono_Industrial_015,Zona_1
71,2,4109104,117,44.67,57.4,420.4,71,Poligono_Industrial_015,Zona_1
71,3,Regreso_Poligono_Industrial_015,0,44.67,57.4,477.79999999999995,71,Poligono_Industrial_015,Zona_1
72,1,Inicio_Poligono_Industrial_015,0,0.0,12.0,12.0,72,Poligono_Industrial_015,Zona_1
72,2,4109104,117,44.67,57.4,420.4,72,Poligono_Industrial_015,Zona_1
72,3,Regreso_Poligono_Industrial_015,0,44.67,57.4,477.79999999999995,72,Poligono_Industrial_015,Zona_1
73,1,Inicio_Poligono_Industrial_015,0,0.0,12.0,12.0,73,Poligono_Industrial_015,Zona_1
73,2,4109104,117,44.67,57.4,420.4,73,Poligono_Industrial_015,Zona_1
73,3,Regreso_Poligono_Industrial_015,0,44.67,57.4,477.79999999999995,73,Poligono_Industrial_015,Zona_1
74,1,Inicio_Poligono_Industrial_015,0,0.0,12.0,12.0,74,Poligono_Industrial_015,Zona_1
74,2,4109104,117,44.67,57.4,420.4,74,Poligono_Industrial_015,Zona_1
74,3,Regreso_Poligono_Industrial_015,0,44.67,57.4,477.79999999999995,74,Poligono_Industrial_015,Zona_1
75,1,Inicio_Poligono_Industrial_015,0,0.0,12.0,12.0,75,Poligono_Industrial_015,Zona_1
75,2,4109104,79,44.67,57.4,306.4,75,Poligono_Industrial_015,Zona_1
75,3,4109105,38,2.3282917269745025,2.793950072369403,423.1939500723694,75,Poligono_Industrial_015,Zona_1
75,4,Regreso_Poligono_Industrial_015,0,43.73,55.6,478.7939500723694,75,Poligono_Industrial_015,Zona_1
76,1,Inicio_Poligono_Industrial_015,0,0.0,12.0,12.0,76,Poligono_Industrial_015,Zona_1
76,2,4109105,118,43.73,55.6,421.6,76,Poligono_Industrial_015,Zona_1
76,3,4109106,1,1.6645331520959912,1.9974397825151895,426.5974397825152,76,Poligono_Industrial_015,Zona_1
76,4,Regreso_Poligono_Industrial_015,0,41.3,52.83,479.4274397825152,76,Poligono_Industrial_015,Zona_1
77,1,Inicio_Poligono_Industrial_015,0,0.0,12.0,12.0,77,Poligono_Industrial_015,Zona_1
77,2,4109105,118,43.73,55.6,421.6,77,Poligono_Industrial_015,Zona_1
77,3,4109106,1,1.6645331520959912,1.9974397825151895,426.5974397825152,77,Poligono_Industrial_015,Zona_1
77,4,Regreso_Poligono_Industrial_015,0,41.3,52.83,479.4274397825152,77,Poligono_Industrial_015,Zona_1
78,1,Inicio_Poligono_Industrial_015,0,0.0,12.0,12.0,78,Poligono_Industrial_015,Zona_1
78,2,4109105,118,43.73,55.6,421.6,78,Poligono_Industrial_015,Zona_1
78,3,4109106,1,1.6645331520959912,1.9974397825151895,426.5974397825152,78,Poligono_Industrial_015,Zona_1
78,4,Regreso_Poligono_Industrial_015,0,41.3,52.83,479.4274397825152,78,Poligono_Industrial_015,Zona_1
79,1,Inicio_Poligono_Industrial_015,0,0.0,12.0,12.0,79,Poligono_Industrial_015,Zona_1
79,2,4109105,118,43.73,55.6,421.6,79,Poligono_Industrial_015,Zona_1
79,3,4109106,1,1.6645331520959912,1.9974397825151895,426.5974397825152,79,Poligono_Industrial_015,Zona_1
79,4,Regreso_Poligono_Industrial_015,0,41.3,52.83,479.4274397825152,79,Poligono_Industrial_015,Zona_1
80,1,Inicio_Poligono_Industrial_015,0,0.0,12.0,12.0,80,Poligono_Industrial_015,Zona_1
80,2,4109105,118,43.73,55.6,421.6,80,Poligono_Industrial_015,Zona_1
80,3,4109106,1,1.6645331520959912,1.9974397825151895,426.5974397825152,80,Poligono_Industrial_015,Zona_1
80,4,Regreso_Poligono_Industrial_015,0,41.3,52.83,479.4274397825152,80,Poligono_Industrial_015,Zona_1
81,1,Inicio_Poligono_Industrial_015,0,0.0,12.0,12.0,81,Poligono_Industrial_015,Zona_1
81,2,4109105,18,43.73,55.6,121.6,81,Poligono_Industrial_015,Zona_1
81,3,4109106,101,1.6645331520959912,1.9974397825151895,426.59743978251515,81,Poligono_Industrial_015,Zona_1
81,4,Regreso_Poligono_Industrial_015,0,41.3,52.83,479.42743978251514,81,Poligono_Industrial_015,Zona_1
82,1,Inicio_Poligono_Industrial_015,0,0.0,12.0,12.0,82,Poligono_Industrial_015,Zona_1
82,2,4109106,120,41.3,52.83,424.83,82,Poligono_Industrial_015,Zona_1
82,3,Regreso_Poligono_Industrial_015,0,41.3,52.83,477.65999999999997,82,Poligono_Industrial_015,Zona_1
83,1,Inicio_Poligono_Industrial_015,0,0.0,12.0,12.0,83,Poligono_Industrial_015,Zona_1
83,2,4109106,120,41.3,52.83,424.83,83,Poligono_Industrial_015,Zona_1
83,3,Regreso_Poligono_Industrial_015,0,41.3,52.83,477.65999999999997,83,Poligono_Industrial_015,Zona_1
84,1,Inicio_Poligono_Industrial_015,0,0.0,12.0,12.0,84,Poligono_Industrial_015,Zona_1
84,2,4109106,118,41.3,52.83,418.83,84,Poligono_Industrial_015,Zona_1
84,3,Regreso_Poligono_Industrial_015,0,41.3,52.83,471.65999999999997,84,Poligono_Industrial_015,Zona_1
85,1,Inicio_Poligono_Almacen_003,0,0.0,12.0,12.0,85,Poligono_Almacen_003,Zona_2
85,2,1100701,51,61.13,50.8,215.8,85,Poligono_Almacen_003,Zona_2
85,3,1100702,67,0.352337002867611,0.4228044034411332,417.22280440344116,85,Poligono_Almacen_003,Zona_2
85,4,1100703,3,1.019171154315961,1.2230053851791531,427.4458097886203,85,Poligono_Almacen_003,Zona_2
85,5,Regreso_Poligono_Almacen_003,0,61.98,51.96,479.4058097886203,85,Poligono_Almacen_003,Zona_2
86,1,Inicio_Poligono_Almacen_003,0,0.0,12.0,12.0,86,Poligono_Almacen_003,Zona_2
86,2,1100703,25,61.98,51.96,138.96,86,Poligono_Almacen_003,Zona_2
86,3,1100704,24,5.011222504833083,6.0134670057997,216.9734670057997,86,Poligono_Almacen_003,Zona_2
86,4,1103902,51,10.984564019753538,13.181476823704246,383.15494382950396,86,Poligono_Almacen_003,Zona_2
86,5,1103901,9,5.041109230064485,6.049331076077382,416.2042749055813,86,Poligono_Almacen_003,Zona_2
86,6,1103903,3,6.7773341265912,8.13280095190944,433.33707585749073,86,Poligono_Almacen_003,Zona_2
86,7,1101402,1,5.819569469156384,6.983483362987662,443.3205592204784,86,Poligono_Almacen_003,Zona_2
86,8,Regreso_Poligono_Almacen_003,0,38.85,35.92,479.2405592204784,86,Poligono_Almacen_003,Zona_2
87,1,Inicio_Poligono_Almacen_003,0,0.0,12.0,12.0,87,Poligono_Almacen_003,Zona_2
87,2,1100801,119,72.26,54.25,423.25,87,Poligono_Almacen_003,Zona_2
87,3,Regreso_Poligono_Almacen_003,0,72.26,54.25,477.5,87,Poligono_Almacen_003,Zona_2
88,1,Inicio_Poligono_Almacen_003,0,0.0,12.0,12.0,88,Poligono_Almacen_003,Zona_2
88,2,1100801,55,72.26,54.25,231.25,88,Poligono_Almacen_003,Zona_2
88,3,1100803,54,10.615581828344459,12.73869819401335,405.98869819401335,88,Poligono_Almacen_003,Zona_2
88,4,Regreso_Poligono_Almacen_003,0,86.4,71.11,477.09869819401337,88,Poligono_Almacen_003,Zona_2
89,1,Inicio_Poligono_Almacen_003,0,0.0,12.0,12.0,89,Poligono_Almacen_003,Zona_2
89,2,1100802,19,88.99,66.21,135.20999999999998,89,Poligono_Almacen_003,Zona_2
89,3,1100803,2,4.740225909878709,5.6882710918544515,146.89827109185444,89,Poligono_Almacen_003,Zona_2
89,4,1103502,39,19.334983463312298,23.201980155974756,287.1002512478292,89,Poligono_Almacen_003,Zona_2
89,5,1103501,36,6.688065894531649,8.025679073437978,403.12593032126716,89,Poligono_Almacen_003,Zona_2
89,6,Regreso_Poligono_Almacen_003,0,100.33,76.51,479.63593032126715,89,Poligono_Almacen_003,Zona_2
90,1,Inicio_Poligono_Almacen_003,0,0.0,12.0,12.0,90,Poligono_Almacen_003,Zona_2
90,2,1190101,61,47.87,52.29,247.29,90,Poligono_Almacen_003,Zona_2
90,3,1102306,15,8.293523739269245,9.952228487123095,302.2422284871231,90,Poligono_Almacen_003,Zona_2
90,4,1102301,6,8.382563962355542,10.05907675482665,330.30130524194976,90,Poligono_Almacen_003,Zona_2
90,5,1102303,6,0.3003628655834057,0.3604354387000868,348.66174068064987,90,Poligono_Almacen_003,Zona_2
90,6,1102302,7,0.27299557657693596,0.32759469189232315,369.9893353725422,90,Poligono_Almacen_003,Zona_2
90,7,1102304,7,0.5452676287092151,0.6543211544510581,391.64365652699325,90,Poligono_Almacen_003,Zona_2
90,8,1102305,20,0.639129534199222,0.7669554410390664,452.4106119680323,90,Poligono_Almacen_003,Zona_2
90,9,Regreso_Poligono_Almacen_003,0,26.17,25.45,477.8606119680323,90,Poligono_Almacen_003,Zona_2
91,1,Inicio_Poligono_Almacen_003,0,0.0,12.0,12.0,91,Poligono_Almacen_003,Zona_2
91,2,1101201,59,19.86,22.97,211.97,91,Poligono_Almacen_003,Zona_2
91,3,1101203,57,0.20398239437268112,0.24477887324721734,383.2147788732472,91,Poligono_Almacen_003,Zona_2
91,4,1101202,24,0.1640972106368737,0.19691665276424844,455.41169552601144,91,Poligono_Almacen_003,Zona_2
91,5,Regreso_Poligono_Almacen_003,0,19.88,23.67,479.08169552601146,91,Poligono_Almacen_003,Zona_2
92,1,Inicio_Poligono_Almacen_003,0,0.0,12.0,12.0,92,Poligono_Almacen_003,Zona_2
92,2,1101202,33,19.88,23.67,134.67000000000002,92,Poligono_Almacen_003,Zona_2
92,3,1101205,39,0.2466611270921861,0.2959933525106233,251.96599335251062,92,Poligono_Almacen_003,Zona_2
92,4,1101206,37,0.2980574668065243,0.3576689601678292,363.32366231267844,92,Poligono_Almacen_003,Zona_2
92,5,1101204,30,0.6020661600586678,0.7224793920704013,454.04614170474883,92,Poligono_Almacen_003,Zona_2
92,6,1101207,1,1.3722903417706547,1.6467484101247856,458.6928901148736,92,Poligono_Almacen_003,Zona_2
92,7,Regreso_Poligono_Almacen_003,0,18.21,19.72,478.41289011487356,92,Poligono_Almacen_003,Zona_2
93,1,Inicio_Poligono_Almacen_003,0,0.0,12.0,12.0,93,Poligono_Almacen_003,Zona_2
93,2,1101204,3,20.02,24.1,45.1,93,Poligono_Almacen_003,Zona_2
93,3,1101207,26,1.3722903417706547,1.6467484101247856,124.74674841012478,93,Poligono_Almacen_003,Zona_2
93,4,1101208,111,0.7650106721654121,0.9180128065984945,458.66476121672326,93,Poligono_Almacen_003,Zona_2
93,5,Regreso_Poligono_Almacen_003,0,18.1,18.7,477.36476121672325,93,Poligono_Almacen_003,Zona_2
94,1,Inicio_Poligono_Almacen_003,0,0.0,12.0,12.0,94,Poligono_Almacen_003,Zona_2
94,2,1101208,140,18.1,18.7,450.7,94,Poligono_Almacen_003,Zona_2
94,3,Regreso_Poligono_Almacen_003,0,18.1,18.7,469.4,94,Poligono_Almacen_003,Zona_2
95,1,Inicio_Poligono_Almacen_003,0,0.0,12.0,12.0,95,Poligono_Almacen_003,Zona_2
95,2,1101208,26,18.1,18.7,108.7,95,Poligono_Almacen_003,Zona_2
95,3,1101209,114,1.166236808575326,1.3994841702903913,452.0994841702904,95,Poligono_Almacen_003,Zona_2
95,4,Regreso_Poligono_Almacen_003,0,17.78,18.73,470.8294841702904,95,Poligono_Almacen_003,Zona_2
96,1,Inicio_Poligono_Almacen_003,0,0.0,12.0,12.0,96,Poligono_Almacen_003,Zona_2
96,2,1101209,110,17.78,18.73,360.73,96,Poligono_Almacen_003,Zona_2
96,3,1101210,30,0.9296233182472802,1.1155479818967362,451.84554798189674,96,Poligono_Almacen_003,Zona_2
96,4,Regreso_Poligono_Almacen_003,0,18.56,20.02,471.8655479818967,96,Poligono_Almacen_003,Zona_2
97,1,Inicio_Poligono_Almacen_003,0,0.0,12.0,12.0,97,Poligono_Almacen_003,Zona_2
97,2,1101210,140,18.56,20.02,452.02,97,Poligono_Almacen_003,Zona_2
97,3,Regreso_Poligono_Almacen_003,0,18.56,20.02,472.03999999999996,97,Poligono_Almacen_003,Zona_2
98,1,Inicio_Poligono_Almacen_003,0,0.0,12.0,12.0,98,Poligono_Almacen_003,Zona_2
98,2,1101210,112,18.56,20.02,368.02,98,Poligono_Almacen_003,Zona_2
98,3,1102801,28,7.611229195596312,9.133475034715575,461.15347503471554,98,Poligono_Almacen_003,Zona_2
98,4,Regreso_Poligono_Almacen_003,0,10.16,12.94,474.09347503471554,98,Poligono_Almacen_003,Zona_2
99,1,Inicio_Poligono_Almacen_003,0,0.0,12.0,12.0,99,Poligono_Almacen_003,Zona_2
99,2,1101501,140,19.95,22.54,454.54,99,Poligono_Almacen_003,Zona_2
99,3,Regreso_Poligono_Almacen_003,0,19.95,22.54,477.08000000000004,99,Poligono_Almacen_003,Zona_2
100,1,Inicio_Poligono_Almacen_003,0,0.0,12.0,12.0,100,Poligono_Almacen_003,Zona_2
100,2,1101501,10,19.95,22.54,64.53999999999999,100,Poligono_Almacen_003,Zona_2
100,3,1101504,130,0.46353467110718416,0.556241605328621,455.0962416053286,100,Poligono_Almacen_003,Zona_2
100,4,Regreso_Poligono_Almacen_003,0,18.88,21.76,476.8562416053286,100,Poligono_Almacen_003,Zona_2
101,1,Inicio_Poligono_Almacen_003,0,0.0,12.0,12.0,101,Poligono_Almacen_003,Zona_2
101,2,1101502,79,21.15,25.13,274.13,101,Poligono_Almacen_003,Zona_2
101,3,1101503,60,0.6220972667598266,0.7465167201117919,454.8765167201118,101,Poligono_Almacen_003,Zona_2
101,4,Regreso_Poligono_Almacen_003,0,20.38,23.36,478.2365167201118,101,Poligono_Almacen_003,Zona_2
102,1,Inicio_Poligono_Almacen_003,0,0.0,12.0,12.0,102,Poligono_Almacen_003,Zona_2
102,2,1101503,21,20.38,23.36,98.36,102,Poligono_Almacen_003,Zona_2
102,3,1101504,63,0.91754222192663,1.1010506663119561,288.46105066631196,102,Poligono_Almacen_003,Zona_2
102,4,1103106,54,6.506039762107262,7.807247714528714,458.2682983808407,102,Poligono_Almacen_003,Zona_2
102,5,Regreso_Poligono_Almacen_003,0,17.38,20.57,478.8382983808407,102,Poligono_Almacen_003,Zona_2
103,1,Inicio_Poligono_Almacen_003,0,0.0,12.0,12.0,103,Poligono_Almacen_003,Zona_2
103,2,1101505,131,32.36,37.04,442.04,103,Poligono_Almacen_003,Zona_2
103,3,1103104,1,13.052962666281811,15.663555199538173,460.7035551995382,103,Poligono_Almacen_003,Zona_2
103,4,Regreso_Poligono_Almacen_003,0,16.19,19.17,479.8735551995382,103,Poligono_Almacen_003,Zona_2
104,1,Inicio_Poligono_Almacen_003,0,0.0,12.0,12.0,104,Poligono_Almacen_003,Zona_2
104,2,1101505,131,32.36,37.04,442.04,104,Poligono_Almacen_003,Zona_2
104,3,1103104,1,13.052962666281811,15.663555199538173,460.7035551995382,104,Poligono_Almacen_003,Zona_2
104,4,Regreso_Poligono_Almacen_003,0,16.19,19.17,479.8735551995382,104,Poligono_Almacen_003,Zona_2
105,1,Inicio_Poligono_Almacen_003,0,0.0,12.0,12.0,105,Poligono_Almacen_003,Zona_2
105,2,1101505,36,32.36,37.04,157.04,105,Poligono_Almacen_003,Zona_2
105,3,1101402,66,10.35288619333759,12.423463432005107,367.46346343200514,105,Poligono_Almacen_003,Zona_2
105,4,1101401,24,0.6952204264661506,0.8342645117593807,440.2977279437645,105,Poligono_Almacen_003,Zona_2
105,5,Regreso_Poligono_Almacen_003,0,39.37,37.72,478.0177279437645,105,Poligono_Almacen_003,Zona_2
106,1,Inicio_Poligono_Almacen_003,0,0.0,12.0,12.0,106,Poligono_Almacen_003,Zona_2
106,2,1101401,68,39.37,37.72,253.72,106,Poligono_Almacen_003,Zona_2
106,3,1101403,52,0.43242093410846966,0.5189051209301636,410.23890512093016,106,Poligono_Almacen_003,Zona_2
106,4,1103903,5,5.153921855731098,6.184706226877317,431.4236113478075,106,Poligono_Almacen_003,Zona_2
106,5,Regreso_Poligono_Almacen_003,0,45.07,46.58,478.00361134780746,106,Poligono_Almacen_003,Zona_2
107,1,Inicio_Poligono_Almacen_003,0,0.0,12.0,12.0,107,Poligono_Almacen_003,Zona_2
107,2,1102010,26,29.52,32.15,122.15,107,Poligono_Almacen_003,Zona_2
107,3,1102704,68,9.7748213091313,11.72978557095756,337.87978557095755,107,Poligono_Almacen_003,Zona_2
107,4,1102701,39,3.8735923466941427,4.648310816032971,459.5280963869905,107,Poligono_Almacen_003,Zona_2
107,5,Regreso_Poligono_Almacen_003,0,16.6,19.08,478.6080963869905,107,Poligono_Almacen_003,Zona_2
108,1,Inicio_Poligono_Almacen_003,0,0.0,12.0,12.0,108,Poligono_Almacen_003,Zona_2
108,2,1102103,13,126.86,104.23,155.23000000000002,108,Poligono_Almacen_003,Zona_2
108,3,1102501,46,42.26811951719057,50.721743420628684,343.9517434206287,108,Poligono_Almacen_003,Zona_2
108,4,1102305,33,8.78033433393877,10.536401200726525,453.4881446213552,108,Poligono_Almacen_003,Zona_2
108,5,Regreso_Poligono_Almacen_003,0,26.17,25.45,478.9381446213552,108,Poligono_Almacen_003,Zona_2
109,1,Inicio_Poligono_Almacen_003,0,0.0,12.0,12.0,109,Poligono_Almacen_003,Zona_2
109,2,1102305,6,26.17,25.45,55.45,109,Poligono_Almacen_003,Zona_2
109,3,1102804,129,15.521740284833957,18.62608834180075,461.07608834180076,109,Poligono_Almacen_003,Zona_2
109,4,Regreso_Poligono_Almacen_003,0,10.52,16.25,477.32608834180076,109,Poligono_Almacen_003,Zona_2
110,1,Inicio_Poligono_Almacen_003,0,0.0,12.0,12.0,110,Poligono_Almacen_003,Zona_2
110,2,1102701,140,16.6,19.08,451.08,110,Poligono_Almacen_003,Zona_2
110,3,Regreso_Poligono_Almacen_003,0,16.6,19.08,470.15999999999997,110,Poligono_Almacen_003,Zona_2
111,1,Inicio_Poligono_Almacen_003,0,0.0,12.0,12.0,111,Poligono_Almacen_003,Zona_2
111,2,1102701,140,16.6,19.08,451.08,111,Poligono_Almacen_003,Zona_2
111,3,Regreso_Poligono_Almacen_003,0,16.6,19.08,470.15999999999997,111,Poligono_Almacen_003,Zona_2
112,1,Inicio_Poligono_Almacen_003,0,0.0,12.0,12.0,112,Poligono_Almacen_003,Zona_2
112,2,1102701,21,16.6,19.08,94.08,112,Poligono_Almacen_003,Zona_2
112,3,1102703,119,1.1131423559226925,1.335770827107231,452.4157708271072,112,Poligono_Almacen_003,Zona_2
112,4,Regreso_Poligono_Almacen_003,0,17.93,21.36,473.77577082710724,112,Poligono_Almacen_003,Zona_2
113,1,Inicio_Poligono_Almacen_003,0,0.0,12.0,12.0,113,Poligono_Almacen_003,Zona_2
113,2,1102702,139,24.08,24.19,453.19,113,Poligono_Almacen_003,Zona_2
113,3,1102801,1,8.922192725543058,10.706631270651668,466.89663127065165,113,Poligono_Almacen_003,Zona_2
113,4,Regreso_Poligono_Almacen_003,0,10.16,12.94,479.83663127065165,113,Poligono_Almacen_003,Zona_2
114,1,Inicio_Poligono_Almacen_003,0,0.0,12.0,12.0,114,Poligono_Almacen_003,Zona_2
114,2,1102702,90,24.08,24.19,306.19,114,Poligono_Almacen_003,Zona_2
114,3,1102703,49,3.538716268079371,4.246459521695246,457.43645952169527,114,Poligono_Almacen_003,Zona_2
114,4,Regreso_Poligono_Almacen_003,0,17.93,21.36,478.7964595216953,114,Poligono_Almacen_003,Zona_2
115,1,Inicio_Poligono_Almacen_003,0,0.0,12.0,12.0,115,Poligono_Almacen_003,Zona_2
115,2,1102703,58,17.93,21.36,207.36,115,Poligono_Almacen_003,Zona_2
115,3,1102801,55,9.401324143795506,11.281588972554607,383.6415889725546,115,Poligono_Almacen_003,Zona_2
115,4,1102802,24,0.5335778954241297,0.6402934745089557,456.28188244706354,115,Poligono_Almacen_003,Zona_2
115,5,1102803,3,0.4212157304749225,0.5054588765699071,465.7873413236334,115,Poligono_Almacen_003,Zona_2
115,6,Regreso_Poligono_Almacen_003,0,7.51,11.74,477.52734132363344,115,Poligono_Almacen_003,Zona_2
116,1,Inicio_Poligono_Almacen_003,0,0.0,12.0,12.0,116,Poligono_Almacen_003,Zona_2
116,2,1102803,111,7.51,11.74,356.74,116,Poligono_Almacen_003,Zona_2
116,3,1103101,29,6.238814621413327,7.486577545695992,451.226577545696,116,Poligono_Almacen_003,Zona_2
116,4,Regreso_Poligono_Almacen_003,0,15.26,17.57,468.796577545696,116,Poligono_Almacen_003,Zona_2
117,1,Inicio_Poligono_Almacen_003,0,0.0,12.0,12.0,117,Poligono_Almacen_003,Zona_2
117,2,1102804,60,10.52,16.25,208.25,117,Poligono_Almacen_003,Zona_2
117,3,1103101,80,8.092202281384436,9.710642737661324,457.9606427376613,117,Poligono_Almacen_003,Zona_2
117,4,Regreso_Poligono_Almacen_003,0,15.26,17.57,475.5306427376613,117,Poligono_Almacen_003,Zona_2
118,1,Inicio_Poligono_Almacen_003,0,0.0,12.0,12.0,118,Poligono_Almacen_003,Zona_2
118,2,1103001,94,40.97,40.05,334.05,118,Poligono_Almacen_003,Zona_2
118,3,1103003,35,0.4367860962301748,0.5241433154762097,439.57414331547625,118,Poligono_Almacen_003,Zona_2
118,4,Regreso_Poligono_Almacen_003,0,40.71,39.02,478.59414331547623,118,Poligono_Almacen_003,Zona_2
119,1,Inicio_Poligono_Almacen_003,0,0.0,12.0,12.0,119,Poligono_Almacen_003,Zona_2
119,2,1103002,56,40.35,38.23,218.23,119,Poligono_Almacen_003,Zona_2
119,3,1103003,74,0.4201778180583257,0.5042133816699909,440.73421338167,119,Poligono_Almacen_003,Zona_2
119,4,Regreso_Poligono_Almacen_003,0,40.71,39.02,479.75421338166996,119,Poligono_Almacen_003,Zona_2
120,1,Inicio_Poligono_Almacen_003,0,0.0,12.0,12.0,120,Poligono_Almacen_003,Zona_2
120,2,1103003,28,40.71,39.02,135.02,120,Poligono_Almacen_003,Zona_2
120,3,1103103,73,21.78701096523588,26.144413158283054,380.1644131582831,120,Poligono_Almacen_003,Zona_2
120,4,1103102,9,0.5687158802567854,0.6824590563081425,407.8468722145912,120,Poligono_Almacen_003,Zona_2
120,5,1103104,17,0.5514243424846832,0.6617092109816198,459.5085814255728,120,Poligono_Almacen_003,Zona_2
120,6,Regreso_Poligono_Almacen_003,0,16.19,19.17,478.6785814255728,120,Poligono_Almacen_003,Zona_2
121,1,Inicio_Poligono_Almacen_003,0,0.0,12.0,12.0,121,Poligono_Almacen_003,Zona_2
121,2,1103101,89,15.26,17.57,296.57,121,Poligono_Almacen_003,Zona_2
121,3,1103104,51,1.5356816708770393,1.8428180050524472,451.41281800505243,121,Poligono_Almacen_003,Zona_2
121,4,Regreso_Poligono_Almacen_003,0,16.19,19.17,470.58281800505245,121,Poligono_Almacen_003,Zona_2
122,1,Inicio_Poligono_Almacen_003,0,0.0,12.0,12.0,122,Poligono_Almacen_003,Zona_2
122,2,1103104,3,16.19,19.17,40.17,122,Poligono_Almacen_003,Zona_2
122,3,1103106,137,0.5647412713096115,0.6776895255715338,451.8476895255715,122,Poligono_Almacen_003,Zona_2
122,4,Regreso_Poligono_Almacen_003,0,17.38,20.57,472.4176895255715,122,Poligono_Almacen_003,Zona_2
123,1,Inicio_Poligono_Almacen_003,0,0.0,12.0,12.0,123,Poligono_Almacen_003,Zona_2
123,2,1103105,105,17.29,20.32,347.32,123,Poligono_Almacen_003,Zona_2
123,3,1103106,35,0.321945666207136,0.3863347994485632,452.70633479944854,123,Poligono_Almacen_003,Zona_2
123,4,Regreso_Poligono_Almacen_003,0,17.38,20.57,473.27633479944853,123,Poligono_Almacen_003,Zona_2
124,1,Inicio_Poligono_Almacen_003,0,0.0,12.0,12.0,124,Poligono_Almacen_003,Zona_2
124,2,1103106,140,17.38,20.57,452.57,124,Poligono_Almacen_003,Zona_2
124,3,Regreso_Poligono_Almacen_003,0,17.38,20.57,473.14,124,Poligono_Almacen_003,Zona_2
125,1,Inicio_Poligono_Almacen_003,0,0.0,12.0,12.0,125,Poligono_Almacen_003,Zona_2
125,2,1103106,58,17.38,20.57,206.57,125,Poligono_Almacen_003,Zona_2
125,3,1103903,33,28.273005155599986,33.927606186719984,339.49760618671996,125,Poligono_Almacen_003,Zona_2
125,4,1103501,2,47.30997207118884,56.7719664854266,402.2695726721466,125,Poligono_Almacen_003,Zona_2
125,5,Regreso_Poligono_Almacen_003,0,100.33,76.51,478.77957267214657,125,Poligono_Almacen_003,Zona_2
126,1,Inicio_Poligono_Almacen_003,0,0.0,12.0,12.0,126,Poligono_Almacen_003,Zona_2
126,2,1103501,97,100.33,76.51,379.51,126,Poligono_Almacen_003,Zona_2
126,3,Regreso_Poligono_Almacen_003,0,100.33,76.51,456.02,126,Poligono_Almacen_003,Zona_2
127,1,Inicio_Poligono_Nave_industrial_074,0,0.0,12.0,12.0,127,Poligono_Nave_industrial_074,Zona_3
127,2,1400801,5,219.32,164.49,191.49,127,Poligono_Nave_industrial_074,Zona_3
127,3,1400804,8,0.4757664824284305,0.5709197789141166,216.06091977891413,127,Poligono_Nave_industrial_074,Zona_3
127,4,1400802,6,0.5503246031476925,0.660389523777231,234.72130930269137,127,Poligono_Nave_industrial_074,Zona_3
127,5,1400803,5,2.092404298104657,2.5108851577255886,252.23219446041696,127,Poligono_Nave_industrial_074,Zona_3
127,6,1406401,3,24.589458726334303,29.507350471601164,290.73954493201813,127,Poligono_Nave_industrial_074,Zona_3
127,7,1401101,5,7.861980049568664,9.434376059482396,315.17392099150055,127,Poligono_Nave_industrial_074,Zona_3
127,8,1402901,3,12.093667781825587,14.512401338190704,338.6863223296913,127,Poligono_Nave_industrial_074,Zona_3
127,9,4109901,1,76.41622579893705,91.69947095872446,433.38579328841575,127,Poligono_Nave_industrial_074,Zona_3
127,10,4109903,1,0.7139528878650904,0.8567434654381084,437.24253675385387,127,Poligono_Nave_industrial_074,Zona_3
127,11,4102302,1,9.90040952366973,11.880491428403676,452.12302818225754,127,Poligono_Nave_industrial_074,Zona_3
127,12,Regreso_Poligono_Nave_industrial_074,0,23.98,27.72,479.8430281822575,127,Poligono_Nave_industrial_074,Zona_3
128,1,Inicio_Poligono_Nave_industrial_074,0,0.0,12.0,12.0,128,Poligono_Nave_industrial_074,Zona_3
128,2,1402901,5,170.11,140.73,167.73,128,Poligono_Nave_industrial_074,Zona_3
128,3,1402902,10,7.8593557921933925,9.431226950632071,207.16122695063206,128,Poligono_Nave_industrial_074,Zona_3
128,4,1402904,7,6.524285377357315,7.829142452828778,235.99036940346082,128,Poligono_Nave_industrial_074,Zona_3
128,5,1405203,19,10.506141763775181,12.607370116530218,305.597739519991,128,Poligono_Nave_industrial_074,Zona_3
128,6,1405204,2,1.286491212070788,1.5437894544849455,313.141528974476,128,Poligono_Nave_industrial_074,Zona_3
128,7,1403201,3,7.237467271209646,8.684960725451576,330.82648969992755,128,Poligono_Nave_industrial_074,Zona_3
128,8,4109901,1,84.08565498322372,100.90278597986847,434.72927567979605,128,Poligono_Nave_industrial_074,Zona_3
128,9,4109902,1,1.719479352161788,2.0633752225941455,439.79265090239016,128,Poligono_Nave_industrial_074,Zona_3
128,10,Regreso_Poligono_Nave_industrial_074,0,34.76,39.8,479.5926509023902,128,Poligono_Nave_industrial_074,Zona_3
129,1,Inicio_Poligono_Nave_industrial_074,0,0.0,12.0,12.0,129,Poligono_Nave_industrial_074,Zona_3
129,2,4100201,13,93.98,106.0,157.0,129,Poligono_Nave_industrial_074,Zona_3
129,3,4108801,5,7.115686901966758,8.53882428236011,180.5388242823601,129,Poligono_Nave_industrial_074,Zona_3
129,4,4103302,10,11.885150024059989,14.262180028871986,224.8010043112321,129,Poligono_Nave_industrial_074,Zona_3
129,5,4103301,19,0.8717269030138988,1.0460722836166787,282.8470765948488,129,Poligono_Nave_industrial_074,Zona_3
129,6,4103304,8,2.6715047526827522,3.2058057032193026,310.0528822980681,129,Poligono_Nave_industrial_074,Zona_3
129,7,4103303,7,4.177894204365726,5.013473045238872,336.06635534330695,129,Poligono_Nave_industrial_074,Zona_3
129,8,4103201,14,14.007137324386232,16.808564789263478,394.8749201325704,129,Poligono_Nave_industrial_074,Zona_3
129,9,4103202,2,0.6561298011035358,0.7873557613242429,401.6622758938947,129,Poligono_Nave_industrial_074,Zona_3
129,10,4102302,2,34.87181246063542,41.8461749527625,449.5084508466572,129,Poligono_Nave_industrial_074,Zona_3
129,11,Regreso_Poligono_Nave_industrial_074,0,23.98,27.72,477.2284508466572,129,Poligono_Nave_industrial_074,Zona_3
130,1,Inicio_Poligono_Nave_industrial_074,0,0.0,12.0,12.0,130,Poligono_Nave_industrial_074,Zona_3
130,2,4100501,20,10.49,13.26,85.26,130,Poligono_Nave_industrial_074,Zona_3
130,3,4100502,92,0.7372202660674034,0.8846643192808841,362.1446643192809,130,Poligono_Nave_industrial_074,Zona_3
130,4,4108101,28,3.5206994584203786,4.224839350104455,450.3695036693853,130,Poligono_Nave_industrial_074,Zona_3
130,5,Regreso_Poligono_Nave_industrial_074,0,12.83,16.53,466.89950366938535,130,Poligono_Nave_industrial_074,Zona_3
131,1,Inicio_Poligono_Nave_industrial_074,0,0.0,12.0,12.0,131,Poligono_Nave_industrial_074,Zona_3
131,2,4100602,14,40.26,44.8,98.8,131,Poligono_Nave_industrial_074,Zona_3
131,3,4109201,40,5.2172464708436195,6.260695765012343,225.06069576501233,131,Poligono_Nave_industrial_074,Zona_3
131,4,4109202,39,2.5754145885149997,3.0904975062179996,345.15119327123034,131,Poligono_Nave_industrial_074,Zona_3
131,5,4109902,11,4.932140213707859,5.918568256449431,384.06976152767976,131,Poligono_Nave_industrial_074,Zona_3
131,6,4109903,13,1.0516787327361783,1.262014479283414,424.3317760069632,131,Poligono_Nave_industrial_074,Zona_3
131,7,4109901,3,0.7139528878650904,0.8567434654381084,434.1885194724013,131,Poligono_Nave_industrial_074,Zona_3
131,8,4102302,2,10.019974881876484,12.02396985825178,452.2124893306531,131,Poligono_Nave_industrial_074,Zona_3
131,9,Regreso_Poligono_Nave_industrial_074,0,23.98,27.72,479.9324893306531,131,Poligono_Nave_industrial_074,Zona_3
132,1,Inicio_Poligono_Nave_industrial_074,0,0.0,12.0,12.0,132,Poligono_Nave_industrial_074,Zona_3
132,2,4100701,41,10.05,12.95,147.95,132,Poligono_Nave_industrial_074,Zona_3
132,3,4100702,99,0.4053327756397063,0.4863993307676475,445.43639933076764,132,Poligono_Nave_industrial_074,Zona_3
132,4,Regreso_Poligono_Nave_industrial_074,0,11.37,15.0,460.43639933076764,132,Poligono_Nave_industrial_074,Zona_3
133,1,Inicio_Poligono_Nave_industrial_074,0,0.0,12.0,12.0,133,Poligono_Nave_industrial_074,Zona_3
133,2,4100702,10,11.37,15.0,57.0,133,Poligono_Nave_industrial_074,Zona_3
133,3,4108901,15,3.1954520210294013,3.8345424252352815,105.83454242523528,133,Poligono_Nave_industrial_074,Zona_3
133,4,4109601,82,3.3927833184433362,4.071339982132003,355.9058824073673,133,Poligono_Nave_industrial_074,Zona_3
133,5,4102801,30,1.0454505861608023,1.254540703392963,447.16042311076023,133,Poligono_Nave_industrial_074,Zona_3
133,6,4102101,3,1.8246833044353117,2.189619965322374,458.3500430760826,133,Poligono_Nave_industrial_074,Zona_3
133,7,Regreso_Poligono_Nave_industrial_074,0,22.31,21.6,479.95004307608264,133,Poligono_Nave_industrial_074,Zona_3
134,1,Inicio_Poligono_Nave_industrial_074,0,0.0,12.0,12.0,134,Poligono_Nave_industrial_074,Zona_3
134,2,4100901,11,52.41,56.78,101.78,134,Poligono_Nave_industrial_074,Zona_3
134,3,4108001,11,10.19576601904359,12.234919222852309,147.0149192228523,134,Poligono_Nave_industrial_074,Zona_3
134,4,4104801,7,33.002527678139785,39.603033213767745,207.61795243662004,134,Poligono_Nave_industrial_074,Zona_3
134,5,4104802,5,0.30054091994574217,0.3606491039348906,222.97860154055493,134,Poligono_Nave_industrial_074,Zona_3
134,6,4104803,7,0.9166768324805106,1.1000121989766125,245.07861373953153,134,Poligono_Nave_industrial_074,Zona_3
134,7,4103202,20,19.03752093826855,22.84502512592226,327.92363886545377,134,Poligono_Nave_industrial_074,Zona_3
134,8,4107301,17,16.378351066026962,19.654021279232353,398.5776601446861,134,Poligono_Nave_industrial_074,Zona_3
134,9,4109901,6,15.392747376420566,18.47129685170468,435.04895699639076,134,Poligono_Nave_industrial_074,Zona_3
134,10,4102302,1,10.019974881876484,12.02396985825178,450.07292685464256,134,Poligono_Nave_industrial_074,Zona_3
134,11,Regreso_Poligono_Nave_industrial_074,0,23.98,27.72,477.7929268546426,134,Poligono_Nave_industrial_074,Zona_3
135,1,Inicio_Poligono_Nave_industrial_074,0,0.0,12.0,12.0,135,Poligono_Nave_industrial_074,Zona_3
135,2,4101801,109,24.69,28.46,367.46,135,Poligono_Nave_industrial_074,Zona_3
135,3,4110101,28,4.397723921443457,5.277268705732149,456.73726870573216,135,Poligono_Nave_industrial_074,Zona_3
135,4,Regreso_Poligono_Nave_industrial_074,0,18.57,21.89,478.62726870573215,135,Poligono_Nave_industrial_074,Zona_3
136,1,Inicio_Poligono_Nave_industrial_074,0,0.0,12.0,12.0,136,Poligono_Nave_industrial_074,Zona_3
136,2,4101901,59,11.46,24.18,213.18,136,Poligono_Nave_industrial_074,Zona_3
136,3,4110101,33,7.738616761571126,9.28634011388535,321.46634011388534,136,Poligono_Nave_industrial_074,Zona_3
136,4,4102301,41,4.345466603830099,5.214559924596119,449.68090003848147,136,Poligono_Nave_industrial_074,Zona_3
136,5,Regreso_Poligono_Nave_industrial_074,0,24.23,28.28,477.96090003848144,136,Poligono_Nave_industrial_074,Zona_3
137,1,Inicio_Poligono_Nave_industrial_074,0,0.0,12.0,12.0,137,Poligono_Nave_industrial_074,Zona_3
137,2,4102101,83,22.31,21.6,282.6,137,Poligono_Nave_industrial_074,Zona_3
137,3,4102102,57,0.3126767261092241,0.37521207133106893,453.9752120713311,137,Poligono_Nave_industrial_074,Zona_3
137,4,Regreso_Poligono_Nave_industrial_074,0,22.54,21.81,475.7852120713311,137,Poligono_Nave_industrial_074,Zona_3
138,1,Inicio_Poligono_Nave_industrial_074,0,0.0,12.0,12.0,138,Poligono_Nave_industrial_074,Zona_3
138,2,4102102,58,22.54,21.81,207.81,138,Poligono_Nave_industrial_074,Zona_3
138,3,4102103,29,1.4600963314385917,1.75211559772631,296.56211559772635,138,Poligono_Nave_industrial_074,Zona_3
138,4,4102104,22,0.7470912256066606,0.8965094707279927,363.45862506845435,138,Poligono_Nave_industrial_074,Zona_3
138,5,4109301,29,1.2261377457812537,1.4713652949375045,451.9299903633919,138,Poligono_Nave_industrial_074,Zona_3
138,6,Regreso_Poligono_Nave_industrial_074,0,27.24,26.43,478.3599903633919,138,Poligono_Nave_industrial_074,Zona_3
139,1,Inicio_Poligono_Nave_industrial_074,0,0.0,12.0,12.0,139,Poligono_Nave_industrial_074,Zona_3
139,2,4102301,3,24.23,28.28,49.28,139,Poligono_Nave_industrial_074,Zona_3
139,3,4102302,36,2.0317151563213676,2.438058187585641,159.71805818758565,139,Poligono_Nave_industrial_074,Zona_3
139,4,4109901,3,10.019974881876484,12.02396985825178,180.74202804583743,139,Poligono_Nave_industrial_074,Zona_3
139,5,4102701,18,23.683893732323455,28.420672478788145,263.16270052462556,139,Poligono_Nave_industrial_074,Zona_3
139,6,4102702,23,0.5047613467627262,0.6057136161152714,332.76841414074084,139,Poligono_Nave_industrial_074,Zona_3
139,7,4104901,40,16.02386123475444,19.228633481705327,471.9970476224462,139,Poligono_Nave_industrial_074,Zona_3
139,8,Regreso_Poligono_Nave_industrial_074,0,5.25,6.92,478.9170476224462,139,Poligono_Nave_industrial_074,Zona_3
140,1,Inicio_Poligono_Nave_industrial_074,0,0.0,12.0,12.0,140,Poligono_Nave_industrial_074,Zona_3
140,2,4102801,5,25.19,31.58,58.58,140,Poligono_Nave_industrial_074,Zona_3
140,3,4102901,130,2.262389299522904,2.714867159427485,451.2948671594275,140,Poligono_Nave_industrial_074,Zona_3
140,4,Regreso_Poligono_Nave_industrial_074,0,27.63,26.37,477.6648671594275,140,Poligono_Nave_industrial_074,Zona_3
141,1,Inicio_Poligono_Nave_industrial_074,0,0.0,12.0,12.0,141,Poligono_Nave_industrial_074,Zona_3
141,2,4102901,29,27.63,26.37,125.37,141,Poligono_Nave_industrial_074,Zona_3
141,3,4109301,108,1.5147606558909705,1.8177127870691647,451.1877127870692,141,Poligono_Nave_industrial_074,Zona_3
141,4,Regreso_Poligono_Nave_industrial_074,0,27.24,26.43,477.6177127870692,141,Poligono_Nave_industrial_074,Zona_3
142,1,Inicio_Poligono_Nave_industrial_074,0,0.0,12.0,12.0,142,Poligono_Nave_industrial_074,Zona_3
142,2,4104901,83,5.25,6.92,267.91999999999996,142,Poligono_Nave_industrial_074,Zona_3
142,3,4108101,57,8.152389481875206,9.782867378250247,448.7028673782502,142,Poligono_Nave_industrial_074,Zona_3
142,4,Regreso_Poligono_Nave_industrial_074,0,12.83,16.53,465.23286737825015,142,Poligono_Nave_industrial_074,Zona_3
143,1,Inicio_Poligono_Nave_industrial_074,0,0.0,12.0,12.0,143,Poligono_Nave_industrial_074,Zona_3
143,2,4108101,15,12.83,16.53,73.53,143,Poligono_Nave_industrial_074,Zona_3
143,3,4108102,125,3.748264832896852,4.497917799476222,453.0279177994762,143,Poligono_Nave_industrial_074,Zona_3
143,4,Regreso_Poligono_Nave_industrial_074,0,15.57,19.61,472.6379177994762,143,Poligono_Nave_industrial_074,Zona_3
144,1,Inicio_Poligono_Nave_industrial_074,0,0.0,12.0,12.0,144,Poligono_Nave_industrial_074,Zona_3
144,2,4108102,140,15.57,19.61,451.61,144,Poligono_Nave_industrial_074,Zona_3
144,3,Regreso_Poligono_Nave_industrial_074,0,15.57,19.61,471.22,144,Poligono_Nave_industrial_074,Zona_3
145,1,Inicio_Poligono_Nave_industrial_074,0,0.0,12.0,12.0,145,Poligono_Nave_industrial_074,Zona_3
145,2,4108102,8,15.57,19.61,55.61,145,Poligono_Nave_industrial_074,Zona_3
145,3,4108902,61,8.374459518901606,10.049351422681926,248.65935142268194,145,Poligono_Nave_industrial_074,Zona_3
145,4,4109102,68,3.188800296212521,3.826560355455025,456.48591177813694,145,Poligono_Nave_industrial_074,Zona_3
145,5,Regreso_Poligono_Nave_industrial_074,0,17.89,22.95,479.4359117781369,145,Poligono_Nave_industrial_074,Zona_3
146,1,Inicio_Poligono_Nave_industrial_074,0,0.0,12.0,12.0,146,Poligono_Nave_industrial_074,Zona_3
146,2,4109101,139,19.88,24.83,453.83,146,Poligono_Nave_industrial_074,Zona_3
146,3,Regreso_Poligono_Nave_industrial_074,0,19.88,24.83,478.65999999999997,146,Poligono_Nave_industrial_074,Zona_3
147,1,Inicio_Poligono_Nave_industrial_074,0,0.0,12.0,12.0,147,Poligono_Nave_industrial_074,Zona_3
147,2,4109101,139,19.88,24.83,453.83,147,Poligono_Nave_industrial_074,Zona_3
147,3,Regreso_Poligono_Nave_industrial_074,0,19.88,24.83,478.65999999999997,147,Poligono_Nave_industrial_074,Zona_3
148,1,Inicio_Poligono_Nave_industrial_074,0,0.0,12.0,12.0,148,Poligono_Nave_industrial_074,Zona_3
148,2,4109101,139,19.88,24.83,453.83,148,Poligono_Nave_industrial_074,Zona_3
148,3,Regreso_Poligono_Nave_industrial_074,0,19.88,24.83,478.65999999999997,148,Poligono_Nave_industrial_074,Zona_3
149,1,Inicio_Poligono_Nave_industrial_074,0,0.0,12.0,12.0,149,Poligono_Nave_industrial_074,Zona_3
149,2,4109101,139,19.88,24.83,453.83,149,Poligono_Nave_industrial_074,Zona_3
149,3,Regreso_Poligono_Nave_industrial_074,0,19.88,24.83,478.65999999999997,149,Poligono_Nave_industrial_074,Zona_3
150,1,Inicio_Poligono_Nave_industrial_074,0,0.0,12.0,12.0,150,Poligono_Nave_industrial_074,Zona_3
150,2,4109101,139,19.88,24.83,453.83,150,Poligono_Nave_industrial_074,Zona_3
150,3,Regreso_Poligono_Nave_industrial_074,0,19.88,24.83,478.65999999999997,150,Poligono_Nave_industrial_074,Zona_3
151,1,Inicio_Poligono_Nave_industrial_074,0,0.0,12.0,12.0,151,Poligono_Nave_industrial_074,Zona_3
151,2,4109101,62,19.88,24.83,222.82999999999998,151,Poligono_Nave_industrial_074,Zona_3
151,3,4109102,77,1.2936296730275176,1.5523556076330212,455.38235560763303,151,Poligono_Nave_industrial_074,Zona_3
151,4,Regreso_Poligono_Nave_industrial_074,0,17.89,22.95,478.332355607633,151,Poligono_Nave_industrial_074,Zona_3
152,1,Inicio_Poligono_Nave_industrial_074,0,0.0,12.0,12.0,152,Poligono_Nave_industrial_074,Zona_3
152,2,4109102,140,17.89,22.95,454.95,152,Poligono_Nave_industrial_074,Zona_3
152,3,Regreso_Poligono_Nave_industrial_074,0,17.89,22.95,477.9,152,Poligono_Nave_industrial_074,Zona_3
153,1,Inicio_Poligono_Nave_industrial_074,0,0.0,12.0,12.0,153,Poligono_Nave_industrial_074,Zona_3
153,2,4109102,140,17.89,22.95,454.95,153,Poligono_Nave_industrial_074,Zona_3
153,3,Regreso_Poligono_Nave_industrial_074,0,17.89,22.95,477.9,153,Poligono_Nave_industrial_074,Zona_3
154,1,Inicio_Poligono_Nave_industrial_074,0,0.0,12.0,12.0,154,Poligono_Nave_industrial_074,Zona_3
154,2,4109102,140,17.89,22.95,454.95,154,Poligono_Nave_industrial_074,Zona_3
154,3,Regreso_Poligono_Nave_industrial_074,0,17.89,22.95,477.9,154,Poligono_Nave_industrial_074,Zona_3
155,1,Inicio_Poligono_Nave_industrial_074,0,0.0,12.0,12.0,155,Poligono_Nave_industrial_074,Zona_3
155,2,4109102,55,17.89,22.95,199.95,155,Poligono_Nave_industrial_074,Zona_3
155,3,4109107,85,2.2592445134052555,2.7110934160863063,457.6610934160863,155,Poligono_Nave_industrial_074,Zona_3
155,4,Regreso_Poligono_Nave_industrial_074,0,17.99,22.27,479.9310934160863,155,Poligono_Nave_industrial_074,Zona_3
156,1,Inicio_Poligono_Nave_industrial_074,0,0.0,12.0,12.0,156,Poligono_Nave_industrial_074,Zona_3
156,2,4109107,140,17.99,22.27,454.27,156,Poligono_Nave_industrial_074,Zona_3
156,3,Regreso_Poligono_Nave_industrial_074,0,17.99,22.27,476.53999999999996,156,Poligono_Nave_industrial_074,Zona_3
157,1,Inicio_Poligono_Nave_industrial_074,0,0.0,12.0,12.0,157,Poligono_Nave_industrial_074,Zona_3
157,2,4109107,140,17.99,22.27,454.27,157,Poligono_Nave_industrial_074,Zona_3
157,3,Regreso_Poligono_Nave_industrial_074,0,17.99,22.27,476.53999999999996,157,Poligono_Nave_industrial_074,Zona_3
158,1,Inicio_Poligono_Nave_industrial_074,0,0.0,12.0,12.0,158,Poligono_Nave_industrial_074,Zona_3
158,2,4109107,140,17.99,22.27,454.27,158,Poligono_Nave_industrial_074,Zona_3
158,3,Regreso_Poligono_Nave_industrial_074,0,17.99,22.27,476.53999999999996,158,Poligono_Nave_industrial_074,Zona_3
159,1,Inicio_Poligono_Nave_industrial_074,0,0.0,12.0,12.0,159,Poligono_Nave_industrial_074,Zona_3
159,2,4109107,116,17.99,22.27,382.27,159,Poligono_Nave_industrial_074,Zona_3
159,3,4109109,19,5.649466258240024,6.779359509888029,446.049359509888,159,Poligono_Nave_industrial_074,Zona_3
159,4,Regreso_Poligono_Nave_industrial_074,0,24.92,31.63,477.679359509888,159,Poligono_Nave_industrial_074,Zona_3
160,1,Inicio_Poligono_Nave_industrial_074,0,0.0,12.0,12.0,160,Poligono_Nave_industrial_074,Zona_3
160,2,4109109,134,24.92,31.63,445.63,160,Poligono_Nave_industrial_074,Zona_3
160,3,Regreso_Poligono_Nave_industrial_074,0,24.92,31.63,477.26,160,Poligono_Nave_industrial_074,Zona_3
161,1,Inicio_Poligono_Nave_industrial_074,0,0.0,12.0,12.0,161,Poligono_Nave_industrial_074,Zona_3
161,2,4109109,134,24.92,31.63,445.63,161,Poligono_Nave_industrial_074,Zona_3
161,3,Regreso_Poligono_Nave_industrial_074,0,24.92,31.63,477.26,161,Poligono_Nave_industrial_074,Zona_3
162,1,Inicio_Poligono_Nave_industrial_074,0,0.0,12.0,12.0,162,Poligono_Nave_industrial_074,Zona_3
162,2,4109109,134,24.92,31.63,445.63,162,Poligono_Nave_industrial_074,Zona_3
162,3,Regreso_Poligono_Nave_industrial_074,0,24.92,31.63,477.26,162,Poligono_Nave_industrial_074,Zona_3
163,1,Inicio_Poligono_Nave_industrial_074,0,0.0,12.0,12.0,163,Poligono_Nave_industrial_074,Zona_3
163,2,4109109,134,24.92,31.63,445.63,163,Poligono_Nave_industrial_074,Zona_3
163,3,Regreso_Poligono_Nave_industrial_074,0,24.92,31.63,477.26,163,Poligono_Nave_industrial_074,Zona_3
164,1,Inicio_Poligono_Nave_industrial_074,0,0.0,12.0,12.0,164,Poligono_Nave_industrial_074,Zona_3
164,2,4109109,134,24.92,31.63,445.63,164,Poligono_Nave_industrial_074,Zona_3
164,3,Regreso_Poligono_Nave_industrial_074,0,24.92,31.63,477.26,164,Poligono_Nave_industrial_074,Zona_3
165,1,Inicio_Poligono_Nave_industrial_074,0,0.0,12.0,12.0,165,Poligono_Nave_industrial_074,Zona_3
165,2,4109109,134,24.92,31.63,445.63,165,Poligono_Nave_industrial_074,Zona_3
165,3,Regreso_Poligono_Nave_industrial_074,0,24.92,31.63,477.26,165,Poligono_Nave_industrial_074,Zona_3
166,1,Inicio_Poligono_Nave_industrial_074,0,0.0,12.0,12.0,166,Poligono_Nave_industrial_074,Zona_3
166,2,4109109,134,24.92,31.63,445.63,166,Poligono_Nave_industrial_074,Zona_3
166,3,Regreso_Poligono_Nave_industrial_074,0,24.92,31.63,477.26,166,Poligono_Nave_industrial_074,Zona_3
167,1,Inicio_Poligono_Nave_industrial_074,0,0.0,12.0,12.0,167,Poligono_Nave_industrial_074,Zona_3
167,2,4109109,107,24.92,31.63,364.63,167,Poligono_Nave_industrial_074,Zona_3
167,3,4109301,24,12.303582184959515,14.764298621951419,451.3942986219514,167,Poligono_Nave_industrial_074,Zona_3
167,4,Regreso_Poligono_Nave_industrial_074,0,27.24,26.43,477.8242986219514,167,Poligono_Nave_industrial_074,Zona_3
168,1,Inicio_Poligono_Nave_industrial_074,0,0.0,12.0,12.0,168,Poligono_Nave_industrial_074,Zona_3
168,2,4109301,138,27.24,26.43,452.43,168,Poligono_Nave_industrial_074,Zona_3
168,3,Regreso_Poligono_Nave_industrial_074,0,27.24,26.43,478.86,168,Poligono_Nave_industrial_074,Zona_3
169,1,Inicio_Poligono_Nave_industrial_074,0,0.0,12.0,12.0,169,Poligono_Nave_industrial_074,Zona_3
169,2,4109301,38,27.24,26.43,152.43,169,Poligono_Nave_industrial_074,Zona_3
169,3,Regreso_Poligono_Nave_industrial_074,0,27.24,26.43,178.86,169,Poligono_Nave_industrial_074,Zona_3
170,1,Inicio_Poligono_Nave_industrial_051,0,0.0,12.0,12.0,170,Poligono_Nave_industrial_051,Zona_4
170,2,4102001,38,11.51,13.97,139.97,170,Poligono_Nave_industrial_051,Zona_4
170,3,4102002,90,1.3658731590597437,1.6390477908716925,411.6090477908717,170,Poligono_Nave_industrial_051,Zona_4
170,4,4105303,12,14.104620588810048,16.925544706572058,464.5345924974438,170,Poligono_Nave_industrial_051,Zona_4
170,5,Regreso_Poligono_Nave_industrial_051,0,10.37,14.77,479.30459249744376,170,Poligono_Nave_industrial_051,Zona_4
171,1,Inicio_Poligono_Nave_industrial_051,0,0.0,12.0,12.0,171,Poligono_Nave_industrial_051,Zona_4
171,2,4190301,68,10.29,10.81,226.81,171,Poligono_Nave_industrial_051,Zona_4
171,3,1102009,67,6.829532430426647,8.195438916511975,436.005438916512,171,Poligono_Nave_industrial_051,Zona_4
171,4,4105302,3,12.78205955213019,15.338471462556228,460.34391037906823,171,Poligono_Nave_industrial_051,Zona_4
171,5,4105303,1,1.2018107930304258,1.442172951636511,464.78608333070474,171,Poligono_Nave_industrial_051,Zona_4
171,6,Regreso_Poligono_Nave_industrial_051,0,10.37,14.77,479.5560833307047,171,Poligono_Nave_industrial_051,Zona_4
172,1,Inicio_Poligono_Nave_industrial_051,0,0.0,12.0,12.0,172,Poligono_Nave_industrial_051,Zona_4
172,2,4105301,80,11.1,16.08,268.08,172,Poligono_Nave_industrial_051,Zona_4
172,3,4105304,60,0.5327840080511033,0.6393408096613239,448.7193408096613,172,Poligono_Nave_industrial_051,Zona_4
172,4,Regreso_Poligono_Nave_industrial_051,0,12.0,17.64,466.35934080966126,172,Poligono_Nave_industrial_051,Zona_4
173,1,Inicio_Poligono_Nave_industrial_051,0,0.0,12.0,12.0,173,Poligono_Nave_industrial_051,Zona_4
173,2,4105302,33,11.83,17.75,128.75,173,Poligono_Nave_industrial_051,Zona_4
173,3,4105304,6,0.812411523408674,0.9748938280904087,147.72489382809042,173,Poligono_Nave_industrial_051,Zona_4
173,4,4105303,35,0.8491039560760667,1.0189247472912801,253.74381857538168,173,Poligono_Nave_industrial_051,Zona_4
173,5,1103701,56,9.613020796973203,11.535624956367844,433.2794435317495,173,Poligono_Nave_industrial_051,Zona_4
173,6,Regreso_Poligono_Nave_industrial_051,0,27.23,45.42,478.6994435317495,173,Poligono_Nave_industrial_051,Zona_4
174,1,Inicio_Poligono_Nave_industrial_051,0,0.0,12.0,12.0,174,Poligono_Nave_industrial_051,Zona_4
174,2,1100101,20,84.91,67.65,139.65,174,Poligono_Nave_industrial_051,Zona_4
174,3,1100102,23,3.5878891603474705,4.305466992416965,212.95546699241697,174,Poligono_Nave_industrial_051,Zona_4
174,4,1190201,37,17.515223208524606,21.018267850229527,344.97373484264654,174,Poligono_Nave_industrial_051,Zona_4
174,5,1100301,13,14.784802914712492,17.74176349765499,401.7154983403015,174,Poligono_Nave_industrial_051,Zona_4
174,6,1100604,2,16.040232963660046,19.248279556392053,426.96377789669356,174,Poligono_Nave_industrial_051,Zona_4
174,7,1100602,1,2.933178212523441,3.5198138550281293,433.4835917517217,174,Poligono_Nave_industrial_051,Zona_4
174,8,Regreso_Poligono_Nave_industrial_051,0,35.18,43.76,477.2435917517217,174,Poligono_Nave_industrial_051,Zona_4
175,1,Inicio_Poligono_Nave_industrial_051,0,0.0,12.0,12.0,175,Poligono_Nave_industrial_051,Zona_4
175,2,1100401,93,130.21,94.42,385.42,175,Poligono_Nave_industrial_051,Zona_4
175,3,Regreso_Poligono_Nave_industrial_051,0,130.21,94.42,479.84000000000003,175,Poligono_Nave_industrial_051,Zona_4
176,1,Inicio_Poligono_Nave_industrial_051,0,0.0,12.0,12.0,176,Poligono_Nave_industrial_051,Zona_4
176,2,1100401,93,130.21,94.42,385.42,176,Poligono_Nave_industrial_051,Zona_4
176,3,Regreso_Poligono_Nave_industrial_051,0,130.21,94.42,479.84000000000003,176,Poligono_Nave_industrial_051,Zona_4
177,1,Inicio_Poligono_Nave_industrial_051,0,0.0,12.0,12.0,177,Poligono_Nave_industrial_051,Zona_4
177,2,1100401,93,130.21,94.42,385.42,177,Poligono_Nave_industrial_051,Zona_4
177,3,Regreso_Poligono_Nave_industrial_051,0,130.21,94.42,479.84000000000003,177,Poligono_Nave_industrial_051,Zona_4
178,1,Inicio_Poligono_Nave_industrial_051,0,0.0,12.0,12.0,178,Poligono_Nave_industrial_051,Zona_4
178,2,1100401,70,130.21,94.42,316.42,178,Poligono_Nave_industrial_051,Zona_4
178,3,1100404,22,0.21706176709442687,0.2604741205133122,382.68047412051334,178,Poligono_Nave_industrial_051,Zona_4
178,4,Regreso_Poligono_Nave_industrial_051,0,129.75,94.34,477.0204741205133,178,Poligono_Nave_industrial_051,Zona_4
179,1,Inicio_Poligono_Nave_industrial_051,0,0.0,12.0,12.0,179,Poligono_Nave_industrial_051,Zona_4
179,2,1100402,92,130.48,95.9,383.9,179,Poligono_Nave_industrial_051,Zona_4
179,3,Regreso_Poligono_Nave_industrial_051,0,130.48,95.9,479.79999999999995,179,Poligono_Nave_industrial_051,Zona_4
180,1,Inicio_Poligono_Nave_industrial_051,0,0.0,12.0,12.0,180,Poligono_Nave_industrial_051,Zona_4
180,2,1100402,92,130.48,95.9,383.9,180,Poligono_Nave_industrial_051,Zona_4
180,3,Regreso_Poligono_Nave_industrial_051,0,130.48,95.9,479.79999999999995,180,Poligono_Nave_industrial_051,Zona_4
181,1,Inicio_Poligono_Nave_industrial_051,0,0.0,12.0,12.0,181,Poligono_Nave_industrial_051,Zona_4
181,2,1100402,92,130.48,95.9,383.9,181,Poligono_Nave_industrial_051,Zona_4
181,3,Regreso_Poligono_Nave_industrial_051,0,130.48,95.9,479.79999999999995,181,Poligono_Nave_industrial_051,Zona_4
182,1,Inicio_Poligono_Nave_industrial_051,0,0.0,12.0,12.0,182,Poligono_Nave_industrial_051,Zona_4
182,2,1100402,19,130.48,95.9,164.9,182,Poligono_Nave_industrial_051,Zona_4
182,3,1100404,73,1.1308608772397386,1.3570330526876864,385.2570330526877,182,Poligono_Nave_industrial_051,Zona_4
182,4,Regreso_Poligono_Nave_industrial_051,0,129.75,94.34,479.5970330526877,182,Poligono_Nave_industrial_051,Zona_4
183,1,Inicio_Poligono_Nave_industrial_051,0,0.0,12.0,12.0,183,Poligono_Nave_industrial_051,Zona_4
183,2,1100403,92,130.35,94.97,382.97,183,Poligono_Nave_industrial_051,Zona_4
183,3,Regreso_Poligono_Nave_industrial_051,0,130.35,94.97,477.94000000000005,183,Poligono_Nave_industrial_051,Zona_4
184,1,Inicio_Poligono_Nave_industrial_051,0,0.0,12.0,12.0,184,Poligono_Nave_industrial_051,Zona_4
184,2,1100403,76,130.35,94.97,334.97,184,Poligono_Nave_industrial_051,Zona_4
184,3,1100404,16,0.2995653735789619,0.3594784482947543,383.32947844829476,184,Poligono_Nave_industrial_051,Zona_4
184,4,Regreso_Poligono_Nave_industrial_051,0,129.75,94.34,477.66947844829474,184,Poligono_Nave_industrial_051,Zona_4
185,1,Inicio_Poligono_Nave_industrial_051,0,0.0,12.0,12.0,185,Poligono_Nave_industrial_051,Zona_4
185,2,1100404,93,129.75,94.34,385.34000000000003,185,Poligono_Nave_industrial_051,Zona_4
185,3,Regreso_Poligono_Nave_industrial_051,0,129.75,94.34,479.68000000000006,185,Poligono_Nave_industrial_051,Zona_4
186,1,Inicio_Poligono_Nave_industrial_051,0,0.0,12.0,12.0,186,Poligono_Nave_industrial_051,Zona_4
186,2,1100404,93,129.75,94.34,385.34000000000003,186,Poligono_Nave_industrial_051,Zona_4
186,3,Regreso_Poligono_Nave_industrial_051,0,129.75,94.34,479.68000000000006,186,Poligono_Nave_industrial_051,Zona_4
187,1,Inicio_Poligono_Nave_industrial_051,0,0.0,12.0,12.0,187,Poligono_Nave_industrial_051,Zona_4
187,2,1100404,46,129.75,94.34,244.34,187,Poligono_Nave_industrial_051,Zona_4
187,3,1103303,40,8.502100675788528,10.202520810946233,374.54252081094626,187,Poligono_Nave_industrial_051,Zona_4
187,4,1103301,1,3.794464170317621,4.553357004381145,382.0958778153274,187,Poligono_Nave_industrial_051,Zona_4
187,5,Regreso_Poligono_Nave_industrial_051,0,134.01,97.36,479.4558778153274,187,Poligono_Nave_industrial_051,Zona_4
188,1,Inicio_Poligono_Nave_industrial_051,0,0.0,12.0,12.0,188,Poligono_Nave_industrial_051,Zona_4
188,2,1100502,8,62.82,56.9,92.9,188,Poligono_Nave_industrial_051,Zona_4
188,3,1104201,12,6.896182271286631,8.275418725543958,137.17541872554398,188,Poligono_Nave_industrial_051,Zona_4
188,4,1101901,17,10.160660787367872,12.192792944841447,200.36821167038542,188,Poligono_Nave_industrial_051,Zona_4
188,5,1104001,5,8.211687227031073,9.854024672437287,225.2222363428227,188,Poligono_Nave_industrial_051,Zona_4
188,6,1103801,59,6.9769739132043735,8.372368695845248,410.59460503866796,188,Poligono_Nave_industrial_051,Zona_4
188,7,1101101,1,10.064221940199204,12.077066328239045,425.671671366907,188,Poligono_Nave_industrial_051,Zona_4
188,8,Regreso_Poligono_Nave_industrial_051,0,56.79,53.02,478.691671366907,188,Poligono_Nave_industrial_051,Zona_4
189,1,Inicio_Poligono_Nave_industrial_051,0,0.0,12.0,12.0,189,Poligono_Nave_industrial_051,Zona_4
189,2,1100601,45,36.09,45.94,192.94,189,Poligono_Nave_industrial_051,Zona_4
189,3,1100602,80,0.277527196066289,0.3330326352795468,433.27303263527955,189,Poligono_Nave_industrial_051,Zona_4
189,4,Regreso_Poligono_Nave_industrial_051,0,35.18,43.76,477.03303263527954,189,Poligono_Nave_industrial_051,Zona_4
190,1,Inicio_Poligono_Nave_industrial_051,0,0.0,12.0,12.0,190,Poligono_Nave_industrial_051,Zona_4
190,2,1100602,29,35.18,43.76,142.76,190,Poligono_Nave_industrial_051,Zona_4
190,3,1100604,44,2.933178212523441,3.5198138550281293,278.2798138550281,190,Poligono_Nave_industrial_051,Zona_4
190,4,1101002,30,6.659963083124507,7.991955699749408,376.2717695547775,190,Poligono_Nave_industrial_051,Zona_4
190,5,1101001,21,0.3648568247467833,0.43782818969613996,439.7095977444736,190,Poligono_Nave_industrial_051,Zona_4
190,6,Regreso_Poligono_Nave_industrial_051,0,43.55,38.16,477.8695977444736,190,Poligono_Nave_industrial_051,Zona_4
191,1,Inicio_Poligono_Nave_industrial_051,0,0.0,12.0,12.0,191,Poligono_Nave_industrial_051,Zona_4
191,2,1100603,42,27.92,38.23,176.23,191,Poligono_Nave_industrial_051,Zona_4
191,3,1101701,32,10.13582684983356,12.162992219800271,284.39299221980025,191,Poligono_Nave_industrial_051,Zona_4
191,4,1101003,7,10.139670278958857,12.167604334750628,317.5605965545509,191,Poligono_Nave_industrial_051,Zona_4
191,5,1104102,40,4.532786096201125,5.43934331544135,442.99993986999226,191,Poligono_Nave_industrial_051,Zona_4
191,6,Regreso_Poligono_Nave_industrial_051,0,38.72,34.56,477.55993986999226,191,Poligono_Nave_industrial_051,Zona_4
192,1,Inicio_Poligono_Nave_industrial_051,0,0.0,12.0,12.0,192,Poligono_Nave_industrial_051,Zona_4
192,2,1100901,7,67.22,74.8,107.8,192,Poligono_Nave_industrial_051,Zona_4
192,3,1103801,86,3.647591226652097,4.377109471982516,370.17710947198253,192,Poligono_Nave_industrial_051,Zona_4
192,4,1101101,14,10.064221940199204,12.077066328239045,424.25417580022156,192,Poligono_Nave_industrial_051,Zona_4
192,5,Regreso_Poligono_Nave_industrial_051,0,56.79,53.02,477.27417580022154,192,Poligono_Nave_industrial_051,Zona_4
193,1,Inicio_Poligono_Nave_industrial_051,0,0.0,12.0,12.0,193,Poligono_Nave_industrial_051,Zona_4
193,2,1101101,7,56.79,53.02,86.02000000000001,193,Poligono_Nave_industrial_051,Zona_4
193,3,1102602,25,5.248436635967617,6.2981239631611405,167.31812396316116,193,Poligono_Nave_industrial_051,Zona_4
193,4,1102601,20,0.4544652271254811,0.5453582725505773,227.86348223571173,193,Poligono_Nave_industrial_051,Zona_4
193,5,1104102,31,11.321085346039919,13.585302415247902,334.4487846509596,193,Poligono_Nave_industrial_051,Zona_4
193,6,1104101,32,0.576816492465542,0.6921797909586505,431.1409644419183,193,Poligono_Nave_industrial_051,Zona_4
193,7,Regreso_Poligono_Nave_industrial_051,0,39.4,35.57,466.7109644419183,193,Poligono_Nave_industrial_051,Zona_4
194,1,Inicio_Poligono_Nave_industrial_051,0,0.0,12.0,12.0,194,Poligono_Nave_industrial_051,Zona_4
194,2,1101301,28,145.43,111.29,207.29000000000002,194,Poligono_Nave_industrial_051,Zona_4
194,3,1102102,20,10.288637282990669,12.346364739588802,279.6363647395888,194,Poligono_Nave_industrial_051,Zona_4
194,4,1102101,22,4.715299921184061,5.658359905420874,351.2947246450097,194,Poligono_Nave_industrial_051,Zona_4
194,5,1103304,1,24.895662477219496,29.874794972663395,384.1695196176731,194,Poligono_Nave_industrial_051,Zona_4
194,6,Regreso_Poligono_Nave_industrial_051,0,130.75,94.53,478.6995196176731,194,Poligono_Nave_industrial_051,Zona_4
195,1,Inicio_Poligono_Nave_industrial_051,0,0.0,12.0,12.0,195,Poligono_Nave_industrial_051,Zona_4
195,2,1101601,15,62.56,51.12,108.12,195,Poligono_Nave_industrial_051,Zona_4
195,3,1101602,63,0.3473981953231064,0.4168778343877277,297.5368778343877,195,Poligono_Nave_industrial_051,Zona_4
195,4,1101603,42,3.2882336625315625,3.9458803950378747,427.4827582294256,195,Poligono_Nave_industrial_051,Zona_4
195,5,Regreso_Poligono_Nave_industrial_051,0,60.53,50.77,478.2527582294256,195,Poligono_Nave_industrial_051,Zona_4
196,1,Inicio_Poligono_Nave_industrial_051,0,0.0,12.0,12.0,196,Poligono_Nave_industrial_051,Zona_4
196,2,1101603,22,60.53,50.77,128.77,196,Poligono_Nave_industrial_051,Zona_4
196,3,1102003,97,22.415551463488644,26.898661756186375,446.66866175618634,196,Poligono_Nave_industrial_051,Zona_4
196,4,Regreso_Poligono_Nave_industrial_051,0,38.38,31.84,478.5086617561863,196,Poligono_Nave_industrial_051,Zona_4
197,1,Inicio_Poligono_Nave_industrial_051,0,0.0,12.0,12.0,197,Poligono_Nave_industrial_051,Zona_4
197,2,1102001,40,36.01,34.25,166.25,197,Poligono_Nave_industrial_051,Zona_4
197,3,1102002,94,0.8506383653790529,1.0207660384548636,449.27076603845484,197,Poligono_Nave_industrial_051,Zona_4
197,4,Regreso_Poligono_Nave_industrial_051,0,32.94,29.68,478.95076603845484,197,Poligono_Nave_industrial_051,Zona_4
198,1,Inicio_Poligono_Nave_industrial_051,0,0.0,12.0,12.0,198,Poligono_Nave_industrial_051,Zona_4
198,2,1102002,136,32.94,29.68,449.68,198,Poligono_Nave_industrial_051,Zona_4
198,3,Regreso_Poligono_Nave_industrial_051,0,32.94,29.68,479.36,198,Poligono_Nave_industrial_051,Zona_4
199,1,Inicio_Poligono_Nave_industrial_051,0,0.0,12.0,12.0,199,Poligono_Nave_industrial_051,Zona_4
199,2,1102002,22,32.94,29.68,107.68,199,Poligono_Nave_industrial_051,Zona_4
199,3,1102004,113,0.976951716469757,1.1723420597637084,447.8523420597637,199,Poligono_Nave_industrial_051,Zona_4
199,4,Regreso_Poligono_Nave_industrial_051,0,32.84,29.97,477.82234205976374,199,Poligono_Nave_industrial_051,Zona_4
200,1,Inicio_Poligono_Nave_industrial_051,0,0.0,12.0,12.0,200,Poligono_Nave_industrial_051,Zona_4
200,2,1102003,57,38.38,31.84,214.84,200,Poligono_Nave_industrial_051,Zona_4
200,3,1102007,76,1.3201864001919763,1.5842236802303717,444.4242236802304,200,Poligono_Nave_industrial_051,Zona_4
200,4,Regreso_Poligono_Nave_industrial_051,0,39.7,33.51,477.9342236802304,200,Poligono_Nave_industrial_051,Zona_4
201,1,Inicio_Poligono_Nave_industrial_051,0,0.0,12.0,12.0,201,Poligono_Nave_industrial_051,Zona_4
201,2,1102004,136,32.84,29.97,449.97,201,Poligono_Nave_industrial_051,Zona_4
201,3,Regreso_Poligono_Nave_industrial_051,0,32.84,29.97,479.94000000000005,201,Poligono_Nave_industrial_051,Zona_4
202,1,Inicio_Poligono_Nave_industrial_051,0,0.0,12.0,12.0,202,Poligono_Nave_industrial_051,Zona_4
202,2,1102004,52,32.84,29.97,197.97,202,Poligono_Nave_industrial_051,Zona_4
202,3,1102006,83,0.6561751417064892,0.787410170047787,447.7574101700478,202,Poligono_Nave_industrial_051,Zona_4
202,4,Regreso_Poligono_Nave_industrial_051,0,34.29,30.65,478.4074101700478,202,Poligono_Nave_industrial_051,Zona_4
203,1,Inicio_Poligono_Nave_industrial_051,0,0.0,12.0,12.0,203,Poligono_Nave_industrial_051,Zona_4
203,2,1102005,115,33.58,28.75,385.75,203,Poligono_Nave_industrial_051,Zona_4
203,3,1102006,20,2.4214133709697556,2.905696045163707,448.6556960451637,203,Poligono_Nave_industrial_051,Zona_4
203,4,Regreso_Poligono_Nave_industrial_051,0,34.29,30.65,479.3056960451637,203,Poligono_Nave_industrial_051,Zona_4
204,1,Inicio_Poligono_Nave_industrial_051,0,0.0,12.0,12.0,204,Poligono_Nave_industrial_051,Zona_4
204,2,1102006,135,34.29,30.65,447.65,204,Poligono_Nave_industrial_051,Zona_4
204,3,Regreso_Poligono_Nave_industrial_051,0,34.29,30.65,478.29999999999995,204,Poligono_Nave_industrial_051,Zona_4
205,1,Inicio_Poligono_Nave_industrial_051,0,0.0,12.0,12.0,205,Poligono_Nave_industrial_051,Zona_4
205,2,1102006,135,34.29,30.65,447.65,205,Poligono_Nave_industrial_051,Zona_4
205,3,Regreso_Poligono_Nave_industrial_051,0,34.29,30.65,478.29999999999995,205,Poligono_Nave_industrial_051,Zona_4
206,1,Inicio_Poligono_Nave_industrial_051,0,0.0,12.0,12.0,206,Poligono_Nave_industrial_051,Zona_4
206,2,1102006,135,34.29,30.65,447.65,206,Poligono_Nave_industrial_051,Zona_4
206,3,Regreso_Poligono_Nave_industrial_051,0,34.29,30.65,478.29999999999995,206,Poligono_Nave_industrial_051,Zona_4
207,1,Inicio_Poligono_Nave_industrial_051,0,0.0,12.0,12.0,207,Poligono_Nave_industrial_051,Zona_4
207,2,1102006,125,34.29,30.65,417.65,207,Poligono_Nave_industrial_051,Zona_4
207,3,1102007,8,2.179594999517054,2.6155139994204646,444.2655139994204,207,Poligono_Nave_industrial_051,Zona_4
207,4,Regreso_Poligono_Nave_industrial_051,0,39.7,33.51,477.7755139994204,207,Poligono_Nave_industrial_051,Zona_4
208,1,Inicio_Poligono_Nave_industrial_051,0,0.0,12.0,12.0,208,Poligono_Nave_industrial_051,Zona_4
208,2,1102007,133,39.7,33.51,444.51,208,Poligono_Nave_industrial_051,Zona_4
208,3,Regreso_Poligono_Nave_industrial_051,0,39.7,33.51,478.02,208,Poligono_Nave_industrial_051,Zona_4
209,1,Inicio_Poligono_Nave_industrial_051,0,0.0,12.0,12.0,209,Poligono_Nave_industrial_051,Zona_4
209,2,1102007,3,39.7,33.51,54.51,209,Poligono_Nave_industrial_051,Zona_4
209,3,1102008,29,3.0309461161812545,3.6371353394175054,145.1471353394175,209,Poligono_Nave_industrial_051,Zona_4
209,4,1102009,72,17.605028120481684,21.12603374457802,382.2731690839955,209,Poligono_Nave_industrial_051,Zona_4
209,5,1103701,10,9.408212265888787,11.289854719066545,423.5630238030621,209,Poligono_Nave_industrial_051,Zona_4
209,6,Regreso_Poligono_Nave_industrial_051,0,27.23,45.42,468.9830238030621,209,Poligono_Nave_industrial_051,Zona_4
210,1,Inicio_Poligono_Nave_industrial_051,0,0.0,12.0,12.0,210,Poligono_Nave_industrial_051,Zona_4
210,2,1102101,2,160.98,126.2,144.2,210,Poligono_Nave_industrial_051,Zona_4
210,3,1190301,22,11.166287776327659,13.39954533159319,223.59954533159316,210,Poligono_Nave_industrial_051,Zona_4
210,4,1103305,44,7.010916878134188,8.413100253761026,364.0126455853542,210,Poligono_Nave_industrial_051,Zona_4
210,5,1103302,1,11.079197715211569,13.295037258253883,380.3076828436081,210,Poligono_Nave_industrial_051,Zona_4
210,6,Regreso_Poligono_Nave_industrial_051,0,135.51,98.61,478.91768284360813,210,Poligono_Nave_industrial_051,Zona_4
211,1,Inicio_Poligono_Nave_industrial_051,0,0.0,12.0,12.0,211,Poligono_Nave_industrial_051,Zona_4
211,2,1102201,74,140.25,104.6,338.6,211,Poligono_Nave_industrial_051,Zona_4
211,3,1102203,12,0.25803882558579877,0.3096465907029585,374.909646590703,211,Poligono_Nave_industrial_051,Zona_4
211,4,Regreso_Poligono_Nave_industrial_051,0,139.92,103.84,478.74964659070304,211,Poligono_Nave_industrial_051,Zona_4
212,1,Inicio_Poligono_Nave_industrial_051,0,0.0,12.0,12.0,212,Poligono_Nave_industrial_051,Zona_4
212,2,1102202,86,140.72,104.98,374.98,212,Poligono_Nave_industrial_051,Zona_4
212,3,Regreso_Poligono_Nave_industrial_051,0,140.72,104.98,479.96000000000004,212,Poligono_Nave_industrial_051,Zona_4
213,1,Inicio_Poligono_Nave_industrial_051,0,0.0,12.0,12.0,213,Poligono_Nave_industrial_051,Zona_4
213,2,1102202,11,140.72,104.98,149.98000000000002,213,Poligono_Nave_industrial_051,Zona_4
213,3,1102203,75,0.7182915848766478,0.8619499018519774,375.841949901852,213,Poligono_Nave_industrial_051,Zona_4
213,4,Regreso_Poligono_Nave_industrial_051,0,139.92,103.84,479.681949901852,213,Poligono_Nave_industrial_051,Zona_4
214,1,Inicio_Poligono_Nave_industrial_051,0,0.0,12.0,12.0,214,Poligono_Nave_industrial_051,Zona_4
214,2,1102203,58,139.92,103.84,289.84000000000003,214,Poligono_Nave_industrial_051,Zona_4
214,3,1102204,28,0.521780984726463,0.6261371816717556,374.4661371816718,214,Poligono_Nave_industrial_051,Zona_4
214,4,Regreso_Poligono_Nave_industrial_051,0,139.7,103.94,478.4061371816718,214,Poligono_Nave_industrial_051,Zona_4
215,1,Inicio_Poligono_Nave_industrial_051,0,0.0,12.0,12.0,215,Poligono_Nave_industrial_051,Zona_4
215,2,1102204,19,139.7,103.94,172.94,215,Poligono_Nave_industrial_051,Zona_4
215,3,1102205,45,0.7934731233831842,0.952167748059821,308.8921677480598,215,Poligono_Nave_industrial_051,Zona_4
215,4,1102206,20,2.6039610030307454,3.1247532036368946,372.0169209516967,215,Poligono_Nave_industrial_051,Zona_4
215,5,1103301,1,5.38668834360062,6.464026012320744,381.48094696401745,215,Poligono_Nave_industrial_051,Zona_4
215,6,Regreso_Poligono_Nave_industrial_051,0,134.01,97.36,478.84094696401746,215,Poligono_Nave_industrial_051,Zona_4
216,1,Inicio_Poligono_Nave_industrial_051,0,0.0,12.0,12.0,216,Poligono_Nave_industrial_051,Zona_4
216,2,1102206,22,140.86,105.69,183.69,216,Poligono_Nave_industrial_051,Zona_4
216,3,1102207,62,1.3451438806764346,1.6141726568117214,371.3041726568117,216,Poligono_Nave_industrial_051,Zona_4
216,4,1103301,2,4.403313506695425,5.28397620803451,382.58814886484623,216,Poligono_Nave_industrial_051,Zona_4
216,5,Regreso_Poligono_Nave_industrial_051,0,134.01,97.36,479.94814886484625,216,Poligono_Nave_industrial_051,Zona_4
217,1,Inicio_Poligono_Nave_industrial_051,0,0.0,12.0,12.0,217,Poligono_Nave_industrial_051,Zona_4
217,2,1102207,32,141.7,107.46,215.45999999999998,217,Poligono_Nave_industrial_051,Zona_4
217,3,1103301,29,4.403313506695425,5.28397620803451,307.7439762080345,217,Poligono_Nave_industrial_051,Zona_4
217,4,1103302,24,0.5912948605352608,0.709553832642313,380.4535300406768,217,Poligono_Nave_industrial_051,Zona_4
217,5,Regreso_Poligono_Nave_industrial_051,0,135.51,98.61,479.0635300406768,217,Poligono_Nave_industrial_051,Zona_4
218,1,Inicio_Poligono_Nave_industrial_051,0,0.0,12.0,12.0,218,Poligono_Nave_industrial_051,Zona_4
218,2,1102901,55,50.7,47.71,224.71,218,Poligono_Nave_industrial_051,Zona_4
218,3,1103305,18,71.3268845930371,85.59226151164451,364.3022615116445,218,Poligono_Nave_industrial_051,Zona_4
218,4,1103302,1,11.079197715211569,13.295037258253883,380.5972987698984,218,Poligono_Nave_industrial_051,Zona_4
218,5,Regreso_Poligono_Nave_industrial_051,0,135.51,98.61,479.2072987698984,218,Poligono_Nave_industrial_051,Zona_4
219,1,Inicio_Poligono_Nave_industrial_051,0,0.0,12.0,12.0,219,Poligono_Nave_industrial_051,Zona_4
219,2,1103302,69,135.51,98.61,317.61,219,Poligono_Nave_industrial_051,Zona_4
219,3,1103304,21,3.0274848617876406,3.632981834145169,384.2429818341452,219,Poligono_Nave_industrial_051,Zona_4
219,4,Regreso_Poligono_Nave_industrial_051,0,130.75,94.53,478.7729818341452,219,Poligono_Nave_industrial_051,Zona_4
220,1,Inicio_Poligono_Nave_industrial_051,0,0.0,12.0,12.0,220,Poligono_Nave_industrial_051,Zona_4
220,2,1103304,27,130.75,94.53,187.53,220,Poligono_Nave_industrial_051,Zona_4
220,3,1103305,49,13.15676484336031,15.788117812032374,350.31811781203237,220,Poligono_Nave_industrial_051,Zona_4
220,4,Regreso_Poligono_Nave_industrial_051,0,151.03,115.63,465.94811781203236,220,Poligono_Nave_industrial_051,Zona_4
221,1,Inicio_Poligono_Industrial_009,0,0.0,12.0,12.0,221,Poligono_Industrial_009,Zona_5
221,2,4100401,36,21.01,26.64,146.64,221,Poligono_Industrial_009,Zona_5
221,3,4100404,102,1.1293534762675241,1.355224171521029,453.995224171521,221,Poligono_Industrial_009,Zona_5
221,4,Regreso_Poligono_Industrial_009,0,20.07,24.83,478.825224171521,221,Poligono_Industrial_009,Zona_5
222,1,Inicio_Poligono_Industrial_009,0,0.0,12.0,12.0,222,Poligono_Industrial_009,Zona_5
222,2,4100402,81,19.88,25.47,280.47,222,Poligono_Industrial_009,Zona_5
222,3,4100403,57,1.1880842428291578,1.4257010913949895,452.89570109139504,222,Poligono_Industrial_009,Zona_5
222,4,Regreso_Poligono_Industrial_009,0,19.95,24.84,477.735701091395,222,Poligono_Industrial_009,Zona_5
223,1,Inicio_Poligono_Industrial_009,0,0.0,12.0,12.0,223,Poligono_Industrial_009,Zona_5
223,2,4100403,66,19.95,24.84,234.84,223,Poligono_Industrial_009,Zona_5
223,3,4100404,73,0.33603231556676616,0.40323877868011937,454.2432387786801,223,Poligono_Industrial_009,Zona_5
223,4,Regreso_Poligono_Industrial_009,0,20.07,24.83,479.0732387786801,223,Poligono_Industrial_009,Zona_5
224,1,Inicio_Poligono_Industrial_009,0,0.0,12.0,12.0,224,Poligono_Industrial_009,Zona_5
224,2,4100404,139,20.07,24.83,453.83,224,Poligono_Industrial_009,Zona_5
224,3,Regreso_Poligono_Industrial_009,0,20.07,24.83,478.65999999999997,224,Poligono_Industrial_009,Zona_5
225,1,Inicio_Poligono_Industrial_009,0,0.0,12.0,12.0,225,Poligono_Industrial_009,Zona_5
225,2,4100404,139,20.07,24.83,453.83,225,Poligono_Industrial_009,Zona_5
225,3,Regreso_Poligono_Industrial_009,0,20.07,24.83,478.65999999999997,225,Poligono_Industrial_009,Zona_5
226,1,Inicio_Poligono_Industrial_009,0,0.0,12.0,12.0,226,Poligono_Industrial_009,Zona_5
226,2,4100404,18,20.07,24.83,90.83,226,Poligono_Industrial_009,Zona_5
226,3,4105802,83,8.475494197489127,10.170593036986952,350.0005930369869,226,Poligono_Industrial_009,Zona_5
226,4,4105801,31,0.5293057993543984,0.635166959225278,443.6357599962122,226,Poligono_Industrial_009,Zona_5
226,5,Regreso_Poligono_Industrial_009,0,29.16,34.76,478.3957599962122,226,Poligono_Industrial_009,Zona_5
227,1,Inicio_Poligono_Industrial_009,0,0.0,12.0,12.0,227,Poligono_Industrial_009,Zona_5
227,2,4103401,123,27.26,49.3,430.3,227,Poligono_Industrial_009,Zona_5
227,3,4109110,5,8.404974233022157,10.085969079626588,455.3859690796266,227,Poligono_Industrial_009,Zona_5
227,4,Regreso_Poligono_Industrial_009,0,14.59,24.26,479.6459690796266,227,Poligono_Industrial_009,Zona_5
228,1,Inicio_Poligono_Industrial_009,0,0.0,12.0,12.0,228,Poligono_Industrial_009,Zona_5
228,2,4103401,23,27.26,49.3,130.3,228,Poligono_Industrial_009,Zona_5
228,3,4103403,79,0.34722849407266937,0.4166741928872032,367.71667419288724,228,Poligono_Industrial_009,Zona_5
228,4,4103402,20,0.7664440285152744,0.9197328342183293,428.6364070271056,228,Poligono_Industrial_009,Zona_5
228,5,4109111,1,8.541559592290637,10.249871510748765,441.88627853785437,228,Poligono_Industrial_009,Zona_5
228,6,4109110,3,3.984271983506822,4.781126380208186,455.6674049180626,228,Poligono_Industrial_009,Zona_5
228,7,Regreso_Poligono_Industrial_009,0,14.59,24.26,479.92740491806256,228,Poligono_Industrial_009,Zona_5
229,1,Inicio_Poligono_Industrial_009,0,0.0,12.0,12.0,229,Poligono_Industrial_009,Zona_5
229,2,4103402,13,27.67,49.85,100.85,229,Poligono_Industrial_009,Zona_5
229,3,4107901,94,0.7090282672518502,0.8508339207022202,383.70083392070217,229,Poligono_Industrial_009,Zona_5
229,4,4107001,15,4.986140936696424,5.9833691240357085,434.6842030447379,229,Poligono_Industrial_009,Zona_5
229,5,4109110,4,6.675300350534935,8.010360420641922,454.6945634653798,229,Poligono_Industrial_009,Zona_5
229,6,Regreso_Poligono_Industrial_009,0,14.59,24.26,478.9545634653798,229,Poligono_Industrial_009,Zona_5
230,1,Inicio_Poligono_Industrial_009,0,0.0,12.0,12.0,230,Poligono_Industrial_009,Zona_5
230,2,4103601,17,34.76,35.75,98.75,230,Poligono_Industrial_009,Zona_5
230,3,4103602,21,0.41329187813953605,0.4959502537674433,162.24595025376743,230,Poligono_Industrial_009,Zona_5
230,4,4106301,30,11.266902742609497,13.520283291131395,265.7662335448988,230,Poligono_Industrial_009,Zona_5
230,5,4109502,62,5.786269601788252,6.943523522145902,458.70975706704473,230,Poligono_Industrial_009,Zona_5
230,6,Regreso_Poligono_Industrial_009,0,14.96,19.82,478.5297570670447,230,Poligono_Industrial_009,Zona_5
231,1,Inicio_Poligono_Industrial_009,0,0.0,12.0,12.0,231,Poligono_Industrial_009,Zona_5
231,2,4103801,94,6.95,15.4,309.4,231,Poligono_Industrial_009,Zona_5
231,3,4103802,46,0.5584081712034763,0.6700898054441715,448.0700898054441,231,Poligono_Industrial_009,Zona_5
231,4,Regreso_Poligono_Industrial_009,0,7.45,16.41,464.48008980544415,231,Poligono_Industrial_009,Zona_5
232,1,Inicio_Poligono_Industrial_009,0,0.0,12.0,12.0,232,Poligono_Industrial_009,Zona_5
232,2,4103802,111,7.45,16.41,361.41,232,Poligono_Industrial_009,Zona_5
232,3,4103804,29,0.4918847406485284,0.590261688778234,449.00026168877827,232,Poligono_Industrial_009,Zona_5
232,4,Regreso_Poligono_Industrial_009,0,7.9,17.32,466.32026168877826,232,Poligono_Industrial_009,Zona_5
233,1,Inicio_Poligono_Industrial_009,0,0.0,12.0,12.0,233,Poligono_Industrial_009,Zona_5
233,2,4103803,140,7.43,16.33,448.33,233,Poligono_Industrial_009,Zona_5
233,3,Regreso_Poligono_Industrial_009,0,7.43,16.33,464.65999999999997,233,Poligono_Industrial_009,Zona_5
234,1,Inicio_Poligono_Industrial_009,0,0.0,12.0,12.0,234,Poligono_Industrial_009,Zona_5
234,2,4103803,62,7.43,16.33,214.32999999999998,234,Poligono_Industrial_009,Zona_5
234,3,4103804,78,2.0791920817823533,2.495030498138824,450.8250304981388,234,Poligono_Industrial_009,Zona_5
234,4,Regreso_Poligono_Industrial_009,0,7.9,17.32,468.1450304981388,234,Poligono_Industrial_009,Zona_5
235,1,Inicio_Poligono_Industrial_009,0,0.0,12.0,12.0,235,Poligono_Industrial_009,Zona_5
235,2,4103804,140,7.9,17.32,449.32,235,Poligono_Industrial_009,Zona_5
235,3,Regreso_Poligono_Industrial_009,0,7.9,17.32,466.64,235,Poligono_Industrial_009,Zona_5
236,1,Inicio_Poligono_Industrial_009,0,0.0,12.0,12.0,236,Poligono_Industrial_009,Zona_5
236,2,4103804,140,7.9,17.32,449.32,236,Poligono_Industrial_009,Zona_5
236,3,Regreso_Poligono_Industrial_009,0,7.9,17.32,466.64,236,Poligono_Industrial_009,Zona_5
237,1,Inicio_Poligono_Industrial_009,0,0.0,12.0,12.0,237,Poligono_Industrial_009,Zona_5
237,2,4103804,16,7.9,17.32,77.32,237,Poligono_Industrial_009,Zona_5
237,3,4109110,123,5.621376656352818,6.745651987623382,453.06565198762337,237,Poligono_Industrial_009,Zona_5
237,4,Regreso_Poligono_Industrial_009,0,14.59,24.26,477.32565198762336,237,Poligono_Industrial_009,Zona_5
238,1,Inicio_Poligono_Industrial_009,0,0.0,12.0,12.0,238,Poligono_Industrial_009,Zona_5
238,2,4103805,140,20.57,22.22,454.22,238,Poligono_Industrial_009,Zona_5
238,3,Regreso_Poligono_Industrial_009,0,20.57,22.22,476.44000000000005,238,Poligono_Industrial_009,Zona_5
239,1,Inicio_Poligono_Industrial_009,0,0.0,12.0,12.0,239,Poligono_Industrial_009,Zona_5
239,2,4103805,140,20.57,22.22,454.22,239,Poligono_Industrial_009,Zona_5
239,3,Regreso_Poligono_Industrial_009,0,20.57,22.22,476.44000000000005,239,Poligono_Industrial_009,Zona_5
240,1,Inicio_Poligono_Industrial_009,0,0.0,12.0,12.0,240,Poligono_Industrial_009,Zona_5
240,2,4103805,140,20.57,22.22,454.22,240,Poligono_Industrial_009,Zona_5
240,3,Regreso_Poligono_Industrial_009,0,20.57,22.22,476.44000000000005,240,Poligono_Industrial_009,Zona_5
241,1,Inicio_Poligono_Industrial_009,0,0.0,12.0,12.0,241,Poligono_Industrial_009,Zona_5
241,2,4103805,140,20.57,22.22,454.22,241,Poligono_Industrial_009,Zona_5
241,3,Regreso_Poligono_Industrial_009,0,20.57,22.22,476.44000000000005,241,Poligono_Industrial_009,Zona_5
242,1,Inicio_Poligono_Industrial_009,0,0.0,12.0,12.0,242,Poligono_Industrial_009,Zona_5
242,2,4103805,12,20.57,22.22,70.22,242,Poligono_Industrial_009,Zona_5
242,3,4109110,127,3.70410657159114,4.444927885909368,455.6649278859094,242,Poligono_Industrial_009,Zona_5
242,4,Regreso_Poligono_Industrial_009,0,14.59,24.26,479.92492788590937,242,Poligono_Industrial_009,Zona_5
243,1,Inicio_Poligono_Industrial_009,0,0.0,12.0,12.0,243,Poligono_Industrial_009,Zona_5
243,2,4190201,43,49.21,74.25,215.25,243,Poligono_Industrial_009,Zona_5
243,3,4107001,65,19.42986385487966,23.31583662585559,433.5658366258556,243,Poligono_Industrial_009,Zona_5
243,4,4108603,1,5.130775813721276,6.156930976465531,442.72276760232114,243,Poligono_Industrial_009,Zona_5
243,5,4109110,1,6.804415419804483,8.16529850376538,453.8880661060865,243,Poligono_Industrial_009,Zona_5
243,6,Regreso_Poligono_Industrial_009,0,14.59,24.26,478.1480661060865,243,Poligono_Industrial_009,Zona_5
244,1,Inicio_Poligono_Industrial_009,0,0.0,12.0,12.0,244,Poligono_Industrial_009,Zona_5
244,2,4105801,8,29.16,34.76,70.75999999999999,244,Poligono_Industrial_009,Zona_5
244,3,4105803,111,0.6055193983921804,0.7266232780706164,404.4866232780706,244,Poligono_Industrial_009,Zona_5
244,4,4110201,10,2.386866972958118,2.8642403675497414,437.3508636456204,244,Poligono_Industrial_009,Zona_5
244,5,Regreso_Poligono_Industrial_009,0,32.33,40.34,477.6908636456204,244,Poligono_Industrial_009,Zona_5
245,1,Inicio_Poligono_Industrial_009,0,0.0,12.0,12.0,245,Poligono_Industrial_009,Zona_5
245,2,4106401,14,47.36,48.24,102.24000000000001,245,Poligono_Industrial_009,Zona_5
245,3,4106402,28,1.6370856799774907,1.9645028159729887,188.204502815973,245,Poligono_Industrial_009,Zona_5
245,4,4109502,6,28.645611416187716,34.374733699425256,240.57923651539826,245,Poligono_Industrial_009,Zona_5
245,5,4109503,72,0.37932203388703206,0.4551864406644385,457.0344229560627,245,Poligono_Industrial_009,Zona_5
245,6,4109501,1,0.42459342210359685,0.5095121065243162,460.543935062587,245,Poligono_Industrial_009,Zona_5
245,7,Regreso_Poligono_Industrial_009,0,14.44,18.72,479.26393506258705,245,Poligono_Industrial_009,Zona_5
246,1,Inicio_Poligono_Industrial_009,0,0.0,12.0,12.0,246,Poligono_Industrial_009,Zona_5
246,2,4106901,61,18.59,25.5,220.5,246,Poligono_Industrial_009,Zona_5
246,3,4106902,57,0.37340801122668216,0.4480896134720186,391.948089613472,246,Poligono_Industrial_009,Zona_5
246,4,4106903,20,0.6158659336797219,0.7390391204156663,452.6871287338877,246,Poligono_Industrial_009,Zona_5
246,5,Regreso_Poligono_Industrial_009,0,18.8,25.76,478.44712873388767,246,Poligono_Industrial_009,Zona_5
247,1,Inicio_Poligono_Industrial_009,0,0.0,12.0,12.0,247,Poligono_Industrial_009,Zona_5
247,2,4106903,79,18.8,25.76,274.76,247,Poligono_Industrial_009,Zona_5
247,3,4106904,59,0.7424809398654604,0.8909771278385524,452.65097712783853,247,Poligono_Industrial_009,Zona_5
247,4,Regreso_Poligono_Industrial_009,0,19.6,26.83,479.4809771278385,247,Poligono_Industrial_009,Zona_5
248,1,Inicio_Poligono_Industrial_009,0,0.0,12.0,12.0,248,Poligono_Industrial_009,Zona_5
248,2,4106904,35,19.6,26.83,143.82999999999998,248,Poligono_Industrial_009,Zona_5
248,3,4109505,100,10.879895256088105,13.055874307305727,456.8858743073057,248,Poligono_Industrial_009,Zona_5
248,4,Regreso_Poligono_Industrial_009,0,16.25,20.95,477.8358743073057,248,Poligono_Industrial_009,Zona_5
249,1,Inicio_Poligono_Industrial_009,0,0.0,12.0,12.0,249,Poligono_Industrial_009,Zona_5
249,2,4107001,28,31.31,44.69,140.69,249,Poligono_Industrial_009,Zona_5
249,3,4109111,98,4.602902995626971,5.523483594752366,440.21348359475235,249,Poligono_Industrial_009,Zona_5
249,4,4109110,3,3.984271983506822,4.781126380208186,453.99460997496055,249,Poligono_Industrial_009,Zona_5
249,5,Regreso_Poligono_Industrial_009,0,14.59,24.26,478.25460997496054,249,Poligono_Industrial_009,Zona_5
250,1,Inicio_Poligono_Industrial_009,0,0.0,12.0,12.0,250,Poligono_Industrial_009,Zona_5
250,2,4108601,19,25.93,38.66,107.66,250,Poligono_Industrial_009,Zona_5
250,3,4108603,79,0.8391774885843398,1.0070129863012078,345.6670129863012,250,Poligono_Industrial_009,Zona_5
250,4,4108604,32,0.17072798426050853,0.20487358111261023,441.8718865674138,250,Poligono_Industrial_009,Zona_5
250,5,4109110,1,6.667394479607368,8.000873375528842,452.87275994294265,250,Poligono_Industrial_009,Zona_5
250,6,Regreso_Poligono_Industrial_009,0,14.59,24.26,477.13275994294264,250,Poligono_Industrial_009,Zona_5
251,1,Inicio_Poligono_Industrial_009,0,0.0,12.0,12.0,251,Poligono_Industrial_009,Zona_5
251,2,4108604,18,25.56,37.84,103.84,251,Poligono_Industrial_009,Zona_5
251,3,4109111,111,2.6861342923423095,3.2233611508107716,440.0633611508108,251,Poligono_Industrial_009,Zona_5
251,4,4109110,3,3.984271983506822,4.781126380208186,453.844487531019,251,Poligono_Industrial_009,Zona_5
251,5,Regreso_Poligono_Industrial_009,0,14.59,24.26,478.104487531019,251,Poligono_Industrial_009,Zona_5
252,1,Inicio_Poligono_Industrial_009,0,0.0,12.0,12.0,252,Poligono_Industrial_009,Zona_5
252,2,4109110,139,14.59,24.26,453.26,252,Poligono_Industrial_009,Zona_5
252,3,Regreso_Poligono_Industrial_009,0,14.59,24.26,477.52,252,Poligono_Industrial_009,Zona_5
253,1,Inicio_Poligono_Industrial_009,0,0.0,12.0,12.0,253,Poligono_Industrial_009,Zona_5
253,2,4109110,116,14.59,24.26,384.26,253,Poligono_Industrial_009,Zona_5
253,3,4109111,17,3.984271983506822,4.781126380208186,440.0411263802082,253,Poligono_Industrial_009,Zona_5
253,4,Regreso_Poligono_Industrial_009,0,23.19,38.11,478.1511263802082,253,Poligono_Industrial_009,Zona_5
254,1,Inicio_Poligono_Industrial_009,0,0.0,12.0,12.0,254,Poligono_Industrial_009,Zona_5
254,2,4109111,130,23.19,38.11,440.11,254,Poligono_Industrial_009,Zona_5
254,3,Regreso_Poligono_Industrial_009,0,23.19,38.11,478.22,254,Poligono_Industrial_009,Zona_5
255,1,Inicio_Poligono_Industrial_009,0,0.0,12.0,12.0,255,Poligono_Industrial_009,Zona_5
255,2,4109111,29,23.19,38.11,137.11,255,Poligono_Industrial_009,Zona_5
255,3,4110201,53,25.73156565721792,30.877878788661505,326.98787878866153,255,Poligono_Industrial_009,Zona_5
255,4,4110203,37,0.7281008240554687,0.8737209888665625,438.8615997775281,255,Poligono_Industrial_009,Zona_5
255,5,Regreso_Poligono_Industrial_009,0,34.64,39.43,478.2915997775281,255,Poligono_Industrial_009,Zona_5
256,1,Inicio_Poligono_Industrial_009,0,0.0,12.0,12.0,256,Poligono_Industrial_009,Zona_5
256,2,4109501,98,14.44,18.72,324.72,256,Poligono_Industrial_009,Zona_5
256,3,4109503,6,0.42459342210359685,0.5095121065243162,343.22951210652434,256,Poligono_Industrial_009,Zona_5
256,4,4109504,36,1.200565408481473,1.4406784901777674,452.6701905967021,256,Poligono_Industrial_009,Zona_5
256,5,Regreso_Poligono_Industrial_009,0,14.18,18.51,471.1801905967021,256,Poligono_Industrial_009,Zona_5
257,1,Inicio_Poligono_Industrial_009,0,0.0,12.0,12.0,257,Poligono_Industrial_009,Zona_5
257,2,4109505,64,16.25,20.95,224.95,257,Poligono_Industrial_009,Zona_5
257,3,4110203,54,25.801609241125437,30.96193108935053,417.9119310893505,257,Poligono_Industrial_009,Zona_5
257,4,4110202,6,0.629570741123284,0.7554848893479409,436.66741597869844,257,Poligono_Industrial_009,Zona_5
257,5,Regreso_Poligono_Industrial_009,0,35.66,43.28,479.9474159786985,257,Poligono_Industrial_009,Zona_5
258,1,Inicio_Poligono_Industrial_009,0,0.0,12.0,12.0,258,Poligono_Industrial_009,Zona_5
258,2,4110202,8,35.66,43.28,79.28,258,Poligono_Industrial_009,Zona_5
258,3,1103205,68,88.1177332357103,105.74127988285237,389.02127988285235,258,Poligono_Industrial_009,Zona_5
258,4,1103201,1,1.135294381120285,1.3623532573443418,393.3836331401967,258,Poligono_Industrial_009,Zona_5
258,5,Regreso_Poligono_Industrial_009,0,107.96,86.02,479.4036331401967,258,Poligono_Industrial_009,Zona_5
259,1,Inicio_Poligono_Industrial_009,0,0.0,12.0,12.0,259,Poligono_Industrial_009,Zona_5
259,2,1103201,98,107.96,86.02,392.02,259,Poligono_Industrial_009,Zona_5
259,3,Regreso_Poligono_Industrial_009,0,107.96,86.02,478.03999999999996,259,Poligono_Industrial_009,Zona_5
260,1,Inicio_Poligono_Industrial_009,0,0.0,12.0,12.0,260,Poligono_Industrial_009,Zona_5
260,2,1103201,94,107.96,86.02,380.02,260,Poligono_Industrial_009,Zona_5
260,3,1103204,3,0.9841654539894031,1.1809985447872837,390.20099854478724,260,Poligono_Industrial_009,Zona_5
260,4,Regreso_Poligono_Industrial_009,0,109.47,89.14,479.3409985447872,260,Poligono_Industrial_009,Zona_5
261,1,Inicio_Poligono_Industrial_009,0,0.0,12.0,12.0,261,Poligono_Industrial_009,Zona_5
261,2,1103202,67,108.73,87.59,300.59000000000003,261,Poligono_Industrial_009,Zona_5
261,3,1103204,27,0.4511481319864084,0.5413777583836901,382.13137775838373,261,Poligono_Industrial_009,Zona_5
261,4,1103203,2,0.23474569826945602,0.2816948379233472,388.4130725963071,261,Poligono_Industrial_009,Zona_5
261,5,Regreso_Poligono_Industrial_009,0,109.78,89.26,477.67307259630707,261,Poligono_Industrial_009,Zona_5
262,1,Inicio_Poligono_Industrial_009,0,0.0,12.0,12.0,262,Poligono_Industrial_009,Zona_5
262,2,1103203,64,109.78,89.26,293.26,262,Poligono_Industrial_009,Zona_5
262,3,1103205,31,0.5182668197312027,0.6219201836774432,386.88192018367744,262,Poligono_Industrial_009,Zona_5
262,4,Regreso_Poligono_Industrial_009,0,110.12,90.41,477.29192018367746,262,Poligono_Industrial_009,Zona_5
263,1,Inicio_Poligono_Industrial_009,0,0.0,12.0,12.0,263,Poligono_Industrial_009,Zona_5
263,2,1103205,57,110.12,90.41,273.40999999999997,263,Poligono_Industrial_009,Zona_5
263,3,Regreso_Poligono_Industrial_009,0,110.12,90.41,363.81999999999994,263,Poligono_Industrial_009,Zona_5
264,1,Inicio_Poligono_Industrial_022,0,0.0,12.0,12.0,264,Poligono_Industrial_022,Zona_6
264,2,1400203,51,87.0,71.7,236.7,264,Poligono_Industrial_022,Zona_6
264,3,1405605,53,6.90491355036072,8.285896260432864,403.98589626043287,264,Poligono_Industrial_022,Zona_6
264,4,1405604,2,4.6804435328936655,5.616532239472399,415.6024284999053,264,Poligono_Industrial_022,Zona_6
264,5,Regreso_Poligono_Industrial_022,0,78.9,63.78,479.38242849990525,264,Poligono_Industrial_022,Zona_6
265,1,Inicio_Poligono_Industrial_022,0,0.0,12.0,12.0,265,Poligono_Industrial_022,Zona_6
265,2,1400301,13,162.21,137.95,188.95,265,Poligono_Industrial_022,Zona_6
265,3,1400601,15,6.837552013721063,8.205062416465275,242.15506241646526,265,Poligono_Industrial_022,Zona_6
265,4,1405403,19,6.622496416053386,7.946995699264063,307.10205811572933,265,Poligono_Industrial_022,Zona_6
265,5,1402302,7,6.2216660045137635,7.465999205416517,335.56805732114583,265,Poligono_Industrial_022,Zona_6
265,6,Regreso_Poligono_Industrial_022,0,176.17,142.76,478.3280573211458,265,Poligono_Industrial_022,Zona_6
266,1,Inicio_Poligono_Industrial_022,0,0.0,12.0,12.0,266,Poligono_Industrial_022,Zona_6
266,2,1400501,65,94.27,91.88,298.88,266,Poligono_Industrial_022,Zona_6
266,3,1403301,14,7.580702989000205,9.096843586800246,349.9768435868002,266,Poligono_Industrial_022,Zona_6
266,4,1401703,14,6.498841588865975,7.79860990663917,399.7754534934394,266,Poligono_Industrial_022,Zona_6
266,5,1401701,7,3.4384203685203287,4.126104442224394,424.9015579356638,266,Poligono_Industrial_022,Zona_6
266,6,Regreso_Poligono_Industrial_022,0,63.71,54.8,479.7015579356638,266,Poligono_Industrial_022,Zona_6
267,1,Inicio_Poligono_Industrial_022,0,0.0,12.0,12.0,267,Poligono_Industrial_022,Zona_6
267,2,1400901,10,163.18,128.44,170.44,267,Poligono_Industrial_022,Zona_6
267,3,1400902,6,0.32648764122173635,0.3917851694660836,188.8317851694661,267,Poligono_Industrial_022,Zona_6
267,4,1400903,7,2.1591918249451125,2.591030189934135,212.42281535940023,267,Poligono_Industrial_022,Zona_6
267,5,1405202,23,7.623724565423459,9.14846947850815,290.57128483790837,267,Poligono_Industrial_022,Zona_6
267,6,1405201,16,2.356478377011624,2.827774052413949,341.3990588903223,267,Poligono_Industrial_022,Zona_6
267,7,4104202,1,90.40956058203909,108.49147269844691,452.8905315887692,267,Poligono_Industrial_022,Zona_6
267,8,4106001,1,15.54386605895366,18.65263927074439,474.54317085951357,267,Poligono_Industrial_022,Zona_6
267,9,Regreso_Poligono_Industrial_022,0,2.0,5.0,479.54317085951357,267,Poligono_Industrial_022,Zona_6
268,1,Inicio_Poligono_Industrial_022,0,0.0,12.0,12.0,268,Poligono_Industrial_022,Zona_6
268,2,1401001,12,121.4,93.8,141.8,268,Poligono_Industrial_022,Zona_6
268,3,1401002,19,0.4359046163263593,0.5230855395916312,199.32308553959166,268,Poligono_Industrial_022,Zona_6
268,4,1401003,10,2.4013021830717247,2.8815626196860697,232.20464815927772,268,Poligono_Industrial_022,Zona_6
268,5,1404801,11,4.724193509125741,5.669032210950889,270.8736803702286,268,Poligono_Industrial_022,Zona_6
268,6,1402401,10,9.423501225186909,11.30820147022429,312.1818818404529,268,Poligono_Industrial_022,Zona_6
268,7,1402402,9,3.306718746353291,3.968062495623949,343.1499443360768,268,Poligono_Industrial_022,Zona_6
268,8,1403804,7,9.63672353562356,11.56406824274827,375.7140125788251,268,Poligono_Industrial_022,Zona_6
268,9,1403805,6,7.8369637657503,9.40435651890036,403.11836909772546,268,Poligono_Industrial_022,Zona_6
268,10,Regreso_Poligono_Industrial_022,0,95.04,74.26,477.37836909772545,268,Poligono_Industrial_022,Zona_6
269,1,Inicio_Poligono_Industrial_022,0,0.0,12.0,12.0,269,Poligono_Industrial_022,Zona_6
269,2,1401701,80,63.71,54.8,306.8,269,Poligono_Industrial_022,Zona_6
269,3,1401702,22,3.36281701128773,4.035380413545276,376.8353804135453,269,Poligono_Industrial_022,Zona_6
269,4,1490201,7,5.990114582593417,7.1881374991121,405.0235179126574,269,Poligono_Industrial_022,Zona_6
269,5,4103905,2,20.531484330880794,24.637781197056952,435.6612991097143,269,Poligono_Industrial_022,Zona_6
269,6,Regreso_Poligono_Industrial_022,0,43.44,43.64,479.3012991097143,269,Poligono_Industrial_022,Zona_6
270,1,Inicio_Poligono_Industrial_022,0,0.0,12.0,12.0,270,Poligono_Industrial_022,Zona_6
270,2,1402301,13,179.94,143.98,194.98,270,Poligono_Industrial_022,Zona_6
270,3,1402302,2,5.770503782094085,6.924604538512902,207.9046045385129,270,Poligono_Industrial_022,Zona_6
270,4,1407201,8,7.736290598970398,9.283548718764477,241.18815325727738,270,Poligono_Industrial_022,Zona_6
270,5,1407402,9,3.1932524646300484,3.831902957556058,272.02005621483346,270,Poligono_Industrial_022,Zona_6
270,6,1407401,11,6.686660986049974,8.023993183259968,313.0440493980934,270,Poligono_Industrial_022,Zona_6
270,7,1406101,2,9.564674699518243,11.47760963942189,330.5216590375153,270,Poligono_Industrial_022,Zona_6
270,8,Regreso_Poligono_Industrial_022,0,191.83,147.64,478.1616590375153,270,Poligono_Industrial_022,Zona_6
271,1,Inicio_Poligono_Industrial_022,0,0.0,12.0,12.0,271,Poligono_Industrial_022,Zona_6
271,2,1402601,7,141.9,112.54,145.54000000000002,271,Poligono_Industrial_022,Zona_6
271,3,1402603,8,0.4340202985842882,0.5208243583011458,170.06082435830118,271,Poligono_Industrial_022,Zona_6
271,4,1402602,6,7.732700243144562,9.279240291773474,197.34006465007465,271,Poligono_Industrial_022,Zona_6
271,5,1407101,8,9.938691409356906,11.926429691228288,233.26649434130294,271,Poligono_Industrial_022,Zona_6
271,6,1405201,26,16.555831690494415,19.8669980285933,331.13349236989626,271,Poligono_Industrial_022,Zona_6
271,7,1405301,1,54.73191147086238,65.67829376503485,399.81178613493114,271,Poligono_Industrial_022,Zona_6
271,8,4103903,1,29.683366002357012,35.620039202828416,438.43182533775956,271,Poligono_Industrial_022,Zona_6
271,9,Regreso_Poligono_Industrial_022,0,42.05,40.93,479.36182533775957,271,Poligono_Industrial_022,Zona_6
272,1,Inicio_Poligono_Industrial_022,0,0.0,12.0,12.0,272,Poligono_Industrial_022,Zona_6
272,2,1402703,17,62.87,65.87,128.87,272,Poligono_Industrial_022,Zona_6
272,3,1403001,71,4.3257882266774255,5.19094587201291,347.0609458720129,272,Poligono_Industrial_022,Zona_6
272,4,1403002,13,5.090265837899673,6.108319005479607,392.1692648774925,272,Poligono_Industrial_022,Zona_6
272,5,4103902,9,12.108144377448674,14.52977325293841,433.6990381304309,272,Poligono_Industrial_022,Zona_6
272,6,4103903,1,1.4380796443505395,1.7256955732206474,438.42473370365155,272,Poligono_Industrial_022,Zona_6
272,7,Regreso_Poligono_Industrial_022,0,42.05,40.93,479.35473370365156,272,Poligono_Industrial_022,Zona_6
273,1,Inicio_Poligono_Industrial_022,0,0.0,12.0,12.0,273,Poligono_Industrial_022,Zona_6
273,2,1402903,6,195.97,148.85,178.85,273,Poligono_Industrial_022,Zona_6
273,3,1403501,7,31.925736810594724,38.31088417271367,238.16088417271368,273,Poligono_Industrial_022,Zona_6
273,4,1403502,4,9.527178457974228,11.432614149569073,261.59349832228276,273,Poligono_Industrial_022,Zona_6
273,5,1403503,24,0.3995714614274178,0.4794857537129013,334.0729840759957,273,Poligono_Industrial_022,Zona_6
273,6,Regreso_Poligono_Industrial_022,0,185.47,145.72,479.7929840759957,273,Poligono_Industrial_022,Zona_6
274,1,Inicio_Poligono_Industrial_022,0,0.0,12.0,12.0,274,Poligono_Industrial_022,Zona_6
274,2,1490201,4,73.22,74.09,98.09,274,Poligono_Industrial_022,Zona_6
274,3,1406002,26,7.618564606605879,9.142277527927055,185.23227752792707,274,Poligono_Industrial_022,Zona_6
274,4,1406001,13,3.3037254753569982,3.9644705704283973,228.19674809835547,274,Poligono_Industrial_022,Zona_6
274,5,1405605,2,13.42215069868081,16.10658083841697,250.30332893677243,274,Poligono_Industrial_022,Zona_6
274,6,1405604,53,4.6804435328936655,5.616532239472399,414.9198611762448,274,Poligono_Industrial_022,Zona_6
274,7,Regreso_Poligono_Industrial_022,0,78.9,63.78,478.6998611762448,274,Poligono_Industrial_022,Zona_6
275,1,Inicio_Poligono_Industrial_022,0,0.0,12.0,12.0,275,Poligono_Industrial_022,Zona_6
275,2,1403504,13,188.13,146.53,197.53,275,Poligono_Industrial_022,Zona_6
275,3,1407002,5,9.885152531424442,11.86218303770933,224.39218303770934,275,Poligono_Industrial_022,Zona_6
275,4,1407001,6,7.003666074233387,8.404399289080065,250.7965823267894,275,Poligono_Industrial_022,Zona_6
275,5,1406801,5,25.487879806597686,30.58545576791722,296.3820380947066,275,Poligono_Industrial_022,Zona_6
275,6,1407301,11,9.172333814996211,11.006800577995454,340.3888386727021,275,Poligono_Industrial_022,Zona_6
275,7,1405302,5,30.015995083735984,36.01919410048318,391.40803277318525,275,Poligono_Industrial_022,Zona_6
275,8,1405301,1,4.018732034492891,4.822478441391469,399.2305112145767,275,Poligono_Industrial_022,Zona_6
275,9,4103903,1,29.683366002357012,35.620039202828416,437.85055041740515,275,Poligono_Industrial_022,Zona_6
275,10,Regreso_Poligono_Industrial_022,0,42.05,40.93,478.78055041740515,275,Poligono_Industrial_022,Zona_6
276,1,Inicio_Poligono_Industrial_022,0,0.0,12.0,12.0,276,Poligono_Industrial_022,Zona_6
276,2,1403601,16,86.14,95.1,155.1,276,Poligono_Industrial_022,Zona_6
276,3,1403602,22,0.6606976138985836,0.7928371366783004,221.89283713667828,276,Poligono_Industrial_022,Zona_6
276,4,1405302,25,11.554941336745584,13.865929604094699,310.758766740773,276,Poligono_Industrial_022,Zona_6
276,5,1405301,28,4.018732034492891,4.822478441391469,399.5812451821645,276,Poligono_Industrial_022,Zona_6
276,6,4103903,1,29.683366002357012,35.620039202828416,438.2012843849929,276,Poligono_Industrial_022,Zona_6
276,7,Regreso_Poligono_Industrial_022,0,42.05,40.93,479.1312843849929,276,Poligono_Industrial_022,Zona_6
277,1,Inicio_Poligono_Industrial_022,0,0.0,12.0,12.0,277,Poligono_Industrial_022,Zona_6
277,2,1403701,15,150.21,112.85,169.85,277,Poligono_Industrial_022,Zona_6
277,3,1403702,5,3.104507847035873,3.725409416443047,188.57540941644305,277,Poligono_Industrial_022,Zona_6
277,4,1403703,7,6.988147050409386,8.385776460491263,217.9611858769343,277,Poligono_Industrial_022,Zona_6
277,5,1403804,13,21.473586604067364,25.768303924880836,282.72948980181513,277,Poligono_Industrial_022,Zona_6
277,6,1403805,7,7.8369637657503,9.40435651890036,313.1338463207155,277,Poligono_Industrial_022,Zona_6
277,7,4101401,23,15.079345155541233,18.09521418664948,400.22906050736503,277,Poligono_Industrial_022,Zona_6
277,8,4102601,3,5.083914336268806,6.100697203522567,415.3297577108876,277,Poligono_Industrial_022,Zona_6
277,9,Regreso_Poligono_Industrial_022,0,74.48,61.86,477.1897577108876,277,Poligono_Industrial_022,Zona_6
278,1,Inicio_Poligono_Industrial_022,0,0.0,12.0,12.0,278,Poligono_Industrial_022,Zona_6
278,2,1404901,60,61.33,73.73,265.73,278,Poligono_Industrial_022,Zona_6
278,3,1404902,28,0.5005838349728738,0.6007006019674486,350.33070060196746,278,Poligono_Industrial_022,Zona_6
278,4,1404903,18,0.28121373434859837,0.33745648121831806,404.6681570831858,278,Poligono_Industrial_022,Zona_6
278,5,4102201,3,19.25783987351127,23.109407848213525,436.7775649313993,278,Poligono_Industrial_022,Zona_6
278,6,4106001,2,25.9233146255224,31.107977550626885,473.88554248202615,278,Poligono_Industrial_022,Zona_6
278,7,Regreso_Poligono_Industrial_022,0,2.0,5.0,478.88554248202615,278,Poligono_Industrial_022,Zona_6
279,1,Inicio_Poligono_Industrial_022,0,0.0,12.0,12.0,279,Poligono_Industrial_022,Zona_6
279,2,1404903,59,61.71,74.73,263.73,279,Poligono_Industrial_022,Zona_6
279,3,4107401,29,8.218794181397666,9.862553017677198,360.59255301767723,279,Poligono_Industrial_022,Zona_6
279,4,4107801,6,5.489151899393311,6.5869822792719726,385.1795352969492,279,Poligono_Industrial_022,Zona_6
279,5,4107802,2,0.591362194965651,0.7096346339587812,391.889169930908,279,Poligono_Industrial_022,Zona_6
279,6,4105502,2,18.422272652014787,22.106727182417746,419.9958971133257,279,Poligono_Industrial_022,Zona_6
279,7,4102201,1,12.86470214844046,15.437642578128552,438.43353969145426,279,Poligono_Industrial_022,Zona_6
279,8,4106001,1,25.9233146255224,31.107977550626885,472.5415172420811,279,Poligono_Industrial_022,Zona_6
279,9,Regreso_Poligono_Industrial_022,0,2.0,5.0,477.5415172420811,279,Poligono_Industrial_022,Zona_6
280,1,Inicio_Poligono_Industrial_022,0,0.0,12.0,12.0,280,Poligono_Industrial_022,Zona_6
280,2,1405301,1,86.77,79.3,94.3,280,Poligono_Industrial_022,Zona_6
280,3,1407302,12,24.54173193108945,29.45007831730734,159.75007831730733,280,Poligono_Industrial_022,Zona_6
280,4,4106602,7,40.09944864004526,48.119338368054315,228.86941668536164,280,Poligono_Industrial_022,Zona_6
280,5,4106601,6,3.220318994752293,3.8643827937027524,250.7337994790644,280,Poligono_Industrial_022,Zona_6
280,6,4107802,16,16.744065398142116,20.09287847777054,318.82667795683494,280,Poligono_Industrial_022,Zona_6
280,7,4105502,27,18.422272652014787,22.106727182417746,421.93340513925267,280,Poligono_Industrial_022,Zona_6
280,8,4106001,3,36.68723281820283,44.0246793818434,474.95808452109605,280,Poligono_Industrial_022,Zona_6
280,9,Regreso_Poligono_Industrial_022,0,2.0,5.0,479.95808452109605,280,Poligono_Industrial_022,Zona_6
281,1,Inicio_Poligono_Industrial_022,0,0.0,12.0,12.0,281,Poligono_Industrial_022,Zona_6
281,2,1405601,27,72.89,59.47,152.47,281,Poligono_Industrial_022,Zona_6
281,3,1405602,33,2.441258607301605,2.9295103287619257,254.39951032876192,281,Poligono_Industrial_022,Zona_6
281,4,1405603,53,0.6122159866137066,0.7346591839364479,414.13416951269835,281,Poligono_Industrial_022,Zona_6
281,5,Regreso_Poligono_Industrial_022,0,76.76,62.91,477.0441695126983,281,Poligono_Industrial_022,Zona_6
282,1,Inicio_Poligono_Industrial_022,0,0.0,12.0,12.0,282,Poligono_Industrial_022,Zona_6
282,2,1405603,5,76.76,62.91,89.91,282,Poligono_Industrial_022,Zona_6
282,3,1405604,21,0.6106607625607218,0.7327929150728661,153.64279291507285,282,Poligono_Industrial_022,Zona_6
282,4,4105003,27,7.386938531866123,8.864326238239348,243.5071191533122,282,Poligono_Industrial_022,Zona_6
282,5,4105001,8,3.9644100306443883,4.757292036773267,272.26441119008547,282,Poligono_Industrial_022,Zona_6
282,6,4105002,20,3.3696150803807523,4.043538096456903,336.30794928654234,282,Poligono_Industrial_022,Zona_6
282,7,4106101,20,7.921717176655175,9.50606061198621,405.8140098985285,282,Poligono_Industrial_022,Zona_6
282,8,4108401,6,2.968774985519869,3.562529982623843,427.3765398811524,282,Poligono_Industrial_022,Zona_6
282,9,Regreso_Poligono_Industrial_022,0,58.37,50.38,477.7565398811524,282,Poligono_Industrial_022,Zona_6
283,1,Inicio_Poligono_Industrial_022,0,0.0,12.0,12.0,283,Poligono_Industrial_022,Zona_6
283,2,1406101,3,191.83,147.64,168.64,283,Poligono_Industrial_022,Zona_6
283,3,4190101,29,117.13779572073507,140.56535486488207,396.20535486488205,283,Poligono_Industrial_022,Zona_6
283,4,4105601,12,6.657334154423006,7.988800985307607,440.19415585018965,283,Poligono_Industrial_022,Zona_6
283,5,4106001,1,25.728377439292526,30.874052927151034,474.06820877734066,283,Poligono_Industrial_022,Zona_6
283,6,Regreso_Poligono_Industrial_022,0,2.0,5.0,479.06820877734066,283,Poligono_Industrial_022,Zona_6
284,1,Inicio_Poligono_Industrial_022,0,0.0,12.0,12.0,284,Poligono_Industrial_022,Zona_6
284,2,4100101,8,47.63,41.22,77.22,284,Poligono_Industrial_022,Zona_6
284,3,4100102,10,1.7774781960957524,2.1329738353149033,109.3529738353149,284,Poligono_Industrial_022,Zona_6
284,4,4104602,20,4.244389263998116,5.093267116797739,174.44624095211265,284,Poligono_Industrial_022,Zona_6
284,5,4104601,13,2.7800491688036484,3.336059002564378,216.78229995467703,284,Poligono_Industrial_022,Zona_6
284,6,4104101,34,4.9784502414277485,5.974140289713298,324.7564402443903,284,Poligono_Industrial_022,Zona_6
284,7,4104104,34,0.8451647678841766,1.0141977214610118,427.77063796585134,284,Poligono_Industrial_022,Zona_6
284,8,Regreso_Poligono_Industrial_022,0,60.54,49.36,477.13063796585135,284,Poligono_Industrial_022,Zona_6
285,1,Inicio_Poligono_Industrial_022,0,0.0,12.0,12.0,285,Poligono_Industrial_022,Zona_6
285,2,4100601,12,43.0,55.34,103.34,285,Poligono_Industrial_022,Zona_6
285,3,4102406,73,5.4829729310753175,6.579567517290381,328.9195675172904,285,Poligono_Industrial_022,Zona_6
285,4,4105501,27,10.066419097040018,12.079702916448023,421.9992704337384,285,Poligono_Industrial_022,Zona_6
285,5,4106001,3,36.08493810263703,43.30192572316444,474.30119615690285,285,Poligono_Industrial_022,Zona_6
285,6,Regreso_Poligono_Industrial_022,0,2.0,5.0,479.30119615690285,285,Poligono_Industrial_022,Zona_6
286,1,Inicio_Poligono_Industrial_022,0,0.0,12.0,12.0,286,Poligono_Industrial_022,Zona_6
286,2,4100801,11,66.95,67.76,112.76,286,Poligono_Industrial_022,Zona_6
286,3,4110001,8,6.54236762289871,7.850841147478452,144.61084114747845,286,Poligono_Industrial_022,Zona_6
286,4,4109001,32,8.036545797885177,9.643854957462212,250.25469610494065,286,Poligono_Industrial_022,Zona_6
286,5,4103702,18,8.128661703415098,9.754394044098117,314.0090901490388,286,Poligono_Industrial_022,Zona_6
286,6,4103701,15,3.2855028683794485,3.9426034420553386,362.9516935910941,286,Poligono_Industrial_022,Zona_6
286,7,4106201,19,4.607262298720157,5.528714758464187,425.4804083495583,286,Poligono_Industrial_022,Zona_6
286,8,Regreso_Poligono_Industrial_022,0,61.02,53.87,479.3504083495583,286,Poligono_Industrial_022,Zona_6
287,1,Inicio_Poligono_Industrial_022,0,0.0,12.0,12.0,287,Poligono_Industrial_022,Zona_6
287,2,4101101,48,20.76,20.2,176.2,287,Poligono_Industrial_022,Zona_6
287,3,4101102,31,0.7938918491955961,0.9526702190347152,270.1526702190347,287,Poligono_Industrial_022,Zona_6
287,4,4101103,43,1.0444831096115128,1.2533797315338153,400.4060499505685,287,Poligono_Industrial_022,Zona_6
287,5,4107101,16,5.335647747113468,6.402777296536161,454.80882724710466,287,Poligono_Industrial_022,Zona_6
287,6,4107103,2,0.26209374391487994,0.3145124926978559,461.12333973980253,287,Poligono_Industrial_022,Zona_6
287,7,Regreso_Poligono_Industrial_022,0,9.66,15.26,476.3833397398025,287,Poligono_Industrial_022,Zona_6
288,1,Inicio_Poligono_Industrial_022,0,0.0,12.0,12.0,288,Poligono_Industrial_022,Zona_6
288,2,4101104,42,30.51,53.6,191.6,288,Poligono_Industrial_022,Zona_6
288,3,4107102,24,14.397740000114693,17.27728800013763,280.87728800013764,288,Poligono_Industrial_022,Zona_6
288,4,4107103,14,0.9986090663281759,1.198330879593811,324.07561887973145,288,Poligono_Industrial_022,Zona_6
288,5,4106002,31,7.92012645077358,9.504151740928297,426.57977062065976,288,Poligono_Industrial_022,Zona_6
288,6,4106003,15,0.3694667368073255,0.4433600841687906,472.02313070482853,288,Poligono_Industrial_022,Zona_6
288,7,Regreso_Poligono_Industrial_022,0,2.46,5.0,477.02313070482853,288,Poligono_Industrial_022,Zona_6
289,1,Inicio_Poligono_Industrial_022,0,0.0,12.0,12.0,289,Poligono_Industrial_022,Zona_6
289,2,4102201,12,39.55,40.65,88.65,289,Poligono_Industrial_022,Zona_6
289,3,4102202,23,0.6668633837567716,0.8002360605081259,158.45023606050813,289,Poligono_Industrial_022,Zona_6
289,4,4104202,16,13.236683279793667,15.884019935752402,222.33425599626054,289,Poligono_Industrial_022,Zona_6
289,5,4104201,9,0.3887551967281916,0.4665062360738299,249.80076223233436,289,Poligono_Industrial_022,Zona_6
289,6,4104203,34,1.7912365414528288,2.149483849743395,353.95024608207774,289,Poligono_Industrial_022,Zona_6
289,7,4105601,23,12.771790118521892,15.32614814222627,438.276394224304,289,Poligono_Industrial_022,Zona_6
289,8,4106001,1,25.728377439292526,30.874052927151034,472.150447151455,289,Poligono_Industrial_022,Zona_6
289,9,Regreso_Poligono_Industrial_022,0,2.0,5.0,477.150447151455,289,Poligono_Industrial_022,Zona_6
290,1,Inicio_Poligono_Industrial_022,0,0.0,12.0,12.0,290,Poligono_Industrial_022,Zona_6
290,2,4102401,15,25.41,29.17,86.17,290,Poligono_Industrial_022,Zona_6
290,3,4102403,10,0.2655150382772477,0.31861804593269727,116.4886180459327,290,Poligono_Industrial_022,Zona_6
290,4,4102404,84,0.4423132194147504,0.5307758632977004,369.0193939092304,290,Poligono_Industrial_022,Zona_6
290,5,4102402,9,0.9316896565638176,1.1180275878765813,397.13742149710697,290,Poligono_Industrial_022,Zona_6
290,6,4102405,17,1.465593487369658,1.7587121848435898,449.8961336819506,290,Poligono_Industrial_022,Zona_6
290,7,Regreso_Poligono_Industrial_022,0,25.68,28.51,478.40613368195056,290,Poligono_Industrial_022,Zona_6
291,1,Inicio_Poligono_Industrial_022,0,0.0,12.0,12.0,291,Poligono_Industrial_022,Zona_6
291,2,4102405,52,25.68,28.51,196.51,291,Poligono_Industrial_022,Zona_6
291,3,4105501,16,22.822187876563778,27.386625451876533,271.8966254518765,291,Poligono_Industrial_022,Zona_6
291,4,4105502,46,0.8104236936538046,0.9725084323845655,410.86913388426103,291,Poligono_Industrial_022,Zona_6
291,5,4105503,3,0.47001603322821117,0.5640192398738534,420.4331531241349,291,Poligono_Industrial_022,Zona_6
291,6,4106001,3,36.94406482860955,44.33287779433145,473.76603091846636,291,Poligono_Industrial_022,Zona_6
291,7,Regreso_Poligono_Industrial_022,0,2.0,5.0,478.76603091846636,291,Poligono_Industrial_022,Zona_6
292,1,Inicio_Poligono_Industrial_022,0,0.0,12.0,12.0,292,Poligono_Industrial_022,Zona_6
292,2,4102601,23,74.48,61.86,142.86,292,Poligono_Industrial_022,Zona_6
292,3,4102602,17,0.9834293328883355,1.1801151994660024,195.04011519946602,292,Poligono_Industrial_022,Zona_6
292,4,4105401,8,5.722272868135053,6.866727441762064,225.90684264122808,292,Poligono_Industrial_022,Zona_6
292,5,4104103,21,5.357141299915535,6.428569559898642,295.3354122011267,292,Poligono_Industrial_022,Zona_6
292,6,4104102,23,0.4081841855362535,0.48982102264350424,364.8252332237702,292,Poligono_Industrial_022,Zona_6
292,7,4107201,12,10.026774010850758,12.032128813020911,412.85736203679113,292,Poligono_Industrial_022,Zona_6
292,8,4106803,2,18.973603796327627,22.76832455559315,441.6256865923843,292,Poligono_Industrial_022,Zona_6
292,9,Regreso_Poligono_Industrial_022,0,37.71,35.67,477.2956865923843,292,Poligono_Industrial_022,Zona_6
293,1,Inicio_Poligono_Industrial_022,0,0.0,12.0,12.0,293,Poligono_Industrial_022,Zona_6
293,2,4103501,10,49.05,62.18,104.18,293,Poligono_Industrial_022,Zona_6
293,3,1102403,9,7.326696315555154,8.792035578666184,139.97203557866618,293,Poligono_Industrial_022,Zona_6
293,4,1102401,5,4.154297810208324,4.985157372249988,159.95719295091618,293,Poligono_Industrial_022,Zona_6
293,5,1102402,11,2.8803426435685164,3.4564111722822197,196.4136041231984,293,Poligono_Industrial_022,Zona_6
293,6,1103601,7,4.000277819607021,4.800333383528425,222.21393750672684,293,Poligono_Industrial_022,Zona_6
293,7,1102404,41,4.506631913460207,5.407958296152248,350.62189580287907,293,Poligono_Industrial_022,Zona_6
293,8,1103401,9,5.734842033202547,6.881810439843056,384.5037062427221,293,Poligono_Industrial_022,Zona_6
293,9,4107601,7,11.448395054971106,13.738074065965328,419.24178030868745,293,Poligono_Industrial_022,Zona_6
293,10,4107703,1,28.343813170179217,34.01257580421506,456.25435611290254,293,Poligono_Industrial_022,Zona_6
293,11,Regreso_Poligono_Industrial_022,0,19.08,23.3,479.55435611290255,293,Poligono_Industrial_022,Zona_6
294,1,Inicio_Poligono_Industrial_022,0,0.0,12.0,12.0,294,Poligono_Industrial_022,Zona_6
294,2,4103901,105,43.16,43.02,370.02,294,Poligono_Industrial_022,Zona_6
294,3,4103905,21,0.33120996778448547,0.39745196134138255,433.4174519613414,294,Poligono_Industrial_022,Zona_6
294,4,4103904,1,0.6273861832372963,0.7528634198847556,437.17031538122615,294,Poligono_Industrial_022,Zona_6
294,5,Regreso_Poligono_Industrial_022,0,42.24,41.35,478.52031538122617,294,Poligono_Industrial_022,Zona_6
295,1,Inicio_Poligono_Industrial_022,0,0.0,12.0,12.0,295,Poligono_Industrial_022,Zona_6
295,2,4103902,41,43.88,44.01,179.01,295,Poligono_Industrial_022,Zona_6
295,3,4103905,6,0.9849537535400033,1.181944504248004,198.191944504248,295,Poligono_Industrial_022,Zona_6
295,4,4103904,63,0.6273861832372963,0.7528634198847556,387.94480792413276,295,Poligono_Industrial_022,Zona_6
295,5,4103903,16,0.7771061608117064,0.9325273929740476,436.8773353171068,295,Poligono_Industrial_022,Zona_6
295,6,Regreso_Poligono_Industrial_022,0,42.05,40.93,477.80733531710683,295,Poligono_Industrial_022,Zona_6
296,1,Inicio_Poligono_Industrial_022,0,0.0,12.0,12.0,296,Poligono_Industrial_022,Zona_6
296,2,4103903,59,42.05,40.93,229.93,296,Poligono_Industrial_022,Zona_6
296,3,4105601,5,14.342340099531912,17.210808119438294,262.1408081194383,296,Poligono_Industrial_022,Zona_6
296,4,4105201,33,20.048400457421753,24.058080548906105,385.1988886683444,296,Poligono_Industrial_022,Zona_6
296,5,4106802,15,6.066118461993268,7.279342154391922,437.47823082273635,296,Poligono_Industrial_022,Zona_6
296,6,4107702,1,14.467537738246802,17.361045285896164,457.83927610863253,296,Poligono_Industrial_022,Zona_6
296,7,Regreso_Poligono_Industrial_022,0,18.08,21.09,478.9292761086325,296,Poligono_Industrial_022,Zona_6
297,1,Inicio_Poligono_Industrial_022,0,0.0,12.0,12.0,297,Poligono_Industrial_022,Zona_6
297,2,4105503,26,54.45,57.29,147.29,297,Poligono_Industrial_022,Zona_6
297,3,4106001,38,36.94406482860955,44.33287779433145,305.62287779433143,297,Poligono_Industrial_022,Zona_6
297,4,4106003,55,1.1539653490196593,1.3847584188235913,472.007636213155,297,Poligono_Industrial_022,Zona_6
297,5,Regreso_Poligono_Industrial_022,0,2.46,5.0,477.007636213155,297,Poligono_Industrial_022,Zona_6
298,1,Inicio_Poligono_Industrial_022,0,0.0,12.0,12.0,298,Poligono_Industrial_022,Zona_6
298,2,4106003,14,2.46,5.0,59.0,298,Poligono_Industrial_022,Zona_6
298,3,4107702,43,14.980087028497161,17.976104434196593,205.9761044341966,298,Poligono_Industrial_022,Zona_6
298,4,4107703,23,0.6013168690230578,0.7215802428276693,275.69768467702426,298,Poligono_Industrial_022,Zona_6
298,5,4107701,22,0.47765789423934396,0.5731894730872127,342.27087415011147,298,Poligono_Industrial_022,Zona_6
298,6,4106802,1,14.07245142374012,16.886941708488145,362.15781585859963,298,Poligono_Industrial_022,Zona_6
298,7,4106801,23,9.596104263675418,11.515325116410501,442.67314097501014,298,Poligono_Industrial_022,Zona_6
298,8,Regreso_Poligono_Industrial_022,0,38.16,37.02,479.6931409750101,298,Poligono_Industrial_022,Zona_6
299,1,Inicio_Poligono_Industrial_022,0,0.0,12.0,12.0,299,Poligono_Industrial_022,Zona_6
299,2,4106201,2,61.02,53.87,71.87,299,Poligono_Industrial_022,Zona_6
299,3,4107201,31,9.969972210387251,11.963966652464702,176.8339666524647,299,Poligono_Industrial_022,Zona_6
299,4,4108201,35,10.148917762902718,12.178701315483261,294.012667967948,299,Poligono_Industrial_022,Zona_6
299,5,4108401,11,25.61459067418833,30.737508809025996,357.750176776974,299,Poligono_Industrial_022,Zona_6
299,6,4108402,10,1.890170280153276,2.2682043361839312,390.01838111315794,299,Poligono_Industrial_022,Zona_6
299,7,4106801,3,13.661357554545008,16.39362906545401,415.412010178612,299,Poligono_Industrial_022,Zona_6
299,8,4106803,9,1.172668596508402,1.4072023158100824,443.81921249442206,299,Poligono_Industrial_022,Zona_6
299,9,Regreso_Poligono_Industrial_022,0,37.71,35.67,479.4892124944221,299,Poligono_Industrial_022,Zona_6
300,1,Inicio_Poligono_Industrial_022,0,0.0,12.0,12.0,300,Poligono_Industrial_022,Zona_6
300,2,4106403,14,52.81,70.54,124.54,300,Poligono_Industrial_022,Zona_6
300,3,4106504,33,15.233555067277164,18.280266080732595,241.8202660807326,300,Poligono_Industrial_022,Zona_6
300,4,4106502,69,0.4330735905112258,0.5196883086134709,449.3399543893461,300,Poligono_Industrial_022,Zona_6
300,5,Regreso_Poligono_Industrial_022,0,29.44,30.2,479.53995438934606,300,Poligono_Industrial_022,Zona_6
301,1,Inicio_Poligono_Industrial_022,0,0.0,12.0,12.0,301,Poligono_Industrial_022,Zona_6
301,2,4106501,61,28.58,28.73,223.73,301,Poligono_Industrial_022,Zona_6
301,3,4106502,5,0.44115669624159365,0.5293880354899124,239.2593880354899,301,Poligono_Industrial_022,Zona_6
301,4,4106503,51,0.6438778970413485,0.7726534764496182,393.0320415119395,301,Poligono_Industrial_022,Zona_6
301,5,4106505,11,2.333721820156279,2.8004661841875347,428.83250769612704,301,Poligono_Industrial_022,Zona_6
301,6,Regreso_Poligono_Industrial_022,0,34.28,42.58,471.412507696127,301,Poligono_Industrial_022,Zona_6
302,1,Inicio_Poligono_Industrial_022,0,0.0,12.0,12.0,302,Poligono_Industrial_022,Zona_6
302,2,4106803,14,37.71,35.67,89.67,302,Poligono_Industrial_022,Zona_6
302,3,4106805,30,1.2517665033554046,1.5021198040264854,181.1721198040265,302,Poligono_Industrial_022,Zona_6
302,4,4106804,47,6.328767238636416,7.5945206863637,329.76664049039016,302,Poligono_Industrial_022,Zona_6
302,5,4107601,10,24.941263777965624,29.92951653355875,389.6961570239489,302,Poligono_Industrial_022,Zona_6
302,6,Regreso_Poligono_Industrial_022,0,56.41,60.66,450.35615702394887,302,Poligono_Industrial_022,Zona_6
303,1,Inicio_Poligono_Industrial_022,0,0.0,12.0,12.0,303,Poligono_Industrial_022,Zona_6
303,2,4190401,16,60.26,65.68,125.68,303,Poligono_Industrial_022,Zona_6
303,3,1100501,34,39.031014640776334,46.8372175689316,274.51721756893164,303,Poligono_Industrial_022,Zona_6
303,4,1101801,15,6.702829992031913,8.043395990438295,327.5606135593699,303,Poligono_Industrial_022,Zona_6
303,5,1103401,13,11.323602738831834,13.5883232865982,380.14893684596814,303,Poligono_Industrial_022,Zona_6
303,6,1100201,1,5.812952188238267,6.975542625885921,390.12447947185404,303,Poligono_Industrial_022,Zona_6
303,7,Regreso_Poligono_Industrial_022,0,82.74,89.17,479.29447947185406,303,Poligono_Industrial_022,Zona_6
304,1,Inicio_Poligono_Industrial_022,0,0.0,12.0,12.0,304,Poligono_Industrial_022,Zona_6
304,2,4109108,121,63.58,51.51,426.51,304,Poligono_Industrial_022,Zona_6
304,3,Regreso_Poligono_Industrial_022,0,63.58,51.51,478.02,304,Poligono_Industrial_022,Zona_6
305,1,Inicio_Poligono_Industrial_022,0,0.0,12.0,12.0,305,Poligono_Industrial_022,Zona_6
305,2,4109108,121,63.58,51.51,426.51,305,Poligono_Industrial_022,Zona_6
305,3,Regreso_Poligono_Industrial_022,0,63.58,51.51,478.02,305,Poligono_Industrial_022,Zona_6
306,1,Inicio_Poligono_Industrial_022,0,0.0,12.0,12.0,306,Poligono_Industrial_022,Zona_6
306,2,4109108,121,63.58,51.51,426.51,306,Poligono_Industrial_022,Zona_6
306,3,Regreso_Poligono_Industrial_022,0,63.58,51.51,478.02,306,Poligono_Industrial_022,Zona_6
307,1,Inicio_Poligono_Industrial_022,0,0.0,12.0,12.0,307,Poligono_Industrial_022,Zona_6
307,2,4109108,121,63.58,51.51,426.51,307,Poligono_Industrial_022,Zona_6
307,3,Regreso_Poligono_Industrial_022,0,63.58,51.51,478.02,307,Poligono_Industrial_022,Zona_6
308,1,Inicio_Poligono_Industrial_022,0,0.0,12.0,12.0,308,Poligono_Industrial_022,Zona_6
308,2,4109108,121,63.58,51.51,426.51,308,Poligono_Industrial_022,Zona_6
308,3,Regreso_Poligono_Industrial_022,0,63.58,51.51,478.02,308,Poligono_Industrial_022,Zona_6
309,1,Inicio_Poligono_Industrial_022,0,0.0,12.0,12.0,309,Poligono_Industrial_022,Zona_6
309,2,1100201,37,82.74,89.17,212.17000000000002,309,Poligono_Industrial_022,Zona_6
309,3,Regreso_Poligono_Industrial_022,0,82.74,89.17,301.34000000000003,309,Poligono_Industrial_022,Zona_6
310,1,Inicio_Poligono_Nave_industrial_062,0,0.0,12.0,12.0,310,Poligono_Nave_industrial_062,Zona_7
310,2,1400101,32,61.68,49.94,157.94,310,Poligono_Nave_industrial_062,Zona_7
310,3,1405001,15,7.059308086572126,8.47116970388655,211.41116970388654,310,Poligono_Nave_industrial_062,Zona_7
310,4,1405002,11,3.4887755153949525,4.1865306184739435,248.59770032236048,310,Poligono_Nave_industrial_062,Zona_7
310,5,1401802,29,5.378410434597099,6.454092521516519,342.051792843877,310,Poligono_Nave_industrial_062,Zona_7
310,6,1401801,11,0.5936594953920697,0.7123913944704837,375.7641842383475,310,Poligono_Nave_industrial_062,Zona_7
310,7,1406701,19,4.659235140307653,5.5910821683691845,438.35526640671674,310,Poligono_Nave_industrial_062,Zona_7
310,8,Regreso_Poligono_Nave_industrial_062,0,52.28,39.55,477.90526640671675,310,Poligono_Nave_industrial_062,Zona_7
311,1,Inicio_Poligono_Nave_industrial_062,0,0.0,12.0,12.0,311,Poligono_Nave_industrial_062,Zona_7
311,2,1400201,24,20.56,18.02,102.02,311,Poligono_Nave_industrial_062,Zona_7
311,3,1400202,31,1.3195125411866042,1.583415049423925,196.60341504942392,311,Poligono_Nave_industrial_062,Zona_7
311,4,1404203,68,6.549007269800079,7.858808723760095,408.462223773184,311,Poligono_Nave_industrial_062,Zona_7
311,5,1404201,17,0.26003163723614847,0.31203796468337813,459.7742617378674,311,Poligono_Nave_industrial_062,Zona_7
311,6,Regreso_Poligono_Nave_industrial_062,0,14.2,13.68,473.4542617378674,311,Poligono_Nave_industrial_062,Zona_7
312,1,Inicio_Poligono_Nave_industrial_062,0,0.0,12.0,12.0,312,Poligono_Nave_industrial_062,Zona_7
312,2,1400401,12,83.16,68.84,116.84,312,Poligono_Nave_industrial_062,Zona_7
312,3,1400402,6,2.071520509113101,2.485824610935721,137.32582461093574,312,Poligono_Nave_industrial_062,Zona_7
312,4,1403101,5,10.74784178942998,12.897410147315977,165.22323475825172,312,Poligono_Nave_industrial_062,Zona_7
312,5,1405504,13,5.228779735338653,6.274535682406384,210.4977704406581,312,Poligono_Nave_industrial_062,Zona_7
312,6,1405501,34,7.011382061866342,8.413658474239611,320.91142891489767,312,Poligono_Nave_industrial_062,Zona_7
312,7,1405502,31,1.1231613662945554,1.3477936395534664,415.2592225544511,312,Poligono_Nave_industrial_062,Zona_7
312,8,1401501,1,9.201903582184327,11.042284298621192,429.30150685307234,312,Poligono_Nave_industrial_062,Zona_7
312,9,Regreso_Poligono_Nave_industrial_062,0,61.48,47.75,477.05150685307234,312,Poligono_Nave_industrial_062,Zona_7
313,1,Inicio_Poligono_Nave_industrial_062,0,0.0,12.0,12.0,313,Poligono_Nave_industrial_062,Zona_7
313,2,1400701,31,45.7,39.85,144.85,313,Poligono_Nave_industrial_062,Zona_7
313,3,1400704,12,0.36810129798651614,0.44172155758381937,181.2917215575838,313,Poligono_Nave_industrial_062,Zona_7
313,4,1400702,11,0.39607927748825084,0.475295132985901,214.7670166905697,313,Poligono_Nave_industrial_062,Zona_7
313,5,1400703,74,0.8202281597757168,0.9842737917308603,437.75129048230053,313,Poligono_Nave_industrial_062,Zona_7
313,6,Regreso_Poligono_Nave_industrial_062,0,45.74,39.64,477.3912904823005,313,Poligono_Nave_industrial_062,Zona_7
314,1,Inicio_Poligono_Nave_industrial_062,0,0.0,12.0,12.0,314,Poligono_Nave_industrial_062,Zona_7
314,2,1400703,12,45.74,39.64,87.64,314,Poligono_Nave_industrial_062,Zona_7
314,3,1402202,11,7.888626848462873,9.466352218155446,130.10635221815545,314,Poligono_Nave_industrial_062,Zona_7
314,4,1402201,25,0.8457655974832515,1.0149187169799019,206.12127093513536,314,Poligono_Nave_industrial_062,Zona_7
314,5,1407501,5,4.357731010843217,5.229277213011861,226.35054814814723,314,Poligono_Nave_industrial_062,Zona_7
314,6,1401501,17,7.270589716959875,8.72470766035185,286.0752558084991,314,Poligono_Nave_industrial_062,Zona_7
314,7,1405502,40,9.201903582184327,11.042284298621192,417.11754010712025,314,Poligono_Nave_industrial_062,Zona_7
314,8,Regreso_Poligono_Nave_industrial_062,0,72.98,61.95,479.06754010712024,314,Poligono_Nave_industrial_062,Zona_7
315,1,Inicio_Poligono_Nave_industrial_062,0,0.0,12.0,12.0,315,Poligono_Nave_industrial_062,Zona_7
315,2,1400705,8,55.64,49.96,85.96000000000001,315,Poligono_Nave_industrial_062,Zona_7
315,3,1406301,7,11.096525449974335,13.315830539969202,120.2758305399692,315,Poligono_Nave_industrial_062,Zona_7
315,4,1401402,11,10.69000234893301,12.828002818719613,166.1038333586888,315,Poligono_Nave_industrial_062,Zona_7
315,5,1401401,11,8.128639943557367,9.75436793226884,208.85820129095765,315,Poligono_Nave_industrial_062,Zona_7
315,6,1401202,14,6.015593941137683,7.21871272936522,258.0769140203229,315,Poligono_Nave_industrial_062,Zona_7
315,7,1401201,16,0.9111232482308723,1.0933478978770468,307.1702619181999,315,Poligono_Nave_industrial_062,Zona_7
315,8,1401204,13,0.5813852595072171,0.6976623114086605,346.86792422960855,315,Poligono_Nave_industrial_062,Zona_7
315,9,1401203,15,2.999548412667073,3.5994580952004873,395.467382324809,315,Poligono_Nave_industrial_062,Zona_7
315,10,1406702,8,13.52986671656158,16.235840059873897,435.70322238468293,315,Poligono_Nave_industrial_062,Zona_7
315,11,Regreso_Poligono_Nave_industrial_062,0,49.05,41.7,477.4032223846829,315,Poligono_Nave_industrial_062,Zona_7
316,1,Inicio_Poligono_Nave_industrial_062,0,0.0,12.0,12.0,316,Poligono_Nave_industrial_062,Zona_7
316,2,1401301,83,44.02,38.78,299.78,316,Poligono_Nave_industrial_062,Zona_7
316,3,1401302,36,0.35668684846750626,0.4280242181610075,408.208024218161,316,Poligono_Nave_industrial_062,Zona_7
316,4,1401303,10,0.3252917805551321,0.3903501366661585,438.5983743548271,316,Poligono_Nave_industrial_062,Zona_7
316,5,1404401,1,12.048186144212542,14.45782337305505,456.05619772788214,316,Poligono_Nave_industrial_062,Zona_7
316,6,Regreso_Poligono_Nave_industrial_062,0,28.42,22.88,478.93619772788213,316,Poligono_Nave_industrial_062,Zona_7
317,1,Inicio_Poligono_Nave_industrial_062,0,0.0,12.0,12.0,317,Poligono_Nave_industrial_062,Zona_7
317,2,1401303,25,44.11,38.49,125.49000000000001,317,Poligono_Nave_industrial_062,Zona_7
317,3,1401304,15,1.9222502562642398,2.3067003075170875,172.79670030751709,317,Poligono_Nave_industrial_062,Zona_7
317,4,1403803,87,8.765412067890482,10.51849448146858,444.31519478898565,317,Poligono_Nave_industrial_062,Zona_7
317,5,Regreso_Poligono_Nave_industrial_062,0,42.68,33.48,477.79519478898567,317,Poligono_Nave_industrial_062,Zona_7
318,1,Inicio_Poligono_Nave_industrial_062,0,0.0,12.0,12.0,318,Poligono_Nave_industrial_062,Zona_7
318,2,1401601,11,106.89,77.08,122.08,318,Poligono_Nave_industrial_062,Zona_7
318,3,1402001,3,17.872215080784084,21.4466580969409,152.5266580969409,318,Poligono_Nave_industrial_062,Zona_7
318,4,1406904,10,11.404128605728188,13.684954326873825,196.21161242381473,318,Poligono_Nave_industrial_062,Zona_7
318,5,1406901,20,6.278207082311757,7.533848498774108,263.74546092258885,318,Poligono_Nave_industrial_062,Zona_7
318,6,1406902,23,10.35598698820211,12.427184385842532,345.17264530843136,318,Poligono_Nave_industrial_062,Zona_7
318,7,1406903,6,6.596508057281166,7.915809668737398,371.08845497716874,318,Poligono_Nave_industrial_062,Zona_7
318,8,1404701,1,16.830079251867982,20.19609510224158,394.28455007941034,318,Poligono_Nave_industrial_062,Zona_7
318,9,1402101,11,20.557606940357346,24.669128328428815,451.95367840783916,318,Poligono_Nave_industrial_062,Zona_7
318,10,1402110,1,1.1282048821229513,1.3538458585475415,456.3075242663867,318,Poligono_Nave_industrial_062,Zona_7
318,11,Regreso_Poligono_Nave_industrial_062,0,29.53,23.58,479.88752426638666,318,Poligono_Nave_industrial_062,Zona_7
319,1,Inicio_Poligono_Nave_industrial_062,0,0.0,12.0,12.0,319,Poligono_Nave_industrial_062,Zona_7
319,2,1401901,9,26.87,25.8,64.8,319,Poligono_Nave_industrial_062,Zona_7
319,3,1401904,18,0.3677241040319719,0.4412689248383663,119.24126892483837,319,Poligono_Nave_industrial_062,Zona_7
319,4,1401902,15,0.4296080807219491,0.5155296968663389,164.75679862170472,319,Poligono_Nave_industrial_062,Zona_7
319,5,1401905,9,0.7287059990791322,0.8744471988949587,192.63124582059967,319,Poligono_Nave_industrial_062,Zona_7
319,6,1401903,11,1.2994687208987337,1.5593624650784805,227.19060828567814,319,Poligono_Nave_industrial_062,Zona_7
319,7,1402501,9,5.0053915976004415,6.00646991712053,260.19707820279865,319,Poligono_Nave_industrial_062,Zona_7
319,8,1402502,7,2.24925300201014,2.699103602412168,283.8961818052108,319,Poligono_Nave_industrial_062,Zona_7
319,9,1402503,10,3.1324813167509413,3.75897758010113,317.65515938531195,319,Poligono_Nave_industrial_062,Zona_7
319,10,1404102,17,7.448725217193776,8.938470260632531,377.5936296459445,319,Poligono_Nave_industrial_062,Zona_7
319,11,1404101,16,5.394079805700058,6.47289576684007,432.06652541278453,319,Poligono_Nave_industrial_062,Zona_7
319,12,1402701,13,2.5645009223000454,3.0774011067600546,474.1439265195446,319,Poligono_Nave_industrial_062,Zona_7
319,13,Regreso_Poligono_Nave_industrial_062,0,1.24,5.0,479.1439265195446,319,Poligono_Nave_industrial_062,Zona_7
320,1,Inicio_Poligono_Nave_industrial_062,0,0.0,12.0,12.0,320,Poligono_Nave_industrial_062,Zona_7
320,2,1402101,138,30.9,26.08,452.08,320,Poligono_Nave_industrial_062,Zona_7
320,3,Regreso_Poligono_Nave_industrial_062,0,30.9,26.08,478.15999999999997,320,Poligono_Nave_industrial_062,Zona_7
321,1,Inicio_Poligono_Nave_industrial_062,0,0.0,12.0,12.0,321,Poligono_Nave_industrial_062,Zona_7
321,2,1402101,138,30.9,26.08,452.08,321,Poligono_Nave_industrial_062,Zona_7
321,3,Regreso_Poligono_Nave_industrial_062,0,30.9,26.08,478.15999999999997,321,Poligono_Nave_industrial_062,Zona_7
322,1,Inicio_Poligono_Nave_industrial_062,0,0.0,12.0,12.0,322,Poligono_Nave_industrial_062,Zona_7
322,2,1402101,138,30.9,26.08,452.08,322,Poligono_Nave_industrial_062,Zona_7
322,3,Regreso_Poligono_Nave_industrial_062,0,30.9,26.08,478.15999999999997,322,Poligono_Nave_industrial_062,Zona_7
323,1,Inicio_Poligono_Nave_industrial_062,0,0.0,12.0,12.0,323,Poligono_Nave_industrial_062,Zona_7
323,2,1402101,29,30.9,26.08,125.08,323,Poligono_Nave_industrial_062,Zona_7
323,3,1402103,33,0.39891101657701344,0.4786932198924161,224.5586932198924,323,Poligono_Nave_industrial_062,Zona_7
323,4,1402108,38,0.2927644824015422,0.35131737888185066,338.91001059877425,323,Poligono_Nave_industrial_062,Zona_7
323,5,1402107,37,0.39542133411580865,0.47450560093897043,450.38451619971323,323,Poligono_Nave_industrial_062,Zona_7
323,6,1402106,1,0.2962067131267151,0.3554480557520581,453.7399642554653,323,Poligono_Nave_industrial_062,Zona_7
323,7,Regreso_Poligono_Nave_industrial_062,0,30.41,25.66,479.3999642554653,323,Poligono_Nave_industrial_062,Zona_7
324,1,Inicio_Poligono_Nave_industrial_062,0,0.0,12.0,12.0,324,Poligono_Nave_industrial_062,Zona_7
324,2,1402102,138,29.73,25.99,451.99,324,Poligono_Nave_industrial_062,Zona_7
324,3,Regreso_Poligono_Nave_industrial_062,0,29.73,25.99,477.98,324,Poligono_Nave_industrial_062,Zona_7
325,1,Inicio_Poligono_Nave_industrial_062,0,0.0,12.0,12.0,325,Poligono_Nave_industrial_062,Zona_7
325,2,1402102,138,29.73,25.99,451.99,325,Poligono_Nave_industrial_062,Zona_7
325,3,Regreso_Poligono_Nave_industrial_062,0,29.73,25.99,477.98,325,Poligono_Nave_industrial_062,Zona_7
326,1,Inicio_Poligono_Nave_industrial_062,0,0.0,12.0,12.0,326,Poligono_Nave_industrial_062,Zona_7
326,2,1402102,138,29.73,25.99,451.99,326,Poligono_Nave_industrial_062,Zona_7
326,3,Regreso_Poligono_Nave_industrial_062,0,29.73,25.99,477.98,326,Poligono_Nave_industrial_062,Zona_7
327,1,Inicio_Poligono_Nave_industrial_062,0,0.0,12.0,12.0,327,Poligono_Nave_industrial_062,Zona_7
327,2,1402102,63,29.73,25.99,226.99,327,Poligono_Nave_industrial_062,Zona_7
327,3,1402104,57,0.5127857683148918,0.6153429219778701,398.60534292197786,327,Poligono_Nave_industrial_062,Zona_7
327,4,1402105,18,0.23880068368274085,0.286560820419289,452.8919037423972,327,Poligono_Nave_industrial_062,Zona_7
327,5,Regreso_Poligono_Nave_industrial_062,0,29.03,24.31,477.2019037423972,327,Poligono_Nave_industrial_062,Zona_7
328,1,Inicio_Poligono_Nave_industrial_062,0,0.0,12.0,12.0,328,Poligono_Nave_industrial_062,Zona_7
328,2,1402105,139,29.03,24.31,453.31,328,Poligono_Nave_industrial_062,Zona_7
328,3,Regreso_Poligono_Nave_industrial_062,0,29.03,24.31,477.62,328,Poligono_Nave_industrial_062,Zona_7
329,1,Inicio_Poligono_Nave_industrial_062,0,0.0,12.0,12.0,329,Poligono_Nave_industrial_062,Zona_7
329,2,1402105,126,29.03,24.31,414.31,329,Poligono_Nave_industrial_062,Zona_7
329,3,1402107,12,0.852351890281904,1.0228222683382846,451.3328222683383,329,Poligono_Nave_industrial_062,Zona_7
329,4,1402110,1,0.6553581038513013,0.7864297246215616,455.11925199295985,329,Poligono_Nave_industrial_062,Zona_7
329,5,Regreso_Poligono_Nave_industrial_062,0,29.53,23.58,478.69925199295983,329,Poligono_Nave_industrial_062,Zona_7
330,1,Inicio_Poligono_Nave_industrial_062,0,0.0,12.0,12.0,330,Poligono_Nave_industrial_062,Zona_7
330,2,1402106,138,30.41,25.66,451.66,330,Poligono_Nave_industrial_062,Zona_7
330,3,1402110,1,0.46829010257786824,0.5619481230934419,455.22194812309345,330,Poligono_Nave_industrial_062,Zona_7
330,4,Regreso_Poligono_Nave_industrial_062,0,29.53,23.58,478.80194812309344,330,Poligono_Nave_industrial_062,Zona_7
331,1,Inicio_Poligono_Nave_industrial_062,0,0.0,12.0,12.0,331,Poligono_Nave_industrial_062,Zona_7
331,2,1402106,138,30.41,25.66,451.66,331,Poligono_Nave_industrial_062,Zona_7
331,3,1402110,1,0.46829010257786824,0.5619481230934419,455.22194812309345,331,Poligono_Nave_industrial_062,Zona_7
331,4,Regreso_Poligono_Nave_industrial_062,0,29.53,23.58,478.80194812309344,331,Poligono_Nave_industrial_062,Zona_7
332,1,Inicio_Poligono_Nave_industrial_062,0,0.0,12.0,12.0,332,Poligono_Nave_industrial_062,Zona_7
332,2,1402106,138,30.41,25.66,451.66,332,Poligono_Nave_industrial_062,Zona_7
332,3,1402110,1,0.46829010257786824,0.5619481230934419,455.22194812309345,332,Poligono_Nave_industrial_062,Zona_7
332,4,Regreso_Poligono_Nave_industrial_062,0,29.53,23.58,478.80194812309344,332,Poligono_Nave_industrial_062,Zona_7
333,1,Inicio_Poligono_Nave_industrial_062,0,0.0,12.0,12.0,333,Poligono_Nave_industrial_062,Zona_7
333,2,1402106,138,30.41,25.66,451.66,333,Poligono_Nave_industrial_062,Zona_7
333,3,1402110,1,0.46829010257786824,0.5619481230934419,455.22194812309345,333,Poligono_Nave_industrial_062,Zona_7
333,4,Regreso_Poligono_Nave_industrial_062,0,29.53,23.58,478.80194812309344,333,Poligono_Nave_industrial_062,Zona_7
334,1,Inicio_Poligono_Nave_industrial_062,0,0.0,12.0,12.0,334,Poligono_Nave_industrial_062,Zona_7
334,2,1402106,138,30.41,25.66,451.66,334,Poligono_Nave_industrial_062,Zona_7
334,3,1402110,1,0.46829010257786824,0.5619481230934419,455.22194812309345,334,Poligono_Nave_industrial_062,Zona_7
334,4,Regreso_Poligono_Nave_industrial_062,0,29.53,23.58,478.80194812309344,334,Poligono_Nave_industrial_062,Zona_7
335,1,Inicio_Poligono_Nave_industrial_062,0,0.0,12.0,12.0,335,Poligono_Nave_industrial_062,Zona_7
335,2,1402106,138,30.41,25.66,451.66,335,Poligono_Nave_industrial_062,Zona_7
335,3,1402110,1,0.46829010257786824,0.5619481230934419,455.22194812309345,335,Poligono_Nave_industrial_062,Zona_7
335,4,Regreso_Poligono_Nave_industrial_062,0,29.53,23.58,478.80194812309344,335,Poligono_Nave_industrial_062,Zona_7
336,1,Inicio_Poligono_Nave_industrial_062,0,0.0,12.0,12.0,336,Poligono_Nave_industrial_062,Zona_7
336,2,1402106,22,30.41,25.66,103.66,336,Poligono_Nave_industrial_062,Zona_7
336,3,1402107,15,0.2962067131267151,0.3554480557520581,149.01544805575205,336,Poligono_Nave_industrial_062,Zona_7
336,4,1402110,102,0.6553581038513013,0.7864297246215616,455.8018777803736,336,Poligono_Nave_industrial_062,Zona_7
336,5,Regreso_Poligono_Nave_industrial_062,0,29.53,23.58,479.3818777803736,336,Poligono_Nave_industrial_062,Zona_7
337,1,Inicio_Poligono_Nave_industrial_062,0,0.0,12.0,12.0,337,Poligono_Nave_industrial_062,Zona_7
337,2,1402109,138,29.99,25.53,451.53,337,Poligono_Nave_industrial_062,Zona_7
337,3,1402110,1,0.5967552193831763,0.7161062632598116,455.2461062632598,337,Poligono_Nave_industrial_062,Zona_7
337,4,Regreso_Poligono_Nave_industrial_062,0,29.53,23.58,478.82610626325976,337,Poligono_Nave_industrial_062,Zona_7
338,1,Inicio_Poligono_Nave_industrial_062,0,0.0,12.0,12.0,338,Poligono_Nave_industrial_062,Zona_7
338,2,1402109,138,29.99,25.53,451.53,338,Poligono_Nave_industrial_062,Zona_7
338,3,1402110,1,0.5967552193831763,0.7161062632598116,455.2461062632598,338,Poligono_Nave_industrial_062,Zona_7
338,4,Regreso_Poligono_Nave_industrial_062,0,29.53,23.58,478.82610626325976,338,Poligono_Nave_industrial_062,Zona_7
339,1,Inicio_Poligono_Nave_industrial_062,0,0.0,12.0,12.0,339,Poligono_Nave_industrial_062,Zona_7
339,2,1402109,38,29.99,25.53,151.53,339,Poligono_Nave_industrial_062,Zona_7
339,3,1402110,101,0.5967552193831763,0.7161062632598116,455.2461062632598,339,Poligono_Nave_industrial_062,Zona_7
339,4,Regreso_Poligono_Nave_industrial_062,0,29.53,23.58,478.82610626325976,339,Poligono_Nave_industrial_062,Zona_7
340,1,Inicio_Poligono_Nave_industrial_062,0,0.0,12.0,12.0,340,Poligono_Nave_industrial_062,Zona_7
340,2,1402110,140,29.53,23.58,455.58,340,Poligono_Nave_industrial_062,Zona_7
340,3,Regreso_Poligono_Nave_industrial_062,0,29.53,23.58,479.15999999999997,340,Poligono_Nave_industrial_062,Zona_7
341,1,Inicio_Poligono_Nave_industrial_062,0,0.0,12.0,12.0,341,Poligono_Nave_industrial_062,Zona_7
341,2,1402110,140,29.53,23.58,455.58,341,Poligono_Nave_industrial_062,Zona_7
341,3,Regreso_Poligono_Nave_industrial_062,0,29.53,23.58,479.15999999999997,341,Poligono_Nave_industrial_062,Zona_7
342,1,Inicio_Poligono_Nave_industrial_062,0,0.0,12.0,12.0,342,Poligono_Nave_industrial_062,Zona_7
342,2,1402110,109,29.53,23.58,362.58,342,Poligono_Nave_industrial_062,Zona_7
342,3,1406702,11,20.941119870598868,25.12934384471864,420.7093438447186,342,Poligono_Nave_industrial_062,Zona_7
342,4,1406701,5,2.369495751123362,2.843394901348034,438.55273874606667,342,Poligono_Nave_industrial_062,Zona_7
342,5,Regreso_Poligono_Nave_industrial_062,0,52.28,39.55,478.1027387460667,342,Poligono_Nave_industrial_062,Zona_7
343,1,Inicio_Poligono_Nave_industrial_062,0,0.0,12.0,12.0,343,Poligono_Nave_industrial_062,Zona_7
343,2,1490101,9,3.04,7.04,46.04,343,Poligono_Nave_industrial_062,Zona_7
343,3,1402701,31,1.8154313817937067,2.178517658152448,141.21851765815245,343,Poligono_Nave_industrial_062,Zona_7
343,4,1402702,29,2.937895779990851,3.5254749359890214,231.74399259414147,343,Poligono_Nave_industrial_062,Zona_7
343,5,1405701,65,8.826595019349105,10.591914023218926,437.33590661736037,343,Poligono_Nave_industrial_062,Zona_7
343,6,1405901,6,1.3522658536283885,1.6227190243540663,456.95862564171443,343,Poligono_Nave_industrial_062,Zona_7
343,7,Regreso_Poligono_Nave_industrial_062,0,13.86,21.51,478.4686256417144,343,Poligono_Nave_industrial_062,Zona_7
344,1,Inicio_Poligono_Nave_industrial_062,0,0.0,12.0,12.0,344,Poligono_Nave_industrial_062,Zona_7
344,2,1402801,3,107.41,86.47,107.47,344,Poligono_Nave_industrial_062,Zona_7
344,3,1405402,61,17.993176020427956,21.59181122451355,312.0618112245136,344,Poligono_Nave_industrial_062,Zona_7
344,4,1405401,26,1.0112872374920965,1.2135446849905156,391.27535590950407,344,Poligono_Nave_industrial_062,Zona_7
344,5,Regreso_Poligono_Nave_industrial_062,0,105.11,87.72,478.99535590950404,344,Poligono_Nave_industrial_062,Zona_7
345,1,Inicio_Poligono_Nave_industrial_062,0,0.0,12.0,12.0,345,Poligono_Nave_industrial_062,Zona_7
345,2,1403401,3,124.87,122.39,143.39,345,Poligono_Nave_industrial_062,Zona_7
345,3,1406201,8,9.532686845971448,11.439224215165737,178.8292242151657,345,Poligono_Nave_industrial_062,Zona_7
345,4,1406202,1,3.1138716280594654,3.7366459536713585,185.56587016883708,345,Poligono_Nave_industrial_062,Zona_7
345,5,1405101,7,9.19168462785003,11.030021553420037,217.5958917222571,345,Poligono_Nave_industrial_062,Zona_7
345,6,1405102,5,5.562764022377047,6.675316826852457,239.27120854910956,345,Poligono_Nave_industrial_062,Zona_7
345,7,1405401,29,7.394975977083341,8.87397117250001,335.14517972160957,345,Poligono_Nave_industrial_062,Zona_7
345,8,1405404,8,13.961633476558907,16.753960171870688,375.89913989348025,345,Poligono_Nave_industrial_062,Zona_7
345,9,1406701,3,40.14968150101051,48.179617801212615,433.07875769469285,345,Poligono_Nave_industrial_062,Zona_7
345,10,Regreso_Poligono_Nave_industrial_062,0,52.28,39.55,472.62875769469287,345,Poligono_Nave_industrial_062,Zona_7
346,1,Inicio_Poligono_Nave_industrial_062,0,0.0,12.0,12.0,346,Poligono_Nave_industrial_062,Zona_7
346,2,1403801,79,42.53,34.36,283.36,346,Poligono_Nave_industrial_062,Zona_7
346,3,1403802,54,0.35592270672246873,0.4271072480669625,445.78710724806695,346,Poligono_Nave_industrial_062,Zona_7
346,4,Regreso_Poligono_Nave_industrial_062,0,41.47,32.4,478.1871072480669,346,Poligono_Nave_industrial_062,Zona_7
347,1,Inicio_Poligono_Nave_industrial_062,0,0.0,12.0,12.0,347,Poligono_Nave_industrial_062,Zona_7
347,2,1403802,78,41.47,32.4,278.4,347,Poligono_Nave_industrial_062,Zona_7
347,3,1403803,36,1.1561946771174623,1.3874336125409548,387.78743361254095,347,Poligono_Nave_industrial_062,Zona_7
347,4,1404401,16,11.520846127509644,13.825015353011572,449.6124489655525,347,Poligono_Nave_industrial_062,Zona_7
347,5,Regreso_Poligono_Nave_industrial_062,0,28.42,22.88,472.4924489655525,347,Poligono_Nave_industrial_062,Zona_7
348,1,Inicio_Poligono_Nave_industrial_062,0,0.0,12.0,12.0,348,Poligono_Nave_industrial_062,Zona_7
348,2,1403901,22,59.56,52.9,130.9,348,Poligono_Nave_industrial_062,Zona_7
348,3,1405502,41,14.169083277601631,17.00289993312196,270.90289993312194,348,Poligono_Nave_industrial_062,Zona_7
348,4,1405503,12,6.742285440901217,8.09074252908146,314.9936424622034,348,Poligono_Nave_industrial_062,Zona_7
348,5,1405805,19,11.126409578488895,13.351691494186674,385.34533395639005,348,Poligono_Nave_industrial_062,Zona_7
348,6,1405804,13,2.2729652609811217,2.7275583131773464,427.0728922695674,348,Poligono_Nave_industrial_062,Zona_7
348,7,Regreso_Poligono_Nave_industrial_062,0,59.0,52.79,479.8628922695674,348,Poligono_Nave_industrial_062,Zona_7
349,1,Inicio_Poligono_Nave_industrial_062,0,0.0,12.0,12.0,349,Poligono_Nave_industrial_062,Zona_7
349,2,1404001,16,14.04,24.16,84.16,349,Poligono_Nave_industrial_062,Zona_7
349,3,1404002,21,1.3556159747882996,1.6267391697459597,148.78673916974594,349,Poligono_Nave_industrial_062,Zona_7
349,4,1404201,6,9.564987903271826,11.47798548392619,178.26472465367215,349,Poligono_Nave_industrial_062,Zona_7
349,5,1404202,40,0.37795092796673924,0.4535411135600871,298.71826576723225,349,Poligono_Nave_industrial_062,Zona_7
349,6,1404204,52,0.2784445520690648,0.3341334624828778,455.0523992297151,349,Poligono_Nave_industrial_062,Zona_7
349,7,Regreso_Poligono_Nave_industrial_062,0,14.85,14.73,469.7823992297151,349,Poligono_Nave_industrial_062,Zona_7
350,1,Inicio_Poligono_Nave_industrial_062,0,0.0,12.0,12.0,350,Poligono_Nave_industrial_062,Zona_7
350,2,1404205,12,23.55,25.84,73.84,350,Poligono_Nave_industrial_062,Zona_7
350,3,1404602,17,9.19803753895859,11.03764504675031,135.87764504675033,350,Poligono_Nave_industrial_062,Zona_7
350,4,1404601,23,2.606925364896784,3.1283104378761406,208.00595548462647,350,Poligono_Nave_industrial_062,Zona_7
350,5,1404501,29,22.844807498289594,27.41376899794751,322.419724482574,350,Poligono_Nave_industrial_062,Zona_7
350,6,1405803,24,24.938929088133165,29.9267149057598,424.3464393883338,350,Poligono_Nave_industrial_062,Zona_7
350,7,1405802,1,0.46166670594177506,0.5540000471301301,427.9004394354639,350,Poligono_Nave_industrial_062,Zona_7
350,8,Regreso_Poligono_Nave_industrial_062,0,58.63,51.64,479.5404394354639,350,Poligono_Nave_industrial_062,Zona_7
351,1,Inicio_Poligono_Nave_industrial_062,0,0.0,12.0,12.0,351,Poligono_Nave_industrial_062,Zona_7
351,2,1404301,14,70.43,52.81,106.81,351,Poligono_Nave_industrial_062,Zona_7
351,3,1404303,13,0.2512038711133238,0.3014446453359886,146.111444645336,351,Poligono_Nave_industrial_062,Zona_7
351,4,1406601,30,7.228350465615168,8.674020558738201,244.78546520407423,351,Poligono_Nave_industrial_062,Zona_7
351,5,1406602,25,3.9215161396118257,4.705819367534191,324.4912845716084,351,Poligono_Nave_industrial_062,Zona_7
351,6,1404302,9,15.085216913434543,18.10226029612145,369.59354486772986,351,Poligono_Nave_industrial_062,Zona_7
351,7,1405901,2,68.61961319914835,82.34353583897801,457.9370807067079,351,Poligono_Nave_industrial_062,Zona_7
351,8,Regreso_Poligono_Nave_industrial_062,0,13.86,21.51,479.4470807067079,351,Poligono_Nave_industrial_062,Zona_7
352,1,Inicio_Poligono_Nave_industrial_062,0,0.0,12.0,12.0,352,Poligono_Nave_industrial_062,Zona_7
352,2,1404304,41,99.44,108.81,243.81,352,Poligono_Nave_industrial_062,Zona_7
352,3,1406903,7,18.911911716653627,22.69429405998435,287.5042940599844,352,Poligono_Nave_industrial_062,Zona_7
352,4,1405404,21,14.67361471422439,17.608337657069267,368.11263171705366,352,Poligono_Nave_industrial_062,Zona_7
352,5,1406501,3,63.087376844994544,75.70485221399346,452.81748393104715,352,Poligono_Nave_industrial_062,Zona_7
352,6,Regreso_Poligono_Nave_industrial_062,0,26.31,26.99,479.80748393104716,352,Poligono_Nave_industrial_062,Zona_7
353,1,Inicio_Poligono_Nave_industrial_062,0,0.0,12.0,12.0,353,Poligono_Nave_industrial_062,Zona_7
353,2,1404701,19,59.96,83.69,152.69,353,Poligono_Nave_industrial_062,Zona_7
353,3,1406501,18,42.78859662607344,51.34631595128813,258.03631595128815,353,Poligono_Nave_industrial_062,Zona_7
353,4,1405801,20,59.32395824293159,71.1887498915179,389.22506584280603,353,Poligono_Nave_industrial_062,Zona_7
353,5,1405802,6,0.2761132851222258,0.331335942146671,407.5564017849527,353,Poligono_Nave_industrial_062,Zona_7
353,6,Regreso_Poligono_Nave_industrial_062,0,58.63,51.64,459.1964017849527,353,Poligono_Nave_industrial_062,Zona_7
