id_camion,orden_parada,nodo_ine,paquetes,km_tramo,tiempo_tramo_min,tiempo_acumulado_min,Id_Transportista,Centro_Origen,Zona_Geografica
1,1,Inicio_Poligono_Nave_industrial_070,0,0.0,25.0,25.0,1,Poligono_Nave_industrial_070,Zona_0
1,2,2100101,7,114.87,116.26,162.26,1,Poligono_Nave_industrial_070,Zona_0
1,3,2104501,3,4.3320000222808375,5.198400026737005,176.458400026737,1,Poligono_Nave_industrial_070,Zona_0
1,4,2104801,4,5.469030306718086,6.562836368061703,195.0212363947987,1,Poligono_Nave_industrial_070,Zona_0
1,5,2103301,7,3.444574472233368,4.133489366680042,220.15472576147874,1,Poligono_Nave_industrial_070,Zona_0
1,6,2102201,2,3.2251969207194273,3.870236304863313,230.02496206634206,1,Poligono_Nave_industrial_070,Zona_0
1,7,2103401,11,4.38610013587557,5.263320163050684,268.28828222939273,1,Poligono_Nave_industrial_070,Zona_0
1,8,2107101,2,3.2627613899847634,3.915313667981716,278.20359589737444,1,Poligono_Nave_industrial_070,Zona_0
1,9,2102601,3,4.151473222825534,4.981767867390642,292.1853637647651,1,Poligono_Nave_industrial_070,Zona_0
1,10,2100702,8,6.181128211412118,7.417353853694541,323.6027176184596,1,Poligono_Nave_industrial_070,Zona_0
1,11,2100703,18,4.381224394247657,5.257469273097188,382.8601868915568,1,Poligono_Nave_industrial_070,Zona_0
1,12,2105401,2,52.77816758076536,63.33380109691844,452.1939879884752,1,Poligono_Nave_industrial_070,Zona_0
1,13,Regreso_Poligono_Nave_industrial_070,0,28.67,26.87,479.0639879884752,1,Poligono_Nave_industrial_070,Zona_0
2,1,Inicio_Poligono_Nave_industrial_070,0,0.0,25.0,25.0,2,Poligono_Nave_industrial_070,Zona_0
2,2,2100201,117,67.63,50.91,426.90999999999997,2,Poligono_Nave_industrial_070,Zona_0
2,3,Regreso_Poligono_Nave_industrial_070,0,67.63,50.91,477.81999999999994,2,Poligono_Nave_industrial_070,Zona_0
3,1,Inicio_Poligono_Nave_industrial_070,0,0.0,25.0,25.0,3,Poligono_Nave_industrial_070,Zona_0
3,2,2100201,3,67.63,50.91,84.91,3,Poligono_Nave_industrial_070,Zona_0
3,3,2100202,113,3.98442067934485,4.78130481521382,428.6913048152138,3,Poligono_Nave_industrial_070,Zona_0
3,4,2104108,1,2.3346959919779473,2.8016351903735366,434.49294000558734,3,Poligono_Nave_industrial_070,Zona_0
3,5,Regreso_Poligono_Nave_industrial_070,0,60.34,43.71,478.2029400055873,3,Poligono_Nave_industrial_070,Zona_0
4,1,Inicio_Poligono_Nave_industrial_070,0,0.0,25.0,25.0,4,Poligono_Nave_industrial_070,Zona_0
4,2,2100202,41,65.9,50.64,198.64,4,Poligono_Nave_industrial_070,Zona_0
4,3,2104108,78,2.3346959919779473,2.8016351903735366,435.4416351903735,4,Poligono_Nave_industrial_070,Zona_0
4,4,Regreso_Poligono_Nave_industrial_070,0,60.34,43.71,479.1516351903735,4,Poligono_Nave_industrial_070,Zona_0
5,1,Inicio_Poligono_Nave_industrial_070,0,0.0,25.0,25.0,5,Poligono_Nave_industrial_070,Zona_0
5,2,2100301,8,111.24,115.45,164.45,5,Poligono_Nave_industrial_070,Zona_0
5,3,2103701,5,8.599350024725052,10.319220029670062,189.76922002967007,5,Poligono_Nave_industrial_070,Zona_0
5,4,2106501,4,8.042737221092134,9.651284665310559,211.42050469498062,5,Poligono_Nave_industrial_070,Zona_0
5,5,2106601,6,7.38050516289301,8.856606195471612,238.27711089045224,5,Poligono_Nave_industrial_070,Zona_0
5,6,2107301,24,9.626282478792788,11.551538974551347,321.82864986500357,5,Poligono_Nave_industrial_070,Zona_0
5,7,2104201,17,8.676140139172334,10.4113681670068,383.24001803201037,5,Poligono_Nave_industrial_070,Zona_0
5,8,2104203,7,3.701016628049109,4.44121995365893,408.6812379856693,5,Poligono_Nave_industrial_070,Zona_0
5,9,Regreso_Poligono_Nave_industrial_070,0,102.38,71.09,479.77123798566936,5,Poligono_Nave_industrial_070,Zona_0
6,1,Inicio_Poligono_Nave_industrial_070,0,0.0,25.0,25.0,6,Poligono_Nave_industrial_070,Zona_0
6,2,2100401,10,120.37,120.18,175.18,6,Poligono_Nave_industrial_070,Zona_0
6,3,2102502,12,4.099636339400535,4.919563607280641,216.09956360728066,6,Poligono_Nave_industrial_070,Zona_0
6,4,2102501,28,4.90856981235498,5.890283774825976,305.98984738210663,6,Poligono_Nave_industrial_070,Zona_0
6,5,2104301,21,7.541686754454896,9.050024105345875,378.0398714874525,6,Poligono_Nave_industrial_070,Zona_0
6,6,2107201,3,37.40153914419095,44.88184697302914,431.92171846048166,6,Poligono_Nave_industrial_070,Zona_0
6,7,Regreso_Poligono_Nave_industrial_070,0,53.31,47.18,479.10171846048166,6,Poligono_Nave_industrial_070,Zona_0
7,1,Inicio_Poligono_Nave_industrial_070,0,0.0,25.0,25.0,7,Poligono_Nave_industrial_070,Zona_0
7,2,2100402,7,101.67,109.12,155.12,7,Poligono_Nave_industrial_070,Zona_0
7,3,2106701,5,9.04392096408352,10.852705156900225,180.97270515690022,7,Poligono_Nave_industrial_070,Zona_0
7,4,2105101,3,13.806929636091137,16.568315563309362,206.5410207202096,7,Poligono_Nave_industrial_070,Zona_0
7,5,2102801,3,9.965737036548392,11.95888444385807,227.49990516406766,7,Poligono_Nave_industrial_070,Zona_0
7,6,2102701,1,9.083194413385526,10.899833296062631,241.3997384601303,7,Poligono_Nave_industrial_070,Zona_0
7,7,2102901,8,5.905502599137232,7.086603118964677,272.486341579095,7,Poligono_Nave_industrial_070,Zona_0
7,8,2102902,6,5.943028904993149,7.131634685991778,297.6179762650868,7,Poligono_Nave_industrial_070,Zona_0
7,9,2103901,3,8.914783730112923,10.697740476135507,317.3157167412223,7,Poligono_Nave_industrial_070,Zona_0
7,10,2102001,3,6.318437660904732,7.5821251930856794,333.89784193430796,7,Poligono_Nave_industrial_070,Zona_0
7,11,2102401,5,6.803245724117465,8.16389486894096,357.0617368032489,7,Poligono_Nave_industrial_070,Zona_0
7,12,2105901,3,5.16162950416732,6.193955405000784,372.2556922082497,7,Poligono_Nave_industrial_070,Zona_0
7,13,2103801,4,6.793538513860199,8.15224621663224,392.40793842488193,7,Poligono_Nave_industrial_070,Zona_0
7,14,2105602,4,46.37746328279362,55.65295593935234,460.0608943642343,7,Poligono_Nave_industrial_070,Zona_0
7,15,Regreso_Poligono_Nave_industrial_070,0,15.4,19.7,479.7608943642343,7,Poligono_Nave_industrial_070,Zona_0
8,1,Inicio_Poligono_Nave_industrial_070,0,0.0,25.0,25.0,8,Poligono_Nave_industrial_070,Zona_0
8,2,2100501,73,16.25,26.62,270.62,8,Poligono_Nave_industrial_070,Zona_0
8,3,2100503,63,3.8452361767284398,4.614283412074128,464.2342834120741,8,Poligono_Nave_industrial_070,Zona_0
8,4,Regreso_Poligono_Nave_industrial_070,0,10.54,13.18,477.4142834120741,8,Poligono_Nave_industrial_070,Zona_0
9,1,Inicio_Poligono_Nave_industrial_070,0,0.0,25.0,25.0,9,Poligono_Nave_industrial_070,Zona_0
9,2,2100502,33,27.66,49.84,173.84,9,Poligono_Nave_industrial_070,Zona_0
9,3,2106102,28,4.662430493615283,5.59491659233834,263.43491659233837,9,Poligono_Nave_industrial_070,Zona_0
9,4,2106101,31,3.5225598019679434,4.227071762361533,360.66198835469993,9,Poligono_Nave_industrial_070,Zona_0
9,5,2101401,28,4.966902963490216,5.960283556188259,450.6222719108882,9,Poligono_Nave_industrial_070,Zona_0
9,6,Regreso_Poligono_Nave_industrial_070,0,33.94,26.62,477.2422719108882,9,Poligono_Nave_industrial_070,Zona_0
10,1,Inicio_Poligono_Nave_industrial_070,0,0.0,25.0,25.0,10,Poligono_Nave_industrial_070,Zona_0
10,2,2100503,42,10.54,13.18,164.18,10,Poligono_Nave_industrial_070,Zona_0
10,3,2104001,16,7.372030437615152,8.84643652513818,221.0264365251382,10,Poligono_Nave_industrial_070,Zona_0
10,4,2103001,18,4.962838227633536,5.955405873160243,280.98184239829845,10,Poligono_Nave_industrial_070,Zona_0
10,5,2104701,8,3.728862073005064,4.474634487606076,309.4564768859045,10,Poligono_Nave_industrial_070,Zona_0
10,6,2105602,7,4.323029536603305,5.187635443923965,335.6441123298285,10,Poligono_Nave_industrial_070,Zona_0
10,7,2104702,10,5.505795142683893,6.606954171220672,372.25106650104914,10,Poligono_Nave_industrial_070,Zona_0
10,8,2107401,25,2.4617347254609325,2.9540816705531188,450.2051481716023,10,Poligono_Nave_industrial_070,Zona_0
10,9,Regreso_Poligono_Nave_industrial_070,0,17.47,20.32,470.52514817160227,10,Poligono_Nave_industrial_070,Zona_0
11,1,Inicio_Poligono_Nave_industrial_070,0,0.0,25.0,25.0,11,Poligono_Nave_industrial_070,Zona_0
11,2,2100601,18,94.08,73.54,152.54000000000002,11,Poligono_Nave_industrial_070,Zona_0
11,3,2100602,15,5.674821657726833,6.809785989272199,204.34978598927222,11,Poligono_Nave_industrial_070,Zona_0
11,4,2107501,3,9.379749000322525,11.25569880038703,224.60548478965924,11,Poligono_Nave_industrial_070,Zona_0
11,5,2102301,18,9.916545267382343,11.899854320858811,290.50533911051804,11,Poligono_Nave_industrial_070,Zona_0
11,6,2101501,6,10.39760318500268,12.477123822003215,320.98246293252123,11,Poligono_Nave_industrial_070,Zona_0
11,7,2106801,9,9.087288154625194,10.904745785550233,358.88720871807146,11,Poligono_Nave_industrial_070,Zona_0
11,8,2105802,2,20.897853945798172,25.07742473495781,389.96463345302925,11,Poligono_Nave_industrial_070,Zona_0
11,9,Regreso_Poligono_Nave_industrial_070,0,109.92,88.64,478.60463345302924,11,Poligono_Nave_industrial_070,Zona_0
12,1,Inicio_Poligono_Nave_industrial_070,0,0.0,25.0,25.0,12,Poligono_Nave_industrial_070,Zona_0
12,2,2100701,17,124.09,96.63,172.63,12,Poligono_Nave_industrial_070,Zona_0
12,3,2100703,38,0.8820452582627974,1.058454309915357,287.68845430991536,12,Poligono_Nave_industrial_070,Zona_0
12,4,2103801,6,12.480938153449946,14.977125784139934,320.6655800940553,12,Poligono_Nave_industrial_070,Zona_0
12,5,2107901,6,7.45546562163372,8.946558745960463,347.6121388400158,12,Poligono_Nave_industrial_070,Zona_0
12,6,2106901,14,13.915480246757287,16.698576296108744,406.31071513612454,12,Poligono_Nave_industrial_070,Zona_0
12,7,Regreso_Poligono_Nave_industrial_070,0,103.63,73.5,479.81071513612454,12,Poligono_Nave_industrial_070,Zona_0
13,1,Inicio_Poligono_Nave_industrial_070,0,0.0,25.0,25.0,13,Poligono_Nave_industrial_070,Zona_0
13,2,2100801,11,128.85,124.27,182.26999999999998,13,Poligono_Nave_industrial_070,Zona_0
13,3,2100802,8,11.323741931214808,13.58849031745777,219.85849031745775,13,Poligono_Nave_industrial_070,Zona_0
13,4,2100803,6,10.599807005076073,12.719768406091287,250.57825872354903,13,Poligono_Nave_industrial_070,Zona_0
13,5,2106201,13,13.796214323390549,16.555457188068658,306.1337159116177,13,Poligono_Nave_industrial_070,Zona_0
13,6,2105701,10,22.741421533420187,27.289705840104222,363.4234217517219,13,Poligono_Nave_industrial_070,Zona_0
13,7,2105802,2,15.991510422865284,19.18981250743834,388.6132342591602,13,Poligono_Nave_industrial_070,Zona_0
13,8,2103502,1,36.26145100176423,43.513741202117075,435.1269754612773,13,Poligono_Nave_industrial_070,Zona_0
13,9,Regreso_Poligono_Nave_industrial_070,0,62.74,44.77,479.8969754612773,13,Poligono_Nave_industrial_070,Zona_0
14,1,Inicio_Poligono_Nave_industrial_070,0,0.0,25.0,25.0,14,Poligono_Nave_industrial_070,Zona_0
14,2,2100901,6,132.67,105.81,148.81,14,Poligono_Nave_industrial_070,Zona_0
14,3,2101601,9,9.235791748508715,11.082950098210457,186.89295009821046,14,Poligono_Nave_industrial_070,Zona_0
14,4,2106901,4,13.359645944836997,16.031575133804395,214.92452523201484,14,Poligono_Nave_industrial_070,Zona_0
14,5,4108001,11,9.893311416245568,11.871973699494683,259.7964989315095,14,Poligono_Nave_industrial_070,Zona_0
14,6,4100901,11,10.19576601904359,12.234919222852309,305.03141815436186,14,Poligono_Nave_industrial_070,Zona_0
14,7,4108301,12,16.16930261536973,19.403163138443674,360.43458129280555,14,Poligono_Nave_industrial_070,Zona_0
14,8,4104301,7,13.051522135645387,15.661826562774465,397.09640785558,14,Poligono_Nave_industrial_070,Zona_0
14,9,4104501,6,13.29322492400521,15.951869908806252,431.0482777643863,14,Poligono_Nave_industrial_070,Zona_0
14,10,4106702,1,12.366550537909754,14.839860645491704,448.88813840987797,14,Poligono_Nave_industrial_070,Zona_0
14,11,Regreso_Poligono_Nave_industrial_070,0,32.36,28.34,477.22813840987794,14,Poligono_Nave_industrial_070,Zona_0
15,1,Inicio_Poligono_Nave_industrial_070,0,0.0,25.0,25.0,15,Poligono_Nave_industrial_070,Zona_0
15,2,2101001,83,107.38,73.33,347.33,15,Poligono_Nave_industrial_070,Zona_0
15,3,2101002,19,0.3776336480393865,0.4531603776472638,404.7831603776473,15,Poligono_Nave_industrial_070,Zona_0
15,4,Regreso_Poligono_Nave_industrial_070,0,107.78,74.51,479.29316037764727,15,Poligono_Nave_industrial_070,Zona_0
16,1,Inicio_Poligono_Nave_industrial_070,0,0.0,25.0,25.0,16,Poligono_Nave_industrial_070,Zona_0
16,2,2101002,29,107.78,74.51,186.51,16,Poligono_Nave_industrial_070,Zona_0
16,3,2101003,56,4.080614718142985,4.896737661771582,359.40673766177156,16,Poligono_Nave_industrial_070,Zona_0
16,4,2104202,14,4.445245350235012,5.334294420282014,406.74103208205355,16,Poligono_Nave_industrial_070,Zona_0
16,5,Regreso_Poligono_Nave_industrial_070,0,102.42,71.13,477.87103208205355,16,Poligono_Nave_industrial_070,Zona_0
17,1,Inicio_Poligono_Nave_industrial_070,0,0.0,25.0,25.0,17,Poligono_Nave_industrial_070,Zona_0
17,2,2101101,38,46.79,48.18,187.18,17,Poligono_Nave_industrial_070,Zona_0
17,3,2107002,27,6.789043907568878,8.146852689082655,276.32685268908267,17,Poligono_Nave_industrial_070,Zona_0
17,4,2106402,47,3.455572210545764,4.146686652654917,421.4735393417376,17,Poligono_Nave_industrial_070,Zona_0
17,5,2105001,4,6.991612626588458,8.389935151906151,441.86347449364376,17,Poligono_Nave_industrial_070,Zona_0
17,6,Regreso_Poligono_Nave_industrial_070,0,51.78,37.89,479.75347449364375,17,Poligono_Nave_industrial_070,Zona_0
18,1,Inicio_Poligono_Nave_industrial_070,0,0.0,25.0,25.0,18,Poligono_Nave_industrial_070,Zona_0
18,2,2101201,3,55.42,79.88,113.88,18,Poligono_Nave_industrial_070,Zona_0
18,3,2107802,11,10.033067492877391,12.039680991452869,158.91968099145288,18,Poligono_Nave_industrial_070,Zona_0
18,4,2104901,28,9.028899803475978,10.834679764171174,253.75436075562405,18,Poligono_Nave_industrial_070,Zona_0
18,5,2104902,7,1.2084011939494743,1.4500814327393692,276.20444218836343,18,Poligono_Nave_industrial_070,Zona_0
18,6,2105201,16,2.5057650293358984,3.006918035203078,327.2113602235665,18,Poligono_Nave_industrial_070,Zona_0
18,7,2105202,14,3.054149768027072,3.6649797216324864,372.876339945199,18,Poligono_Nave_industrial_070,Zona_0
18,8,2105203,4,4.111612411735287,4.933934894082344,389.81027483928136,18,Poligono_Nave_industrial_070,Zona_0
18,9,2103201,5,23.114674479034395,27.737609374841274,432.54788421412263,18,Poligono_Nave_industrial_070,Zona_0
18,10,4103001,4,12.839062897703764,15.406875477244519,459.95475969136714,18,Poligono_Nave_industrial_070,Zona_0
18,11,4102502,1,3.4263263316132426,4.111591597935892,467.06635128930304,18,Poligono_Nave_industrial_070,Zona_0
18,12,Regreso_Poligono_Nave_industrial_070,0,12.59,12.06,479.12635128930305,18,Poligono_Nave_industrial_070,Zona_0
19,1,Inicio_Poligono_Nave_industrial_070,0,0.0,25.0,25.0,19,Poligono_Nave_industrial_070,Zona_0
19,2,2101301,25,23.39,21.12,121.12,19,Poligono_Nave_industrial_070,Zona_0
19,3,2101302,24,0.486521633210099,0.5838259598521188,193.7038259598521,19,Poligono_Nave_industrial_070,Zona_0
19,4,2101304,20,0.6059703420408874,0.7271644104490649,254.43099037030117,19,Poligono_Nave_industrial_070,Zona_0
19,5,2101305,18,0.32807321136509643,0.3936878536381157,308.82467822393926,19,Poligono_Nave_industrial_070,Zona_0
19,6,2101303,33,2.8745127371431383,3.449415284571766,411.27409350851104,19,Poligono_Nave_industrial_070,Zona_0
19,7,2107702,11,4.29919799153459,5.159037589841508,449.43313109835253,19,Poligono_Nave_industrial_070,Zona_0
19,8,Regreso_Poligono_Nave_industrial_070,0,28.46,30.08,479.5131310983525,19,Poligono_Nave_industrial_070,Zona_0
20,1,Inicio_Poligono_Nave_industrial_070,0,0.0,25.0,25.0,20,Poligono_Nave_industrial_070,Zona_0
20,2,2101401,20,33.94,26.62,111.62,20,Poligono_Nave_industrial_070,Zona_0
20,3,2105302,15,3.1895895243145964,3.8275074291775155,160.4475074291775,20,Poligono_Nave_industrial_070,Zona_0
20,4,2105301,9,1.8801265951582076,2.256151914189849,189.70365934336735,20,Poligono_Nave_industrial_070,Zona_0
20,5,2107702,1,6.431205618528944,7.717446742234733,200.42110608560208,20,Poligono_Nave_industrial_070,Zona_0
20,6,2107701,7,6.10106896250455,7.32128275500546,228.74238884060753,20,Poligono_Nave_industrial_070,Zona_0
20,7,2105303,13,5.277900958421737,6.333481150106085,274.0758699907136,20,Poligono_Nave_industrial_070,Zona_0
20,8,2105401,55,11.029490016213774,13.23538801945653,452.31125801017015,20,Poligono_Nave_industrial_070,Zona_0
20,9,Regreso_Poligono_Nave_industrial_070,0,28.67,26.87,479.18125801017015,20,Poligono_Nave_industrial_070,Zona_0
21,1,Inicio_Poligono_Nave_industrial_070,0,0.0,25.0,25.0,21,Poligono_Nave_industrial_070,Zona_0
21,2,2101701,26,72.51,65.36,168.36,21,Poligono_Nave_industrial_070,Zona_0
21,3,2101702,1,1.822554652883053,2.1870655834596637,173.54706558345967,21,Poligono_Nave_industrial_070,Zona_0
21,4,2190201,10,5.667304335444002,6.800765202532802,210.34783078599247,21,Poligono_Nave_industrial_070,Zona_0
21,5,2107801,14,11.459262294594865,13.751114753513837,266.0989455395063,21,Poligono_Nave_industrial_070,Zona_0
21,6,2107201,35,9.069766705766295,10.883720046919555,381.98266558642587,21,Poligono_Nave_industrial_070,Zona_0
21,7,2107203,16,0.38137495451885584,0.457649945422627,430.4403155318485,21,Poligono_Nave_industrial_070,Zona_0
21,8,Regreso_Poligono_Nave_industrial_070,0,53.6,47.87,478.3103155318485,21,Poligono_Nave_industrial_070,Zona_0
22,1,Inicio_Poligono_Nave_industrial_070,0,0.0,25.0,25.0,22,Poligono_Nave_industrial_070,Zona_0
22,2,2101801,10,76.39,78.94,133.94,22,Poligono_Nave_industrial_070,Zona_0
22,3,2101802,9,2.5541489454640005,3.0649787345568007,164.0049787345568,22,Poligono_Nave_industrial_070,Zona_0
22,4,2101901,7,8.48222214011881,10.178666568142571,195.18364530269938,22,Poligono_Nave_industrial_070,Zona_0
22,5,2103601,2,6.502504641706903,7.803005570048283,208.98665087274765,22,Poligono_Nave_industrial_070,Zona_0
22,6,2105203,11,10.031211699223283,12.03745403906794,254.02410491181558,22,Poligono_Nave_industrial_070,Zona_0
22,7,4105701,3,7.050321400897076,8.460385681076492,271.4844905928921,22,Poligono_Nave_industrial_070,Zona_0
22,8,4103101,12,12.443156427826812,14.931787713392175,322.41627830628425,22,Poligono_Nave_industrial_070,Zona_0
22,9,4101301,21,19.429291753176226,23.31515010381147,408.73142841009576,22,Poligono_Nave_industrial_070,Zona_0
22,10,4101302,10,0.7987623377776639,0.9585148053331967,439.68994321542897,22,Poligono_Nave_industrial_070,Zona_0
22,11,4103001,1,15.335420070452146,18.402504084542574,461.0924472999715,22,Poligono_Nave_industrial_070,Zona_0
22,12,Regreso_Poligono_Nave_industrial_070,0,14.27,17.68,478.77244729997153,22,Poligono_Nave_industrial_070,Zona_0
23,1,Inicio_Poligono_Nave_industrial_070,0,0.0,25.0,25.0,23,Poligono_Nave_industrial_070,Zona_0
23,2,2102101,72,81.29,59.0,300.0,23,Poligono_Nave_industrial_070,Zona_0
23,3,2102102,40,0.3648643523485278,0.4378372228182334,420.43783722281825,23,Poligono_Nave_industrial_070,Zona_0
23,4,Regreso_Poligono_Nave_industrial_070,0,81.59,58.69,479.12783722281824,23,Poligono_Nave_industrial_070,Zona_0
24,1,Inicio_Poligono_Nave_industrial_070,0,0.0,25.0,25.0,24,Poligono_Nave_industrial_070,Zona_0
24,2,2102102,75,81.59,58.69,308.69,24,Poligono_Nave_industrial_070,Zona_0
24,3,2104403,34,2.9558368413021783,3.5470042095626138,414.2370042095626,24,Poligono_Nave_industrial_070,Zona_0
24,4,Regreso_Poligono_Nave_industrial_070,0,87.8,65.29,479.5270042095626,24,Poligono_Nave_industrial_070,Zona_0
25,1,Inicio_Poligono_Nave_industrial_070,0,0.0,25.0,25.0,25,Poligono_Nave_industrial_070,Zona_0
25,2,2103101,10,147.95,132.52,187.52,25,Poligono_Nave_industrial_070,Zona_0
25,3,2107203,39,62.952525531631835,75.5430306379582,380.0630306379582,25,Poligono_Nave_industrial_070,Zona_0
25,4,2107202,17,0.5942747792644838,0.7131297351173805,431.7761603730756,25,Poligono_Nave_industrial_070,Zona_0
25,5,Regreso_Poligono_Nave_industrial_070,0,52.81,46.54,478.3161603730756,25,Poligono_Nave_industrial_070,Zona_0
26,1,Inicio_Poligono_Nave_industrial_070,0,0.0,25.0,25.0,26,Poligono_Nave_industrial_070,Zona_0
26,2,2103201,15,25.9,47.42,117.42,26,Poligono_Nave_industrial_070,Zona_0
26,3,2105601,16,7.307533813953967,8.769040576744759,174.18904057674476,26,Poligono_Nave_industrial_070,Zona_0
26,4,2105401,35,10.061915587392186,12.074298704870623,291.2633392816154,26,Poligono_Nave_industrial_070,Zona_0
26,5,4102502,10,21.39125355898351,25.669504270780212,346.93284355239564,26,Poligono_Nave_industrial_070,Zona_0
26,6,4102501,13,1.1329250959314487,1.3595101151177387,387.2923536675134,26,Poligono_Nave_industrial_070,Zona_0
26,7,4105101,24,3.27123819334747,3.925485832016964,463.2178394995303,26,Poligono_Nave_industrial_070,Zona_0
26,8,Regreso_Poligono_Nave_industrial_070,0,15.51,15.56,478.77783949953033,26,Poligono_Nave_industrial_070,Zona_0
27,1,Inicio_Poligono_Nave_industrial_070,0,0.0,25.0,25.0,27,Poligono_Nave_industrial_070,Zona_0
27,2,2103501,50,68.79,64.05,239.05,27,Poligono_Nave_industrial_070,Zona_0
27,3,2103502,60,5.6311876244504475,6.757425149340537,425.8074251493406,27,Poligono_Nave_industrial_070,Zona_0
27,4,Regreso_Poligono_Nave_industrial_070,0,62.74,44.77,470.57742514934057,27,Poligono_Nave_industrial_070,Zona_0
28,1,Inicio_Poligono_Nave_industrial_070,0,0.0,25.0,25.0,28,Poligono_Nave_industrial_070,Zona_0
28,2,2104002,21,27.34,49.41,137.41,28,Poligono_Nave_industrial_070,Zona_0
28,3,4109702,17,12.226660045913707,14.67199205509645,203.08199205509646,28,Poligono_Nave_industrial_070,Zona_0
28,4,4109701,20,3.9608896873704915,4.75306762484459,267.8350596799411,28,Poligono_Nave_industrial_070,Zona_0
28,5,4107501,64,5.881310266738427,7.057572320086113,466.8926320000272,28,Poligono_Nave_industrial_070,Zona_0
28,6,Regreso_Poligono_Nave_industrial_070,0,8.27,10.87,477.7626320000272,28,Poligono_Nave_industrial_070,Zona_0
29,1,Inicio_Poligono_Nave_industrial_070,0,0.0,25.0,25.0,29,Poligono_Nave_industrial_070,Zona_0
29,2,2104101,121,64.27,45.61,433.61,29,Poligono_Nave_industrial_070,Zona_0
29,3,Regreso_Poligono_Nave_industrial_070,0,64.27,45.61,479.22,29,Poligono_Nave_industrial_070,Zona_0
30,1,Inicio_Poligono_Nave_industrial_070,0,0.0,25.0,25.0,30,Poligono_Nave_industrial_070,Zona_0
30,2,2104101,119,64.27,45.61,427.61,30,Poligono_Nave_industrial_070,Zona_0
30,3,2104103,1,0.447774095863328,0.5373289150359937,431.147328915036,30,Poligono_Nave_industrial_070,Zona_0
30,4,2104104,1,1.9269356390551986,2.312322766866238,436.45965168190224,30,Poligono_Nave_industrial_070,Zona_0
30,5,Regreso_Poligono_Nave_industrial_070,0,59.03,42.72,479.1796516819022,30,Poligono_Nave_industrial_070,Zona_0
31,1,Inicio_Poligono_Nave_industrial_070,0,0.0,25.0,25.0,31,Poligono_Nave_industrial_070,Zona_0
31,2,2104102,121,62.07,45.63,433.63,31,Poligono_Nave_industrial_070,Zona_0
31,3,Regreso_Poligono_Nave_industrial_070,0,62.07,45.63,479.26,31,Poligono_Nave_industrial_070,Zona_0
32,1,Inicio_Poligono_Nave_industrial_070,0,0.0,25.0,25.0,32,Poligono_Nave_industrial_070,Zona_0
32,2,2104102,25,62.07,45.63,145.63,32,Poligono_Nave_industrial_070,Zona_0
32,3,2104103,95,1.329836802065275,1.5958041624783301,432.2258041624783,32,Poligono_Nave_industrial_070,Zona_0
32,4,2104107,1,2.001816025410626,2.402179230492751,437.6279833929711,32,Poligono_Nave_industrial_070,Zona_0
32,5,Regreso_Poligono_Nave_industrial_070,0,58.62,41.95,479.5779833929711,32,Poligono_Nave_industrial_070,Zona_0
33,1,Inicio_Poligono_Nave_industrial_070,0,0.0,25.0,25.0,33,Poligono_Nave_industrial_070,Zona_0
33,2,2104103,62,64.15,46.06,257.06,33,Poligono_Nave_industrial_070,Zona_0
33,3,2104104,59,1.9269356390551986,2.312322766866238,436.3723227668662,33,Poligono_Nave_industrial_070,Zona_0
33,4,Regreso_Poligono_Nave_industrial_070,0,59.03,42.72,479.09232276686623,33,Poligono_Nave_industrial_070,Zona_0
34,1,Inicio_Poligono_Nave_industrial_070,0,0.0,25.0,25.0,34,Poligono_Nave_industrial_070,Zona_0
34,2,2104104,106,59.03,42.72,385.72,34,Poligono_Nave_industrial_070,Zona_0
34,3,2104105,17,0.30263294013245173,0.3631595281589421,437.08315952815894,34,Poligono_Nave_industrial_070,Zona_0
34,4,Regreso_Poligono_Nave_industrial_070,0,58.67,42.02,479.1031595281589,34,Poligono_Nave_industrial_070,Zona_0
35,1,Inicio_Poligono_Nave_industrial_070,0,0.0,25.0,25.0,35,Poligono_Nave_industrial_070,Zona_0
35,2,2104105,123,58.67,42.02,436.02,35,Poligono_Nave_industrial_070,Zona_0
35,3,Regreso_Poligono_Nave_industrial_070,0,58.67,42.02,478.03999999999996,35,Poligono_Nave_industrial_070,Zona_0
36,1,Inicio_Poligono_Nave_industrial_070,0,0.0,25.0,25.0,36,Poligono_Nave_industrial_070,Zona_0
36,2,2104105,26,58.67,42.02,145.02,36,Poligono_Nave_industrial_070,Zona_0
36,3,2104106,86,0.5457587378138197,0.6549104853765836,403.6749104853766,36,Poligono_Nave_industrial_070,Zona_0
36,4,2104107,11,1.1262626759663037,1.3515152111595645,438.02642569653614,36,Poligono_Nave_industrial_070,Zona_0
36,5,Regreso_Poligono_Nave_industrial_070,0,58.62,41.95,479.9764256965361,36,Poligono_Nave_industrial_070,Zona_0
37,1,Inicio_Poligono_Nave_industrial_070,0,0.0,25.0,25.0,37,Poligono_Nave_industrial_070,Zona_0
37,2,2104107,123,58.62,41.95,435.95,37,Poligono_Nave_industrial_070,Zona_0
37,3,Regreso_Poligono_Nave_industrial_070,0,58.62,41.95,477.9,37,Poligono_Nave_industrial_070,Zona_0
38,1,Inicio_Poligono_Nave_industrial_070,0,0.0,25.0,25.0,38,Poligono_Nave_industrial_070,Zona_0
38,2,2104107,123,58.62,41.95,435.95,38,Poligono_Nave_industrial_070,Zona_0
38,3,Regreso_Poligono_Nave_industrial_070,0,58.62,41.95,477.9,38,Poligono_Nave_industrial_070,Zona_0
39,1,Inicio_Poligono_Nave_industrial_070,0,0.0,25.0,25.0,39,Poligono_Nave_industrial_070,Zona_0
39,2,2104107,18,58.62,41.95,120.95,39,Poligono_Nave_industrial_070,Zona_0
39,3,2104108,62,3.91613965226968,4.699367582723616,311.64936758272364,39,Poligono_Nave_industrial_070,Zona_0
39,4,2105501,35,8.679622413160683,10.415546895792819,427.06491447851647,39,Poligono_Nave_industrial_070,Zona_0
39,5,2105002,1,6.975632156943483,8.37075858833218,438.43567306684866,39,Poligono_Nave_industrial_070,Zona_0
39,6,Regreso_Poligono_Nave_industrial_070,0,54.12,40.07,478.50567306684866,39,Poligono_Nave_industrial_070,Zona_0
40,1,Inicio_Poligono_Nave_industrial_070,0,0.0,25.0,25.0,40,Poligono_Nave_industrial_070,Zona_0
40,2,2104202,50,102.42,71.13,246.13,40,Poligono_Nave_industrial_070,Zona_0
40,3,2104203,54,0.509848911402197,0.6118186936826364,408.7418186936826,40,Poligono_Nave_industrial_070,Zona_0
40,4,Regreso_Poligono_Nave_industrial_070,0,102.38,71.09,479.83181869368264,40,Poligono_Nave_industrial_070,Zona_0
41,1,Inicio_Poligono_Nave_industrial_070,0,0.0,25.0,25.0,41,Poligono_Nave_industrial_070,Zona_0
41,2,2104203,13,102.38,71.09,135.09,41,Poligono_Nave_industrial_070,Zona_0
41,3,2104204,17,5.789086449828072,6.946903739793686,193.03690373979367,41,Poligono_Nave_industrial_070,Zona_0
41,4,2104402,70,3.212115201793443,3.854538242152132,406.89144198194583,41,Poligono_Nave_industrial_070,Zona_0
41,5,2104401,2,2.345735989776657,2.814883187731988,415.7063251696778,41,Poligono_Nave_industrial_070,Zona_0
41,6,Regreso_Poligono_Nave_industrial_070,0,87.54,64.19,479.8963251696778,41,Poligono_Nave_industrial_070,Zona_0
42,1,Inicio_Poligono_Nave_industrial_070,0,0.0,25.0,25.0,42,Poligono_Nave_industrial_070,Zona_0
42,2,2104401,100,87.54,64.19,389.19,42,Poligono_Nave_industrial_070,Zona_0
42,3,2104403,7,2.549177669909591,3.059013203891509,413.24901320389154,42,Poligono_Nave_industrial_070,Zona_0
42,4,Regreso_Poligono_Nave_industrial_070,0,87.8,65.29,478.53901320389156,42,Poligono_Nave_industrial_070,Zona_0
43,1,Inicio_Poligono_Nave_industrial_070,0,0.0,25.0,25.0,43,Poligono_Nave_industrial_070,Zona_0
43,2,2104403,36,87.8,65.29,198.29000000000002,43,Poligono_Nave_industrial_070,Zona_0
43,3,2106301,36,18.803736114602906,22.564483337523487,328.8544833375235,43,Poligono_Nave_industrial_070,Zona_0
43,4,2107602,10,10.139325732408292,12.167190878889949,371.02167421641343,43,Poligono_Nave_industrial_070,Zona_0
43,5,2107601,9,6.495828775807365,7.794994530968838,405.81666874738227,43,Poligono_Nave_industrial_070,Zona_0
43,6,Regreso_Poligono_Nave_industrial_070,0,89.56,73.75,479.56666874738227,43,Poligono_Nave_industrial_070,Zona_0
44,1,Inicio_Poligono_Nave_industrial_070,0,0.0,25.0,25.0,44,Poligono_Nave_industrial_070,Zona_0
44,2,2104601,31,48.63,43.56,161.56,44,Poligono_Nave_industrial_070,Zona_0
44,3,2105002,40,9.225539114037264,11.070646936844717,292.63064693684476,44,Poligono_Nave_industrial_070,Zona_0
44,4,2105001,48,2.168336433761436,2.602003720513723,439.2326506573585,44,Poligono_Nave_industrial_070,Zona_0
44,5,Regreso_Poligono_Nave_industrial_070,0,51.78,37.89,477.12265065735846,44,Poligono_Nave_industrial_070,Zona_0
45,1,Inicio_Poligono_Nave_industrial_070,0,0.0,25.0,25.0,45,Poligono_Nave_industrial_070,Zona_0
45,2,2105003,104,67.86,65.53,402.53,45,Poligono_Nave_industrial_070,Zona_0
45,3,2105501,4,9.519780505955168,11.423736607146202,425.9537366071462,45,Poligono_Nave_industrial_070,Zona_0
45,4,Regreso_Poligono_Nave_industrial_070,0,61.99,51.7,477.6537366071462,45,Poligono_Nave_industrial_070,Zona_0
46,1,Inicio_Poligono_Nave_industrial_070,0,0.0,25.0,25.0,46,Poligono_Nave_industrial_070,Zona_0
46,2,2105501,81,61.99,51.7,319.7,46,Poligono_Nave_industrial_070,Zona_0
46,3,2106401,28,7.6871395383793475,9.224567446055218,412.9245674460552,46,Poligono_Nave_industrial_070,Zona_0
46,4,Regreso_Poligono_Nave_industrial_070,0,58.7,64.56,477.4845674460552,46,Poligono_Nave_industrial_070,Zona_0
47,1,Inicio_Poligono_Nave_industrial_070,0,0.0,25.0,25.0,47,Poligono_Nave_industrial_070,Zona_0
47,2,2105801,9,117.43,116.81,168.81,47,Poligono_Nave_industrial_070,Zona_0
47,3,2105802,14,5.1094258754518975,6.131311050542277,216.94131105054228,47,Poligono_Nave_industrial_070,Zona_0
47,4,2107601,7,15.050046016763018,18.060055220115622,256.0013662706579,47,Poligono_Nave_industrial_070,Zona_0
47,5,2107001,37,27.01883102108986,32.42259722530783,399.4239634959657,47,Poligono_Nave_industrial_070,Zona_0
47,6,2106402,2,12.23803336516746,14.685640038200953,420.1096035341667,47,Poligono_Nave_industrial_070,Zona_0
47,7,Regreso_Poligono_Nave_industrial_070,0,56.13,57.73,477.8396035341667,47,Poligono_Nave_industrial_070,Zona_0
48,1,Inicio_Poligono_Nave_industrial_070,0,0.0,25.0,25.0,48,Poligono_Nave_industrial_070,Zona_0
48,2,2106001,108,80.77,65.01,414.01,48,Poligono_Nave_industrial_070,Zona_0
48,3,Regreso_Poligono_Nave_industrial_070,0,80.77,65.01,479.02,48,Poligono_Nave_industrial_070,Zona_0
49,1,Inicio_Poligono_Nave_industrial_070,0,0.0,25.0,25.0,49,Poligono_Nave_industrial_070,Zona_0
49,2,2106001,34,80.77,65.01,192.01,49,Poligono_Nave_industrial_070,Zona_0
49,3,2106401,8,16.387732718120617,19.665279261744743,235.67527926174472,49,Poligono_Nave_industrial_070,Zona_0
49,4,2106402,3,6.2663516503156105,7.519621980378732,252.19490124212345,49,Poligono_Nave_industrial_070,Zona_0
49,5,2107001,10,12.23803336516746,14.685640038200953,296.8805412803244,49,Poligono_Nave_industrial_070,Zona_0
49,6,2107202,10,17.08473156042736,20.501677872512833,347.38221915283725,49,Poligono_Nave_industrial_070,Zona_0
49,7,4101302,13,43.523767197040755,52.228520636448906,438.6107397892862,49,Poligono_Nave_industrial_070,Zona_0
49,8,Regreso_Poligono_Nave_industrial_070,0,38.27,38.57,477.1807397892862,49,Poligono_Nave_industrial_070,Zona_0
50,1,Inicio_Poligono_Nave_industrial_070,0,0.0,25.0,25.0,50,Poligono_Nave_industrial_070,Zona_0
50,2,4100301,28,35.22,41.14,150.14,50,Poligono_Nave_industrial_070,Zona_0
50,3,4106701,45,3.4535264197027766,4.144231703643332,289.2842317036433,50,Poligono_Nave_industrial_070,Zona_0
50,4,4104502,38,4.632014251568499,5.558417101882199,408.84264880552547,50,Poligono_Nave_industrial_070,Zona_0
50,5,4104501,6,4.069296785837687,4.883156143005224,431.7258049485307,50,Poligono_Nave_industrial_070,Zona_0
50,6,4106702,1,12.366550537909754,14.839860645491704,449.5656655940224,50,Poligono_Nave_industrial_070,Zona_0
50,7,Regreso_Poligono_Nave_industrial_070,0,32.36,28.34,477.90566559402237,50,Poligono_Nave_industrial_070,Zona_0
51,1,Inicio_Poligono_Nave_industrial_070,0,0.0,25.0,25.0,51,Poligono_Nave_industrial_070,Zona_0
51,2,4101001,68,36.04,33.55,262.55,51,Poligono_Nave_industrial_070,Zona_0
51,3,4104401,56,3.734790421836569,4.481748506203883,435.0317485062039,51,Poligono_Nave_industrial_070,Zona_0
51,4,4101602,5,3.298484852717459,3.958181823260951,453.9899303294648,51,Poligono_Nave_industrial_070,Zona_0
51,5,Regreso_Poligono_Nave_industrial_070,0,30.66,24.38,478.3699303294648,51,Poligono_Nave_industrial_070,Zona_0
52,1,Inicio_Poligono_Nave_industrial_070,0,0.0,25.0,25.0,52,Poligono_Nave_industrial_070,Zona_0
52,2,4101201,41,32.77,56.45,204.45,52,Poligono_Nave_industrial_070,Zona_0
52,3,4101501,22,4.382383018763382,5.258859622516058,275.70885962251606,52,Poligono_Nave_industrial_070,Zona_0
52,4,4101502,41,2.2934652048986304,2.7521582458783564,401.46101786839444,52,Poligono_Nave_industrial_070,Zona_0
52,5,4108702,16,4.0684461802108185,4.882135416252982,454.3431532846474,52,Poligono_Nave_industrial_070,Zona_0
52,6,Regreso_Poligono_Nave_industrial_070,0,27.24,23.13,477.4731532846474,52,Poligono_Nave_industrial_070,Zona_0
53,1,Inicio_Poligono_Nave_industrial_070,0,0.0,25.0,25.0,53,Poligono_Nave_industrial_070,Zona_0
53,2,4101302,8,38.27,38.57,87.57,53,Poligono_Nave_industrial_070,Zona_0
53,3,4104502,13,9.047187364610686,10.856624837532824,137.4266248375328,53,Poligono_Nave_industrial_070,Zona_0
53,4,4104501,11,4.069296785837687,4.883156143005224,175.30978098053805,53,Poligono_Nave_industrial_070,Zona_0
53,5,4104901,83,6.299001792468007,7.5588021509616095,431.86858313149963,53,Poligono_Nave_industrial_070,Zona_0
53,6,Regreso_Poligono_Nave_industrial_070,0,59.17,45.82,477.6885831314996,53,Poligono_Nave_industrial_070,Zona_0
54,1,Inicio_Poligono_Nave_industrial_070,0,0.0,25.0,25.0,54,Poligono_Nave_industrial_070,Zona_0
54,2,4101601,66,31.96,27.32,250.32,54,Poligono_Nave_industrial_070,Zona_0
54,3,4101602,41,1.1006625011941682,1.3207950014330019,374.640795001433,54,Poligono_Nave_industrial_070,Zona_0
54,4,4104401,19,3.298484852717459,3.958181823260951,435.5989768246939,54,Poligono_Nave_industrial_070,Zona_0
54,5,4105901,2,3.372943279342306,4.047531935210767,445.6465087599047,54,Poligono_Nave_industrial_070,Zona_0
54,6,Regreso_Poligono_Nave_industrial_070,0,38.89,33.34,478.9865087599047,54,Poligono_Nave_industrial_070,Zona_0
55,1,Inicio_Poligono_Nave_industrial_070,0,0.0,25.0,25.0,55,Poligono_Nave_industrial_070,Zona_0
55,2,4101701,132,35.78,28.06,449.06,55,Poligono_Nave_industrial_070,Zona_0
55,3,Regreso_Poligono_Nave_industrial_070,0,35.78,28.06,477.12,55,Poligono_Nave_industrial_070,Zona_0
56,1,Inicio_Poligono_Nave_industrial_070,0,0.0,25.0,25.0,56,Poligono_Nave_industrial_070,Zona_0
56,2,4101701,126,35.78,28.06,431.06,56,Poligono_Nave_industrial_070,Zona_0
56,3,4104701,6,1.6775362726909762,2.013043527229171,451.0730435272292,56,Poligono_Nave_industrial_070,Zona_0
56,4,Regreso_Poligono_Nave_industrial_070,0,36.2,28.05,479.1230435272292,56,Poligono_Nave_industrial_070,Zona_0
57,1,Inicio_Poligono_Nave_industrial_070,0,0.0,25.0,25.0,57,Poligono_Nave_industrial_070,Zona_0
57,2,4102701,18,81.66,75.16,154.16,57,Poligono_Nave_industrial_070,Zona_0
57,3,4102702,23,0.5047613467627262,0.6057136161152714,223.76571361611525,57,Poligono_Nave_industrial_070,Zona_0
57,4,4104901,40,16.02386123475444,19.228633481705327,362.99434709782054,57,Poligono_Nave_industrial_070,Zona_0
57,5,4108901,15,10.336973616009313,12.404368339211176,420.3987154370317,57,Poligono_Nave_industrial_070,Zona_0
57,6,4109601,5,3.3927833184433362,4.071339982132003,439.4700554191637,57,Poligono_Nave_industrial_070,Zona_0
57,7,4102901,2,3.0271092324592437,3.632531078951092,449.1025864981148,57,Poligono_Nave_industrial_070,Zona_0
57,8,Regreso_Poligono_Nave_industrial_070,0,39.38,30.26,479.3625864981148,57,Poligono_Nave_industrial_070,Zona_0
58,1,Inicio_Poligono_Nave_industrial_070,0,0.0,25.0,25.0,58,Poligono_Nave_industrial_070,Zona_0
58,2,4102801,35,40.81,37.94,167.94,58,Poligono_Nave_industrial_070,Zona_0
58,3,4109601,77,1.0454505861608023,1.254540703392963,400.19454070339293,58,Poligono_Nave_industrial_070,Zona_0
58,4,4102901,15,3.0271092324592437,3.632531078951092,448.82707178234404,58,Poligono_Nave_industrial_070,Zona_0
58,5,Regreso_Poligono_Nave_industrial_070,0,39.38,30.26,479.087071782344,58,Poligono_Nave_industrial_070,Zona_0
59,1,Inicio_Poligono_Nave_industrial_070,0,0.0,25.0,25.0,59,Poligono_Nave_industrial_070,Zona_0
59,2,4102901,131,39.38,30.26,448.26,59,Poligono_Nave_industrial_070,Zona_0
59,3,Regreso_Poligono_Nave_industrial_070,0,39.38,30.26,478.52,59,Poligono_Nave_industrial_070,Zona_0
60,1,Inicio_Poligono_Nave_industrial_070,0,0.0,25.0,25.0,60,Poligono_Nave_industrial_070,Zona_0
60,2,4102901,11,39.38,30.26,88.26,60,Poligono_Nave_industrial_070,Zona_0
60,3,4109301,120,1.5147606558909705,1.8177127870691647,450.0777127870692,60,Poligono_Nave_industrial_070,Zona_0
60,4,Regreso_Poligono_Nave_industrial_070,0,38.7,29.85,479.9277127870692,60,Poligono_Nave_industrial_070,Zona_0
61,1,Inicio_Poligono_Nave_industrial_070,0,0.0,25.0,25.0,61,Poligono_Nave_industrial_070,Zona_0
61,2,4103201,14,123.35,119.76,186.76,61,Poligono_Nave_industrial_070,Zona_0
61,3,4103202,22,0.6561298011035358,0.7873557613242429,253.54735576132424,61,Poligono_Nave_industrial_070,Zona_0
61,4,4104802,5,18.47011645484854,22.164139745818247,290.7114955071425,61,Poligono_Nave_industrial_070,Zona_0
61,5,4104801,7,0.30054091994574217,0.3606491039348906,312.0721446110774,61,Poligono_Nave_industrial_070,Zona_0
61,6,4104803,7,1.1065663700323898,1.3278796440388678,334.4000242551163,61,Poligono_Nave_industrial_070,Zona_0
61,7,4109102,4,78.90209244945191,94.6825109393423,441.0825351944586,61,Poligono_Nave_industrial_070,Zona_0
61,8,Regreso_Poligono_Nave_industrial_070,0,44.66,36.73,477.81253519445863,61,Poligono_Nave_industrial_070,Zona_0
62,1,Inicio_Poligono_Nave_industrial_070,0,0.0,25.0,25.0,62,Poligono_Nave_industrial_070,Zona_0
62,2,4103401,126,42.08,37.52,440.52,62,Poligono_Nave_industrial_070,Zona_0
62,3,Regreso_Poligono_Nave_industrial_070,0,42.08,37.52,478.03999999999996,62,Poligono_Nave_industrial_070,Zona_0
63,1,Inicio_Poligono_Nave_industrial_070,0,0.0,25.0,25.0,63,Poligono_Nave_industrial_070,Zona_0
63,2,4103401,20,42.08,37.52,122.52000000000001,63,Poligono_Nave_industrial_070,Zona_0
63,3,4103403,79,0.34722849407266937,0.4166741928872032,359.9366741928872,63,Poligono_Nave_industrial_070,Zona_0
63,4,4103402,26,0.7664440285152744,0.9197328342183293,438.85640702710555,63,Poligono_Nave_industrial_070,Zona_0
63,5,4107501,1,22.290994660197505,26.749193592237006,468.60560061934257,63,Poligono_Nave_industrial_070,Zona_0
63,6,Regreso_Poligono_Nave_industrial_070,0,8.27,10.87,479.4756006193426,63,Poligono_Nave_industrial_070,Zona_0
64,1,Inicio_Poligono_Nave_industrial_070,0,0.0,25.0,25.0,64,Poligono_Nave_industrial_070,Zona_0
64,2,4103402,7,43.08,39.58,85.58,64,Poligono_Nave_industrial_070,Zona_0
64,3,4107901,94,0.7090282672518502,0.8508339207022202,368.4308339207022,64,Poligono_Nave_industrial_070,Zona_0
64,4,4107001,23,4.986140936696424,5.9833691240357085,443.41420304473786,64,Poligono_Nave_industrial_070,Zona_0
64,5,Regreso_Poligono_Nave_industrial_070,0,46.66,36.25,479.66420304473786,64,Poligono_Nave_industrial_070,Zona_0
65,1,Inicio_Poligono_Nave_industrial_070,0,0.0,25.0,25.0,65,Poligono_Nave_industrial_070,Zona_0
65,2,4104001,132,34.18,28.29,449.29,65,Poligono_Nave_industrial_070,Zona_0
65,3,4109402,1,2.5931321810426886,3.111758617251226,455.40175861725123,65,Poligono_Nave_industrial_070,Zona_0
65,4,Regreso_Poligono_Nave_industrial_070,0,30.79,24.11,479.51175861725125,65,Poligono_Nave_industrial_070,Zona_0
66,1,Inicio_Poligono_Nave_industrial_070,0,0.0,25.0,25.0,66,Poligono_Nave_industrial_070,Zona_0
66,2,4104001,79,34.18,28.29,290.29,66,Poligono_Nave_industrial_070,Zona_0
66,3,4109801,52,1.967637734988971,2.3611652819867652,448.6511652819868,66,Poligono_Nave_industrial_070,Zona_0
66,4,4109401,1,2.83106517574361,3.397278210892332,455.04844349287913,66,Poligono_Nave_industrial_070,Zona_0
66,5,Regreso_Poligono_Nave_industrial_070,0,31.4,24.82,479.8684434928791,66,Poligono_Nave_industrial_070,Zona_0
67,1,Inicio_Poligono_Nave_industrial_070,0,0.0,25.0,25.0,67,Poligono_Nave_industrial_070,Zona_0
67,2,4104401,37,36.19,42.74,178.74,67,Poligono_Nave_industrial_070,Zona_0
67,3,4105901,87,3.372943279342306,4.047531935210767,443.7875319352108,67,Poligono_Nave_industrial_070,Zona_0
67,4,Regreso_Poligono_Nave_industrial_070,0,38.89,33.34,477.12753193521075,67,Poligono_Nave_industrial_070,Zona_0
68,1,Inicio_Poligono_Nave_industrial_070,0,0.0,25.0,25.0,68,Poligono_Nave_industrial_070,Zona_0
68,2,4104701,132,36.2,28.05,449.05,68,Poligono_Nave_industrial_070,Zona_0
68,3,Regreso_Poligono_Nave_industrial_070,0,36.2,28.05,477.1,68,Poligono_Nave_industrial_070,Zona_0
69,1,Inicio_Poligono_Nave_industrial_070,0,0.0,25.0,25.0,69,Poligono_Nave_industrial_070,Zona_0
69,2,4104701,12,36.2,28.05,89.05,69,Poligono_Nave_industrial_070,Zona_0
69,3,4109301,119,2.8025298994341536,3.3630358793209845,449.413035879321,69,Poligono_Nave_industrial_070,Zona_0
69,4,Regreso_Poligono_Nave_industrial_070,0,38.7,29.85,479.263035879321,69,Poligono_Nave_industrial_070,Zona_0
70,1,Inicio_Poligono_Nave_industrial_070,0,0.0,25.0,25.0,70,Poligono_Nave_industrial_070,Zona_0
70,2,4105101,9,15.51,15.56,67.56,70,Poligono_Nave_industrial_070,Zona_0
70,3,4107501,53,5.436174366585862,6.523409239903034,233.08340923990303,70,Poligono_Nave_industrial_070,Zona_0
70,4,4108701,67,13.110998513420428,15.733198216104512,449.81660745600755,70,Poligono_Nave_industrial_070,Zona_0
70,5,4108702,1,0.9067687519000222,1.0881225022800265,453.9047299582876,70,Poligono_Nave_industrial_070,Zona_0
70,6,Regreso_Poligono_Nave_industrial_070,0,27.24,23.13,477.0347299582876,70,Poligono_Nave_industrial_070,Zona_0
71,1,Inicio_Poligono_Nave_industrial_070,0,0.0,25.0,25.0,71,Poligono_Nave_industrial_070,Zona_0
71,2,4190201,43,36.63,61.07,215.07,71,Poligono_Nave_industrial_070,Zona_0
71,3,4107001,68,19.42986385487966,23.31583662585559,442.3858366258556,71,Poligono_Nave_industrial_070,Zona_0
71,4,Regreso_Poligono_Nave_industrial_070,0,46.66,36.25,478.6358366258556,71,Poligono_Nave_industrial_070,Zona_0
72,1,Inicio_Poligono_Nave_industrial_070,0,0.0,25.0,25.0,72,Poligono_Nave_industrial_070,Zona_0
72,2,4105901,129,38.89,33.34,445.34000000000003,72,Poligono_Nave_industrial_070,Zona_0
72,3,Regreso_Poligono_Nave_industrial_070,0,38.89,33.34,478.68000000000006,72,Poligono_Nave_industrial_070,Zona_0
73,1,Inicio_Poligono_Nave_industrial_070,0,0.0,25.0,25.0,73,Poligono_Nave_industrial_070,Zona_0
73,2,4105901,129,38.89,33.34,445.34000000000003,73,Poligono_Nave_industrial_070,Zona_0
73,3,Regreso_Poligono_Nave_industrial_070,0,38.89,33.34,478.68000000000006,73,Poligono_Nave_industrial_070,Zona_0
74,1,Inicio_Poligono_Nave_industrial_070,0,0.0,25.0,25.0,74,Poligono_Nave_industrial_070,Zona_0
74,2,4105901,129,38.89,33.34,445.34000000000003,74,Poligono_Nave_industrial_070,Zona_0
74,3,Regreso_Poligono_Nave_industrial_070,0,38.89,33.34,478.68000000000006,74,Poligono_Nave_industrial_070,Zona_0
75,1,Inicio_Poligono_Nave_industrial_070,0,0.0,25.0,25.0,75,Poligono_Nave_industrial_070,Zona_0
75,2,4105901,70,38.89,33.34,268.34000000000003,75,Poligono_Nave_industrial_070,Zona_0
75,3,4108604,50,3.159044993261616,3.790853991913939,422.13085399191397,75,Poligono_Nave_industrial_070,Zona_0
75,4,4108602,7,0.8362623559519224,1.0035148271423069,444.13436881905625,75,Poligono_Nave_industrial_070,Zona_0
75,5,4109301,1,2.372100637970012,2.846520765564015,449.9808895846203,75,Poligono_Nave_industrial_070,Zona_0
75,6,Regreso_Poligono_Nave_industrial_070,0,38.7,29.85,479.8308895846203,75,Poligono_Nave_industrial_070,Zona_0
76,1,Inicio_Poligono_Nave_industrial_070,0,0.0,25.0,25.0,76,Poligono_Nave_industrial_070,Zona_0
76,2,4106702,30,32.36,28.34,143.34,76,Poligono_Nave_industrial_070,Zona_0
76,3,4109801,6,2.511614344266674,3.013937213120009,164.35393721312002,76,Poligono_Nave_industrial_070,Zona_0
76,4,4108501,58,2.5214326425336213,3.0257191710403455,341.3796563841604,76,Poligono_Nave_industrial_070,Zona_0
76,5,4109401,35,5.33766604644492,6.405199255733904,452.7848556398943,76,Poligono_Nave_industrial_070,Zona_0
76,6,Regreso_Poligono_Nave_industrial_070,0,31.4,24.82,477.6048556398943,76,Poligono_Nave_industrial_070,Zona_0
77,1,Inicio_Poligono_Nave_industrial_070,0,0.0,25.0,25.0,77,Poligono_Nave_industrial_070,Zona_0
77,2,4107001,17,46.66,36.25,112.25,77,Poligono_Nave_industrial_070,Zona_0
77,3,4109111,106,4.602902995626971,5.523483594752366,435.77348359475235,77,Poligono_Nave_industrial_070,Zona_0
77,4,4108602,2,2.719130666604951,3.262956799925941,445.03644039467827,77,Poligono_Nave_industrial_070,Zona_0
77,5,Regreso_Poligono_Nave_industrial_070,0,41.77,34.02,479.05644039467825,77,Poligono_Nave_industrial_070,Zona_0
78,1,Inicio_Poligono_Nave_industrial_070,0,0.0,25.0,25.0,78,Poligono_Nave_industrial_070,Zona_0
78,2,4108602,41,41.77,34.02,182.02,78,Poligono_Nave_industrial_070,Zona_0
78,3,4109301,88,2.372100637970012,2.846520765564015,448.866520765564,78,Poligono_Nave_industrial_070,Zona_0
78,4,Regreso_Poligono_Nave_industrial_070,0,38.7,29.85,478.71652076556404,78,Poligono_Nave_industrial_070,Zona_0
79,1,Inicio_Poligono_Nave_industrial_070,0,0.0,25.0,25.0,79,Poligono_Nave_industrial_070,Zona_0
79,2,4108702,42,27.24,23.13,174.13,79,Poligono_Nave_industrial_070,Zona_0
79,3,4109401,21,3.651905057100948,4.382286068521138,241.51228606852112,79,Poligono_Nave_industrial_070,Zona_0
79,4,4109402,32,0.5982021867438247,0.7178426240925897,338.2301286926137,79,Poligono_Nave_industrial_070,Zona_0
79,5,4109301,9,9.375369122618341,11.25044294714201,376.4805716397557,79,Poligono_Nave_industrial_070,Zona_0
79,6,4109106,21,4.419487687180018,5.303385224616022,444.7839568643717,79,Poligono_Nave_industrial_070,Zona_0
79,7,Regreso_Poligono_Nave_industrial_070,0,43.11,33.97,478.75395686437173,79,Poligono_Nave_industrial_070,Zona_0
80,1,Inicio_Poligono_Nave_industrial_070,0,0.0,25.0,25.0,80,Poligono_Nave_industrial_070,Zona_0
80,2,4109101,125,46.34,39.26,439.26,80,Poligono_Nave_industrial_070,Zona_0
80,3,4109106,1,1.805865413871316,2.167038496645579,444.4270384966456,80,Poligono_Nave_industrial_070,Zona_0
80,4,Regreso_Poligono_Nave_industrial_070,0,43.11,33.97,478.39703849664556,80,Poligono_Nave_industrial_070,Zona_0
81,1,Inicio_Poligono_Nave_industrial_070,0,0.0,25.0,25.0,81,Poligono_Nave_industrial_070,Zona_0
81,2,4109101,125,46.34,39.26,439.26,81,Poligono_Nave_industrial_070,Zona_0
81,3,4109106,1,1.805865413871316,2.167038496645579,444.4270384966456,81,Poligono_Nave_industrial_070,Zona_0
81,4,Regreso_Poligono_Nave_industrial_070,0,43.11,33.97,478.39703849664556,81,Poligono_Nave_industrial_070,Zona_0
82,1,Inicio_Poligono_Nave_industrial_070,0,0.0,25.0,25.0,82,Poligono_Nave_industrial_070,Zona_0
82,2,4109101,125,46.34,39.26,439.26,82,Poligono_Nave_industrial_070,Zona_0
82,3,4109106,1,1.805865413871316,2.167038496645579,444.4270384966456,82,Poligono_Nave_industrial_070,Zona_0
82,4,Regreso_Poligono_Nave_industrial_070,0,43.11,33.97,478.39703849664556,82,Poligono_Nave_industrial_070,Zona_0
83,1,Inicio_Poligono_Nave_industrial_070,0,0.0,25.0,25.0,83,Poligono_Nave_industrial_070,Zona_0
83,2,4109101,125,46.34,39.26,439.26,83,Poligono_Nave_industrial_070,Zona_0
83,3,4109106,1,1.805865413871316,2.167038496645579,444.4270384966456,83,Poligono_Nave_industrial_070,Zona_0
83,4,Regreso_Poligono_Nave_industrial_070,0,43.11,33.97,478.39703849664556,83,Poligono_Nave_industrial_070,Zona_0
84,1,Inicio_Poligono_Nave_industrial_070,0,0.0,25.0,25.0,84,Poligono_Nave_industrial_070,Zona_0
84,2,4109101,125,46.34,39.26,439.26,84,Poligono_Nave_industrial_070,Zona_0
84,3,4109106,1,1.805865413871316,2.167038496645579,444.4270384966456,84,Poligono_Nave_industrial_070,Zona_0
84,4,Regreso_Poligono_Nave_industrial_070,0,43.11,33.97,478.39703849664556,84,Poligono_Nave_industrial_070,Zona_0
85,1,Inicio_Poligono_Nave_industrial_070,0,0.0,25.0,25.0,85,Poligono_Nave_industrial_070,Zona_0
85,2,4109101,125,46.34,39.26,439.26,85,Poligono_Nave_industrial_070,Zona_0
85,3,4109106,1,1.805865413871316,2.167038496645579,444.4270384966456,85,Poligono_Nave_industrial_070,Zona_0
85,4,Regreso_Poligono_Nave_industrial_070,0,43.11,33.97,478.39703849664556,85,Poligono_Nave_industrial_070,Zona_0
86,1,Inicio_Poligono_Nave_industrial_070,0,0.0,25.0,25.0,86,Poligono_Nave_industrial_070,Zona_0
86,2,4109101,7,46.34,39.26,85.25999999999999,86,Poligono_Nave_industrial_070,Zona_0
86,3,4109102,118,1.2936296730275176,1.5523556076330212,440.81235560763304,86,Poligono_Nave_industrial_070,Zona_0
86,4,Regreso_Poligono_Nave_industrial_070,0,44.66,36.73,477.54235560763306,86,Poligono_Nave_industrial_070,Zona_0
87,1,Inicio_Poligono_Nave_industrial_070,0,0.0,25.0,25.0,87,Poligono_Nave_industrial_070,Zona_0
87,2,4109102,127,44.66,36.73,442.73,87,Poligono_Nave_industrial_070,Zona_0
87,3,Regreso_Poligono_Nave_industrial_070,0,44.66,36.73,479.46000000000004,87,Poligono_Nave_industrial_070,Zona_0
88,1,Inicio_Poligono_Nave_industrial_070,0,0.0,25.0,25.0,88,Poligono_Nave_industrial_070,Zona_0
88,2,4109102,127,44.66,36.73,442.73,88,Poligono_Nave_industrial_070,Zona_0
88,3,Regreso_Poligono_Nave_industrial_070,0,44.66,36.73,479.46000000000004,88,Poligono_Nave_industrial_070,Zona_0
89,1,Inicio_Poligono_Nave_industrial_070,0,0.0,25.0,25.0,89,Poligono_Nave_industrial_070,Zona_0
89,2,4109102,127,44.66,36.73,442.73,89,Poligono_Nave_industrial_070,Zona_0
89,3,Regreso_Poligono_Nave_industrial_070,0,44.66,36.73,479.46000000000004,89,Poligono_Nave_industrial_070,Zona_0
90,1,Inicio_Poligono_Nave_industrial_070,0,0.0,25.0,25.0,90,Poligono_Nave_industrial_070,Zona_0
90,2,4109102,117,44.66,36.73,412.73,90,Poligono_Nave_industrial_070,Zona_0
90,3,4109106,9,2.76642023003438,3.3197042760412563,443.04970427604127,90,Poligono_Nave_industrial_070,Zona_0
90,4,Regreso_Poligono_Nave_industrial_070,0,43.11,33.97,477.01970427604124,90,Poligono_Nave_industrial_070,Zona_0
91,1,Inicio_Poligono_Nave_industrial_070,0,0.0,25.0,25.0,91,Poligono_Nave_industrial_070,Zona_0
91,2,4109106,129,43.11,33.97,445.97,91,Poligono_Nave_industrial_070,Zona_0
91,3,Regreso_Poligono_Nave_industrial_070,0,43.11,33.97,479.94000000000005,91,Poligono_Nave_industrial_070,Zona_0
92,1,Inicio_Poligono_Nave_industrial_070,0,0.0,25.0,25.0,92,Poligono_Nave_industrial_070,Zona_0
92,2,4109106,129,43.11,33.97,445.97,92,Poligono_Nave_industrial_070,Zona_0
92,3,Regreso_Poligono_Nave_industrial_070,0,43.11,33.97,479.94000000000005,92,Poligono_Nave_industrial_070,Zona_0
93,1,Inicio_Poligono_Nave_industrial_070,0,0.0,25.0,25.0,93,Poligono_Nave_industrial_070,Zona_0
93,2,4109106,129,43.11,33.97,445.97,93,Poligono_Nave_industrial_070,Zona_0
93,3,Regreso_Poligono_Nave_industrial_070,0,43.11,33.97,479.94000000000005,93,Poligono_Nave_industrial_070,Zona_0
94,1,Inicio_Poligono_Nave_industrial_070,0,0.0,25.0,25.0,94,Poligono_Nave_industrial_070,Zona_0
94,2,4109106,106,43.11,33.97,376.97,94,Poligono_Nave_industrial_070,Zona_0
94,3,4109111,18,4.165115897804676,4.998139077365612,435.96813907736566,94,Poligono_Nave_industrial_070,Zona_0
94,4,Regreso_Poligono_Nave_industrial_070,0,46.74,42.24,478.2081390773657,94,Poligono_Nave_industrial_070,Zona_0
95,1,Inicio_Poligono_Nave_industrial_070,0,0.0,25.0,25.0,95,Poligono_Nave_industrial_070,Zona_0
95,2,4109111,123,46.74,42.24,436.24,95,Poligono_Nave_industrial_070,Zona_0
95,3,Regreso_Poligono_Nave_industrial_070,0,46.74,42.24,478.48,95,Poligono_Nave_industrial_070,Zona_0
96,1,Inicio_Poligono_Nave_industrial_070,0,0.0,25.0,25.0,96,Poligono_Nave_industrial_070,Zona_0
96,2,4109111,123,46.74,42.24,436.24,96,Poligono_Nave_industrial_070,Zona_0
96,3,Regreso_Poligono_Nave_industrial_070,0,46.74,42.24,478.48,96,Poligono_Nave_industrial_070,Zona_0
97,1,Inicio_Poligono_Nave_industrial_070,0,0.0,25.0,25.0,97,Poligono_Nave_industrial_070,Zona_0
97,2,4109111,16,46.74,42.24,115.24000000000001,97,Poligono_Nave_industrial_070,Zona_0
97,3,Regreso_Poligono_Nave_industrial_070,0,46.74,42.24,157.48000000000002,97,Poligono_Nave_industrial_070,Zona_0
98,1,Inicio_Poligono_Almacen_003,0,0.0,25.0,25.0,98,Poligono_Almacen_003,Zona_1
98,2,4100501,20,133.43,100.88,185.88,98,Poligono_Almacen_003,Zona_1
98,3,4100702,63,7.806535867297434,9.367843040756922,384.24784304075695,98,Poligono_Almacen_003,Zona_1
98,4,Regreso_Poligono_Almacen_003,0,126.99,94.9,479.1478430407569,98,Poligono_Almacen_003,Zona_1
99,1,Inicio_Poligono_Almacen_003,0,0.0,25.0,25.0,99,Poligono_Almacen_003,Zona_1
99,2,4100702,46,126.99,94.9,257.9,99,Poligono_Almacen_003,Zona_1
99,3,4108601,19,10.26811038914669,12.321732466976027,327.221732466976,99,Poligono_Almacen_003,Zona_1
99,4,4105304,14,49.68563018078959,59.6227562169475,428.8444886839235,99,Poligono_Almacen_003,Zona_1
99,5,Regreso_Poligono_Almacen_003,0,58.92,50.44,479.2844886839235,99,Poligono_Almacen_003,Zona_1
100,1,Inicio_Poligono_Almacen_003,0,0.0,25.0,25.0,100,Poligono_Almacen_003,Zona_1
100,2,4190301,68,49.23,38.86,267.86,100,Poligono_Almacen_003,Zona_1
100,3,1102009,47,6.829532430426647,8.195438916511975,417.055438916512,100,Poligono_Almacen_003,Zona_1
100,4,1102005,8,12.15890150544177,14.590681806530124,455.64612072304215,100,Poligono_Almacen_003,Zona_1
100,5,Regreso_Poligono_Almacen_003,0,27.9,24.32,479.96612072304214,100,Poligono_Almacen_003,Zona_1
101,1,Inicio_Poligono_Almacen_003,0,0.0,25.0,25.0,101,Poligono_Almacen_003,Zona_1
101,2,4105301,80,57.97,48.81,313.81,101,Poligono_Almacen_003,Zona_1
101,3,4105304,38,0.5327840080511033,0.6393408096613239,428.4493408096613,101,Poligono_Almacen_003,Zona_1
101,4,Regreso_Poligono_Almacen_003,0,58.92,50.44,478.8893408096613,101,Poligono_Almacen_003,Zona_1
102,1,Inicio_Poligono_Almacen_003,0,0.0,25.0,25.0,102,Poligono_Almacen_003,Zona_1
102,2,4105302,36,58.11,49.58,182.57999999999998,102,Poligono_Almacen_003,Zona_1
102,3,4105304,14,0.812411523408674,0.9748938280904087,225.5548938280904,102,Poligono_Almacen_003,Zona_1
102,4,1103701,62,9.083937351173558,10.90072482140827,422.45561864949866,102,Poligono_Almacen_003,Zona_1
102,5,1102005,3,17.985568300122154,21.582681960146584,453.03830060964526,102,Poligono_Almacen_003,Zona_1
102,6,Regreso_Poligono_Almacen_003,0,27.9,24.32,477.35830060964526,102,Poligono_Almacen_003,Zona_1
103,1,Inicio_Poligono_Almacen_003,0,0.0,25.0,25.0,103,Poligono_Almacen_003,Zona_1
103,2,1100101,20,45.63,40.05,125.05,103,Poligono_Almacen_003,Zona_1
103,3,1100102,23,3.5878891603474705,4.305466992416965,198.35546699241695,103,Poligono_Almacen_003,Zona_1
103,4,1102306,15,14.3153554868851,17.17842658426212,260.5338935766791,103,Poligono_Almacen_003,Zona_1
103,5,1190101,52,8.293523739269245,9.952228487123095,426.4861220638022,103,Poligono_Almacen_003,Zona_1
103,6,1102301,2,16.67214299715362,20.006571596584347,452.4926936603866,103,Poligono_Almacen_003,Zona_1
103,7,Regreso_Poligono_Almacen_003,0,27.37,27.24,479.7326936603866,103,Poligono_Almacen_003,Zona_1
104,1,Inicio_Poligono_Almacen_003,0,0.0,25.0,25.0,104,Poligono_Almacen_003,Zona_1
104,2,1100301,13,80.06,79.75,143.75,104,Poligono_Almacen_003,Zona_1
104,3,1190201,37,14.784802914712492,17.74176349765499,272.49176349765503,104,Poligono_Almacen_003,Zona_1
104,4,1102501,46,11.055512012535102,13.266614415042122,423.75837791269714,104,Poligono_Almacen_003,Zona_1
104,5,1102305,6,8.78033433393877,10.536401200726525,452.29477911342366,104,Poligono_Almacen_003,Zona_1
104,6,Regreso_Poligono_Almacen_003,0,26.17,25.45,477.74477911342365,104,Poligono_Almacen_003,Zona_1
105,1,Inicio_Poligono_Almacen_003,0,0.0,25.0,25.0,105,Poligono_Almacen_003,Zona_1
105,2,1100401,107,90.92,66.82,412.82,105,Poligono_Almacen_003,Zona_1
105,3,Regreso_Poligono_Almacen_003,0,90.92,66.82,479.64,105,Poligono_Almacen_003,Zona_1
106,1,Inicio_Poligono_Almacen_003,0,0.0,25.0,25.0,106,Poligono_Almacen_003,Zona_1
106,2,1100401,107,90.92,66.82,412.82,106,Poligono_Almacen_003,Zona_1
106,3,Regreso_Poligono_Almacen_003,0,90.92,66.82,479.64,106,Poligono_Almacen_003,Zona_1
107,1,Inicio_Poligono_Almacen_003,0,0.0,25.0,25.0,107,Poligono_Almacen_003,Zona_1
107,2,1100401,107,90.92,66.82,412.82,107,Poligono_Almacen_003,Zona_1
107,3,Regreso_Poligono_Almacen_003,0,90.92,66.82,479.64,107,Poligono_Almacen_003,Zona_1
108,1,Inicio_Poligono_Almacen_003,0,0.0,25.0,25.0,108,Poligono_Almacen_003,Zona_1
108,2,1100401,28,90.92,66.82,175.82,108,Poligono_Almacen_003,Zona_1
108,3,1100404,79,0.21706176709442687,0.2604741205133122,413.0804741205133,108,Poligono_Almacen_003,Zona_1
108,4,Regreso_Poligono_Almacen_003,0,90.46,66.74,479.8204741205133,108,Poligono_Almacen_003,Zona_1
109,1,Inicio_Poligono_Almacen_003,0,0.0,25.0,25.0,109,Poligono_Almacen_003,Zona_1
109,2,1100402,106,91.19,68.3,411.3,109,Poligono_Almacen_003,Zona_1
109,3,Regreso_Poligono_Almacen_003,0,91.19,68.3,479.6,109,Poligono_Almacen_003,Zona_1
110,1,Inicio_Poligono_Almacen_003,0,0.0,25.0,25.0,110,Poligono_Almacen_003,Zona_1
110,2,1100402,106,91.19,68.3,411.3,110,Poligono_Almacen_003,Zona_1
110,3,Regreso_Poligono_Almacen_003,0,91.19,68.3,479.6,110,Poligono_Almacen_003,Zona_1
111,1,Inicio_Poligono_Almacen_003,0,0.0,25.0,25.0,111,Poligono_Almacen_003,Zona_1
111,2,1100402,83,91.19,68.3,342.3,111,Poligono_Almacen_003,Zona_1
111,3,1100404,23,1.1308608772397386,1.3570330526876864,412.65703305268767,111,Poligono_Almacen_003,Zona_1
111,4,Regreso_Poligono_Almacen_003,0,90.46,66.74,479.3970330526877,111,Poligono_Almacen_003,Zona_1
112,1,Inicio_Poligono_Almacen_003,0,0.0,25.0,25.0,112,Poligono_Almacen_003,Zona_1
112,2,1100403,106,91.06,67.37,410.37,112,Poligono_Almacen_003,Zona_1
112,3,Regreso_Poligono_Almacen_003,0,91.06,67.37,477.74,112,Poligono_Almacen_003,Zona_1
113,1,Inicio_Poligono_Almacen_003,0,0.0,25.0,25.0,113,Poligono_Almacen_003,Zona_1
113,2,1100403,62,91.06,67.37,278.37,113,Poligono_Almacen_003,Zona_1
113,3,1100404,44,0.2995653735789619,0.3594784482947543,410.7294784482948,113,Poligono_Almacen_003,Zona_1
113,4,Regreso_Poligono_Almacen_003,0,90.46,66.74,477.4694784482948,113,Poligono_Almacen_003,Zona_1
114,1,Inicio_Poligono_Almacen_003,0,0.0,25.0,25.0,114,Poligono_Almacen_003,Zona_1
114,2,1100404,107,90.46,66.74,412.74,114,Poligono_Almacen_003,Zona_1
114,3,Regreso_Poligono_Almacen_003,0,90.46,66.74,479.48,114,Poligono_Almacen_003,Zona_1
115,1,Inicio_Poligono_Almacen_003,0,0.0,25.0,25.0,115,Poligono_Almacen_003,Zona_1
115,2,1100404,90,90.46,66.74,361.74,115,Poligono_Almacen_003,Zona_1
115,3,1100802,15,5.855605013071896,7.026726015686275,413.7667260156863,115,Poligono_Almacen_003,Zona_1
115,4,Regreso_Poligono_Almacen_003,0,88.99,66.21,479.97672601568627,115,Poligono_Almacen_003,Zona_1
116,1,Inicio_Poligono_Almacen_003,0,0.0,25.0,25.0,116,Poligono_Almacen_003,Zona_1
116,2,1100601,45,56.57,46.65,206.65,116,Poligono_Almacen_003,Zona_1
116,3,1100602,75,0.277527196066289,0.3330326352795468,431.9830326352795,116,Poligono_Almacen_003,Zona_1
116,4,Regreso_Poligono_Almacen_003,0,58.34,45.6,477.58303263527955,116,Poligono_Almacen_003,Zona_1
117,1,Inicio_Poligono_Almacen_003,0,0.0,25.0,25.0,117,Poligono_Almacen_003,Zona_1
117,2,1100602,35,58.34,45.6,175.6,117,Poligono_Almacen_003,Zona_1
117,3,1100604,46,2.933178212523441,3.5198138550281293,317.11981385502816,117,Poligono_Almacen_003,Zona_1
117,4,1100603,36,7.61336355032838,9.136036260394055,434.2558501154222,117,Poligono_Almacen_003,Zona_1
117,5,Regreso_Poligono_Almacen_003,0,55.25,43.58,477.8358501154222,117,Poligono_Almacen_003,Zona_1
118,1,Inicio_Poligono_Almacen_003,0,0.0,25.0,25.0,118,Poligono_Almacen_003,Zona_1
118,2,1100603,6,55.25,43.58,86.58,118,Poligono_Almacen_003,Zona_1
118,3,1102009,92,20.896611559739807,25.075933871687766,387.65593387168775,118,Poligono_Almacen_003,Zona_1
118,4,1103701,4,9.408212265888787,11.289854719066545,410.9457885907543,118,Poligono_Almacen_003,Zona_1
118,5,1102005,7,17.985568300122154,21.582681960146584,453.5284705509009,118,Poligono_Almacen_003,Zona_1
118,6,Regreso_Poligono_Almacen_003,0,27.9,24.32,477.8484705509009,118,Poligono_Almacen_003,Zona_1
119,1,Inicio_Poligono_Almacen_003,0,0.0,25.0,25.0,119,Poligono_Almacen_003,Zona_1
119,2,1100701,51,61.13,50.8,228.8,119,Poligono_Almacen_003,Zona_1
119,3,1100702,66,0.352337002867611,0.4228044034411332,427.22280440344116,119,Poligono_Almacen_003,Zona_1
119,4,Regreso_Poligono_Almacen_003,0,61.56,51.49,478.71280440344117,119,Poligono_Almacen_003,Zona_1
120,1,Inicio_Poligono_Almacen_003,0,0.0,25.0,25.0,120,Poligono_Almacen_003,Zona_1
120,2,1100702,1,61.56,51.49,79.49000000000001,120,Poligono_Almacen_003,Zona_1
120,3,1100703,28,1.019171154315961,1.2230053851791531,164.71300538517914,120,Poligono_Almacen_003,Zona_1
120,4,1100704,24,5.011222504833083,6.0134670057997,242.72647239097884,120,Poligono_Almacen_003,Zona_1
120,5,1103902,51,10.984564019753538,13.181476823704246,408.9079492146831,120,Poligono_Almacen_003,Zona_1
120,6,1103901,6,5.041109230064485,6.049331076077382,432.9572802907605,120,Poligono_Almacen_003,Zona_1
120,7,Regreso_Poligono_Almacen_003,0,48.84,45.28,478.2372802907605,120,Poligono_Almacen_003,Zona_1
121,1,Inicio_Poligono_Almacen_003,0,0.0,25.0,25.0,121,Poligono_Almacen_003,Zona_1
121,2,1100801,115,72.26,54.25,424.25,121,Poligono_Almacen_003,Zona_1
121,3,Regreso_Poligono_Almacen_003,0,72.26,54.25,478.5,121,Poligono_Almacen_003,Zona_1
122,1,Inicio_Poligono_Almacen_003,0,0.0,25.0,25.0,122,Poligono_Almacen_003,Zona_1
122,2,1100801,59,72.26,54.25,256.25,122,Poligono_Almacen_003,Zona_1
122,3,1100803,46,10.615581828344459,12.73869819401335,406.98869819401335,122,Poligono_Almacen_003,Zona_1
122,4,Regreso_Poligono_Almacen_003,0,86.4,71.11,478.09869819401337,122,Poligono_Almacen_003,Zona_1
123,1,Inicio_Poligono_Almacen_003,0,0.0,25.0,25.0,123,Poligono_Almacen_003,Zona_1
123,2,1100802,4,88.99,66.21,103.21,123,Poligono_Almacen_003,Zona_1
123,3,1103304,49,3.1150416244812096,3.7380499493774515,253.94804994937743,123,Poligono_Almacen_003,Zona_1
123,4,1103302,50,3.0274848617876406,3.632981834145169,407.5810317835226,123,Poligono_Almacen_003,Zona_1
123,5,Regreso_Poligono_Almacen_003,0,96.23,71.02,478.60103178352256,123,Poligono_Almacen_003,Zona_1
124,1,Inicio_Poligono_Almacen_003,0,0.0,25.0,25.0,124,Poligono_Almacen_003,Zona_1
124,2,1100803,10,86.4,71.11,126.11,124,Poligono_Almacen_003,Zona_1
124,3,1103302,45,7.019810811581318,8.423772973897583,269.53377297389756,124,Poligono_Almacen_003,Zona_1
124,4,1103301,33,0.5912948605352608,0.709553832642313,369.24332680653987,124,Poligono_Almacen_003,Zona_1
124,5,1103303,11,3.794464170317621,4.553357004381145,406.796683810921,124,Poligono_Almacen_003,Zona_1
124,6,Regreso_Poligono_Almacen_003,0,97.98,72.61,479.40668381092104,124,Poligono_Almacen_003,Zona_1
125,1,Inicio_Poligono_Almacen_003,0,0.0,25.0,25.0,125,Poligono_Almacen_003,Zona_1
125,2,1190101,9,47.87,52.29,104.28999999999999,125,Poligono_Almacen_003,Zona_1
125,3,1102301,4,16.67214299715362,20.006571596584347,136.29657159658433,125,Poligono_Almacen_003,Zona_1
125,4,1102303,6,0.3003628655834057,0.3604354387000868,154.6570070352844,125,Poligono_Almacen_003,Zona_1
125,5,1102302,7,0.27299557657693596,0.32759469189232315,175.98460172717674,125,Poligono_Almacen_003,Zona_1
125,6,1102304,7,0.5452676287092151,0.6543211544510581,197.6389228816278,125,Poligono_Almacen_003,Zona_1
125,7,1102305,53,0.639129534199222,0.7669554410390664,357.40587832266687,125,Poligono_Almacen_003,Zona_1
125,8,1102804,29,15.521740284833957,18.62608834180075,463.03196666446763,125,Poligono_Almacen_003,Zona_1
125,9,Regreso_Poligono_Almacen_003,0,10.52,16.25,479.28196666446763,125,Poligono_Almacen_003,Zona_1
126,1,Inicio_Poligono_Almacen_003,0,0.0,25.0,25.0,126,Poligono_Almacen_003,Zona_1
126,2,1100901,7,95.71,96.35,142.35,126,Poligono_Almacen_003,Zona_1
126,3,1104001,5,8.146869032724727,9.776242839269672,167.12624283926965,126,Poligono_Almacen_003,Zona_1
126,4,1102103,13,25.098488707964584,30.1181864495575,236.24442928882715,126,Poligono_Almacen_003,Zona_1
126,5,1102101,24,5.143454430387582,6.172145316465098,314.4165746052922,126,Poligono_Almacen_003,Zona_1
126,6,1102102,20,4.715299921184061,5.658359905420874,380.0749345107131,126,Poligono_Almacen_003,Zona_1
126,7,1101301,1,10.288637282990669,12.346364739588802,395.4212992503019,126,Poligono_Almacen_003,Zona_1
126,8,Regreso_Poligono_Almacen_003,0,106.15,83.69,479.1112992503019,126,Poligono_Almacen_003,Zona_1
127,1,Inicio_Poligono_Almacen_003,0,0.0,25.0,25.0,127,Poligono_Almacen_003,Zona_1
127,2,1101201,59,19.86,22.97,224.97,127,Poligono_Almacen_003,Zona_1
127,3,1101203,57,0.20398239437268112,0.24477887324721734,396.2147788732472,127,Poligono_Almacen_003,Zona_1
127,4,1101202,19,0.1640972106368737,0.19691665276424844,453.41169552601144,127,Poligono_Almacen_003,Zona_1
127,5,1101206,1,0.44750434628829283,0.5370052155459514,456.9487007415574,127,Poligono_Almacen_003,Zona_1
127,6,1101208,1,1.0777748988494558,1.2933298786193468,461.24203062017676,127,Poligono_Almacen_003,Zona_1
127,7,Regreso_Poligono_Almacen_003,0,18.1,18.7,479.94203062017675,127,Poligono_Almacen_003,Zona_1
128,1,Inicio_Poligono_Almacen_003,0,0.0,25.0,25.0,128,Poligono_Almacen_003,Zona_1
128,2,1101202,38,19.88,23.67,162.67000000000002,128,Poligono_Almacen_003,Zona_1
128,3,1101205,39,0.2466611270921861,0.2959933525106233,279.9659933525106,128,Poligono_Almacen_003,Zona_1
128,4,1101206,36,0.2980574668065243,0.3576689601678292,388.32366231267844,128,Poligono_Almacen_003,Zona_1
128,5,1101204,22,0.6020661600586678,0.7224793920704013,455.04614170474883,128,Poligono_Almacen_003,Zona_1
128,6,1101207,1,1.3722903417706547,1.6467484101247856,459.6928901148736,128,Poligono_Almacen_003,Zona_1
128,7,Regreso_Poligono_Almacen_003,0,18.21,19.72,479.41289011487356,128,Poligono_Almacen_003,Zona_1
129,1,Inicio_Poligono_Almacen_003,0,0.0,25.0,25.0,129,Poligono_Almacen_003,Zona_1
129,2,1101204,11,20.02,24.1,82.1,129,Poligono_Almacen_003,Zona_1
129,3,1101207,26,1.3722903417706547,1.6467484101247856,161.74674841012478,129,Poligono_Almacen_003,Zona_1
129,4,1101208,99,0.7650106721654121,0.9180128065984945,459.66476121672326,129,Poligono_Almacen_003,Zona_1
129,5,Regreso_Poligono_Almacen_003,0,18.1,18.7,478.36476121672325,129,Poligono_Almacen_003,Zona_1
130,1,Inicio_Poligono_Almacen_003,0,0.0,25.0,25.0,130,Poligono_Almacen_003,Zona_1
130,2,1101208,139,18.1,18.7,460.7,130,Poligono_Almacen_003,Zona_1
130,3,Regreso_Poligono_Almacen_003,0,18.1,18.7,479.4,130,Poligono_Almacen_003,Zona_1
131,1,Inicio_Poligono_Almacen_003,0,0.0,25.0,25.0,131,Poligono_Almacen_003,Zona_1
131,2,1101208,38,18.1,18.7,157.7,131,Poligono_Almacen_003,Zona_1
131,3,1101209,100,1.166236808575326,1.3994841702903913,459.0994841702904,131,Poligono_Almacen_003,Zona_1
131,4,Regreso_Poligono_Almacen_003,0,17.78,18.73,477.8294841702904,131,Poligono_Almacen_003,Zona_1
132,1,Inicio_Poligono_Almacen_003,0,0.0,25.0,25.0,132,Poligono_Almacen_003,Zona_1
132,2,1101209,124,17.78,18.73,415.73,132,Poligono_Almacen_003,Zona_1
132,3,1101210,14,0.9296233182472802,1.1155479818967362,458.84554798189674,132,Poligono_Almacen_003,Zona_1
132,4,Regreso_Poligono_Almacen_003,0,18.56,20.02,478.8655479818967,132,Poligono_Almacen_003,Zona_1
133,1,Inicio_Poligono_Almacen_003,0,0.0,25.0,25.0,133,Poligono_Almacen_003,Zona_1
133,2,1101210,138,18.56,20.02,459.02,133,Poligono_Almacen_003,Zona_1
133,3,Regreso_Poligono_Almacen_003,0,18.56,20.02,479.03999999999996,133,Poligono_Almacen_003,Zona_1
134,1,Inicio_Poligono_Almacen_003,0,0.0,25.0,25.0,134,Poligono_Almacen_003,Zona_1
134,2,1101210,130,18.56,20.02,435.02,134,Poligono_Almacen_003,Zona_1
134,3,1102801,7,7.611229195596312,9.133475034715575,465.15347503471554,134,Poligono_Almacen_003,Zona_1
134,4,Regreso_Poligono_Almacen_003,0,10.16,12.94,478.09347503471554,134,Poligono_Almacen_003,Zona_1
135,1,Inicio_Poligono_Almacen_003,0,0.0,25.0,25.0,135,Poligono_Almacen_003,Zona_1
135,2,1101301,27,106.15,83.69,189.69,135,Poligono_Almacen_003,Zona_1
135,3,1190301,22,10.505553345147613,12.606664014177134,268.29666401417717,135,Poligono_Almacen_003,Zona_1
135,4,1103305,38,7.010916878134188,8.413100253761026,390.7097642679382,135,Poligono_Almacen_003,Zona_1
135,5,Regreso_Poligono_Almacen_003,0,111.75,88.03,478.7397642679382,135,Poligono_Almacen_003,Zona_1
136,1,Inicio_Poligono_Almacen_003,0,0.0,25.0,25.0,136,Poligono_Almacen_003,Zona_1
136,2,1101501,136,19.95,22.54,455.54,136,Poligono_Almacen_003,Zona_1
136,3,Regreso_Poligono_Almacen_003,0,19.95,22.54,478.08000000000004,136,Poligono_Almacen_003,Zona_1
137,1,Inicio_Poligono_Almacen_003,0,0.0,25.0,25.0,137,Poligono_Almacen_003,Zona_1
137,2,1101501,14,19.95,22.54,89.53999999999999,137,Poligono_Almacen_003,Zona_1
137,3,1101504,122,0.46353467110718416,0.556241605328621,456.0962416053286,137,Poligono_Almacen_003,Zona_1
137,4,Regreso_Poligono_Almacen_003,0,18.88,21.76,477.8562416053286,137,Poligono_Almacen_003,Zona_1
138,1,Inicio_Poligono_Almacen_003,0,0.0,25.0,25.0,138,Poligono_Almacen_003,Zona_1
138,2,1101502,79,21.15,25.13,287.13,138,Poligono_Almacen_003,Zona_1
138,3,1101503,56,0.6220972667598266,0.7465167201117919,455.8765167201118,138,Poligono_Almacen_003,Zona_1
138,4,Regreso_Poligono_Almacen_003,0,20.38,23.36,479.2365167201118,138,Poligono_Almacen_003,Zona_1
139,1,Inicio_Poligono_Almacen_003,0,0.0,25.0,25.0,139,Poligono_Almacen_003,Zona_1
139,2,1101503,25,20.38,23.36,123.36,139,Poligono_Almacen_003,Zona_1
139,3,1101504,71,0.91754222192663,1.1010506663119561,337.46105066631196,139,Poligono_Almacen_003,Zona_1
139,4,1103106,38,6.506039762107262,7.807247714528714,459.2682983808407,139,Poligono_Almacen_003,Zona_1
139,5,Regreso_Poligono_Almacen_003,0,17.38,20.57,479.8382983808407,139,Poligono_Almacen_003,Zona_1
140,1,Inicio_Poligono_Almacen_003,0,0.0,25.0,25.0,140,Poligono_Almacen_003,Zona_1
140,2,1101505,126,32.36,37.04,440.04,140,Poligono_Almacen_003,Zona_1
140,3,1103106,1,12.641650546608538,15.169980655930246,458.2099806559303,140,Poligono_Almacen_003,Zona_1
140,4,Regreso_Poligono_Almacen_003,0,17.38,20.57,478.7799806559303,140,Poligono_Almacen_003,Zona_1
141,1,Inicio_Poligono_Almacen_003,0,0.0,25.0,25.0,141,Poligono_Almacen_003,Zona_1
141,2,1101505,126,32.36,37.04,440.04,141,Poligono_Almacen_003,Zona_1
141,3,1103106,1,12.641650546608538,15.169980655930246,458.2099806559303,141,Poligono_Almacen_003,Zona_1
141,4,Regreso_Poligono_Almacen_003,0,17.38,20.57,478.7799806559303,141,Poligono_Almacen_003,Zona_1
142,1,Inicio_Poligono_Almacen_003,0,0.0,25.0,25.0,142,Poligono_Almacen_003,Zona_1
142,2,1101505,46,32.36,37.04,200.04,142,Poligono_Almacen_003,Zona_1
142,3,1101402,67,10.35288619333759,12.423463432005107,413.46346343200514,142,Poligono_Almacen_003,Zona_1
142,4,1101401,9,0.6952204264661506,0.8342645117593807,441.2977279437645,142,Poligono_Almacen_003,Zona_1
142,5,Regreso_Poligono_Almacen_003,0,39.37,37.72,479.0177279437645,142,Poligono_Almacen_003,Zona_1
143,1,Inicio_Poligono_Almacen_003,0,0.0,25.0,25.0,143,Poligono_Almacen_003,Zona_1
143,2,1101601,15,50.0,42.68,112.68,143,Poligono_Almacen_003,Zona_1
143,3,1101602,63,0.3473981953231064,0.4168778343877277,302.0968778343877,143,Poligono_Almacen_003,Zona_1
143,4,1101603,43,3.2882336625315625,3.9458803950378747,435.0427582294256,143,Poligono_Almacen_003,Zona_1
143,5,Regreso_Poligono_Almacen_003,0,47.97,42.32,477.3627582294256,143,Poligono_Almacen_003,Zona_1
144,1,Inicio_Poligono_Almacen_003,0,0.0,25.0,25.0,144,Poligono_Almacen_003,Zona_1
144,2,1101603,21,47.97,42.32,130.32,144,Poligono_Almacen_003,Zona_1
144,3,1103202,67,6.377989587559311,7.653587505071174,338.9735875050712,144,Poligono_Almacen_003,Zona_1
144,4,1103204,30,0.4511481319864084,0.5413777583836901,429.5149652634549,144,Poligono_Almacen_003,Zona_1
144,5,1103203,3,0.23474569826945602,0.2816948379233472,438.7966601013782,144,Poligono_Almacen_003,Zona_1
144,6,1103201,1,1.1552448588849424,1.3862938306619308,443.18295393204016,144,Poligono_Almacen_003,Zona_1
144,7,Regreso_Poligono_Almacen_003,0,42.25,36.67,479.8529539320402,144,Poligono_Almacen_003,Zona_1
145,1,Inicio_Poligono_Almacen_003,0,0.0,25.0,25.0,145,Poligono_Almacen_003,Zona_1
145,2,1101401,83,39.37,37.72,311.72,145,Poligono_Almacen_003,Zona_1
145,3,1101403,43,0.43242093410846966,0.5189051209301636,441.2389051209302,145,Poligono_Almacen_003,Zona_1
145,4,Regreso_Poligono_Almacen_003,0,39.74,37.9,479.1389051209302,145,Poligono_Almacen_003,Zona_1
146,1,Inicio_Poligono_Almacen_003,0,0.0,25.0,25.0,146,Poligono_Almacen_003,Zona_1
146,2,1101403,9,39.74,37.9,89.9,146,Poligono_Almacen_003,Zona_1
146,3,1103903,41,5.153921855731098,6.184706226877317,219.08470622687733,146,Poligono_Almacen_003,Zona_1
146,4,1103901,3,6.7773341265912,8.13280095190944,236.21750717878678,146,Poligono_Almacen_003,Zona_1
146,5,1102804,65,24.84205312687371,29.810463752248452,461.0279709310352,146,Poligono_Almacen_003,Zona_1
146,6,Regreso_Poligono_Almacen_003,0,10.52,16.25,477.2779709310352,146,Poligono_Almacen_003,Zona_1
147,1,Inicio_Poligono_Almacen_003,0,0.0,25.0,25.0,147,Poligono_Almacen_003,Zona_1
147,2,1102001,40,24.1,23.7,168.7,147,Poligono_Almacen_003,Zona_1
147,3,1102002,94,0.8506383653790529,1.0207660384548636,451.7207660384548,147,Poligono_Almacen_003,Zona_1
147,4,1102003,1,1.7261968315182186,2.0714361978218623,456.7922022362767,147,Poligono_Almacen_003,Zona_1
147,5,Regreso_Poligono_Almacen_003,0,24.7,22.28,479.07220223627667,147,Poligono_Almacen_003,Zona_1
148,1,Inicio_Poligono_Almacen_003,0,0.0,25.0,25.0,148,Poligono_Almacen_003,Zona_1
148,2,1102002,134,26.58,25.66,452.66,148,Poligono_Almacen_003,Zona_1
148,3,1102007,1,1.8702512848954471,2.2443015418745365,457.9043015418746,148,Poligono_Almacen_003,Zona_1
148,4,Regreso_Poligono_Almacen_003,0,23.74,21.78,479.68430154187456,148,Poligono_Almacen_003,Zona_1
149,1,Inicio_Poligono_Almacen_003,0,0.0,25.0,25.0,149,Poligono_Almacen_003,Zona_1
149,2,1102002,24,26.58,25.66,122.66,149,Poligono_Almacen_003,Zona_1
149,3,1102004,109,0.976951716469757,1.1723420597637084,450.83234205976373,149,Poligono_Almacen_003,Zona_1
149,4,1102007,1,2.540942488490146,3.049130986188175,456.8814730459519,149,Poligono_Almacen_003,Zona_1
149,5,Regreso_Poligono_Almacen_003,0,23.74,21.78,478.6614730459519,149,Poligono_Almacen_003,Zona_1
150,1,Inicio_Poligono_Almacen_003,0,0.0,25.0,25.0,150,Poligono_Almacen_003,Zona_1
150,2,1102003,136,24.7,22.28,455.28,150,Poligono_Almacen_003,Zona_1
150,3,Regreso_Poligono_Almacen_003,0,24.7,22.28,477.55999999999995,150,Poligono_Almacen_003,Zona_1
151,1,Inicio_Poligono_Almacen_003,0,0.0,25.0,25.0,151,Poligono_Almacen_003,Zona_1
151,2,1102003,17,24.7,22.28,98.28,151,Poligono_Almacen_003,Zona_1
151,3,1102007,119,1.3201864001919763,1.5842236802303717,456.86422368023034,151,Poligono_Almacen_003,Zona_1
151,4,Regreso_Poligono_Almacen_003,0,23.74,21.78,478.6442236802303,151,Poligono_Almacen_003,Zona_1
152,1,Inicio_Poligono_Almacen_003,0,0.0,25.0,25.0,152,Poligono_Almacen_003,Zona_1
152,2,1102004,133,27.71,27.35,451.35,152,Poligono_Almacen_003,Zona_1
152,3,1102007,1,2.540942488490146,3.049130986188175,457.3991309861882,152,Poligono_Almacen_003,Zona_1
152,4,Regreso_Poligono_Almacen_003,0,23.74,21.78,479.17913098618817,152,Poligono_Almacen_003,Zona_1
153,1,Inicio_Poligono_Almacen_003,0,0.0,25.0,25.0,153,Poligono_Almacen_003,Zona_1
153,2,1102004,59,27.71,27.35,229.35,153,Poligono_Almacen_003,Zona_1
153,3,1102006,74,0.6561751417064892,0.787410170047787,452.1374101700478,153,Poligono_Almacen_003,Zona_1
153,4,1102007,1,2.179594999517054,2.6155139994204646,457.75292416946826,153,Poligono_Almacen_003,Zona_1
153,5,Regreso_Poligono_Almacen_003,0,23.74,21.78,479.5329241694683,153,Poligono_Almacen_003,Zona_1
154,1,Inicio_Poligono_Almacen_003,0,0.0,25.0,25.0,154,Poligono_Almacen_003,Zona_1
154,2,1102005,97,27.9,24.32,340.32,154,Poligono_Almacen_003,Zona_1
154,3,1102006,36,2.4214133709697556,2.905696045163707,451.2256960451637,154,Poligono_Almacen_003,Zona_1
154,4,1102007,1,2.179594999517054,2.6155139994204646,456.84121004458416,154,Poligono_Almacen_003,Zona_1
154,5,Regreso_Poligono_Almacen_003,0,23.74,21.78,478.62121004458413,154,Poligono_Almacen_003,Zona_1
155,1,Inicio_Poligono_Almacen_003,0,0.0,25.0,25.0,155,Poligono_Almacen_003,Zona_1
155,2,1102006,133,26.41,27.02,451.02,155,Poligono_Almacen_003,Zona_1
155,3,1102007,1,2.179594999517054,2.6155139994204646,456.6355139994204,155,Poligono_Almacen_003,Zona_1
155,4,Regreso_Poligono_Almacen_003,0,23.74,21.78,478.41551399942045,155,Poligono_Almacen_003,Zona_1
156,1,Inicio_Poligono_Almacen_003,0,0.0,25.0,25.0,156,Poligono_Almacen_003,Zona_1
156,2,1102006,133,26.41,27.02,451.02,156,Poligono_Almacen_003,Zona_1
156,3,1102007,1,2.179594999517054,2.6155139994204646,456.6355139994204,156,Poligono_Almacen_003,Zona_1
156,4,Regreso_Poligono_Almacen_003,0,23.74,21.78,478.41551399942045,156,Poligono_Almacen_003,Zona_1
157,1,Inicio_Poligono_Almacen_003,0,0.0,25.0,25.0,157,Poligono_Almacen_003,Zona_1
157,2,1102006,133,26.41,27.02,451.02,157,Poligono_Almacen_003,Zona_1
157,3,1102007,1,2.179594999517054,2.6155139994204646,456.6355139994204,157,Poligono_Almacen_003,Zona_1
157,4,Regreso_Poligono_Almacen_003,0,23.74,21.78,478.41551399942045,157,Poligono_Almacen_003,Zona_1
158,1,Inicio_Poligono_Almacen_003,0,0.0,25.0,25.0,158,Poligono_Almacen_003,Zona_1
158,2,1102006,124,26.41,27.02,424.02,158,Poligono_Almacen_003,Zona_1
158,3,1102007,10,2.179594999517054,2.6155139994204646,456.6355139994204,158,Poligono_Almacen_003,Zona_1
158,4,Regreso_Poligono_Almacen_003,0,23.74,21.78,478.41551399942045,158,Poligono_Almacen_003,Zona_1
159,1,Inicio_Poligono_Almacen_003,0,0.0,25.0,25.0,159,Poligono_Almacen_003,Zona_1
159,2,1102007,83,23.74,21.78,295.78,159,Poligono_Almacen_003,Zona_1
159,3,1102008,29,3.0309461161812545,3.6371353394175054,386.4171353394175,159,Poligono_Almacen_003,Zona_1
159,4,1102010,17,6.80720301196267,8.168643614355204,445.58577895377266,159,Poligono_Almacen_003,Zona_1
159,5,1102804,1,12.04995058072735,14.459940696872819,463.0457196506455,159,Poligono_Almacen_003,Zona_1
159,6,Regreso_Poligono_Almacen_003,0,10.52,16.25,479.2957196506455,159,Poligono_Almacen_003,Zona_1
160,1,Inicio_Poligono_Almacen_003,0,0.0,25.0,25.0,160,Poligono_Almacen_003,Zona_1
160,2,1102010,9,29.52,32.15,84.15,160,Poligono_Almacen_003,Zona_1
160,3,1102704,68,9.7748213091313,11.72978557095756,299.87978557095755,160,Poligono_Almacen_003,Zona_1
160,4,1102701,52,3.8735923466941427,4.648310816032971,460.5280963869905,160,Poligono_Almacen_003,Zona_1
160,5,Regreso_Poligono_Almacen_003,0,16.6,19.08,479.6080963869905,160,Poligono_Almacen_003,Zona_1
161,1,Inicio_Poligono_Almacen_003,0,0.0,25.0,25.0,161,Poligono_Almacen_003,Zona_1
161,2,1102201,74,100.97,77.0,324.0,161,Poligono_Almacen_003,Zona_1
161,3,1102203,26,0.25803882558579877,0.3096465907029585,402.309646590703,161,Poligono_Almacen_003,Zona_1
161,4,Regreso_Poligono_Almacen_003,0,100.63,76.24,478.549646590703,161,Poligono_Almacen_003,Zona_1
162,1,Inicio_Poligono_Almacen_003,0,0.0,25.0,25.0,162,Poligono_Almacen_003,Zona_1
162,2,1102202,97,101.44,77.39,393.39,162,Poligono_Almacen_003,Zona_1
162,3,1102203,3,0.7182915848766478,0.8619499018519774,403.25194990185196,162,Poligono_Almacen_003,Zona_1
162,4,Regreso_Poligono_Almacen_003,0,100.63,76.24,479.49194990185197,162,Poligono_Almacen_003,Zona_1
163,1,Inicio_Poligono_Almacen_003,0,0.0,25.0,25.0,163,Poligono_Almacen_003,Zona_1
163,2,1102203,100,100.63,76.24,401.24,163,Poligono_Almacen_003,Zona_1
163,3,1103303,1,2.4780622227277056,2.973674667273247,407.21367466727327,163,Poligono_Almacen_003,Zona_1
163,4,Regreso_Poligono_Almacen_003,0,97.98,72.61,479.8236746672733,163,Poligono_Almacen_003,Zona_1
164,1,Inicio_Poligono_Almacen_003,0,0.0,25.0,25.0,164,Poligono_Almacen_003,Zona_1
164,2,1102203,16,100.63,76.24,149.24,164,Poligono_Almacen_003,Zona_1
164,3,1102204,47,0.521780984726463,0.6261371816717556,290.8661371816718,164,Poligono_Almacen_003,Zona_1
164,4,1102205,37,0.7934731233831842,0.952167748059821,402.8183049297316,164,Poligono_Almacen_003,Zona_1
164,5,Regreso_Poligono_Almacen_003,0,99.47,74.55,477.3683049297316,164,Poligono_Almacen_003,Zona_1
165,1,Inicio_Poligono_Almacen_003,0,0.0,25.0,25.0,165,Poligono_Almacen_003,Zona_1
165,2,1102205,8,99.47,74.55,123.55,165,Poligono_Almacen_003,Zona_1
165,3,1103303,28,1.3467016446337867,1.6160419735605442,209.16604197356054,165,Poligono_Almacen_003,Zona_1
165,4,1102206,42,3.260582412734647,3.9126988952815767,339.07874086884215,165,Poligono_Almacen_003,Zona_1
165,5,1102207,19,1.3451438806764346,1.6141726568117214,397.69291352565386,165,Poligono_Almacen_003,Zona_1
165,6,Regreso_Poligono_Almacen_003,0,102.42,79.86,477.5529135256539,165,Poligono_Almacen_003,Zona_1
166,1,Inicio_Poligono_Almacen_003,0,0.0,25.0,25.0,166,Poligono_Almacen_003,Zona_1
166,2,1102207,75,102.42,79.86,329.86,166,Poligono_Almacen_003,Zona_1
166,3,1103305,15,12.50882361699927,15.010588340399124,389.87058834039914,166,Poligono_Almacen_003,Zona_1
166,4,Regreso_Poligono_Almacen_003,0,111.75,88.03,477.90058834039917,166,Poligono_Almacen_003,Zona_1
167,1,Inicio_Poligono_Almacen_003,0,0.0,25.0,25.0,167,Poligono_Almacen_003,Zona_1
167,2,1102701,138,16.6,19.08,458.08,167,Poligono_Almacen_003,Zona_1
167,3,Regreso_Poligono_Almacen_003,0,16.6,19.08,477.15999999999997,167,Poligono_Almacen_003,Zona_1
168,1,Inicio_Poligono_Almacen_003,0,0.0,25.0,25.0,168,Poligono_Almacen_003,Zona_1
168,2,1102701,138,16.6,19.08,458.08,168,Poligono_Almacen_003,Zona_1
168,3,Regreso_Poligono_Almacen_003,0,16.6,19.08,477.15999999999997,168,Poligono_Almacen_003,Zona_1
169,1,Inicio_Poligono_Almacen_003,0,0.0,25.0,25.0,169,Poligono_Almacen_003,Zona_1
169,2,1102701,12,16.6,19.08,80.08,169,Poligono_Almacen_003,Zona_1
169,3,1102703,125,1.1131423559226925,1.335770827107231,456.4157708271072,169,Poligono_Almacen_003,Zona_1
169,4,Regreso_Poligono_Almacen_003,0,17.93,21.36,477.77577082710724,169,Poligono_Almacen_003,Zona_1
170,1,Inicio_Poligono_Almacen_003,0,0.0,25.0,25.0,170,Poligono_Almacen_003,Zona_1
170,2,1102702,135,24.08,24.19,454.19,170,Poligono_Almacen_003,Zona_1
170,3,Regreso_Poligono_Almacen_003,0,24.08,24.19,478.38,170,Poligono_Almacen_003,Zona_1
171,1,Inicio_Poligono_Almacen_003,0,0.0,25.0,25.0,171,Poligono_Almacen_003,Zona_1
171,2,1102702,94,24.08,24.19,331.19,171,Poligono_Almacen_003,Zona_1
171,3,1102703,41,3.538716268079371,4.246459521695246,458.43645952169527,171,Poligono_Almacen_003,Zona_1
171,4,Regreso_Poligono_Almacen_003,0,17.93,21.36,479.7964595216953,171,Poligono_Almacen_003,Zona_1
172,1,Inicio_Poligono_Almacen_003,0,0.0,25.0,25.0,172,Poligono_Almacen_003,Zona_1
172,2,1102703,60,17.93,21.36,226.36,172,Poligono_Almacen_003,Zona_1
172,3,1102801,76,9.401324143795506,11.281588972554607,465.6415889725546,172,Poligono_Almacen_003,Zona_1
172,4,Regreso_Poligono_Almacen_003,0,10.16,12.94,478.5815889725546,172,Poligono_Almacen_003,Zona_1
173,1,Inicio_Poligono_Almacen_003,0,0.0,25.0,25.0,173,Poligono_Almacen_003,Zona_1
173,2,1102801,1,10.16,12.94,40.94,173,Poligono_Almacen_003,Zona_1
173,3,1102802,24,0.5335778954241297,0.6402934745089557,113.58029347450895,173,Poligono_Almacen_003,Zona_1
173,4,1102803,114,0.4212157304749225,0.5054588765699071,456.08575235107884,173,Poligono_Almacen_003,Zona_1
173,5,Regreso_Poligono_Almacen_003,0,7.51,11.74,467.82575235107885,173,Poligono_Almacen_003,Zona_1
174,1,Inicio_Poligono_Almacen_003,0,0.0,25.0,25.0,174,Poligono_Almacen_003,Zona_1
174,2,1102804,94,10.52,16.25,323.25,174,Poligono_Almacen_003,Zona_1
174,3,1103101,43,8.092202281384436,9.710642737661324,461.9606427376613,174,Poligono_Almacen_003,Zona_1
174,4,Regreso_Poligono_Almacen_003,0,15.26,17.57,479.5306427376613,174,Poligono_Almacen_003,Zona_1
175,1,Inicio_Poligono_Almacen_003,0,0.0,25.0,25.0,175,Poligono_Almacen_003,Zona_1
175,2,1103001,94,40.97,40.05,347.05,175,Poligono_Almacen_003,Zona_1
175,3,1103003,31,0.4367860962301748,0.5241433154762097,440.57414331547625,175,Poligono_Almacen_003,Zona_1
175,4,Regreso_Poligono_Almacen_003,0,40.71,39.02,479.59414331547623,175,Poligono_Almacen_003,Zona_1
176,1,Inicio_Poligono_Almacen_003,0,0.0,25.0,25.0,176,Poligono_Almacen_003,Zona_1
176,2,1103002,56,40.35,38.23,231.23,176,Poligono_Almacen_003,Zona_1
176,3,1103003,69,0.4201778180583257,0.5042133816699909,438.73421338167,176,Poligono_Almacen_003,Zona_1
176,4,Regreso_Poligono_Almacen_003,0,40.71,39.02,477.75421338166996,176,Poligono_Almacen_003,Zona_1
177,1,Inicio_Poligono_Almacen_003,0,0.0,25.0,25.0,177,Poligono_Almacen_003,Zona_1
177,2,1103003,37,40.71,39.02,175.02,177,Poligono_Almacen_003,Zona_1
177,3,1103201,82,17.038056665613166,20.4456679987358,441.46566799873585,177,Poligono_Almacen_003,Zona_1
177,4,Regreso_Poligono_Almacen_003,0,42.25,36.67,478.13566799873587,177,Poligono_Almacen_003,Zona_1
178,1,Inicio_Poligono_Almacen_003,0,0.0,25.0,25.0,178,Poligono_Almacen_003,Zona_1
178,2,1103101,139,15.26,17.57,459.57,178,Poligono_Almacen_003,Zona_1
178,3,Regreso_Poligono_Almacen_003,0,15.26,17.57,477.14,178,Poligono_Almacen_003,Zona_1
179,1,Inicio_Poligono_Almacen_003,0,0.0,25.0,25.0,179,Poligono_Almacen_003,Zona_1
179,2,1103101,16,15.26,17.57,90.57,179,Poligono_Almacen_003,Zona_1
179,3,1103102,9,1.019671597503058,1.2236059170036695,118.79360591700366,179,Poligono_Almacen_003,Zona_1
179,4,1103104,73,0.5514243424846832,0.6617092109816198,338.4553151279853,179,Poligono_Almacen_003,Zona_1
179,5,1103106,40,0.5647412713096115,0.6776895255715338,459.1330046535568,179,Poligono_Almacen_003,Zona_1
179,6,Regreso_Poligono_Almacen_003,0,17.38,20.57,479.7030046535568,179,Poligono_Almacen_003,Zona_1
180,1,Inicio_Poligono_Almacen_003,0,0.0,25.0,25.0,180,Poligono_Almacen_003,Zona_1
180,2,1103103,73,16.21,18.55,262.55,180,Poligono_Almacen_003,Zona_1
180,3,1103105,65,1.025034821654176,1.2300417859850112,458.780041785985,180,Poligono_Almacen_003,Zona_1
180,4,Regreso_Poligono_Almacen_003,0,17.29,20.32,479.100041785985,180,Poligono_Almacen_003,Zona_1
181,1,Inicio_Poligono_Almacen_003,0,0.0,25.0,25.0,181,Poligono_Almacen_003,Zona_1
181,2,1103105,40,17.29,20.32,165.32,181,Poligono_Almacen_003,Zona_1
181,3,1103106,97,0.321945666207136,0.3863347994485632,456.70633479944854,181,Poligono_Almacen_003,Zona_1
181,4,Regreso_Poligono_Almacen_003,0,17.38,20.57,477.27633479944853,181,Poligono_Almacen_003,Zona_1
182,1,Inicio_Poligono_Almacen_003,0,0.0,25.0,25.0,182,Poligono_Almacen_003,Zona_1
182,2,1103106,137,17.38,20.57,456.57,182,Poligono_Almacen_003,Zona_1
182,3,Regreso_Poligono_Almacen_003,0,17.38,20.57,477.14,182,Poligono_Almacen_003,Zona_1
183,1,Inicio_Poligono_Almacen_003,0,0.0,25.0,25.0,183,Poligono_Almacen_003,Zona_1
183,2,1103106,110,17.38,20.57,375.57,183,Poligono_Almacen_003,Zona_1
183,3,1103201,7,36.96603018131717,44.35923621758061,440.92923621758064,183,Poligono_Almacen_003,Zona_1
183,4,Regreso_Poligono_Almacen_003,0,42.25,36.67,477.59923621758065,183,Poligono_Almacen_003,Zona_1
184,1,Inicio_Poligono_Almacen_003,0,0.0,25.0,25.0,184,Poligono_Almacen_003,Zona_1
184,2,1103305,58,111.75,88.03,287.03,184,Poligono_Almacen_003,Zona_1
184,3,1103502,20,34.64442827768444,41.57331393322133,388.60331393322133,184,Poligono_Almacen_003,Zona_1
184,4,1103501,2,6.688065894531649,8.025679073437978,402.6289930066593,184,Poligono_Almacen_003,Zona_1
184,5,Regreso_Poligono_Almacen_003,0,100.33,76.51,479.1389930066593,184,Poligono_Almacen_003,Zona_1
185,1,Inicio_Poligono_Almacen_003,0,0.0,25.0,25.0,185,Poligono_Almacen_003,Zona_1
185,2,1103201,103,42.25,36.67,370.67,185,Poligono_Almacen_003,Zona_1
185,3,1103205,22,1.135294381120285,1.3623532573443418,438.03235325734437,185,Poligono_Almacen_003,Zona_1
185,4,Regreso_Poligono_Almacen_003,0,44.4,41.06,479.09235325734437,185,Poligono_Almacen_003,Zona_1
186,1,Inicio_Poligono_Almacen_003,0,0.0,25.0,25.0,186,Poligono_Almacen_003,Zona_1
186,2,1103203,63,44.07,39.91,253.91,186,Poligono_Almacen_003,Zona_1
186,3,1103205,61,0.5182668197312027,0.6219201836774432,437.53192018367747,186,Poligono_Almacen_003,Zona_1
186,4,Regreso_Poligono_Almacen_003,0,44.4,41.06,478.5919201836775,186,Poligono_Almacen_003,Zona_1
187,1,Inicio_Poligono_Almacen_003,0,0.0,25.0,25.0,187,Poligono_Almacen_003,Zona_1
187,2,1103205,73,44.4,41.06,285.06,187,Poligono_Almacen_003,Zona_1
187,3,Regreso_Poligono_Almacen_003,0,44.4,41.06,326.12,187,Poligono_Almacen_003,Zona_1
188,1,Inicio_Poligono_Almacen_003,0,0.0,25.0,25.0,188,Poligono_Almacen_003,Zona_1
188,2,1103501,100,100.33,76.51,401.51,188,Poligono_Almacen_003,Zona_1
188,3,Regreso_Poligono_Almacen_003,0,100.33,76.51,478.02,188,Poligono_Almacen_003,Zona_1
189,1,Inicio_Poligono_Almacen_003,0,0.0,25.0,25.0,189,Poligono_Almacen_003,Zona_1
189,2,1103501,33,100.33,76.51,200.51,189,Poligono_Almacen_003,Zona_1
189,3,1103502,19,6.688065894531649,8.025679073437978,265.53567907343796,189,Poligono_Almacen_003,Zona_1
189,4,Regreso_Poligono_Almacen_003,0,102.79,89.27,354.80567907343794,189,Poligono_Almacen_003,Zona_1
190,1,Inicio_Poligono_Industrial_043,0,0.0,25.0,25.0,190,Poligono_Industrial_043,Zona_2
190,2,4100401,36,24.99,21.87,154.87,190,Poligono_Industrial_043,Zona_2
190,3,4100404,101,1.1293534762675241,1.355224171521029,459.225224171521,190,Poligono_Industrial_043,Zona_2
190,4,Regreso_Poligono_Industrial_043,0,24.05,20.05,479.275224171521,190,Poligono_Industrial_043,Zona_2
191,1,Inicio_Poligono_Industrial_043,0,0.0,25.0,25.0,191,Poligono_Industrial_043,Zona_2
191,2,4100402,81,23.87,20.7,288.7,191,Poligono_Industrial_043,Zona_2
191,3,4100403,56,1.1880842428291578,1.4257010913949895,458.12570109139494,191,Poligono_Industrial_043,Zona_2
191,4,Regreso_Poligono_Industrial_043,0,23.94,20.07,478.19570109139494,191,Poligono_Industrial_043,Zona_2
192,1,Inicio_Poligono_Industrial_043,0,0.0,25.0,25.0,192,Poligono_Industrial_043,Zona_2
192,2,4100403,67,23.94,20.07,246.07,192,Poligono_Industrial_043,Zona_2
192,3,4100404,71,0.33603231556676616,0.40323877868011937,459.47323877868007,192,Poligono_Industrial_043,Zona_2
192,4,Regreso_Poligono_Industrial_043,0,24.05,20.05,479.5232387786801,192,Poligono_Industrial_043,Zona_2
193,1,Inicio_Poligono_Industrial_043,0,0.0,25.0,25.0,193,Poligono_Industrial_043,Zona_2
193,2,4100404,138,24.05,20.05,459.05,193,Poligono_Industrial_043,Zona_2
193,3,Regreso_Poligono_Industrial_043,0,24.05,20.05,479.1,193,Poligono_Industrial_043,Zona_2
194,1,Inicio_Poligono_Industrial_043,0,0.0,25.0,25.0,194,Poligono_Industrial_043,Zona_2
194,2,4100404,138,24.05,20.05,459.05,194,Poligono_Industrial_043,Zona_2
194,3,Regreso_Poligono_Industrial_043,0,24.05,20.05,479.1,194,Poligono_Industrial_043,Zona_2
195,1,Inicio_Poligono_Industrial_043,0,0.0,25.0,25.0,195,Poligono_Industrial_043,Zona_2
195,2,4100404,23,24.05,20.05,114.05,195,Poligono_Industrial_043,Zona_2
195,3,4109109,110,7.88440500464376,9.461286005572513,453.5112860055725,195,Poligono_Industrial_043,Zona_2
195,4,4103805,1,4.66274324083017,5.595291888996204,462.1065778945687,195,Poligono_Industrial_043,Zona_2
195,5,Regreso_Poligono_Industrial_043,0,24.55,17.45,479.5565778945687,195,Poligono_Industrial_043,Zona_2
196,1,Inicio_Poligono_Industrial_043,0,0.0,25.0,25.0,196,Poligono_Industrial_043,Zona_2
196,2,4100601,12,69.55,61.6,122.6,196,Poligono_Industrial_043,Zona_2
196,3,4100602,14,0.4949406715552544,0.5939288058663053,165.1939288058663,196,Poligono_Industrial_043,Zona_2
196,4,4109201,40,5.2172464708436195,6.260695765012343,291.45462457087865,196,Poligono_Industrial_043,Zona_2
196,5,4109202,39,2.5754145885149997,3.0904975062179996,411.54512207709666,196,Poligono_Industrial_043,Zona_2
196,6,4102404,4,16.6980694580943,20.03768334971316,443.58280542680984,196,Poligono_Industrial_043,Zona_2
196,7,Regreso_Poligono_Industrial_043,0,51.75,36.17,479.75280542680986,196,Poligono_Industrial_043,Zona_2
197,1,Inicio_Poligono_Industrial_043,0,0.0,25.0,25.0,197,Poligono_Industrial_043,Zona_2
197,2,4100801,11,74.9,79.67,137.67000000000002,197,Poligono_Industrial_043,Zona_2
197,3,4110001,8,6.54236762289871,7.850841147478452,169.52084114747848,197,Poligono_Industrial_043,Zona_2
197,4,4109001,32,8.036545797885177,9.643854957462212,275.1646961049407,197,Poligono_Industrial_043,Zona_2
197,5,4107601,17,16.114335894306183,19.33720307316742,345.5018991781081,197,Poligono_Industrial_043,Zona_2
197,6,1102402,11,5.689207379516431,6.827048855419717,385.3289480335278,197,Poligono_Industrial_043,Zona_2
197,7,1102401,5,2.8803426435685164,3.4564111722822197,403.78535920581004,197,Poligono_Industrial_043,Zona_2
197,8,1100501,2,12.539313040763984,15.04717564891678,424.8325348547268,197,Poligono_Industrial_043,Zona_2
197,9,1102901,1,13.020939753710367,15.62512770445244,443.45766255917925,197,Poligono_Industrial_043,Zona_2
197,10,Regreso_Poligono_Industrial_043,0,41.09,36.21,479.66766255917923,197,Poligono_Industrial_043,Zona_2
198,1,Inicio_Poligono_Industrial_043,0,0.0,25.0,25.0,198,Poligono_Industrial_043,Zona_2
198,2,4101101,48,28.98,27.96,196.96,198,Poligono_Industrial_043,Zona_2
198,3,4101102,31,0.7938918491955961,0.9526702190347152,290.91267021903474,198,Poligono_Industrial_043,Zona_2
198,4,4101103,43,1.0444831096115128,1.2533797315338153,421.16604995056855,198,Poligono_Industrial_043,Zona_2
198,5,4107101,5,5.335647747113468,6.402777296536161,442.5688272471047,198,Poligono_Industrial_043,Zona_2
198,6,4107102,1,0.9827155691470626,1.179258682976475,446.7480859300812,198,Poligono_Industrial_043,Zona_2
198,7,Regreso_Poligono_Industrial_043,0,35.4,32.75,479.4980859300812,198,Poligono_Industrial_043,Zona_2
199,1,Inicio_Poligono_Industrial_043,0,0.0,25.0,25.0,199,Poligono_Industrial_043,Zona_2
199,2,4101104,42,25.39,46.71,197.71,199,Poligono_Industrial_043,Zona_2
199,3,4106301,30,11.646339208701358,13.97560705044163,301.6856070504416,199,Poligono_Industrial_043,Zona_2
199,4,4109502,55,5.786269601788252,6.943523522145902,473.62913057258754,199,Poligono_Industrial_043,Zona_2
199,5,Regreso_Poligono_Industrial_043,0,3.15,5.0,478.62913057258754,199,Poligono_Industrial_043,Zona_2
200,1,Inicio_Poligono_Industrial_043,0,0.0,25.0,25.0,200,Poligono_Industrial_043,Zona_2
200,2,4101801,109,54.94,48.87,400.87,200,Poligono_Industrial_043,Zona_2
200,3,4110101,6,4.397723921443457,5.277268705732149,424.14726870573213,200,Poligono_Industrial_043,Zona_2
200,4,4103805,1,27.861071681393593,33.433286017672316,460.5805547234045,200,Poligono_Industrial_043,Zona_2
200,5,Regreso_Poligono_Industrial_043,0,24.55,17.45,478.03055472340446,200,Poligono_Industrial_043,Zona_2
201,1,Inicio_Poligono_Industrial_043,0,0.0,25.0,25.0,201,Poligono_Industrial_043,Zona_2
201,2,4102001,38,34.28,29.36,168.36,201,Poligono_Industrial_043,Zona_2
201,3,4102002,90,1.3658731590597437,1.6390477908716925,439.9990477908717,201,Poligono_Industrial_043,Zona_2
201,4,4106903,1,19.127617857495473,22.953141428994567,465.9521892198663,201,Poligono_Industrial_043,Zona_2
201,5,Regreso_Poligono_Industrial_043,0,12.23,14.02,479.97218921986627,201,Poligono_Industrial_043,Zona_2
202,1,Inicio_Poligono_Industrial_043,0,0.0,25.0,25.0,202,Poligono_Industrial_043,Zona_2
202,2,4102201,16,86.28,61.85,134.85,202,Poligono_Industrial_043,Zona_2
202,3,4102202,23,0.6668633837567716,0.8002360605081259,204.65023606050812,202,Poligono_Industrial_043,Zona_2
202,4,4104202,17,13.236683279793667,15.884019935752402,271.5342559962605,202,Poligono_Industrial_043,Zona_2
202,5,4104201,9,0.3887551967281916,0.4665062360738299,299.00076223233435,202,Poligono_Industrial_043,Zona_2
202,6,4104203,34,1.7912365414528288,2.149483849743395,403.15024608207773,202,Poligono_Industrial_043,Zona_2
202,7,4106001,3,13.393645430078019,16.07237451609362,428.2226205981714,202,Poligono_Industrial_043,Zona_2
202,8,4106003,2,1.1539653490196593,1.3847584188235913,435.60737901699497,202,Poligono_Industrial_043,Zona_2
202,9,Regreso_Poligono_Industrial_043,0,45.63,42.79,478.397379016995,202,Poligono_Industrial_043,Zona_2
203,1,Inicio_Poligono_Industrial_043,0,0.0,25.0,25.0,203,Poligono_Industrial_043,Zona_2
203,2,4102301,44,63.23,60.67,217.67000000000002,203,Poligono_Industrial_043,Zona_2
203,3,4102302,42,2.0317151563213676,2.438058187585641,346.1080581875857,203,Poligono_Industrial_043,Zona_2
203,4,4110101,24,6.101787218071474,7.322144661685768,425.4302028492715,203,Poligono_Industrial_043,Zona_2
203,5,4103805,1,27.861071681393593,33.433286017672316,461.86348886694384,203,Poligono_Industrial_043,Zona_2
203,6,Regreso_Poligono_Industrial_043,0,24.55,17.45,479.3134888669438,203,Poligono_Industrial_043,Zona_2
204,1,Inicio_Poligono_Industrial_043,0,0.0,25.0,25.0,204,Poligono_Industrial_043,Zona_2
204,2,4102401,15,52.6,37.57,107.57,204,Poligono_Industrial_043,Zona_2
204,3,4102403,10,0.2655150382772477,0.31861804593269727,137.8886180459327,204,Poligono_Industrial_043,Zona_2
204,4,4102404,80,0.4423132194147504,0.5307758632977004,378.4193939092304,204,Poligono_Industrial_043,Zona_2
204,5,4102402,9,0.9316896565638176,1.1180275878765813,406.53742149710695,204,Poligono_Industrial_043,Zona_2
204,6,4102405,12,1.465593487369658,1.7587121848435898,444.29613368195055,204,Poligono_Industrial_043,Zona_2
204,7,Regreso_Poligono_Industrial_043,0,51.42,35.46,479.75613368195053,204,Poligono_Industrial_043,Zona_2
205,1,Inicio_Poligono_Industrial_043,0,0.0,25.0,25.0,205,Poligono_Industrial_043,Zona_2
205,2,4102405,57,51.42,35.46,231.46,205,Poligono_Industrial_043,Zona_2
205,3,4110202,14,10.255319783997445,12.306383740796933,285.7663837407969,205,Poligono_Industrial_043,Zona_2
205,4,4110203,52,0.629570741123284,0.7554848893479409,442.52186863014487,205,Poligono_Industrial_043,Zona_2
205,5,4105801,1,3.4169045094605046,4.100285411352606,449.6221540414975,205,Poligono_Industrial_043,Zona_2
205,6,Regreso_Poligono_Industrial_043,0,33.15,29.99,479.6121540414975,205,Poligono_Industrial_043,Zona_2
206,1,Inicio_Poligono_Industrial_043,0,0.0,25.0,25.0,206,Poligono_Industrial_043,Zona_2
206,2,4102406,73,69.46,57.76,301.76,206,Poligono_Industrial_043,Zona_2
206,3,4105501,34,10.066419097040018,12.079702916448023,415.839702916448,206,Poligono_Industrial_043,Zona_2
206,4,Regreso_Poligono_Industrial_043,0,76.13,62.84,478.67970291644804,206,Poligono_Industrial_043,Zona_2
207,1,Inicio_Poligono_Industrial_043,0,0.0,25.0,25.0,207,Poligono_Industrial_043,Zona_2
207,2,4103303,7,106.5,105.75,151.75,207,Poligono_Industrial_043,Zona_2
207,3,4107301,17,14.934458811924648,17.921350574309578,220.67135057430957,207,Poligono_Industrial_043,Zona_2
207,4,4109901,14,15.392747376420566,18.47129685170468,281.14264742601426,207,Poligono_Industrial_043,Zona_2
207,5,4109903,14,0.7139528878650904,0.8567434654381084,323.9993908914524,207,Poligono_Industrial_043,Zona_2
207,6,4109902,12,1.0516787327361783,1.262014479283414,361.2614053707358,207,Poligono_Industrial_043,Zona_2
207,7,4110101,15,15.241989239834854,18.290387087801825,424.55179245853765,207,Poligono_Industrial_043,Zona_2
207,8,4103805,1,27.861071681393593,33.433286017672316,460.98507847621,207,Poligono_Industrial_043,Zona_2
207,9,Regreso_Poligono_Industrial_043,0,24.55,17.45,478.43507847621,207,Poligono_Industrial_043,Zona_2
208,1,Inicio_Poligono_Industrial_043,0,0.0,25.0,25.0,208,Poligono_Industrial_043,Zona_2
208,2,4103501,10,50.75,61.6,116.6,208,Poligono_Industrial_043,Zona_2
208,3,1102403,9,7.326696315555154,8.792035578666184,152.3920355786662,208,Poligono_Industrial_043,Zona_2
208,4,1102404,41,9.68653808094486,11.623845697133833,287.01588127580004,208,Poligono_Industrial_043,Zona_2
208,5,1103601,7,4.506631913460207,5.407958296152248,313.42383957195227,208,Poligono_Industrial_043,Zona_2
208,6,1103401,22,4.595650561128021,5.514780673353626,384.9386202453059,208,Poligono_Industrial_043,Zona_2
208,7,1101801,6,11.323602738831834,13.5883232865982,416.5269435319041,208,Poligono_Industrial_043,Zona_2
208,8,1100501,1,6.702829992031913,8.043395990438295,427.5703395223424,208,Poligono_Industrial_043,Zona_2
208,9,Regreso_Poligono_Industrial_043,0,59.29,52.21,479.7803395223424,208,Poligono_Industrial_043,Zona_2
209,1,Inicio_Poligono_Industrial_043,0,0.0,25.0,25.0,209,Poligono_Industrial_043,Zona_2
209,2,4103601,17,19.7,17.67,93.67,209,Poligono_Industrial_043,Zona_2
209,3,4103602,21,0.41329187813953605,0.4959502537674433,157.16595025376745,209,Poligono_Industrial_043,Zona_2
209,4,4106403,14,11.377425822272581,13.652910986727097,212.81886124049453,209,Poligono_Industrial_043,Zona_2
209,5,4106402,28,1.4431269450661608,1.731752334079393,298.5506135745739,209,Poligono_Industrial_043,Zona_2
209,6,4106401,14,1.6370856799774907,1.9645028159729887,342.5151163905469,209,Poligono_Industrial_043,Zona_2
209,7,1102901,30,8.118181366804135,9.741817640164962,442.2569340307119,209,Poligono_Industrial_043,Zona_2
209,8,Regreso_Poligono_Industrial_043,0,41.09,36.21,478.46693403071185,209,Poligono_Industrial_043,Zona_2
210,1,Inicio_Poligono_Industrial_043,0,0.0,25.0,25.0,210,Poligono_Industrial_043,Zona_2
210,2,4103801,94,22.48,17.65,324.65,210,Poligono_Industrial_043,Zona_2
210,3,4103802,45,0.5584081712034763,0.6700898054441715,460.3200898054441,210,Poligono_Industrial_043,Zona_2
210,4,Regreso_Poligono_Industrial_043,0,23.01,19.46,479.7800898054441,210,Poligono_Industrial_043,Zona_2
211,1,Inicio_Poligono_Industrial_043,0,0.0,25.0,25.0,211,Poligono_Industrial_043,Zona_2
211,2,4103802,112,23.01,19.46,380.46,211,Poligono_Industrial_043,Zona_2
211,3,4103804,26,0.4918847406485284,0.590261688778234,459.0502616887782,211,Poligono_Industrial_043,Zona_2
211,4,Regreso_Poligono_Industrial_043,0,23.4,18.91,477.96026168877825,211,Poligono_Industrial_043,Zona_2
212,1,Inicio_Poligono_Industrial_043,0,0.0,25.0,25.0,212,Poligono_Industrial_043,Zona_2
212,2,4103803,138,24.54,20.25,459.25,212,Poligono_Industrial_043,Zona_2
212,3,Regreso_Poligono_Industrial_043,0,24.54,20.25,479.5,212,Poligono_Industrial_043,Zona_2
213,1,Inicio_Poligono_Industrial_043,0,0.0,25.0,25.0,213,Poligono_Industrial_043,Zona_2
213,2,4103803,64,24.54,20.25,237.25,213,Poligono_Industrial_043,Zona_2
213,3,4103804,73,2.0791920817823533,2.495030498138824,458.7450304981388,213,Poligono_Industrial_043,Zona_2
213,4,Regreso_Poligono_Industrial_043,0,23.4,18.91,477.65503049813884,213,Poligono_Industrial_043,Zona_2
214,1,Inicio_Poligono_Industrial_043,0,0.0,25.0,25.0,214,Poligono_Industrial_043,Zona_2
214,2,4103804,139,23.4,18.91,460.91,214,Poligono_Industrial_043,Zona_2
214,3,Regreso_Poligono_Industrial_043,0,23.4,18.91,479.82000000000005,214,Poligono_Industrial_043,Zona_2
215,1,Inicio_Poligono_Industrial_043,0,0.0,25.0,25.0,215,Poligono_Industrial_043,Zona_2
215,2,4103804,139,23.4,18.91,460.91,215,Poligono_Industrial_043,Zona_2
215,3,Regreso_Poligono_Industrial_043,0,23.4,18.91,479.82000000000005,215,Poligono_Industrial_043,Zona_2
216,1,Inicio_Poligono_Industrial_043,0,0.0,25.0,25.0,216,Poligono_Industrial_043,Zona_2
216,2,4103804,26,23.4,18.91,121.91,216,Poligono_Industrial_043,Zona_2
216,3,4109110,109,5.621376656352818,6.745651987623382,455.6556519876234,216,Poligono_Industrial_043,Zona_2
216,4,Regreso_Poligono_Industrial_043,0,29.62,24.05,479.7056519876234,216,Poligono_Industrial_043,Zona_2
217,1,Inicio_Poligono_Industrial_043,0,0.0,25.0,25.0,217,Poligono_Industrial_043,Zona_2
217,2,4103805,140,24.55,17.45,462.45,217,Poligono_Industrial_043,Zona_2
217,3,Regreso_Poligono_Industrial_043,0,24.55,17.45,479.9,217,Poligono_Industrial_043,Zona_2
218,1,Inicio_Poligono_Industrial_043,0,0.0,25.0,25.0,218,Poligono_Industrial_043,Zona_2
218,2,4103805,140,24.55,17.45,462.45,218,Poligono_Industrial_043,Zona_2
218,3,Regreso_Poligono_Industrial_043,0,24.55,17.45,479.9,218,Poligono_Industrial_043,Zona_2
219,1,Inicio_Poligono_Industrial_043,0,0.0,25.0,25.0,219,Poligono_Industrial_043,Zona_2
219,2,4103805,140,24.55,17.45,462.45,219,Poligono_Industrial_043,Zona_2
219,3,Regreso_Poligono_Industrial_043,0,24.55,17.45,479.9,219,Poligono_Industrial_043,Zona_2
220,1,Inicio_Poligono_Industrial_043,0,0.0,25.0,25.0,220,Poligono_Industrial_043,Zona_2
220,2,4103805,140,24.55,17.45,462.45,220,Poligono_Industrial_043,Zona_2
220,3,Regreso_Poligono_Industrial_043,0,24.55,17.45,479.9,220,Poligono_Industrial_043,Zona_2
221,1,Inicio_Poligono_Industrial_043,0,0.0,25.0,25.0,221,Poligono_Industrial_043,Zona_2
221,2,4103805,8,24.55,17.45,66.45,221,Poligono_Industrial_043,Zona_2
221,3,4109110,128,3.70410657159114,4.444927885909368,454.89492788590934,221,Poligono_Industrial_043,Zona_2
221,4,Regreso_Poligono_Industrial_043,0,29.62,24.05,478.94492788590935,221,Poligono_Industrial_043,Zona_2
222,1,Inicio_Poligono_Industrial_043,0,0.0,25.0,25.0,222,Poligono_Industrial_043,Zona_2
222,2,4105303,48,46.24,42.72,211.72,222,Poligono_Industrial_043,Zona_2
222,3,1101701,32,23.895969853000377,28.67516382360045,336.39516382360046,222,Poligono_Industrial_043,Zona_2
222,4,1101002,26,8.61419065175184,10.337028782102209,424.73219260570266,222,Poligono_Industrial_043,Zona_2
222,5,Regreso_Poligono_Industrial_043,0,61.19,54.14,478.87219260570265,222,Poligono_Industrial_043,Zona_2
223,1,Inicio_Poligono_Industrial_043,0,0.0,25.0,25.0,223,Poligono_Industrial_043,Zona_2
223,2,4105501,9,76.13,62.84,114.84,223,Poligono_Industrial_043,Zona_2
223,3,4105502,75,0.8104236936538046,0.9725084323845655,340.81250843238456,223,Poligono_Industrial_043,Zona_2
223,4,4105503,25,0.47001603322821117,0.5640192398738534,416.3765276722584,223,Poligono_Industrial_043,Zona_2
223,5,Regreso_Poligono_Industrial_043,0,76.9,63.28,479.65652767225845,223,Poligono_Industrial_043,Zona_2
224,1,Inicio_Poligono_Industrial_043,0,0.0,25.0,25.0,224,Poligono_Industrial_043,Zona_2
224,2,4105503,4,76.9,63.28,100.28,224,Poligono_Industrial_043,Zona_2
224,3,4110101,16,30.721484874488436,36.865781849386124,185.14578184938614,224,Poligono_Industrial_043,Zona_2
224,4,4108102,79,14.012749004361893,16.81529880523427,438.96108065462045,224,Poligono_Industrial_043,Zona_2
224,5,4109108,1,10.145426535229985,12.174511842275983,454.13559249689644,224,Poligono_Industrial_043,Zona_2
224,6,Regreso_Poligono_Industrial_043,0,30.69,25.2,479.3355924968964,224,Poligono_Industrial_043,Zona_2
225,1,Inicio_Poligono_Industrial_043,0,0.0,25.0,25.0,225,Poligono_Industrial_043,Zona_2
225,2,4105801,38,33.15,29.99,168.99,225,Poligono_Industrial_043,Zona_2
225,3,4105802,83,0.5293057993543984,0.635166959225278,418.6251669592253,225,Poligono_Industrial_043,Zona_2
225,4,4105803,9,0.8605317690992355,1.0326381229190826,446.65780508214436,225,Poligono_Industrial_043,Zona_2
225,5,Regreso_Poligono_Industrial_043,0,33.72,31.14,477.79780508214435,225,Poligono_Industrial_043,Zona_2
226,1,Inicio_Poligono_Industrial_043,0,0.0,25.0,25.0,226,Poligono_Industrial_043,Zona_2
226,2,4105803,102,33.72,31.14,362.14,226,Poligono_Industrial_043,Zona_2
226,3,4110201,26,2.386866972958118,2.8642403675497414,443.00424036754976,226,Poligono_Industrial_043,Zona_2
226,4,4109504,1,22.294023702999915,26.7528284435999,472.7570688111497,226,Poligono_Industrial_043,Zona_2
226,5,Regreso_Poligono_Industrial_043,0,3.51,5.15,477.90706881114966,226,Poligono_Industrial_043,Zona_2
227,1,Inicio_Poligono_Industrial_043,0,0.0,25.0,25.0,227,Poligono_Industrial_043,Zona_2
227,2,4106001,50,46.93,50.25,225.25,227,Poligono_Industrial_043,Zona_2
227,3,4106003,70,1.1539653490196593,1.3847584188235913,436.6347584188236,227,Poligono_Industrial_043,Zona_2
227,4,Regreso_Poligono_Industrial_043,0,45.63,42.79,479.4247584188236,227,Poligono_Industrial_043,Zona_2
228,1,Inicio_Poligono_Industrial_043,0,0.0,25.0,25.0,228,Poligono_Industrial_043,Zona_2
228,2,4106002,31,45.49,42.55,160.55,228,Poligono_Industrial_043,Zona_2
228,3,4106003,12,0.3694667368073255,0.4433600841687906,196.99336008416878,228,Poligono_Industrial_043,Zona_2
228,4,4107103,16,7.920800687092365,9.504960824510839,254.49832090867963,228,Poligono_Industrial_043,Zona_2
228,5,4107101,11,0.26209374391487994,0.3145124926978559,287.8128334013775,228,Poligono_Industrial_043,Zona_2
228,6,4107102,23,0.9827155691470626,1.179258682976475,357.99209208435394,228,Poligono_Industrial_043,Zona_2
228,7,4107702,19,16.97097168915609,20.36516602698731,435.35725811134125,228,Poligono_Industrial_043,Zona_2
228,8,Regreso_Poligono_Industrial_043,0,51.66,42.73,478.08725811134127,228,Poligono_Industrial_043,Zona_2
229,1,Inicio_Poligono_Industrial_043,0,0.0,25.0,25.0,229,Poligono_Industrial_043,Zona_2
229,2,4106501,61,35.55,35.46,243.46,229,Poligono_Industrial_043,Zona_2
229,3,4106502,66,0.44115669624159365,0.5293880354899124,441.9893880354899,229,Poligono_Industrial_043,Zona_2
229,4,Regreso_Poligono_Industrial_043,0,34.9,35.06,477.0493880354899,229,Poligono_Industrial_043,Zona_2
230,1,Inicio_Poligono_Industrial_043,0,0.0,25.0,25.0,230,Poligono_Industrial_043,Zona_2
230,2,4106502,8,34.9,35.06,84.06,230,Poligono_Industrial_043,Zona_2
230,3,4106504,33,0.4330735905112258,0.5196883086134709,183.57968830861347,230,Poligono_Industrial_043,Zona_2
230,4,4106503,51,0.5837726919867823,0.7005272303841388,337.2802155389976,230,Poligono_Industrial_043,Zona_2
230,5,4106505,11,2.333721820156279,2.8004661841875347,373.08068172318514,230,Poligono_Industrial_043,Zona_2
230,6,4107703,14,15.419921197072108,18.50390543648653,433.5845871596717,230,Poligono_Industrial_043,Zona_2
230,7,Regreso_Poligono_Industrial_043,0,52.66,44.94,478.5245871596717,230,Poligono_Industrial_043,Zona_2
231,1,Inicio_Poligono_Industrial_043,0,0.0,25.0,25.0,231,Poligono_Industrial_043,Zona_2
231,2,4106901,61,12.86,14.85,222.85,231,Poligono_Industrial_043,Zona_2
231,3,4106902,57,0.37340801122668216,0.4480896134720186,394.29808961347203,231,Poligono_Industrial_043,Zona_2
231,4,4106903,22,0.6158659336797219,0.7390391204156663,461.0371287338877,231,Poligono_Industrial_043,Zona_2
231,5,Regreso_Poligono_Industrial_043,0,12.23,14.02,475.0571287338877,231,Poligono_Industrial_043,Zona_2
232,1,Inicio_Poligono_Industrial_043,0,0.0,25.0,25.0,232,Poligono_Industrial_043,Zona_2
232,2,4106903,76,12.23,14.02,267.02,232,Poligono_Industrial_043,Zona_2
232,3,4106904,64,0.7424809398654604,0.8909771278385524,459.9109771278385,232,Poligono_Industrial_043,Zona_2
232,4,Regreso_Poligono_Industrial_043,0,12.56,15.01,474.9209771278385,232,Poligono_Industrial_043,Zona_2
233,1,Inicio_Poligono_Industrial_043,0,0.0,25.0,25.0,233,Poligono_Industrial_043,Zona_2
233,2,4106904,30,12.56,15.01,130.01,233,Poligono_Industrial_043,Zona_2
233,3,4109505,110,10.879895256088105,13.055874307305727,473.0658743073057,233,Poligono_Industrial_043,Zona_2
233,4,Regreso_Poligono_Industrial_043,0,3.74,5.0,478.0658743073057,233,Poligono_Industrial_043,Zona_2
234,1,Inicio_Poligono_Industrial_043,0,0.0,25.0,25.0,234,Poligono_Industrial_043,Zona_2
234,2,4190401,16,16.55,25.88,98.88,234,Poligono_Industrial_043,Zona_2
234,3,4109505,54,12.856326352182716,15.427591622619257,276.30759162261927,234,Poligono_Industrial_043,Zona_2
234,4,4109503,65,1.8431750615529225,2.211810073863507,473.51940169648276,234,Poligono_Industrial_043,Zona_2
234,5,Regreso_Poligono_Industrial_043,0,3.38,5.59,479.10940169648273,234,Poligono_Industrial_043,Zona_2
235,1,Inicio_Poligono_Industrial_043,0,0.0,25.0,25.0,235,Poligono_Industrial_043,Zona_2
235,2,4107701,22,53.64,45.73,136.73,235,Poligono_Industrial_043,Zona_2
235,3,4107703,10,0.47765789423934396,0.5731894730872127,167.3031894730872,235,Poligono_Industrial_043,Zona_2
235,4,4107702,25,0.6013168690230578,0.7215802428276693,243.02476971591489,235,Poligono_Industrial_043,Zona_2
235,5,1100201,33,37.854632439928295,45.425558927913954,387.4503286438288,235,Poligono_Industrial_043,Zona_2
235,6,1101801,3,16.768318012517025,20.12198161502043,416.57231025884926,235,Poligono_Industrial_043,Zona_2
235,7,1100501,1,6.702829992031913,8.043395990438295,427.61570624928754,235,Poligono_Industrial_043,Zona_2
235,8,Regreso_Poligono_Industrial_043,0,59.29,52.21,479.8257062492875,235,Poligono_Industrial_043,Zona_2
236,1,Inicio_Poligono_Industrial_043,0,0.0,25.0,25.0,236,Poligono_Industrial_043,Zona_2
236,2,4108102,125,44.0,39.44,439.44,236,Poligono_Industrial_043,Zona_2
236,3,4109108,1,10.145426535229985,12.174511842275983,454.614511842276,236,Poligono_Industrial_043,Zona_2
236,4,Regreso_Poligono_Industrial_043,0,30.69,25.2,479.814511842276,236,Poligono_Industrial_043,Zona_2
237,1,Inicio_Poligono_Industrial_043,0,0.0,25.0,25.0,237,Poligono_Industrial_043,Zona_2
237,2,4108102,69,44.0,39.44,271.44,237,Poligono_Industrial_043,Zona_2
237,3,4109107,56,8.384094433225755,10.060913319870906,449.5009133198709,237,Poligono_Industrial_043,Zona_2
237,4,4109108,1,1.7682486195992269,2.121898343519072,454.62281166339,237,Poligono_Industrial_043,Zona_2
237,5,Regreso_Poligono_Industrial_043,0,30.69,25.2,479.82281166339,237,Poligono_Industrial_043,Zona_2
238,1,Inicio_Poligono_Industrial_043,0,0.0,25.0,25.0,238,Poligono_Industrial_043,Zona_2
238,2,4109103,133,31.53,27.07,451.07,238,Poligono_Industrial_043,Zona_2
238,3,Regreso_Poligono_Industrial_043,0,31.53,27.07,478.14,238,Poligono_Industrial_043,Zona_2
239,1,Inicio_Poligono_Industrial_043,0,0.0,25.0,25.0,239,Poligono_Industrial_043,Zona_2
239,2,4109103,133,31.53,27.07,451.07,239,Poligono_Industrial_043,Zona_2
239,3,Regreso_Poligono_Industrial_043,0,31.53,27.07,478.14,239,Poligono_Industrial_043,Zona_2
240,1,Inicio_Poligono_Industrial_043,0,0.0,25.0,25.0,240,Poligono_Industrial_043,Zona_2
240,2,4109103,133,31.53,27.07,451.07,240,Poligono_Industrial_043,Zona_2
240,3,Regreso_Poligono_Industrial_043,0,31.53,27.07,478.14,240,Poligono_Industrial_043,Zona_2
241,1,Inicio_Poligono_Industrial_043,0,0.0,25.0,25.0,241,Poligono_Industrial_043,Zona_2
241,2,4109103,133,31.53,27.07,451.07,241,Poligono_Industrial_043,Zona_2
241,3,Regreso_Poligono_Industrial_043,0,31.53,27.07,478.14,241,Poligono_Industrial_043,Zona_2
242,1,Inicio_Poligono_Industrial_043,0,0.0,25.0,25.0,242,Poligono_Industrial_043,Zona_2
242,2,4109103,133,31.53,27.07,451.07,242,Poligono_Industrial_043,Zona_2
242,3,Regreso_Poligono_Industrial_043,0,31.53,27.07,478.14,242,Poligono_Industrial_043,Zona_2
243,1,Inicio_Poligono_Industrial_043,0,0.0,25.0,25.0,243,Poligono_Industrial_043,Zona_2
243,2,4109103,45,31.53,27.07,187.07,243,Poligono_Industrial_043,Zona_2
243,3,4109108,88,1.3475662256011771,1.6170794707214127,452.6870794707214,243,Poligono_Industrial_043,Zona_2
243,4,Regreso_Poligono_Industrial_043,0,30.69,25.2,477.8870794707214,243,Poligono_Industrial_043,Zona_2
244,1,Inicio_Poligono_Industrial_043,0,0.0,25.0,25.0,244,Poligono_Industrial_043,Zona_2
244,2,4109104,134,30.29,25.67,452.67,244,Poligono_Industrial_043,Zona_2
244,3,Regreso_Poligono_Industrial_043,0,30.29,25.67,478.34000000000003,244,Poligono_Industrial_043,Zona_2
245,1,Inicio_Poligono_Industrial_043,0,0.0,25.0,25.0,245,Poligono_Industrial_043,Zona_2
245,2,4109104,134,30.29,25.67,452.67,245,Poligono_Industrial_043,Zona_2
245,3,Regreso_Poligono_Industrial_043,0,30.29,25.67,478.34000000000003,245,Poligono_Industrial_043,Zona_2
246,1,Inicio_Poligono_Industrial_043,0,0.0,25.0,25.0,246,Poligono_Industrial_043,Zona_2
246,2,4109104,134,30.29,25.67,452.67,246,Poligono_Industrial_043,Zona_2
246,3,Regreso_Poligono_Industrial_043,0,30.29,25.67,478.34000000000003,246,Poligono_Industrial_043,Zona_2
247,1,Inicio_Poligono_Industrial_043,0,0.0,25.0,25.0,247,Poligono_Industrial_043,Zona_2
247,2,4109104,134,30.29,25.67,452.67,247,Poligono_Industrial_043,Zona_2
247,3,Regreso_Poligono_Industrial_043,0,30.29,25.67,478.34000000000003,247,Poligono_Industrial_043,Zona_2
248,1,Inicio_Poligono_Industrial_043,0,0.0,25.0,25.0,248,Poligono_Industrial_043,Zona_2
248,2,4109104,128,30.29,25.67,434.67,248,Poligono_Industrial_043,Zona_2
248,3,4109108,6,1.0582661784996543,1.2699194141995853,453.9399194141996,248,Poligono_Industrial_043,Zona_2
248,4,Regreso_Poligono_Industrial_043,0,30.69,25.2,479.1399194141996,248,Poligono_Industrial_043,Zona_2
249,1,Inicio_Poligono_Industrial_043,0,0.0,25.0,25.0,249,Poligono_Industrial_043,Zona_2
249,2,4109105,135,29.72,24.25,454.25,249,Poligono_Industrial_043,Zona_2
249,3,Regreso_Poligono_Industrial_043,0,29.72,24.25,478.5,249,Poligono_Industrial_043,Zona_2
250,1,Inicio_Poligono_Industrial_043,0,0.0,25.0,25.0,250,Poligono_Industrial_043,Zona_2
250,2,4109105,135,29.72,24.25,454.25,250,Poligono_Industrial_043,Zona_2
250,3,Regreso_Poligono_Industrial_043,0,29.72,24.25,478.5,250,Poligono_Industrial_043,Zona_2
251,1,Inicio_Poligono_Industrial_043,0,0.0,25.0,25.0,251,Poligono_Industrial_043,Zona_2
251,2,4109105,135,29.72,24.25,454.25,251,Poligono_Industrial_043,Zona_2
251,3,Regreso_Poligono_Industrial_043,0,29.72,24.25,478.5,251,Poligono_Industrial_043,Zona_2
252,1,Inicio_Poligono_Industrial_043,0,0.0,25.0,25.0,252,Poligono_Industrial_043,Zona_2
252,2,4109105,135,29.72,24.25,454.25,252,Poligono_Industrial_043,Zona_2
252,3,Regreso_Poligono_Industrial_043,0,29.72,24.25,478.5,252,Poligono_Industrial_043,Zona_2
253,1,Inicio_Poligono_Industrial_043,0,0.0,25.0,25.0,253,Poligono_Industrial_043,Zona_2
253,2,4109105,109,29.72,24.25,376.25,253,Poligono_Industrial_043,Zona_2
253,3,4109108,25,1.6045294162420527,1.925435299490463,453.17543529949046,253,Poligono_Industrial_043,Zona_2
253,4,Regreso_Poligono_Industrial_043,0,30.69,25.2,478.37543529949045,253,Poligono_Industrial_043,Zona_2
254,1,Inicio_Poligono_Industrial_043,0,0.0,25.0,25.0,254,Poligono_Industrial_043,Zona_2
254,2,4109107,132,33.03,28.81,449.81,254,Poligono_Industrial_043,Zona_2
254,3,Regreso_Poligono_Industrial_043,0,33.03,28.81,478.62,254,Poligono_Industrial_043,Zona_2
255,1,Inicio_Poligono_Industrial_043,0,0.0,25.0,25.0,255,Poligono_Industrial_043,Zona_2
255,2,4109107,132,33.03,28.81,449.81,255,Poligono_Industrial_043,Zona_2
255,3,Regreso_Poligono_Industrial_043,0,33.03,28.81,478.62,255,Poligono_Industrial_043,Zona_2
256,1,Inicio_Poligono_Industrial_043,0,0.0,25.0,25.0,256,Poligono_Industrial_043,Zona_2
256,2,4109107,132,33.03,28.81,449.81,256,Poligono_Industrial_043,Zona_2
256,3,Regreso_Poligono_Industrial_043,0,33.03,28.81,478.62,256,Poligono_Industrial_043,Zona_2
257,1,Inicio_Poligono_Industrial_043,0,0.0,25.0,25.0,257,Poligono_Industrial_043,Zona_2
257,2,4109107,132,33.03,28.81,449.81,257,Poligono_Industrial_043,Zona_2
257,3,Regreso_Poligono_Industrial_043,0,33.03,28.81,478.62,257,Poligono_Industrial_043,Zona_2
258,1,Inicio_Poligono_Industrial_043,0,0.0,25.0,25.0,258,Poligono_Industrial_043,Zona_2
258,2,4109107,37,33.03,28.81,164.81,258,Poligono_Industrial_043,Zona_2
258,3,4109108,95,1.7682486195992269,2.121898343519072,451.9318983435191,258,Poligono_Industrial_043,Zona_2
258,4,Regreso_Poligono_Industrial_043,0,30.69,25.2,477.1318983435191,258,Poligono_Industrial_043,Zona_2
259,1,Inicio_Poligono_Industrial_043,0,0.0,25.0,25.0,259,Poligono_Industrial_043,Zona_2
259,2,4109108,134,30.69,25.2,452.2,259,Poligono_Industrial_043,Zona_2
259,3,Regreso_Poligono_Industrial_043,0,30.69,25.2,477.4,259,Poligono_Industrial_043,Zona_2
260,1,Inicio_Poligono_Industrial_043,0,0.0,25.0,25.0,260,Poligono_Industrial_043,Zona_2
260,2,4109108,134,30.69,25.2,452.2,260,Poligono_Industrial_043,Zona_2
260,3,Regreso_Poligono_Industrial_043,0,30.69,25.2,477.4,260,Poligono_Industrial_043,Zona_2
261,1,Inicio_Poligono_Industrial_043,0,0.0,25.0,25.0,261,Poligono_Industrial_043,Zona_2
261,2,4109108,120,30.69,25.2,410.2,261,Poligono_Industrial_043,Zona_2
261,3,4109109,12,5.2707318336277575,6.324878200353309,452.5248782003533,261,Poligono_Industrial_043,Zona_2
261,4,Regreso_Poligono_Industrial_043,0,31.42,25.79,478.31487820035335,261,Poligono_Industrial_043,Zona_2
262,1,Inicio_Poligono_Industrial_043,0,0.0,25.0,25.0,262,Poligono_Industrial_043,Zona_2
262,2,4109109,134,31.42,25.79,452.79,262,Poligono_Industrial_043,Zona_2
262,3,Regreso_Poligono_Industrial_043,0,31.42,25.79,478.58000000000004,262,Poligono_Industrial_043,Zona_2
263,1,Inicio_Poligono_Industrial_043,0,0.0,25.0,25.0,263,Poligono_Industrial_043,Zona_2
263,2,4109109,134,31.42,25.79,452.79,263,Poligono_Industrial_043,Zona_2
263,3,Regreso_Poligono_Industrial_043,0,31.42,25.79,478.58000000000004,263,Poligono_Industrial_043,Zona_2
264,1,Inicio_Poligono_Industrial_043,0,0.0,25.0,25.0,264,Poligono_Industrial_043,Zona_2
264,2,4109109,134,31.42,25.79,452.79,264,Poligono_Industrial_043,Zona_2
264,3,Regreso_Poligono_Industrial_043,0,31.42,25.79,478.58000000000004,264,Poligono_Industrial_043,Zona_2
265,1,Inicio_Poligono_Industrial_043,0,0.0,25.0,25.0,265,Poligono_Industrial_043,Zona_2
265,2,4109109,134,31.42,25.79,452.79,265,Poligono_Industrial_043,Zona_2
265,3,Regreso_Poligono_Industrial_043,0,31.42,25.79,478.58000000000004,265,Poligono_Industrial_043,Zona_2
266,1,Inicio_Poligono_Industrial_043,0,0.0,25.0,25.0,266,Poligono_Industrial_043,Zona_2
266,2,4109109,134,31.42,25.79,452.79,266,Poligono_Industrial_043,Zona_2
266,3,Regreso_Poligono_Industrial_043,0,31.42,25.79,478.58000000000004,266,Poligono_Industrial_043,Zona_2
267,1,Inicio_Poligono_Industrial_043,0,0.0,25.0,25.0,267,Poligono_Industrial_043,Zona_2
267,2,4109109,134,31.42,25.79,452.79,267,Poligono_Industrial_043,Zona_2
267,3,Regreso_Poligono_Industrial_043,0,31.42,25.79,478.58000000000004,267,Poligono_Industrial_043,Zona_2
268,1,Inicio_Poligono_Industrial_043,0,0.0,25.0,25.0,268,Poligono_Industrial_043,Zona_2
268,2,4109109,134,31.42,25.79,452.79,268,Poligono_Industrial_043,Zona_2
268,3,Regreso_Poligono_Industrial_043,0,31.42,25.79,478.58000000000004,268,Poligono_Industrial_043,Zona_2
269,1,Inicio_Poligono_Industrial_043,0,0.0,25.0,25.0,269,Poligono_Industrial_043,Zona_2
269,2,4109109,4,31.42,25.79,62.79,269,Poligono_Industrial_043,Zona_2
269,3,4109110,127,8.218946135060545,9.862735362072655,453.6527353620727,269,Poligono_Industrial_043,Zona_2
269,4,Regreso_Poligono_Industrial_043,0,29.62,24.05,477.7027353620727,269,Poligono_Industrial_043,Zona_2
270,1,Inicio_Poligono_Industrial_043,0,0.0,25.0,25.0,270,Poligono_Industrial_043,Zona_2
270,2,4109110,135,29.62,24.05,454.05,270,Poligono_Industrial_043,Zona_2
270,3,Regreso_Poligono_Industrial_043,0,29.62,24.05,478.1,270,Poligono_Industrial_043,Zona_2
271,1,Inicio_Poligono_Industrial_043,0,0.0,25.0,25.0,271,Poligono_Industrial_043,Zona_2
271,2,4109110,26,29.62,24.05,127.05,271,Poligono_Industrial_043,Zona_2
271,3,4109504,35,22.400886607949815,26.881063929539778,258.9310639295398,271,Poligono_Industrial_043,Zona_2
271,4,4109501,71,0.8158057676868546,0.9789669212242257,472.910030850764,271,Poligono_Industrial_043,Zona_2
271,5,Regreso_Poligono_Industrial_043,0,3.21,5.0,477.910030850764,271,Poligono_Industrial_043,Zona_2
272,1,Inicio_Poligono_Industrial_043,0,0.0,25.0,25.0,272,Poligono_Industrial_043,Zona_2
272,2,4109501,28,3.21,5.0,114.0,272,Poligono_Industrial_043,Zona_2
272,3,4109503,13,0.42459342210359685,0.5095121065243162,153.5095121065243,272,Poligono_Industrial_043,Zona_2
272,4,4109502,13,0.37932203388703206,0.4551864406644385,192.96469854718876,272,Poligono_Industrial_043,Zona_2
272,5,4110201,37,23.436462822068155,28.123755386481786,332.0884539336705,272,Poligono_Industrial_043,Zona_2
272,6,4110203,37,0.7281008240554687,0.8737209888665625,443.9621749225371,272,Poligono_Industrial_043,Zona_2
272,7,Regreso_Poligono_Industrial_043,0,38.62,34.66,478.62217492253706,272,Poligono_Industrial_043,Zona_2
273,1,Inicio_Poligono_Industrial_043,0,0.0,25.0,25.0,273,Poligono_Industrial_043,Zona_2
273,2,4110203,2,38.62,34.66,65.66,273,Poligono_Industrial_043,Zona_2
273,3,1102901,24,54.788901559676134,65.74668187161136,203.40668187161137,273,Poligono_Industrial_043,Zona_2
273,4,1100502,8,10.455383127088506,12.546459752506207,239.95314162411756,273,Poligono_Industrial_043,Zona_2
273,5,1100501,30,2.657786762330796,3.1893441147969552,333.1424857389145,273,Poligono_Industrial_043,Zona_2
273,6,1104201,12,6.190393282235401,7.428471938682481,376.570957677597,273,Poligono_Industrial_043,Zona_2
273,7,1101801,6,9.066523063207248,10.879827675848697,405.45078535344567,273,Poligono_Industrial_043,Zona_2
273,8,Regreso_Poligono_Industrial_043,0,70.64,62.88,468.33078535344566,273,Poligono_Industrial_043,Zona_2
274,1,Inicio_Poligono_Industrial_043,0,0.0,25.0,25.0,274,Poligono_Industrial_043,Zona_2
274,2,1100201,5,99.57,90.61,130.61,274,Poligono_Industrial_043,Zona_2
274,3,1101901,17,23.896247263674773,28.67549671640973,210.28549671640974,274,Poligono_Industrial_043,Zona_2
274,4,1101101,22,12.451205747275191,14.941446896730229,291.22694361313995,274,Poligono_Industrial_043,Zona_2
274,5,1102602,25,5.248436635967617,6.2981239631611405,372.5250675763011,274,Poligono_Industrial_043,Zona_2
274,6,1102601,15,0.4544652271254811,0.5453582725505773,418.0704258488517,274,Poligono_Industrial_043,Zona_2
274,7,Regreso_Poligono_Industrial_043,0,61.56,59.51,477.5804258488517,274,Poligono_Industrial_043,Zona_2
275,1,Inicio_Poligono_Industrial_043,0,0.0,25.0,25.0,275,Poligono_Industrial_043,Zona_2
275,2,1101001,21,60.39,53.64,141.64,275,Poligono_Industrial_043,Zona_2
275,3,1101002,4,0.3648568247467833,0.43782818969613996,154.07782818969613,275,Poligono_Industrial_043,Zona_2
275,4,1101003,7,6.746707992754078,8.096049591304894,183.17387778100104,275,Poligono_Industrial_043,Zona_2
275,5,1104102,71,4.532786096201125,5.43934331544135,401.61322109644243,275,Poligono_Industrial_043,Zona_2
275,6,1104101,9,0.576816492465542,0.6921797909586505,429.3054008874011,275,Poligono_Industrial_043,Zona_2
275,7,Regreso_Poligono_Industrial_043,0,52.13,49.25,478.5554008874011,275,Poligono_Industrial_043,Zona_2
276,1,Inicio_Poligono_Industrial_043,0,0.0,25.0,25.0,276,Poligono_Industrial_043,Zona_2
276,2,1102601,5,61.56,59.51,99.50999999999999,276,Poligono_Industrial_043,Zona_2
276,3,1104101,23,11.73138857198672,14.077666286384064,182.58766628638404,276,Poligono_Industrial_043,Zona_2
276,4,Regreso_Poligono_Industrial_043,0,52.13,49.25,231.83766628638404,276,Poligono_Industrial_043,Zona_2
277,1,Inicio_Poligono_Nave_industrial_062,0,0.0,25.0,25.0,277,Poligono_Nave_industrial_062,Zona_3
277,2,1400101,32,61.68,49.94,170.94,277,Poligono_Nave_industrial_062,Zona_3
277,3,1405001,15,7.059308086572126,8.47116970388655,224.41116970388654,277,Poligono_Nave_industrial_062,Zona_3
277,4,1405002,11,3.4887755153949525,4.1865306184739435,261.5977003223605,277,Poligono_Nave_industrial_062,Zona_3
277,5,1401802,29,5.378410434597099,6.454092521516519,355.051792843877,277,Poligono_Nave_industrial_062,Zona_3
277,6,1401801,11,0.5936594953920697,0.7123913944704837,388.7641842383475,277,Poligono_Nave_industrial_062,Zona_3
277,7,1406701,15,4.659235140307653,5.5910821683691845,439.35526640671674,277,Poligono_Nave_industrial_062,Zona_3
277,8,Regreso_Poligono_Nave_industrial_062,0,52.28,39.55,478.90526640671675,277,Poligono_Nave_industrial_062,Zona_3
278,1,Inicio_Poligono_Nave_industrial_062,0,0.0,25.0,25.0,278,Poligono_Nave_industrial_062,Zona_3
278,2,1400201,24,20.56,18.02,115.02,278,Poligono_Nave_industrial_062,Zona_3
278,3,1400202,31,1.3195125411866042,1.583415049423925,209.60341504942392,278,Poligono_Nave_industrial_062,Zona_3
278,4,1404203,68,6.549007269800079,7.858808723760095,421.462223773184,278,Poligono_Nave_industrial_062,Zona_3
278,5,1404201,14,0.26003163723614847,0.31203796468337813,463.7742617378674,278,Poligono_Nave_industrial_062,Zona_3
278,6,Regreso_Poligono_Nave_industrial_062,0,14.2,13.68,477.4542617378674,278,Poligono_Nave_industrial_062,Zona_3
279,1,Inicio_Poligono_Nave_industrial_062,0,0.0,25.0,25.0,279,Poligono_Nave_industrial_062,Zona_3
279,2,1400203,51,32.56,27.79,205.79,279,Poligono_Nave_industrial_062,Zona_3
279,3,1405605,55,6.90491355036072,8.285896260432864,379.07589626043284,279,Poligono_Nave_industrial_062,Zona_3
279,4,1405604,20,4.6804435328936655,5.616532239472399,444.69242849990525,279,Poligono_Nave_industrial_062,Zona_3
279,5,Regreso_Poligono_Nave_industrial_062,0,41.07,35.12,479.81242849990525,279,Poligono_Nave_industrial_062,Zona_3
280,1,Inicio_Poligono_Nave_industrial_062,0,0.0,25.0,25.0,280,Poligono_Nave_industrial_062,Zona_3
280,2,1400301,13,96.26,107.2,171.2,280,Poligono_Nave_industrial_062,Zona_3
280,3,1400601,15,6.837552013721063,8.205062416465275,224.40506241646526,280,Poligono_Nave_industrial_062,Zona_3
280,4,1405402,54,5.790069790649425,6.94808374877931,393.35314616524454,280,Poligono_Nave_industrial_062,Zona_3
280,5,Regreso_Poligono_Nave_industrial_062,0,103.93,86.08,479.4331461652445,280,Poligono_Nave_industrial_062,Zona_3
281,1,Inicio_Poligono_Nave_industrial_062,0,0.0,25.0,25.0,281,Poligono_Nave_industrial_062,Zona_3
281,2,1400401,12,83.16,68.84,129.84,281,Poligono_Nave_industrial_062,Zona_3
281,3,1400402,6,2.071520509113101,2.485824610935721,150.32582461093574,281,Poligono_Nave_industrial_062,Zona_3
281,4,1403101,5,10.74784178942998,12.897410147315977,178.22323475825172,281,Poligono_Nave_industrial_062,Zona_3
281,5,1405504,13,5.228779735338653,6.274535682406384,223.4977704406581,281,Poligono_Nave_industrial_062,Zona_3
281,6,1405501,34,7.011382061866342,8.413658474239611,333.91142891489767,281,Poligono_Nave_industrial_062,Zona_3
281,7,1405502,27,1.1231613662945554,1.3477936395534664,416.2592225544511,281,Poligono_Nave_industrial_062,Zona_3
281,8,1401501,1,9.201903582184327,11.042284298621192,430.30150685307234,281,Poligono_Nave_industrial_062,Zona_3
281,9,Regreso_Poligono_Nave_industrial_062,0,61.48,47.75,478.05150685307234,281,Poligono_Nave_industrial_062,Zona_3
282,1,Inicio_Poligono_Nave_industrial_062,0,0.0,25.0,25.0,282,Poligono_Nave_industrial_062,Zona_3
282,2,1400501,65,49.49,47.52,267.52,282,Poligono_Nave_industrial_062,Zona_3
282,3,1403301,14,7.580702989000205,9.096843586800246,318.6168435868002,282,Poligono_Nave_industrial_062,Zona_3
282,4,1401703,14,6.498841588865975,7.79860990663917,368.4154534934394,282,Poligono_Nave_industrial_062,Zona_3
282,5,1401701,27,3.4384203685203287,4.126104442224394,453.5415579356638,282,Poligono_Nave_industrial_062,Zona_3
282,6,Regreso_Poligono_Nave_industrial_062,0,32.02,25.45,478.99155793566376,282,Poligono_Nave_industrial_062,Zona_3
283,1,Inicio_Poligono_Nave_industrial_062,0,0.0,25.0,25.0,283,Poligono_Nave_industrial_062,Zona_3
283,2,1400701,31,45.7,39.85,157.85,283,Poligono_Nave_industrial_062,Zona_3
283,3,1400704,12,0.36810129798651614,0.44172155758381937,194.2917215575838,283,Poligono_Nave_industrial_062,Zona_3
283,4,1400702,11,0.39607927748825084,0.475295132985901,227.7670166905697,283,Poligono_Nave_industrial_062,Zona_3
283,5,1400703,70,0.8202281597757168,0.9842737917308603,438.75129048230053,283,Poligono_Nave_industrial_062,Zona_3
283,6,Regreso_Poligono_Nave_industrial_062,0,45.74,39.64,478.3912904823005,283,Poligono_Nave_industrial_062,Zona_3
284,1,Inicio_Poligono_Nave_industrial_062,0,0.0,25.0,25.0,284,Poligono_Nave_industrial_062,Zona_3
284,2,1400703,16,45.74,39.64,112.64,284,Poligono_Nave_industrial_062,Zona_3
284,3,1402202,11,7.888626848462873,9.466352218155446,155.10635221815545,284,Poligono_Nave_industrial_062,Zona_3
284,4,1402201,25,0.8457655974832515,1.0149187169799019,231.12127093513536,284,Poligono_Nave_industrial_062,Zona_3
284,5,1407501,5,4.357731010843217,5.229277213011861,251.35054814814723,284,Poligono_Nave_industrial_062,Zona_3
284,6,1401501,17,7.270589716959875,8.72470766035185,311.0752558084991,284,Poligono_Nave_industrial_062,Zona_3
284,7,1405502,31,9.201903582184327,11.042284298621192,415.1175401071203,284,Poligono_Nave_industrial_062,Zona_3
284,8,Regreso_Poligono_Nave_industrial_062,0,72.98,61.95,477.0675401071203,284,Poligono_Nave_industrial_062,Zona_3
285,1,Inicio_Poligono_Nave_industrial_062,0,0.0,25.0,25.0,285,Poligono_Nave_industrial_062,Zona_3
285,2,1400705,8,55.64,49.96,98.96000000000001,285,Poligono_Nave_industrial_062,Zona_3
285,3,1406301,7,11.096525449974335,13.315830539969202,133.2758305399692,285,Poligono_Nave_industrial_062,Zona_3
285,4,1401402,11,10.69000234893301,12.828002818719613,179.1038333586888,285,Poligono_Nave_industrial_062,Zona_3
285,5,1401401,11,8.128639943557367,9.75436793226884,221.85820129095765,285,Poligono_Nave_industrial_062,Zona_3
285,6,1401202,14,6.015593941137683,7.21871272936522,271.0769140203229,285,Poligono_Nave_industrial_062,Zona_3
285,7,1401201,16,0.9111232482308723,1.0933478978770468,320.1702619181999,285,Poligono_Nave_industrial_062,Zona_3
285,8,1401204,13,0.5813852595072171,0.6976623114086605,359.86792422960855,285,Poligono_Nave_industrial_062,Zona_3
285,9,1401203,15,2.999548412667073,3.5994580952004873,408.467382324809,285,Poligono_Nave_industrial_062,Zona_3
285,10,1406702,4,13.52986671656158,16.235840059873897,436.70322238468293,285,Poligono_Nave_industrial_062,Zona_3
285,11,Regreso_Poligono_Nave_industrial_062,0,49.05,41.7,478.4032223846829,285,Poligono_Nave_industrial_062,Zona_3
286,1,Inicio_Poligono_Nave_industrial_062,0,0.0,25.0,25.0,286,Poligono_Nave_industrial_062,Zona_3
286,2,1400801,5,128.66,109.61,149.61,286,Poligono_Nave_industrial_062,Zona_3
286,3,1400804,8,0.4757664824284305,0.5709197789141166,174.18091977891413,286,Poligono_Nave_industrial_062,Zona_3
286,4,1400802,6,0.5503246031476925,0.660389523777231,192.84130930269137,286,Poligono_Nave_industrial_062,Zona_3
286,5,1400803,5,2.092404298104657,2.5108851577255886,210.35219446041697,286,Poligono_Nave_industrial_062,Zona_3
286,6,1403503,24,10.342264507118482,12.41071740854218,294.7629118689591,286,Poligono_Nave_industrial_062,Zona_3
286,7,1403502,4,0.3995714614274178,0.4794857537129013,307.242397622672,286,Poligono_Nave_industrial_062,Zona_3
286,8,1403504,13,7.138432257403042,8.56611870888365,354.80851633155567,286,Poligono_Nave_industrial_062,Zona_3
286,9,1402801,3,6.977721595154962,8.373265914185954,372.1817822457416,286,Poligono_Nave_industrial_062,Zona_3
286,10,1407002,3,3.2257147896102167,3.8708577475322596,385.0526399932739,286,Poligono_Nave_industrial_062,Zona_3
286,11,1402603,2,23.49174835400507,28.190098024806083,419.24273801808,286,Poligono_Nave_industrial_062,Zona_3
286,12,Regreso_Poligono_Nave_industrial_062,0,76.92,60.04,479.28273801808,286,Poligono_Nave_industrial_062,Zona_3
287,1,Inicio_Poligono_Nave_industrial_062,0,0.0,25.0,25.0,287,Poligono_Nave_industrial_062,Zona_3
287,2,1400901,10,97.23,75.49,130.49,287,Poligono_Nave_industrial_062,Zona_3
287,3,1400902,6,0.32648764122173635,0.3917851694660836,148.8817851694661,287,Poligono_Nave_industrial_062,Zona_3
287,4,1400903,7,2.1591918249451125,2.591030189934135,172.47281535940024,287,Poligono_Nave_industrial_062,Zona_3
287,5,1405202,23,7.623724565423459,9.14846947850815,250.62128483790838,287,Poligono_Nave_industrial_062,Zona_3
287,6,1405203,19,1.9449104917783275,2.333892590133993,309.95517742804236,287,Poligono_Nave_industrial_062,Zona_3
287,7,1405204,2,1.286491212070788,1.5437894544849455,317.4989668825273,287,Poligono_Nave_industrial_062,Zona_3
287,8,1405201,24,3.9981465949263058,4.7977759139115665,394.2967427964389,287,Poligono_Nave_industrial_062,Zona_3
287,9,Regreso_Poligono_Nave_industrial_062,0,108.0,83.88,478.1767427964389,287,Poligono_Nave_industrial_062,Zona_3
288,1,Inicio_Poligono_Nave_industrial_062,0,0.0,25.0,25.0,288,Poligono_Nave_industrial_062,Zona_3
288,2,1401001,12,58.34,42.34,103.34,288,Poligono_Nave_industrial_062,Zona_3
288,3,1401002,19,0.4359046163263593,0.5230855395916312,160.86308553959162,288,Poligono_Nave_industrial_062,Zona_3
288,4,1401003,10,2.4013021830717247,2.8815626196860697,193.7446481592777,288,Poligono_Nave_industrial_062,Zona_3
288,5,1404801,11,4.724193509125741,5.669032210950889,232.41368037022858,288,Poligono_Nave_industrial_062,Zona_3
288,6,1402401,10,9.423501225186909,11.30820147022429,273.72188184045285,288,Poligono_Nave_industrial_062,Zona_3
288,7,1402402,9,3.306718746353291,3.968062495623949,304.6899443360768,288,Poligono_Nave_industrial_062,Zona_3
288,8,1403804,20,9.63672353562356,11.56406824274827,376.25401257882504,288,Poligono_Nave_industrial_062,Zona_3
288,9,1403805,13,7.8369637657503,9.40435651890036,424.6583690977254,288,Poligono_Nave_industrial_062,Zona_3
288,10,1404501,4,5.451482185464382,6.541778622557258,443.2001477202827,288,Poligono_Nave_industrial_062,Zona_3
288,11,1404401,2,4.701206647399769,5.641447976879723,454.8415956971624,288,Poligono_Nave_industrial_062,Zona_3
288,12,Regreso_Poligono_Nave_industrial_062,0,28.42,22.88,477.7215956971624,288,Poligono_Nave_industrial_062,Zona_3
289,1,Inicio_Poligono_Nave_industrial_062,0,0.0,25.0,25.0,289,Poligono_Nave_industrial_062,Zona_3
289,2,1401101,5,130.45,125.01,165.01,289,Poligono_Nave_industrial_062,Zona_3
289,3,1406401,3,7.861980049568664,9.434376059482396,183.44437605948238,289,Poligono_Nave_industrial_062,Zona_3
289,4,1403201,3,11.438359712153966,13.726031654584759,206.17040771406715,289,Poligono_Nave_industrial_062,Zona_3
289,5,1402901,8,9.948510829942927,11.938212995931513,242.10862070999866,289,Poligono_Nave_industrial_062,Zona_3
289,6,1402903,6,6.876544855519596,8.251853826623513,268.3604745366222,289,Poligono_Nave_industrial_062,Zona_3
289,7,1402902,10,9.554360368300669,11.465232441960802,309.82570697858296,289,Poligono_Nave_industrial_062,Zona_3
289,8,1402904,7,6.524285377357315,7.829142452828778,338.6548494314117,289,Poligono_Nave_industrial_062,Zona_3
289,9,1405201,15,8.880231827167394,10.656278192600873,394.3111276240126,289,Poligono_Nave_industrial_062,Zona_3
289,10,Regreso_Poligono_Nave_industrial_062,0,108.0,83.88,478.1911276240126,289,Poligono_Nave_industrial_062,Zona_3
290,1,Inicio_Poligono_Nave_industrial_062,0,0.0,25.0,25.0,290,Poligono_Nave_industrial_062,Zona_3
290,2,1401301,83,44.02,38.78,312.78,290,Poligono_Nave_industrial_062,Zona_3
290,3,1401302,36,0.35668684846750626,0.4280242181610075,421.208024218161,290,Poligono_Nave_industrial_062,Zona_3
290,4,1401303,6,0.3252917805551321,0.3903501366661585,439.5983743548271,290,Poligono_Nave_industrial_062,Zona_3
290,5,1404401,1,12.048186144212542,14.45782337305505,457.05619772788214,290,Poligono_Nave_industrial_062,Zona_3
290,6,Regreso_Poligono_Nave_industrial_062,0,28.42,22.88,479.93619772788213,290,Poligono_Nave_industrial_062,Zona_3
291,1,Inicio_Poligono_Nave_industrial_062,0,0.0,25.0,25.0,291,Poligono_Nave_industrial_062,Zona_3
291,2,1401303,29,44.11,38.49,150.49,291,Poligono_Nave_industrial_062,Zona_3
291,3,1401304,15,1.9222502562642398,2.3067003075170875,197.79670030751709,291,Poligono_Nave_industrial_062,Zona_3
291,4,1403803,79,8.765412067890482,10.51849448146858,445.31519478898565,291,Poligono_Nave_industrial_062,Zona_3
291,5,Regreso_Poligono_Nave_industrial_062,0,42.68,33.48,478.79519478898567,291,Poligono_Nave_industrial_062,Zona_3
292,1,Inicio_Poligono_Nave_industrial_062,0,0.0,25.0,25.0,292,Poligono_Nave_industrial_062,Zona_3
292,2,1401601,11,106.89,77.08,135.07999999999998,292,Poligono_Nave_industrial_062,Zona_3
292,3,1402001,3,17.872215080784084,21.4466580969409,165.52665809694088,292,Poligono_Nave_industrial_062,Zona_3
292,4,1406904,10,11.404128605728188,13.684954326873825,209.2116124238147,292,Poligono_Nave_industrial_062,Zona_3
292,5,1406901,20,6.278207082311757,7.533848498774108,276.7454609225888,292,Poligono_Nave_industrial_062,Zona_3
292,6,1406902,23,10.35598698820211,12.427184385842532,358.17264530843136,292,Poligono_Nave_industrial_062,Zona_3
292,7,1406903,1,6.596508057281166,7.915809668737398,369.08845497716874,292,Poligono_Nave_industrial_062,Zona_3
292,8,1404701,2,16.830079251867982,20.19609510224158,395.28455007941034,292,Poligono_Nave_industrial_062,Zona_3
292,9,1406801,5,14.148174293626962,16.977809152352354,427.2623592317627,292,Poligono_Nave_industrial_062,Zona_3
292,10,Regreso_Poligono_Nave_industrial_062,0,64.38,51.88,479.14235923176267,292,Poligono_Nave_industrial_062,Zona_3
293,1,Inicio_Poligono_Nave_industrial_062,0,0.0,25.0,25.0,293,Poligono_Nave_industrial_062,Zona_3
293,2,1401701,60,32.02,25.45,230.45,293,Poligono_Nave_industrial_062,Zona_3
293,3,1401702,22,3.36281701128773,4.035380413545276,300.4853804135453,293,Poligono_Nave_industrial_062,Zona_3
293,4,1490201,11,5.990114582593417,7.1881374991121,340.67351791265736,293,Poligono_Nave_industrial_062,Zona_3
293,5,1405901,8,5.620748616117295,6.744898339340754,371.4184162519981,293,Poligono_Nave_industrial_062,Zona_3
293,6,1405701,28,1.3522658536283885,1.6227190243540663,457.0411352763522,293,Poligono_Nave_industrial_062,Zona_3
293,7,1402701,2,7.90039928356968,9.480479140283617,472.52161441663577,293,Poligono_Nave_industrial_062,Zona_3
293,8,Regreso_Poligono_Nave_industrial_062,0,1.24,5.0,477.52161441663577,293,Poligono_Nave_industrial_062,Zona_3
294,1,Inicio_Poligono_Nave_industrial_062,0,0.0,25.0,25.0,294,Poligono_Nave_industrial_062,Zona_3
294,2,1401901,9,26.87,25.8,77.8,294,Poligono_Nave_industrial_062,Zona_3
294,3,1401904,18,0.3677241040319719,0.4412689248383663,132.24126892483838,294,Poligono_Nave_industrial_062,Zona_3
294,4,1401902,15,0.4296080807219491,0.5155296968663389,177.75679862170472,294,Poligono_Nave_industrial_062,Zona_3
294,5,1401905,9,0.7287059990791322,0.8744471988949587,205.63124582059967,294,Poligono_Nave_industrial_062,Zona_3
294,6,1401903,11,1.2994687208987337,1.5593624650784805,240.19060828567814,294,Poligono_Nave_industrial_062,Zona_3
294,7,1402501,9,5.0053915976004415,6.00646991712053,273.19707820279865,294,Poligono_Nave_industrial_062,Zona_3
294,8,1402502,7,2.24925300201014,2.699103602412168,296.8961818052108,294,Poligono_Nave_industrial_062,Zona_3
294,9,1402503,10,3.1324813167509413,3.75897758010113,330.65515938531195,294,Poligono_Nave_industrial_062,Zona_3
294,10,1404102,17,7.448725217193776,8.938470260632531,390.5936296459445,294,Poligono_Nave_industrial_062,Zona_3
294,11,1404101,16,5.394079805700058,6.47289576684007,445.06652541278453,294,Poligono_Nave_industrial_062,Zona_3
294,12,1402701,8,2.5645009223000454,3.0774011067600546,472.1439265195446,294,Poligono_Nave_industrial_062,Zona_3
294,13,Regreso_Poligono_Nave_industrial_062,0,1.24,5.0,477.1439265195446,294,Poligono_Nave_industrial_062,Zona_3
295,1,Inicio_Poligono_Nave_industrial_062,0,0.0,25.0,25.0,295,Poligono_Nave_industrial_062,Zona_3
295,2,1402101,134,30.9,26.08,453.08,295,Poligono_Nave_industrial_062,Zona_3
295,3,Regreso_Poligono_Nave_industrial_062,0,30.9,26.08,479.15999999999997,295,Poligono_Nave_industrial_062,Zona_3
296,1,Inicio_Poligono_Nave_industrial_062,0,0.0,25.0,25.0,296,Poligono_Nave_industrial_062,Zona_3
296,2,1402101,134,30.9,26.08,453.08,296,Poligono_Nave_industrial_062,Zona_3
296,3,Regreso_Poligono_Nave_industrial_062,0,30.9,26.08,479.15999999999997,296,Poligono_Nave_industrial_062,Zona_3
297,1,Inicio_Poligono_Nave_industrial_062,0,0.0,25.0,25.0,297,Poligono_Nave_industrial_062,Zona_3
297,2,1402101,134,30.9,26.08,453.08,297,Poligono_Nave_industrial_062,Zona_3
297,3,Regreso_Poligono_Nave_industrial_062,0,30.9,26.08,479.15999999999997,297,Poligono_Nave_industrial_062,Zona_3
298,1,Inicio_Poligono_Nave_industrial_062,0,0.0,25.0,25.0,298,Poligono_Nave_industrial_062,Zona_3
298,2,1402101,52,30.9,26.08,207.07999999999998,298,Poligono_Nave_industrial_062,Zona_3
298,3,1402103,33,0.39891101657701344,0.4786932198924161,306.5586932198924,298,Poligono_Nave_industrial_062,Zona_3
298,4,1402108,38,0.2927644824015422,0.35131737888185066,420.91001059877425,298,Poligono_Nave_industrial_062,Zona_3
298,5,1402107,10,0.39542133411580865,0.47450560093897043,451.38451619971323,298,Poligono_Nave_industrial_062,Zona_3
298,6,1402110,1,0.6553581038513013,0.7864297246215616,455.1709459243348,298,Poligono_Nave_industrial_062,Zona_3
298,7,Regreso_Poligono_Nave_industrial_062,0,29.53,23.58,478.75094592433476,298,Poligono_Nave_industrial_062,Zona_3
299,1,Inicio_Poligono_Nave_industrial_062,0,0.0,25.0,25.0,299,Poligono_Nave_industrial_062,Zona_3
299,2,1402102,134,29.73,25.99,452.99,299,Poligono_Nave_industrial_062,Zona_3
299,3,Regreso_Poligono_Nave_industrial_062,0,29.73,25.99,478.98,299,Poligono_Nave_industrial_062,Zona_3
300,1,Inicio_Poligono_Nave_industrial_062,0,0.0,25.0,25.0,300,Poligono_Nave_industrial_062,Zona_3
300,2,1402102,134,29.73,25.99,452.99,300,Poligono_Nave_industrial_062,Zona_3
300,3,Regreso_Poligono_Nave_industrial_062,0,29.73,25.99,478.98,300,Poligono_Nave_industrial_062,Zona_3
301,1,Inicio_Poligono_Nave_industrial_062,0,0.0,25.0,25.0,301,Poligono_Nave_industrial_062,Zona_3
301,2,1402102,134,29.73,25.99,452.99,301,Poligono_Nave_industrial_062,Zona_3
301,3,Regreso_Poligono_Nave_industrial_062,0,29.73,25.99,478.98,301,Poligono_Nave_industrial_062,Zona_3
302,1,Inicio_Poligono_Nave_industrial_062,0,0.0,25.0,25.0,302,Poligono_Nave_industrial_062,Zona_3
302,2,1402102,75,29.73,25.99,275.99,302,Poligono_Nave_industrial_062,Zona_3
302,3,1402104,57,0.5127857683148918,0.6153429219778701,447.60534292197786,302,Poligono_Nave_industrial_062,Zona_3
302,4,1402105,2,0.23880068368274085,0.286560820419289,453.8919037423972,302,Poligono_Nave_industrial_062,Zona_3
302,5,Regreso_Poligono_Nave_industrial_062,0,29.03,24.31,478.2019037423972,302,Poligono_Nave_industrial_062,Zona_3
303,1,Inicio_Poligono_Nave_industrial_062,0,0.0,25.0,25.0,303,Poligono_Nave_industrial_062,Zona_3
303,2,1402105,135,29.03,24.31,454.31,303,Poligono_Nave_industrial_062,Zona_3
303,3,Regreso_Poligono_Nave_industrial_062,0,29.03,24.31,478.62,303,Poligono_Nave_industrial_062,Zona_3
304,1,Inicio_Poligono_Nave_industrial_062,0,0.0,25.0,25.0,304,Poligono_Nave_industrial_062,Zona_3
304,2,1402105,135,29.03,24.31,454.31,304,Poligono_Nave_industrial_062,Zona_3
304,3,Regreso_Poligono_Nave_industrial_062,0,29.03,24.31,478.62,304,Poligono_Nave_industrial_062,Zona_3
305,1,Inicio_Poligono_Nave_industrial_062,0,0.0,25.0,25.0,305,Poligono_Nave_industrial_062,Zona_3
305,2,1402105,11,29.03,24.31,82.31,305,Poligono_Nave_industrial_062,Zona_3
305,3,1402107,54,0.852351890281904,1.0228222683382846,245.33282226833828,305,Poligono_Nave_industrial_062,Zona_3
305,4,1402106,69,0.2962067131267151,0.3554480557520581,452.68827032409035,305,Poligono_Nave_industrial_062,Zona_3
305,5,1402110,1,0.46829010257786824,0.5619481230934419,456.2502184471838,305,Poligono_Nave_industrial_062,Zona_3
305,6,Regreso_Poligono_Nave_industrial_062,0,29.53,23.58,479.83021844718377,305,Poligono_Nave_industrial_062,Zona_3
306,1,Inicio_Poligono_Nave_industrial_062,0,0.0,25.0,25.0,306,Poligono_Nave_industrial_062,Zona_3
306,2,1402106,134,30.41,25.66,452.66,306,Poligono_Nave_industrial_062,Zona_3
306,3,1402110,1,0.46829010257786824,0.5619481230934419,456.22194812309345,306,Poligono_Nave_industrial_062,Zona_3
306,4,Regreso_Poligono_Nave_industrial_062,0,29.53,23.58,479.80194812309344,306,Poligono_Nave_industrial_062,Zona_3
307,1,Inicio_Poligono_Nave_industrial_062,0,0.0,25.0,25.0,307,Poligono_Nave_industrial_062,Zona_3
307,2,1402106,134,30.41,25.66,452.66,307,Poligono_Nave_industrial_062,Zona_3
307,3,1402110,1,0.46829010257786824,0.5619481230934419,456.22194812309345,307,Poligono_Nave_industrial_062,Zona_3
307,4,Regreso_Poligono_Nave_industrial_062,0,29.53,23.58,479.80194812309344,307,Poligono_Nave_industrial_062,Zona_3
308,1,Inicio_Poligono_Nave_industrial_062,0,0.0,25.0,25.0,308,Poligono_Nave_industrial_062,Zona_3
308,2,1402106,134,30.41,25.66,452.66,308,Poligono_Nave_industrial_062,Zona_3
308,3,1402110,1,0.46829010257786824,0.5619481230934419,456.22194812309345,308,Poligono_Nave_industrial_062,Zona_3
308,4,Regreso_Poligono_Nave_industrial_062,0,29.53,23.58,479.80194812309344,308,Poligono_Nave_industrial_062,Zona_3
309,1,Inicio_Poligono_Nave_industrial_062,0,0.0,25.0,25.0,309,Poligono_Nave_industrial_062,Zona_3
309,2,1402106,134,30.41,25.66,452.66,309,Poligono_Nave_industrial_062,Zona_3
309,3,1402110,1,0.46829010257786824,0.5619481230934419,456.22194812309345,309,Poligono_Nave_industrial_062,Zona_3
309,4,Regreso_Poligono_Nave_industrial_062,0,29.53,23.58,479.80194812309344,309,Poligono_Nave_industrial_062,Zona_3
310,1,Inicio_Poligono_Nave_industrial_062,0,0.0,25.0,25.0,310,Poligono_Nave_industrial_062,Zona_3
310,2,1402106,134,30.41,25.66,452.66,310,Poligono_Nave_industrial_062,Zona_3
310,3,1402110,1,0.46829010257786824,0.5619481230934419,456.22194812309345,310,Poligono_Nave_industrial_062,Zona_3
310,4,Regreso_Poligono_Nave_industrial_062,0,29.53,23.58,479.80194812309344,310,Poligono_Nave_industrial_062,Zona_3
311,1,Inicio_Poligono_Nave_industrial_062,0,0.0,25.0,25.0,311,Poligono_Nave_industrial_062,Zona_3
311,2,1402106,112,30.41,25.66,386.66,311,Poligono_Nave_industrial_062,Zona_3
311,3,1402110,23,0.46829010257786824,0.5619481230934419,456.22194812309345,311,Poligono_Nave_industrial_062,Zona_3
311,4,Regreso_Poligono_Nave_industrial_062,0,29.53,23.58,479.80194812309344,311,Poligono_Nave_industrial_062,Zona_3
312,1,Inicio_Poligono_Nave_industrial_062,0,0.0,25.0,25.0,312,Poligono_Nave_industrial_062,Zona_3
312,2,1402109,134,29.99,25.53,452.53,312,Poligono_Nave_industrial_062,Zona_3
312,3,1402110,1,0.5967552193831763,0.7161062632598116,456.2461062632598,312,Poligono_Nave_industrial_062,Zona_3
312,4,Regreso_Poligono_Nave_industrial_062,0,29.53,23.58,479.82610626325976,312,Poligono_Nave_industrial_062,Zona_3
313,1,Inicio_Poligono_Nave_industrial_062,0,0.0,25.0,25.0,313,Poligono_Nave_industrial_062,Zona_3
313,2,1402109,134,29.99,25.53,452.53,313,Poligono_Nave_industrial_062,Zona_3
313,3,1402110,1,0.5967552193831763,0.7161062632598116,456.2461062632598,313,Poligono_Nave_industrial_062,Zona_3
313,4,Regreso_Poligono_Nave_industrial_062,0,29.53,23.58,479.82610626325976,313,Poligono_Nave_industrial_062,Zona_3
314,1,Inicio_Poligono_Nave_industrial_062,0,0.0,25.0,25.0,314,Poligono_Nave_industrial_062,Zona_3
314,2,1402109,46,29.99,25.53,188.53,314,Poligono_Nave_industrial_062,Zona_3
314,3,1402110,89,0.5967552193831763,0.7161062632598116,456.2461062632598,314,Poligono_Nave_industrial_062,Zona_3
314,4,Regreso_Poligono_Nave_industrial_062,0,29.53,23.58,479.82610626325976,314,Poligono_Nave_industrial_062,Zona_3
315,1,Inicio_Poligono_Nave_industrial_062,0,0.0,25.0,25.0,315,Poligono_Nave_industrial_062,Zona_3
315,2,1402110,135,29.53,23.58,453.58,315,Poligono_Nave_industrial_062,Zona_3
315,3,Regreso_Poligono_Nave_industrial_062,0,29.53,23.58,477.15999999999997,315,Poligono_Nave_industrial_062,Zona_3
316,1,Inicio_Poligono_Nave_industrial_062,0,0.0,25.0,25.0,316,Poligono_Nave_industrial_062,Zona_3
316,2,1402110,135,29.53,23.58,453.58,316,Poligono_Nave_industrial_062,Zona_3
316,3,Regreso_Poligono_Nave_industrial_062,0,29.53,23.58,477.15999999999997,316,Poligono_Nave_industrial_062,Zona_3
317,1,Inicio_Poligono_Nave_industrial_062,0,0.0,25.0,25.0,317,Poligono_Nave_industrial_062,Zona_3
317,2,1402110,135,29.53,23.58,453.58,317,Poligono_Nave_industrial_062,Zona_3
317,3,Regreso_Poligono_Nave_industrial_062,0,29.53,23.58,477.15999999999997,317,Poligono_Nave_industrial_062,Zona_3
318,1,Inicio_Poligono_Nave_industrial_062,0,0.0,25.0,25.0,318,Poligono_Nave_industrial_062,Zona_3
318,2,1402110,76,29.53,23.58,276.58,318,Poligono_Nave_industrial_062,Zona_3
318,3,1406702,15,20.941119870598868,25.12934384471864,346.70934384471866,318,Poligono_Nave_industrial_062,Zona_3
318,4,1406701,12,2.369495751123362,2.843394901348034,385.55273874606667,318,Poligono_Nave_industrial_062,Zona_3
318,5,1404303,7,15.69378040952466,18.832536491429593,425.3852752374963,318,Poligono_Nave_industrial_062,Zona_3
318,6,Regreso_Poligono_Nave_industrial_062,0,70.32,52.64,478.02527523749626,318,Poligono_Nave_industrial_062,Zona_3
319,1,Inicio_Poligono_Nave_industrial_062,0,0.0,25.0,25.0,319,Poligono_Nave_industrial_062,Zona_3
319,2,1402301,13,113.99,116.92,180.92000000000002,319,Poligono_Nave_industrial_062,Zona_3
319,3,1402302,9,5.770503782094085,6.924604538512902,214.84460453851293,319,Poligono_Nave_industrial_062,Zona_3
319,4,1405403,19,6.2216660045137635,7.465999205416517,279.31060374392945,319,Poligono_Nave_industrial_062,Zona_3
319,5,1405401,37,1.008085461349211,1.209702553619053,391.5203062975485,319,Poligono_Nave_industrial_062,Zona_3
319,6,Regreso_Poligono_Nave_industrial_062,0,105.11,87.72,479.2403062975485,319,Poligono_Nave_industrial_062,Zona_3
320,1,Inicio_Poligono_Nave_industrial_062,0,0.0,25.0,25.0,320,Poligono_Nave_industrial_062,Zona_3
320,2,1402601,7,75.95,59.59,105.59,320,Poligono_Nave_industrial_062,Zona_3
320,3,1402603,6,0.4340202985842882,0.5208243583011458,124.11082435830114,320,Poligono_Nave_industrial_062,Zona_3
320,4,1402602,6,7.732700243144562,9.279240291773474,151.39006465007463,320,Poligono_Nave_industrial_062,Zona_3
320,5,1407101,8,9.938691409356906,11.926429691228288,187.31649434130293,320,Poligono_Nave_industrial_062,Zona_3
320,6,1405201,3,16.555831690494415,19.8669980285933,216.18349236989621,320,Poligono_Nave_industrial_062,Zona_3
320,7,1403501,7,17.29272544792049,20.75127053750459,257.9347629074008,320,Poligono_Nave_industrial_062,Zona_3
320,8,1407002,2,13.686741276077496,16.424089531292996,280.3588524386938,320,Poligono_Nave_industrial_062,Zona_3
320,9,1407001,6,7.003666074233387,8.404399289080065,306.7632517277739,320,Poligono_Nave_industrial_062,Zona_3
320,10,1407201,8,14.193005049333292,17.03160605919995,347.7948577869738,320,Poligono_Nave_industrial_062,Zona_3
320,11,1407402,9,3.1932524646300484,3.831902957556058,378.62676074452986,320,Poligono_Nave_industrial_062,Zona_3
320,12,Regreso_Poligono_Nave_industrial_062,0,109.89,83.92,462.5467607445299,320,Poligono_Nave_industrial_062,Zona_3
321,1,Inicio_Poligono_Nave_industrial_062,0,0.0,25.0,25.0,321,Poligono_Nave_industrial_062,Zona_3
321,2,1490101,9,3.04,7.04,59.04,321,Poligono_Nave_industrial_062,Zona_3
321,3,1402701,34,1.8154313817937067,2.178517658152448,163.21851765815245,321,Poligono_Nave_industrial_062,Zona_3
321,4,1402702,29,2.937895779990851,3.5254749359890214,253.74399259414147,321,Poligono_Nave_industrial_062,Zona_3
321,5,1405701,37,8.826595019349105,10.591914023218926,375.33590661736037,321,Poligono_Nave_industrial_062,Zona_3
321,6,1406501,21,4.8462570060695604,5.815508407283472,444.1514150246438,321,Poligono_Nave_industrial_062,Zona_3
321,7,Regreso_Poligono_Nave_industrial_062,0,26.31,26.99,471.14141502464383,321,Poligono_Nave_industrial_062,Zona_3
322,1,Inicio_Poligono_Nave_industrial_062,0,0.0,25.0,25.0,322,Poligono_Nave_industrial_062,Zona_3
322,2,1402703,17,53.33,51.47,127.47,322,Poligono_Nave_industrial_062,Zona_3
322,3,1403001,71,4.3257882266774255,5.19094587201291,345.6609458720129,322,Poligono_Nave_industrial_062,Zona_3
322,4,1403002,13,5.090265837899673,6.108319005479607,390.7692648774925,322,Poligono_Nave_industrial_062,Zona_3
322,5,4103902,11,12.108144377448674,14.52977325293841,438.2990381304309,322,Poligono_Nave_industrial_062,Zona_3
322,6,Regreso_Poligono_Nave_industrial_062,0,53.36,41.2,479.4990381304309,322,Poligono_Nave_industrial_062,Zona_3
323,1,Inicio_Poligono_Nave_industrial_062,0,0.0,25.0,25.0,323,Poligono_Nave_industrial_062,Zona_3
323,2,1403401,3,124.87,122.39,156.39,323,Poligono_Nave_industrial_062,Zona_3
323,3,1406201,8,9.532686845971448,11.439224215165737,191.8292242151657,323,Poligono_Nave_industrial_062,Zona_3
323,4,1406202,1,3.1138716280594654,3.7366459536713585,198.56587016883708,323,Poligono_Nave_industrial_062,Zona_3
323,5,1405101,7,9.19168462785003,11.030021553420037,230.5958917222571,323,Poligono_Nave_industrial_062,Zona_3
323,6,1405102,5,5.562764022377047,6.675316826852457,252.27120854910956,323,Poligono_Nave_industrial_062,Zona_3
323,7,1405401,18,7.394975977083341,8.87397117250001,315.14517972160957,323,Poligono_Nave_industrial_062,Zona_3
323,8,1405402,7,1.0112872374920965,1.2135446849905156,337.35872440660006,323,Poligono_Nave_industrial_062,Zona_3
323,9,1405404,8,13.24031073163479,15.888372877961746,377.2470972845618,323,Poligono_Nave_industrial_062,Zona_3
323,10,1407301,2,25.268625687429584,30.322350824915503,413.5694481094773,323,Poligono_Nave_industrial_062,Zona_3
323,11,Regreso_Poligono_Nave_industrial_062,0,71.21,65.93,479.4994481094773,323,Poligono_Nave_industrial_062,Zona_3
324,1,Inicio_Poligono_Nave_industrial_062,0,0.0,25.0,25.0,324,Poligono_Nave_industrial_062,Zona_3
324,2,1403601,16,67.52,70.49,143.49,324,Poligono_Nave_industrial_062,Zona_3
324,3,1403602,22,0.6606976138985836,0.7928371366783004,210.28283713667832,324,Poligono_Nave_industrial_062,Zona_3
324,4,1405302,30,11.554941336745584,13.865929604094699,314.148766740773,324,Poligono_Nave_industrial_062,Zona_3
324,5,1405301,31,4.018732034492891,4.822478441391469,411.97124518216447,324,Poligono_Nave_industrial_062,Zona_3
324,6,Regreso_Poligono_Nave_industrial_062,0,52.92,49.02,460.99124518216445,324,Poligono_Nave_industrial_062,Zona_3
325,1,Inicio_Poligono_Nave_industrial_062,0,0.0,25.0,25.0,325,Poligono_Nave_industrial_062,Zona_3
325,2,1403701,15,78.53,63.59,133.59,325,Poligono_Nave_industrial_062,Zona_3
325,3,1403702,5,3.104507847035873,3.725409416443047,152.31540941644306,325,Poligono_Nave_industrial_062,Zona_3
325,4,1403703,7,6.988147050409386,8.385776460491263,181.70118587693432,325,Poligono_Nave_industrial_062,Zona_3
325,5,1405804,13,7.486898167432374,8.984277800918848,229.68546367785316,325,Poligono_Nave_industrial_062,Zona_3
325,6,1405801,20,0.39425387853992044,0.47310465424790454,290.1585683321011,325,Poligono_Nave_industrial_062,Zona_3
325,7,1405802,7,0.2761132851222258,0.331335942146671,311.48990427424775,325,Poligono_Nave_industrial_062,Zona_3
325,8,1405803,24,0.46166670594177506,0.5540000471301301,384.0439043213779,325,Poligono_Nave_industrial_062,Zona_3
325,9,1405805,9,2.372755750623544,2.8473069007482525,413.8912112221262,325,Poligono_Nave_industrial_062,Zona_3
325,10,1403803,6,12.019440198279407,14.423328237935287,446.31453946006144,325,Poligono_Nave_industrial_062,Zona_3
325,11,Regreso_Poligono_Nave_industrial_062,0,42.68,33.48,479.79453946006146,325,Poligono_Nave_industrial_062,Zona_3
326,1,Inicio_Poligono_Nave_industrial_062,0,0.0,25.0,25.0,326,Poligono_Nave_industrial_062,Zona_3
326,2,1403801,79,42.53,34.36,296.36,326,Poligono_Nave_industrial_062,Zona_3
326,3,1403802,50,0.35592270672246873,0.4271072480669625,446.78710724806695,326,Poligono_Nave_industrial_062,Zona_3
326,4,Regreso_Poligono_Nave_industrial_062,0,41.47,32.4,479.1871072480669,326,Poligono_Nave_industrial_062,Zona_3
327,1,Inicio_Poligono_Nave_industrial_062,0,0.0,25.0,25.0,327,Poligono_Nave_industrial_062,Zona_3
327,2,1403802,82,41.47,32.4,303.4,327,Poligono_Nave_industrial_062,Zona_3
327,3,1403803,38,1.1561946771174623,1.3874336125409548,418.78743361254095,327,Poligono_Nave_industrial_062,Zona_3
327,4,1404401,8,11.520846127509644,13.825015353011572,456.6124489655525,327,Poligono_Nave_industrial_062,Zona_3
327,5,Regreso_Poligono_Nave_industrial_062,0,28.42,22.88,479.4924489655525,327,Poligono_Nave_industrial_062,Zona_3
328,1,Inicio_Poligono_Nave_industrial_062,0,0.0,25.0,25.0,328,Poligono_Nave_industrial_062,Zona_3
328,2,1403901,22,59.56,52.9,143.9,328,Poligono_Nave_industrial_062,Zona_3
328,3,1405502,54,14.169083277601631,17.00289993312196,322.90289993312194,328,Poligono_Nave_industrial_062,Zona_3
328,4,1405503,12,6.742285440901217,8.09074252908146,366.9936424622034,328,Poligono_Nave_industrial_062,Zona_3
328,5,1405805,10,11.126409578488895,13.351691494186674,410.3453339563901,328,Poligono_Nave_industrial_062,Zona_3
328,6,1404401,6,23.539779168331805,28.247735001998166,456.59306895838824,328,Poligono_Nave_industrial_062,Zona_3
328,7,Regreso_Poligono_Nave_industrial_062,0,28.42,22.88,479.47306895838824,328,Poligono_Nave_industrial_062,Zona_3
329,1,Inicio_Poligono_Nave_industrial_062,0,0.0,25.0,25.0,329,Poligono_Nave_industrial_062,Zona_3
329,2,1404001,16,14.04,24.16,97.16,329,Poligono_Nave_industrial_062,Zona_3
329,3,1404002,21,1.3556159747882996,1.6267391697459597,161.78673916974594,329,Poligono_Nave_industrial_062,Zona_3
329,4,1406002,26,8.545441853958227,10.254530224749873,250.04126939449583,329,Poligono_Nave_industrial_062,Zona_3
329,5,1406001,13,3.3037254753569982,3.9644705704283973,293.0057399649242,329,Poligono_Nave_industrial_062,Zona_3
329,6,4105002,20,15.830581114438052,18.996697337325664,372.00243730224986,329,Poligono_Nave_industrial_062,Zona_3
329,7,4105001,8,3.3696150803807523,4.043538096456903,400.0459753987068,329,Poligono_Nave_industrial_062,Zona_3
329,8,4105003,9,3.9644100306443883,4.757292036773267,431.80326743548005,329,Poligono_Nave_industrial_062,Zona_3
329,9,1405601,1,4.120900804114258,4.945080964937109,439.74834840041717,329,Poligono_Nave_industrial_062,Zona_3
329,10,Regreso_Poligono_Nave_industrial_062,0,45.39,38.43,478.1783484004172,329,Poligono_Nave_industrial_062,Zona_3
330,1,Inicio_Poligono_Nave_industrial_062,0,0.0,25.0,25.0,330,Poligono_Nave_industrial_062,Zona_3
330,2,1404201,9,14.2,13.68,65.68,330,Poligono_Nave_industrial_062,Zona_3
330,3,1404202,40,0.37795092796673924,0.4535411135600871,186.1335411135601,330,Poligono_Nave_industrial_062,Zona_3
330,4,1404204,52,0.2784445520690648,0.3341334624828778,342.467674576043,330,Poligono_Nave_industrial_062,Zona_3
330,5,1404205,12,7.204902867855376,8.64588344142645,387.1135580174695,330,Poligono_Nave_industrial_062,Zona_3
330,6,1404602,13,9.19803753895859,11.03764504675031,437.15120306421977,330,Poligono_Nave_industrial_062,Zona_3
330,7,Regreso_Poligono_Nave_industrial_062,0,30.96,39.97,477.1212030642198,330,Poligono_Nave_industrial_062,Zona_3
331,1,Inicio_Poligono_Nave_industrial_062,0,0.0,25.0,25.0,331,Poligono_Nave_industrial_062,Zona_3
331,2,1404301,14,70.43,52.81,119.81,331,Poligono_Nave_industrial_062,Zona_3
331,3,1404303,6,0.2512038711133238,0.3014446453359886,138.11144464533598,331,Poligono_Nave_industrial_062,Zona_3
331,4,1406601,30,7.228350465615168,8.674020558738201,236.78546520407417,331,Poligono_Nave_industrial_062,Zona_3
331,5,1406602,25,3.9215161396118257,4.705819367534191,316.4912845716084,331,Poligono_Nave_industrial_062,Zona_3
331,6,1404302,9,15.085216913434543,18.10226029612145,361.59354486772986,331,Poligono_Nave_industrial_062,Zona_3
331,7,1404601,1,58.40117995482406,70.08141594578886,434.67496081351874,331,Poligono_Nave_industrial_062,Zona_3
331,8,Regreso_Poligono_Nave_industrial_062,0,33.39,43.41,478.0849608135187,331,Poligono_Nave_industrial_062,Zona_3
332,1,Inicio_Poligono_Nave_industrial_062,0,0.0,25.0,25.0,332,Poligono_Nave_industrial_062,Zona_3
332,2,1404304,41,99.44,108.81,256.81,332,Poligono_Nave_industrial_062,Zona_3
332,3,1406903,12,18.911911716653627,22.69429405998435,315.5042940599844,332,Poligono_Nave_industrial_062,Zona_3
332,4,1405404,14,14.67361471422439,17.608337657069267,375.11263171705366,332,Poligono_Nave_industrial_062,Zona_3
332,5,1407301,2,25.268625687429584,30.322350824915503,411.43498254196913,332,Poligono_Nave_industrial_062,Zona_3
332,6,Regreso_Poligono_Nave_industrial_062,0,71.21,65.93,477.36498254196914,332,Poligono_Nave_industrial_062,Zona_3
333,1,Inicio_Poligono_Nave_industrial_062,0,0.0,25.0,25.0,333,Poligono_Nave_industrial_062,Zona_3
333,2,1404501,25,31.16,34.68,134.68,333,Poligono_Nave_industrial_062,Zona_3
333,3,1405604,56,14.668998475601333,17.6027981707216,320.2827981707216,333,Poligono_Nave_industrial_062,Zona_3
333,4,1405603,40,0.6106607625607218,0.7327929150728661,441.0155910857945,333,Poligono_Nave_industrial_062,Zona_3
333,5,Regreso_Poligono_Nave_industrial_062,0,41.69,36.26,477.2755910857945,333,Poligono_Nave_industrial_062,Zona_3
334,1,Inicio_Poligono_Nave_industrial_062,0,0.0,25.0,25.0,334,Poligono_Nave_industrial_062,Zona_3
334,2,1404601,22,33.39,43.41,134.41,334,Poligono_Nave_industrial_062,Zona_3
334,3,1404602,4,2.606925364896784,3.1283104378761406,149.53831043787613,334,Poligono_Nave_industrial_062,Zona_3
334,4,1405603,18,34.55945432255906,41.471345187070874,245.00965562494702,334,Poligono_Nave_industrial_062,Zona_3
334,5,1405602,33,0.6122159866137066,0.7346591839364479,344.7443148088835,334,Poligono_Nave_industrial_062,Zona_3
334,6,1405601,26,2.441258607301605,2.9295103287619257,425.6738251376454,334,Poligono_Nave_industrial_062,Zona_3
334,7,4105003,1,4.120900804114258,4.945080964937109,433.6189061025825,334,Poligono_Nave_industrial_062,Zona_3
334,8,Regreso_Poligono_Nave_industrial_062,0,51.05,46.22,479.83890610258254,334,Poligono_Nave_industrial_062,Zona_3
335,1,Inicio_Poligono_Nave_industrial_062,0,0.0,25.0,25.0,335,Poligono_Nave_industrial_062,Zona_3
335,2,1404701,18,59.96,83.69,162.69,335,Poligono_Nave_industrial_062,Zona_3
335,3,1407301,7,19.196006743738348,23.035208092486016,206.725208092486,335,Poligono_Nave_industrial_062,Zona_3
335,4,1407302,12,8.544682831946268,10.253619398335521,252.97882749082154,335,Poligono_Nave_industrial_062,Zona_3
335,5,1405404,7,33.36722878189971,40.04067453827965,314.0195020291012,335,Poligono_Nave_industrial_062,Zona_3
335,6,1407401,5,30.007907035113064,36.00948844213568,365.02899047123685,335,Poligono_Nave_industrial_062,Zona_3
335,7,1406101,2,9.564674699518243,11.47760963942189,382.5066001106587,335,Poligono_Nave_industrial_062,Zona_3
335,8,Regreso_Poligono_Nave_industrial_062,0,125.87,94.72,477.22660011065875,335,Poligono_Nave_industrial_062,Zona_3
336,1,Inicio_Poligono_Nave_industrial_062,0,0.0,25.0,25.0,336,Poligono_Nave_industrial_062,Zona_3
336,2,1404901,60,64.63,62.29,267.28999999999996,336,Poligono_Nave_industrial_062,Zona_3
336,3,1404902,28,0.5005838349728738,0.6007006019674486,351.8907006019674,336,Poligono_Nave_industrial_062,Zona_3
336,4,1404903,21,0.28121373434859837,0.33745648121831806,415.22815708318575,336,Poligono_Nave_industrial_062,Zona_3
336,5,Regreso_Poligono_Nave_industrial_062,0,64.7,62.62,477.84815708318575,336,Poligono_Nave_industrial_062,Zona_3
337,1,Inicio_Poligono_Nave_industrial_062,0,0.0,25.0,25.0,337,Poligono_Nave_industrial_062,Zona_3
337,2,1404903,56,64.7,62.62,255.62,337,Poligono_Nave_industrial_062,Zona_3
337,3,4107401,29,8.218794181397666,9.862553017677198,352.4825530176772,337,Poligono_Nave_industrial_062,Zona_3
337,4,4107801,6,5.489151899393311,6.5869822792719726,377.0695352969492,337,Poligono_Nave_industrial_062,Zona_3
337,5,4107802,5,0.591362194965651,0.7096346339587812,392.779169930908,337,Poligono_Nave_industrial_062,Zona_3
337,6,Regreso_Poligono_Nave_industrial_062,0,83.0,86.65,479.42916993090796,337,Poligono_Nave_industrial_062,Zona_3
338,1,Inicio_Poligono_Nave_industrial_062,0,0.0,25.0,25.0,338,Poligono_Nave_industrial_062,Zona_3
338,2,1406101,3,125.87,94.72,128.72,338,Poligono_Nave_industrial_062,Zona_3
338,3,1407401,6,9.564674699518243,11.47760963942189,158.1976096394219,338,Poligono_Nave_industrial_062,Zona_3
338,4,4106602,7,80.08276374143082,96.099316489717,275.2969261291389,338,Poligono_Nave_industrial_062,Zona_3
338,5,4106601,6,3.220318994752293,3.8643827937027524,297.16130892284167,338,Poligono_Nave_industrial_062,Zona_3
338,6,4103304,8,13.705483151754597,16.446579782105516,337.6078887049472,338,Poligono_Nave_industrial_062,Zona_3
338,7,4103301,9,2.6715047526827522,3.2058057032193026,367.8136944081665,338,Poligono_Nave_industrial_062,Zona_3
338,8,4105601,1,49.74538111086778,59.694457333041335,430.5081517412078,338,Poligono_Nave_industrial_062,Zona_3
338,9,Regreso_Poligono_Nave_industrial_062,0,68.59,49.21,479.7181517412078,338,Poligono_Nave_industrial_062,Zona_3
339,1,Inicio_Poligono_Nave_industrial_062,0,0.0,25.0,25.0,339,Poligono_Nave_industrial_062,Zona_3
339,2,4100101,8,69.95,56.52,105.52000000000001,339,Poligono_Nave_industrial_062,Zona_3
339,3,4100102,10,1.7774781960957524,2.1329738353149033,137.65297383531492,339,Poligono_Nave_industrial_062,Zona_3
339,4,4104602,20,4.244389263998116,5.093267116797739,202.74624095211266,339,Poligono_Nave_industrial_062,Zona_3
339,5,4104601,13,2.7800491688036484,3.336059002564378,245.08229995467704,339,Poligono_Nave_industrial_062,Zona_3
339,6,4104101,34,4.9784502414277485,5.974140289713298,353.05644024439033,339,Poligono_Nave_industrial_062,Zona_3
339,7,4104104,25,0.8451647678841766,1.0141977214610118,429.07063796585135,339,Poligono_Nave_industrial_062,Zona_3
339,8,Regreso_Poligono_Nave_industrial_062,0,58.56,48.82,477.89063796585134,339,Poligono_Nave_industrial_062,Zona_3
340,1,Inicio_Poligono_Nave_industrial_062,0,0.0,25.0,25.0,340,Poligono_Nave_industrial_062,Zona_3
340,2,4100201,13,165.12,138.99,202.99,340,Poligono_Nave_industrial_062,Zona_3
340,3,4108801,5,7.115686901966758,8.53882428236011,226.52882428236012,340,Poligono_Nave_industrial_062,Zona_3
340,4,4103302,10,11.885150024059989,14.262180028871986,270.7910043112321,340,Poligono_Nave_industrial_062,Zona_3
340,5,4103301,10,0.8717269030138988,1.0460722836166787,301.8370765948488,340,Poligono_Nave_industrial_062,Zona_3
340,6,4107802,13,22.106670795026407,26.528004954031687,367.3650815488805,340,Poligono_Nave_industrial_062,Zona_3
340,7,4105601,8,30.918741917785532,37.102490301342634,428.4675718502231,340,Poligono_Nave_industrial_062,Zona_3
340,8,Regreso_Poligono_Nave_industrial_062,0,68.59,49.21,477.6775718502231,340,Poligono_Nave_industrial_062,Zona_3
341,1,Inicio_Poligono_Nave_industrial_062,0,0.0,25.0,25.0,341,Poligono_Nave_industrial_062,Zona_3
341,2,4100502,83,148.02,102.74,376.74,341,Poligono_Nave_industrial_062,Zona_3
341,3,Regreso_Poligono_Nave_industrial_062,0,148.02,102.74,479.48,341,Poligono_Nave_industrial_062,Zona_3
342,1,Inicio_Poligono_Nave_industrial_062,0,0.0,25.0,25.0,342,Poligono_Nave_industrial_062,Zona_3
342,2,4100502,9,148.02,102.74,154.74,342,Poligono_Nave_industrial_062,Zona_3
342,3,4108101,73,3.5206994584203786,4.224839350104455,377.96483935010446,342,Poligono_Nave_industrial_062,Zona_3
342,4,Regreso_Poligono_Nave_industrial_062,0,145.3,100.99,478.95483935010446,342,Poligono_Nave_industrial_062,Zona_3
343,1,Inicio_Poligono_Nave_industrial_062,0,0.0,25.0,25.0,343,Poligono_Nave_industrial_062,Zona_3
343,2,4100701,41,145.39,102.19,250.19,343,Poligono_Nave_industrial_062,Zona_3
343,3,4108101,27,3.631523365171154,4.357828038205385,335.54782803820535,343,Poligono_Nave_industrial_062,Zona_3
343,4,4108902,6,7.0138793818861815,8.416655258263418,361.96448329646876,343,Poligono_Nave_industrial_062,Zona_3
343,5,4102101,4,3.133677109560151,3.7604125314721815,377.72489582794094,343,Poligono_Nave_industrial_062,Zona_3
343,6,Regreso_Poligono_Nave_industrial_062,0,146.36,102.2,479.92489582794093,343,Poligono_Nave_industrial_062,Zona_3
344,1,Inicio_Poligono_Nave_industrial_062,0,0.0,25.0,25.0,344,Poligono_Nave_industrial_062,Zona_3
344,2,4101401,23,61.81,56.51,150.51,344,Poligono_Nave_industrial_062,Zona_3
344,3,4102601,26,5.083914336268806,6.100697203522567,234.61069720352256,344,Poligono_Nave_industrial_062,Zona_3
344,4,4102602,17,0.9834293328883355,1.1801151994660024,286.79081240298854,344,Poligono_Nave_industrial_062,Zona_3
344,5,4105401,8,5.722272868135053,6.866727441762064,317.6575398447506,344,Poligono_Nave_industrial_062,Zona_3
344,6,4104103,21,5.357141299915535,6.428569559898642,387.0861094046493,344,Poligono_Nave_industrial_062,Zona_3
344,7,4104102,14,0.4081841855362535,0.48982102264350424,429.5759304272928,344,Poligono_Nave_industrial_062,Zona_3
344,8,Regreso_Poligono_Nave_industrial_062,0,58.52,50.16,479.73593042729283,344,Poligono_Nave_industrial_062,Zona_3
345,1,Inicio_Poligono_Nave_industrial_062,0,0.0,25.0,25.0,345,Poligono_Nave_industrial_062,Zona_3
345,2,4101901,59,144.33,128.49,330.49,345,Poligono_Nave_industrial_062,Zona_3
345,3,4108902,2,20.06760014936975,24.081120179243698,360.57112017924374,345,Poligono_Nave_industrial_062,Zona_3
345,4,4102101,4,3.133677109560151,3.7604125314721815,376.3315327107159,345,Poligono_Nave_industrial_062,Zona_3
345,5,Regreso_Poligono_Nave_industrial_062,0,146.36,102.2,478.5315327107159,345,Poligono_Nave_industrial_062,Zona_3
346,1,Inicio_Poligono_Nave_industrial_062,0,0.0,25.0,25.0,346,Poligono_Nave_industrial_062,Zona_3
346,2,4102101,78,146.36,102.2,361.2,346,Poligono_Nave_industrial_062,Zona_3
346,3,4102102,5,0.3126767261092241,0.37521207133106893,376.57521207133107,346,Poligono_Nave_industrial_062,Zona_3
346,4,Regreso_Poligono_Nave_industrial_062,0,146.58,102.42,478.9952120713311,346,Poligono_Nave_industrial_062,Zona_3
347,1,Inicio_Poligono_Nave_industrial_062,0,0.0,25.0,25.0,347,Poligono_Nave_industrial_062,Zona_3
347,2,4102102,83,146.58,102.42,376.42,347,Poligono_Nave_industrial_062,Zona_3
347,3,Regreso_Poligono_Nave_industrial_062,0,146.58,102.42,478.84000000000003,347,Poligono_Nave_industrial_062,Zona_3
348,1,Inicio_Poligono_Nave_industrial_062,0,0.0,25.0,25.0,348,Poligono_Nave_industrial_062,Zona_3
348,2,4102102,27,146.58,102.42,208.42000000000002,348,Poligono_Nave_industrial_062,Zona_3
348,3,4102103,29,1.4600963314385917,1.75211559772631,297.17211559772636,348,Poligono_Nave_industrial_062,Zona_3
348,4,4102104,22,0.7470912256066606,0.8965094707279927,364.06862506845437,348,Poligono_Nave_industrial_062,Zona_3
348,5,4108603,2,2.5186794893229503,3.0224153871875403,373.0910404556419,348,Poligono_Nave_industrial_062,Zona_3
348,6,Regreso_Poligono_Nave_industrial_062,0,146.67,104.73,477.82104045564193,348,Poligono_Nave_industrial_062,Zona_3
349,1,Inicio_Poligono_Nave_industrial_062,0,0.0,25.0,25.0,349,Poligono_Nave_industrial_062,Zona_3
349,2,4190101,29,78.46,84.51,196.51,349,Poligono_Nave_industrial_062,Zona_3
349,3,4105601,31,6.657334154423006,7.988800985307607,297.4988009853076,349,Poligono_Nave_industrial_062,Zona_3
349,4,4103903,41,14.342340099531912,17.210808119438294,437.7096091047459,349,Poligono_Nave_industrial_062,Zona_3
349,5,Regreso_Poligono_Nave_industrial_062,0,54.88,39.73,477.4396091047459,349,Poligono_Nave_industrial_062,Zona_3
350,1,Inicio_Poligono_Nave_industrial_062,0,0.0,25.0,25.0,350,Poligono_Nave_industrial_062,Zona_3
350,2,4103701,15,86.0,80.11,150.11,350,Poligono_Nave_industrial_062,Zona_3
350,3,4103702,18,3.2855028683794485,3.9426034420553386,208.05260344205536,350,Poligono_Nave_industrial_062,Zona_3
350,4,4106201,21,7.241131044457619,8.689357253349142,279.7419606954045,350,Poligono_Nave_industrial_062,Zona_3
350,5,4107201,38,9.969972210387251,11.963966652464702,405.7059273478692,350,Poligono_Nave_industrial_062,Zona_3
350,6,4104102,4,10.026774010850758,12.032128813020911,429.7380561608901,350,Poligono_Nave_industrial_062,Zona_3
350,7,Regreso_Poligono_Nave_industrial_062,0,58.52,50.16,479.89805616089006,350,Poligono_Nave_industrial_062,Zona_3
351,1,Inicio_Poligono_Nave_industrial_062,0,0.0,25.0,25.0,351,Poligono_Nave_industrial_062,Zona_3
351,2,4103901,105,52.72,39.97,379.97,351,Poligono_Nave_industrial_062,Zona_3
351,3,4103905,19,0.33120996778448547,0.39745196134138255,437.36745196134143,351,Poligono_Nave_industrial_062,Zona_3
351,4,Regreso_Poligono_Nave_industrial_062,0,52.61,39.9,477.2674519613414,351,Poligono_Nave_industrial_062,Zona_3
352,1,Inicio_Poligono_Nave_industrial_062,0,0.0,25.0,25.0,352,Poligono_Nave_industrial_062,Zona_3
352,2,4103902,39,53.36,41.2,183.2,352,Poligono_Nave_industrial_062,Zona_3
352,3,4103905,10,0.9849537535400033,1.181944504248004,214.381944504248,352,Poligono_Nave_industrial_062,Zona_3
352,4,4103904,64,0.6273861832372963,0.7528634198847556,407.13480792413276,352,Poligono_Nave_industrial_062,Zona_3
352,5,4103903,10,0.7771061608117064,0.9325273929740476,438.0673353171068,352,Poligono_Nave_industrial_062,Zona_3
352,6,Regreso_Poligono_Nave_industrial_062,0,54.88,39.73,477.79733531710684,352,Poligono_Nave_industrial_062,Zona_3
353,1,Inicio_Poligono_Nave_industrial_062,0,0.0,25.0,25.0,353,Poligono_Nave_industrial_062,Zona_3
353,2,4103903,28,54.88,39.73,148.73,353,Poligono_Nave_industrial_062,Zona_3
353,3,4108401,17,22.328459752828174,26.79415170339381,226.52415170339378,353,Poligono_Nave_industrial_062,Zona_3
353,4,4108402,10,1.890170280153276,2.2682043361839312,258.7923560395777,353,Poligono_Nave_industrial_062,Zona_3
353,5,4106101,20,4.858938581608508,5.83072629793021,324.6230823375079,353,Poligono_Nave_industrial_062,Zona_3
353,6,4104104,9,9.861987723360514,11.834385268032618,363.45746760554056,353,Poligono_Nave_industrial_062,Zona_3
353,7,4104102,5,0.7945827180526505,0.9534992616631806,379.41096686720374,353,Poligono_Nave_industrial_062,Zona_3
353,8,4105003,14,7.8136167820280145,9.376340138433617,430.78730700563733,353,Poligono_Nave_industrial_062,Zona_3
353,9,Regreso_Poligono_Nave_industrial_062,0,51.05,46.22,477.00730700563736,353,Poligono_Nave_industrial_062,Zona_3
354,1,Inicio_Poligono_Nave_industrial_062,0,0.0,25.0,25.0,354,Poligono_Nave_industrial_062,Zona_3
354,2,4105003,3,51.05,46.22,80.22,354,Poligono_Nave_industrial_062,Zona_3
354,3,4107201,5,17.56149250119901,21.07379100143881,116.2937910014388,354,Poligono_Nave_industrial_062,Zona_3
354,4,4108201,35,10.148917762902718,12.178701315483261,233.47249231692206,354,Poligono_Nave_industrial_062,Zona_3
354,5,4106803,25,29.078736428883317,34.894483714659984,343.36697603158206,354,Poligono_Nave_industrial_062,Zona_3
354,6,4106801,23,1.172668596508402,1.4072023158100824,413.77417834739214,354,Poligono_Nave_industrial_062,Zona_3
354,7,Regreso_Poligono_Nave_industrial_062,0,81.66,65.4,479.17417834739217,354,Poligono_Nave_industrial_062,Zona_3
355,1,Inicio_Poligono_Nave_industrial_062,0,0.0,25.0,25.0,355,Poligono_Nave_industrial_062,Zona_3
355,2,4105201,33,89.21,71.89,195.89,355,Poligono_Nave_industrial_062,Zona_3
355,3,4106802,16,6.066118461993268,7.279342154391922,251.1693421543919,355,Poligono_Nave_industrial_062,Zona_3
355,4,4106801,3,9.596104263675418,11.515325116410501,271.6846672708024,355,Poligono_Nave_industrial_062,Zona_3
355,5,4106805,30,1.7810352563185514,2.1372423075822615,363.82190957838463,355,Poligono_Nave_industrial_062,Zona_3
355,6,4106804,12,6.328767238636416,7.5945206863637,407.4164302647483,355,Poligono_Nave_industrial_062,Zona_3
355,7,Regreso_Poligono_Nave_industrial_062,0,87.06,70.69,478.1064302647483,355,Poligono_Nave_industrial_062,Zona_3
356,1,Inicio_Poligono_Nave_industrial_062,0,0.0,25.0,25.0,356,Poligono_Nave_industrial_062,Zona_3
356,2,4106804,35,87.06,70.69,200.69,356,Poligono_Nave_industrial_062,Zona_3
356,3,1103801,18,62.829828041890494,75.39579365026859,330.08579365026856,356,Poligono_Nave_industrial_062,Zona_3
356,4,Regreso_Poligono_Nave_industrial_062,0,191.51,147.55,477.63579365026857,356,Poligono_Nave_industrial_062,Zona_3
357,1,Inicio_Poligono_Nave_industrial_062,0,0.0,25.0,25.0,357,Poligono_Nave_industrial_062,Zona_3
357,2,4108603,78,146.67,104.73,363.73,357,Poligono_Nave_industrial_062,Zona_3
357,3,Regreso_Poligono_Nave_industrial_062,0,146.67,104.73,468.46000000000004,357,Poligono_Nave_industrial_062,Zona_3
358,1,Inicio_Poligono_Nave_industrial_062,0,0.0,25.0,25.0,358,Poligono_Nave_industrial_062,Zona_3
358,2,4108902,53,149.92,117.47,301.47,358,Poligono_Nave_industrial_062,Zona_3
358,3,Regreso_Poligono_Nave_industrial_062,0,149.92,117.47,418.94000000000005,358,Poligono_Nave_industrial_062,Zona_3
359,1,Inicio_Poligono_Nave_industrial_062,0,0.0,25.0,25.0,359,Poligono_Nave_industrial_062,Zona_3
359,2,1103801,53,191.51,147.55,331.55,359,Poligono_Nave_industrial_062,Zona_3
359,3,Regreso_Poligono_Nave_industrial_062,0,191.51,147.55,479.1,359,Poligono_Nave_industrial_062,Zona_3
360,1,Inicio_Poligono_Nave_industrial_062,0,0.0,25.0,25.0,360,Poligono_Nave_industrial_062,Zona_3
360,2,1103801,53,191.51,147.55,331.55,360,Poligono_Nave_industrial_062,Zona_3
360,3,Regreso_Poligono_Nave_industrial_062,0,191.51,147.55,479.1,360,Poligono_Nave_industrial_062,Zona_3
361,1,Inicio_Poligono_Nave_industrial_062,0,0.0,25.0,25.0,361,Poligono_Nave_industrial_062,Zona_3
361,2,1103801,21,191.51,147.55,235.55,361,Poligono_Nave_industrial_062,Zona_3
361,3,Regreso_Poligono_Nave_industrial_062,0,191.51,147.55,383.1,361,Poligono_Nave_industrial_062,Zona_3
