id_camion,orden_parada,nodo_ine,paquetes,km_tramo,tiempo_tramo_min,tiempo_acumulado_min,Id_Transportista,Centro_Origen,Zona_Geografica
1,1,Inicio_Poligono_Nave_industrial_070,0,0.0,30.0,30.0,1,Poligono_Nave_industrial_070,Zona_0
1,2,2100101,7,114.87,116.26,167.26,1,Poligono_Nave_industrial_070,Zona_0
1,3,2104501,3,4.3320000222808375,5.198400026737005,181.458400026737,1,Poligono_Nave_industrial_070,Zona_0
1,4,2104801,4,5.469030306718086,6.562836368061703,200.0212363947987,1,Poligono_Nave_industrial_070,Zona_0
1,5,2103301,7,3.444574472233368,4.133489366680042,225.15472576147874,1,Poligono_Nave_industrial_070,Zona_0
1,6,2102201,2,3.2251969207194273,3.870236304863313,235.02496206634206,1,Poligono_Nave_industrial_070,Zona_0
1,7,2103401,11,4.38610013587557,5.263320163050684,273.28828222939273,1,Poligono_Nave_industrial_070,Zona_0
1,8,2107101,2,3.2627613899847634,3.915313667981716,283.20359589737444,1,Poligono_Nave_industrial_070,Zona_0
1,9,2102601,3,4.151473222825534,4.981767867390642,297.1853637647651,1,Poligono_Nave_industrial_070,Zona_0
1,10,2100702,8,6.181128211412118,7.417353853694541,328.6027176184596,1,Poligono_Nave_industrial_070,Zona_0
1,11,2100703,16,4.381224394247657,5.257469273097188,381.8601868915568,1,Poligono_Nave_industrial_070,Zona_0
1,12,2107201,1,39.61310590962337,47.53572709154804,432.39591398310483,1,Poligono_Nave_industrial_070,Zona_0
1,13,Regreso_Poligono_Nave_industrial_070,0,53.31,47.18,479.57591398310484,1,Poligono_Nave_industrial_070,Zona_0
2,1,Inicio_Poligono_Nave_industrial_070,0,0.0,30.0,30.0,2,Poligono_Nave_industrial_070,Zona_0
2,2,2100201,116,67.63,50.91,428.90999999999997,2,Poligono_Nave_industrial_070,Zona_0
2,3,Regreso_Poligono_Nave_industrial_070,0,67.63,50.91,479.81999999999994,2,Poligono_Nave_industrial_070,Zona_0
3,1,Inicio_Poligono_Nave_industrial_070,0,0.0,30.0,30.0,3,Poligono_Nave_industrial_070,Zona_0
3,2,2100201,4,67.63,50.91,92.91,3,Poligono_Nave_industrial_070,Zona_0
3,3,2100202,110,3.98442067934485,4.78130481521382,427.6913048152138,3,Poligono_Nave_industrial_070,Zona_0
3,4,2104108,1,2.3346959919779473,2.8016351903735366,433.49294000558734,3,Poligono_Nave_industrial_070,Zona_0
3,5,Regreso_Poligono_Nave_industrial_070,0,60.34,43.71,477.2029400055873,3,Poligono_Nave_industrial_070,Zona_0
4,1,Inicio_Poligono_Nave_industrial_070,0,0.0,30.0,30.0,4,Poligono_Nave_industrial_070,Zona_0
4,2,2100202,44,65.9,50.64,212.64,4,Poligono_Nave_industrial_070,Zona_0
4,3,2104108,73,2.3346959919779473,2.8016351903735366,434.4416351903735,4,Poligono_Nave_industrial_070,Zona_0
4,4,Regreso_Poligono_Nave_industrial_070,0,60.34,43.71,478.1516351903735,4,Poligono_Nave_industrial_070,Zona_0
5,1,Inicio_Poligono_Nave_industrial_070,0,0.0,30.0,30.0,5,Poligono_Nave_industrial_070,Zona_0
5,2,2100301,8,111.24,115.45,169.45,5,Poligono_Nave_industrial_070,Zona_0
5,3,2103701,5,8.599350024725052,10.319220029670062,194.76922002967007,5,Poligono_Nave_industrial_070,Zona_0
5,4,2106501,4,8.042737221092134,9.651284665310559,216.42050469498062,5,Poligono_Nave_industrial_070,Zona_0
5,5,2106601,6,7.38050516289301,8.856606195471612,243.27711089045224,5,Poligono_Nave_industrial_070,Zona_0
5,6,2107301,24,9.626282478792788,11.551538974551347,326.82864986500357,5,Poligono_Nave_industrial_070,Zona_0
5,7,2104201,17,8.676140139172334,10.4113681670068,388.24001803201037,5,Poligono_Nave_industrial_070,Zona_0
5,8,2104203,5,3.701016628049109,4.44121995365893,407.6812379856693,5,Poligono_Nave_industrial_070,Zona_0
5,9,Regreso_Poligono_Nave_industrial_070,0,102.38,71.09,478.77123798566936,5,Poligono_Nave_industrial_070,Zona_0
6,1,Inicio_Poligono_Nave_industrial_070,0,0.0,30.0,30.0,6,Poligono_Nave_industrial_070,Zona_0
6,2,2100401,10,120.37,120.18,180.18,6,Poligono_Nave_industrial_070,Zona_0
6,3,2102502,12,4.099636339400535,4.919563607280641,221.09956360728066,6,Poligono_Nave_industrial_070,Zona_0
6,4,2102501,28,4.90856981235498,5.890283774825976,310.98984738210663,6,Poligono_Nave_industrial_070,Zona_0
6,5,2104301,19,7.541686754454896,9.050024105345875,377.0398714874525,6,Poligono_Nave_industrial_070,Zona_0
6,6,2107201,3,37.40153914419095,44.88184697302914,430.92171846048166,6,Poligono_Nave_industrial_070,Zona_0
6,7,Regreso_Poligono_Nave_industrial_070,0,53.31,47.18,478.10171846048166,6,Poligono_Nave_industrial_070,Zona_0
7,1,Inicio_Poligono_Nave_industrial_070,0,0.0,30.0,30.0,7,Poligono_Nave_industrial_070,Zona_0
7,2,2100402,7,101.67,109.12,160.12,7,Poligono_Nave_industrial_070,Zona_0
7,3,2106701,5,9.04392096408352,10.852705156900225,185.97270515690022,7,Poligono_Nave_industrial_070,Zona_0
7,4,2104301,2,6.3557855538153145,7.626942664578377,199.59964782147858,7,Poligono_Nave_industrial_070,Zona_0
7,5,2105101,3,7.509886095150555,9.011863314180665,217.61151113565924,7,Poligono_Nave_industrial_070,Zona_0
7,6,2102801,3,9.965737036548392,11.95888444385807,238.5703955795173,7,Poligono_Nave_industrial_070,Zona_0
7,7,2102701,1,9.083194413385526,10.899833296062631,252.47022887557995,7,Poligono_Nave_industrial_070,Zona_0
7,8,2102901,8,5.905502599137232,7.086603118964677,283.5568319945446,7,Poligono_Nave_industrial_070,Zona_0
7,9,2102902,6,5.943028904993149,7.131634685991778,308.6884666805364,7,Poligono_Nave_industrial_070,Zona_0
7,10,2103901,3,8.914783730112923,10.697740476135507,328.3862071566719,7,Poligono_Nave_industrial_070,Zona_0
7,11,2102001,3,6.318437660904732,7.5821251930856794,344.9683323497576,7,Poligono_Nave_industrial_070,Zona_0
7,12,2102401,5,6.803245724117465,8.16389486894096,368.1322272186985,7,Poligono_Nave_industrial_070,Zona_0
7,13,2105901,3,5.16162950416732,6.193955405000784,383.3261826236993,7,Poligono_Nave_industrial_070,Zona_0
7,14,2103801,1,6.793538513860199,8.15224621663224,394.47842884033156,7,Poligono_Nave_industrial_070,Zona_0
7,15,2105602,3,46.37746328279362,55.65295593935234,459.1313847796839,7,Poligono_Nave_industrial_070,Zona_0
7,16,Regreso_Poligono_Nave_industrial_070,0,15.4,19.7,478.8313847796839,7,Poligono_Nave_industrial_070,Zona_0
8,1,Inicio_Poligono_Nave_industrial_070,0,0.0,30.0,30.0,8,Poligono_Nave_industrial_070,Zona_0
8,2,2100501,73,16.25,26.62,275.62,8,Poligono_Nave_industrial_070,Zona_0
8,3,2100503,62,3.8452361767284398,4.614283412074128,466.2342834120741,8,Poligono_Nave_industrial_070,Zona_0
8,4,Regreso_Poligono_Nave_industrial_070,0,10.54,13.18,479.4142834120741,8,Poligono_Nave_industrial_070,Zona_0
9,1,Inicio_Poligono_Nave_industrial_070,0,0.0,30.0,30.0,9,Poligono_Nave_industrial_070,Zona_0
9,2,2100502,33,27.66,49.84,178.84,9,Poligono_Nave_industrial_070,Zona_0
9,3,2106102,28,4.662430493615283,5.59491659233834,268.43491659233837,9,Poligono_Nave_industrial_070,Zona_0
9,4,2106101,31,3.5225598019679434,4.227071762361533,365.66198835469993,9,Poligono_Nave_industrial_070,Zona_0
9,5,2101401,27,4.966902963490216,5.960283556188259,452.6222719108882,9,Poligono_Nave_industrial_070,Zona_0
9,6,Regreso_Poligono_Nave_industrial_070,0,33.94,26.62,479.2422719108882,9,Poligono_Nave_industrial_070,Zona_0
10,1,Inicio_Poligono_Nave_industrial_070,0,0.0,30.0,30.0,10,Poligono_Nave_industrial_070,Zona_0
10,2,2100503,43,10.54,13.18,172.18,10,Poligono_Nave_industrial_070,Zona_0
10,3,2104001,16,7.372030437615152,8.84643652513818,229.0264365251382,10,Poligono_Nave_industrial_070,Zona_0
10,4,2103001,18,4.962838227633536,5.955405873160243,288.98184239829845,10,Poligono_Nave_industrial_070,Zona_0
10,5,2104701,8,3.728862073005064,4.474634487606076,317.4564768859045,10,Poligono_Nave_industrial_070,Zona_0
10,6,2105602,8,4.323029536603305,5.187635443923965,346.6441123298285,10,Poligono_Nave_industrial_070,Zona_0
10,7,2104702,10,5.505795142683893,6.606954171220672,383.25106650104914,10,Poligono_Nave_industrial_070,Zona_0
10,8,2107401,24,2.4617347254609325,2.9540816705531188,458.2051481716023,10,Poligono_Nave_industrial_070,Zona_0
10,9,Regreso_Poligono_Nave_industrial_070,0,17.47,20.32,478.52514817160227,10,Poligono_Nave_industrial_070,Zona_0
11,1,Inicio_Poligono_Nave_industrial_070,0,0.0,30.0,30.0,11,Poligono_Nave_industrial_070,Zona_0
11,2,2100601,18,94.08,73.54,157.54000000000002,11,Poligono_Nave_industrial_070,Zona_0
11,3,2100602,15,5.674821657726833,6.809785989272199,209.34978598927222,11,Poligono_Nave_industrial_070,Zona_0
11,4,2107501,3,9.379749000322525,11.25569880038703,229.60548478965924,11,Poligono_Nave_industrial_070,Zona_0
11,5,2102301,18,9.916545267382343,11.899854320858811,295.50533911051804,11,Poligono_Nave_industrial_070,Zona_0
11,6,2101501,6,10.39760318500268,12.477123822003215,325.98246293252123,11,Poligono_Nave_industrial_070,Zona_0
11,7,2106801,9,9.087288154625194,10.904745785550233,363.88720871807146,11,Poligono_Nave_industrial_070,Zona_0
11,8,2101701,3,32.475640835396966,38.97076900247636,411.8579777205478,11,Poligono_Nave_industrial_070,Zona_0
11,9,2107203,1,14.131332537852169,16.9575990454226,431.81557676597043,11,Poligono_Nave_industrial_070,Zona_0
11,10,Regreso_Poligono_Nave_industrial_070,0,53.6,47.87,479.68557676597044,11,Poligono_Nave_industrial_070,Zona_0
12,1,Inicio_Poligono_Nave_industrial_070,0,0.0,30.0,30.0,12,Poligono_Nave_industrial_070,Zona_0
12,2,2100701,17,124.09,96.63,177.63,12,Poligono_Nave_industrial_070,Zona_0
12,3,2100703,40,0.8820452582627974,1.058454309915357,298.68845430991536,12,Poligono_Nave_industrial_070,Zona_0
12,4,2103801,9,12.480938153449946,14.977125784139934,340.6655800940553,12,Poligono_Nave_industrial_070,Zona_0
12,5,2107901,6,7.45546562163372,8.946558745960463,367.6121388400158,12,Poligono_Nave_industrial_070,Zona_0
12,6,2106901,7,13.915480246757287,16.698576296108744,405.31071513612454,12,Poligono_Nave_industrial_070,Zona_0
12,7,Regreso_Poligono_Nave_industrial_070,0,103.63,73.5,478.81071513612454,12,Poligono_Nave_industrial_070,Zona_0
13,1,Inicio_Poligono_Nave_industrial_070,0,0.0,30.0,30.0,13,Poligono_Nave_industrial_070,Zona_0
13,2,2100801,11,128.85,124.27,187.26999999999998,13,Poligono_Nave_industrial_070,Zona_0
13,3,2100802,8,11.323741931214808,13.58849031745777,224.85849031745775,13,Poligono_Nave_industrial_070,Zona_0
13,4,2100803,6,10.599807005076073,12.719768406091287,255.57825872354903,13,Poligono_Nave_industrial_070,Zona_0
13,5,2106201,13,13.796214323390549,16.555457188068658,311.1337159116177,13,Poligono_Nave_industrial_070,Zona_0
13,6,2105701,9,22.741421533420187,27.289705840104222,365.4234217517219,13,Poligono_Nave_industrial_070,Zona_0
13,7,2105802,2,15.991510422865284,19.18981250743834,390.6132342591602,13,Poligono_Nave_industrial_070,Zona_0
13,8,Regreso_Poligono_Nave_industrial_070,0,109.92,88.64,479.2532342591602,13,Poligono_Nave_industrial_070,Zona_0
14,1,Inicio_Poligono_Nave_industrial_070,0,0.0,30.0,30.0,14,Poligono_Nave_industrial_070,Zona_0
14,2,2100901,6,132.67,105.81,153.81,14,Poligono_Nave_industrial_070,Zona_0
14,3,2101601,9,9.235791748508715,11.082950098210457,191.89295009821046,14,Poligono_Nave_industrial_070,Zona_0
14,4,2106901,11,13.359645944836997,16.031575133804395,240.92452523201484,14,Poligono_Nave_industrial_070,Zona_0
14,5,4108001,11,9.893311416245568,11.871973699494683,285.7964989315095,14,Poligono_Nave_industrial_070,Zona_0
14,6,4100901,11,10.19576601904359,12.234919222852309,331.03141815436186,14,Poligono_Nave_industrial_070,Zona_0
14,7,4108301,12,16.16930261536973,19.403163138443674,386.43458129280555,14,Poligono_Nave_industrial_070,Zona_0
14,8,4104301,7,13.051522135645387,15.661826562774465,423.09640785558,14,Poligono_Nave_industrial_070,Zona_0
14,9,4103001,1,30.022352307445846,36.02682276893502,462.12323062451503,14,Poligono_Nave_industrial_070,Zona_0
14,10,Regreso_Poligono_Nave_industrial_070,0,14.27,17.68,479.80323062451504,14,Poligono_Nave_industrial_070,Zona_0
15,1,Inicio_Poligono_Nave_industrial_070,0,0.0,30.0,30.0,15,Poligono_Nave_industrial_070,Zona_0
15,2,2101001,83,107.38,73.33,352.33,15,Poligono_Nave_industrial_070,Zona_0
15,3,2101002,17,0.3776336480393865,0.4531603776472638,403.7831603776473,15,Poligono_Nave_industrial_070,Zona_0
15,4,Regreso_Poligono_Nave_industrial_070,0,107.78,74.51,478.29316037764727,15,Poligono_Nave_industrial_070,Zona_0
16,1,Inicio_Poligono_Nave_industrial_070,0,0.0,30.0,30.0,16,Poligono_Nave_industrial_070,Zona_0
16,2,2101002,31,107.78,74.51,197.51,16,Poligono_Nave_industrial_070,Zona_0
16,3,2101003,56,4.080614718142985,4.896737661771582,370.40673766177156,16,Poligono_Nave_industrial_070,Zona_0
16,4,2104202,11,4.445245350235012,5.334294420282014,408.74103208205355,16,Poligono_Nave_industrial_070,Zona_0
16,5,Regreso_Poligono_Nave_industrial_070,0,102.42,71.13,479.87103208205355,16,Poligono_Nave_industrial_070,Zona_0
17,1,Inicio_Poligono_Nave_industrial_070,0,0.0,30.0,30.0,17,Poligono_Nave_industrial_070,Zona_0
17,2,2101101,38,46.79,48.18,192.18,17,Poligono_Nave_industrial_070,Zona_0
17,3,2107002,27,6.789043907568878,8.146852689082655,281.32685268908267,17,Poligono_Nave_industrial_070,Zona_0
17,4,2106402,45,3.455572210545764,4.146686652654917,420.4735393417376,17,Poligono_Nave_industrial_070,Zona_0
17,5,2105001,4,6.991612626588458,8.389935151906151,440.86347449364376,17,Poligono_Nave_industrial_070,Zona_0
17,6,Regreso_Poligono_Nave_industrial_070,0,51.78,37.89,478.75347449364375,17,Poligono_Nave_industrial_070,Zona_0
18,1,Inicio_Poligono_Nave_industrial_070,0,0.0,30.0,30.0,18,Poligono_Nave_industrial_070,Zona_0
18,2,2101201,3,55.42,79.88,118.88,18,Poligono_Nave_industrial_070,Zona_0
18,3,2107802,11,10.033067492877391,12.039680991452869,163.91968099145288,18,Poligono_Nave_industrial_070,Zona_0
18,4,2104901,28,9.028899803475978,10.834679764171174,258.754360755624,18,Poligono_Nave_industrial_070,Zona_0
18,5,2104902,7,1.2084011939494743,1.4500814327393692,281.2044421883634,18,Poligono_Nave_industrial_070,Zona_0
18,6,2105201,16,2.5057650293358984,3.006918035203078,332.21136022356643,18,Poligono_Nave_industrial_070,Zona_0
18,7,2105202,14,3.054149768027072,3.6649797216324864,377.87633994519894,18,Poligono_Nave_industrial_070,Zona_0
18,8,2105203,2,4.111612411735287,4.933934894082344,388.8102748392813,18,Poligono_Nave_industrial_070,Zona_0
18,9,2103201,5,23.114674479034395,27.737609374841274,431.5478842141226,18,Poligono_Nave_industrial_070,Zona_0
18,10,4103001,4,12.839062897703764,15.406875477244519,458.9547596913671,18,Poligono_Nave_industrial_070,Zona_0
18,11,4102502,1,3.4263263316132426,4.111591597935892,466.066351289303,18,Poligono_Nave_industrial_070,Zona_0
18,12,Regreso_Poligono_Nave_industrial_070,0,12.59,12.06,478.126351289303,18,Poligono_Nave_industrial_070,Zona_0
19,1,Inicio_Poligono_Nave_industrial_070,0,0.0,30.0,30.0,19,Poligono_Nave_industrial_070,Zona_0
19,2,2101301,25,23.39,21.12,126.12,19,Poligono_Nave_industrial_070,Zona_0
19,3,2101302,24,0.486521633210099,0.5838259598521188,198.7038259598521,19,Poligono_Nave_industrial_070,Zona_0
19,4,2101304,20,0.6059703420408874,0.7271644104490649,259.4309903703012,19,Poligono_Nave_industrial_070,Zona_0
19,5,2101305,18,0.32807321136509643,0.3936878536381157,313.82467822393926,19,Poligono_Nave_industrial_070,Zona_0
19,6,2101303,33,2.8745127371431383,3.449415284571766,416.27409350851104,19,Poligono_Nave_industrial_070,Zona_0
19,7,2107702,9,4.29919799153459,5.159037589841508,448.43313109835253,19,Poligono_Nave_industrial_070,Zona_0
19,8,Regreso_Poligono_Nave_industrial_070,0,28.46,30.08,478.5131310983525,19,Poligono_Nave_industrial_070,Zona_0
20,1,Inicio_Poligono_Nave_industrial_070,0,0.0,30.0,30.0,20,Poligono_Nave_industrial_070,Zona_0
20,2,2101401,21,33.94,26.62,119.62,20,Poligono_Nave_industrial_070,Zona_0
20,3,2105302,15,3.1895895243145964,3.8275074291775155,168.4475074291775,20,Poligono_Nave_industrial_070,Zona_0
20,4,2105301,9,1.8801265951582076,2.256151914189849,197.70365934336735,20,Poligono_Nave_industrial_070,Zona_0
20,5,2107702,3,6.431205618528944,7.717446742234733,214.42110608560208,20,Poligono_Nave_industrial_070,Zona_0
20,6,2107701,7,6.10106896250455,7.32128275500546,242.74238884060753,20,Poligono_Nave_industrial_070,Zona_0
20,7,2105303,13,5.277900958421737,6.333481150106085,288.0758699907136,20,Poligono_Nave_industrial_070,Zona_0
20,8,2105401,50,11.029490016213774,13.23538801945653,451.31125801017015,20,Poligono_Nave_industrial_070,Zona_0
20,9,Regreso_Poligono_Nave_industrial_070,0,28.67,26.87,478.18125801017015,20,Poligono_Nave_industrial_070,Zona_0
21,1,Inicio_Poligono_Nave_industrial_070,0,0.0,30.0,30.0,21,Poligono_Nave_industrial_070,Zona_0
21,2,2101701,23,72.51,65.36,164.36,21,Poligono_Nave_industrial_070,Zona_0
21,3,2101702,1,1.822554652883053,2.1870655834596637,169.54706558345967,21,Poligono_Nave_industrial_070,Zona_0
21,4,2190201,10,5.667304335444002,6.800765202532802,206.34783078599247,21,Poligono_Nave_industrial_070,Zona_0
21,5,2107801,14,11.459262294594865,13.751114753513837,262.0989455395063,21,Poligono_Nave_industrial_070,Zona_0
21,6,2107201,34,9.069766705766295,10.883720046919555,374.98266558642587,21,Poligono_Nave_industrial_070,Zona_0
21,7,2107203,18,0.38137495451885584,0.457649945422627,429.4403155318485,21,Poligono_Nave_industrial_070,Zona_0
21,8,2107202,1,0.5942747792644838,0.7131297351173805,433.1534452669659,21,Poligono_Nave_industrial_070,Zona_0
21,9,Regreso_Poligono_Nave_industrial_070,0,52.81,46.54,479.6934452669659,21,Poligono_Nave_industrial_070,Zona_0
22,1,Inicio_Poligono_Nave_industrial_070,0,0.0,30.0,30.0,22,Poligono_Nave_industrial_070,Zona_0
22,2,2101801,10,76.39,78.94,138.94,22,Poligono_Nave_industrial_070,Zona_0
22,3,2101802,9,2.5541489454640005,3.0649787345568007,169.0049787345568,22,Poligono_Nave_industrial_070,Zona_0
22,4,2101901,7,8.48222214011881,10.178666568142571,200.18364530269938,22,Poligono_Nave_industrial_070,Zona_0
22,5,2103601,2,6.502504641706903,7.803005570048283,213.98665087274765,22,Poligono_Nave_industrial_070,Zona_0
22,6,2105203,13,10.031211699223283,12.03745403906794,265.0241049118156,22,Poligono_Nave_industrial_070,Zona_0
22,7,4105701,3,7.050321400897076,8.460385681076492,282.4844905928921,22,Poligono_Nave_industrial_070,Zona_0
22,8,4103101,12,12.443156427826812,14.931787713392175,333.41627830628425,22,Poligono_Nave_industrial_070,Zona_0
22,9,4101301,21,19.429291753176226,23.31515010381147,419.73142841009576,22,Poligono_Nave_industrial_070,Zona_0
22,10,4101302,6,0.7987623377776639,0.9585148053331967,438.68994321542897,22,Poligono_Nave_industrial_070,Zona_0
22,11,4102501,1,17.162703529845214,20.595244235814256,462.28518745124325,22,Poligono_Nave_industrial_070,Zona_0
22,12,4102502,1,1.1329250959314487,1.3595101151177387,466.644697566361,22,Poligono_Nave_industrial_070,Zona_0
22,13,Regreso_Poligono_Nave_industrial_070,0,12.59,12.06,478.704697566361,22,Poligono_Nave_industrial_070,Zona_0
23,1,Inicio_Poligono_Nave_industrial_070,0,0.0,30.0,30.0,23,Poligono_Nave_industrial_070,Zona_0
23,2,2102101,72,81.29,59.0,305.0,23,Poligono_Nave_industrial_070,Zona_0
23,3,2102102,38,0.3648643523485278,0.4378372228182334,419.43783722281825,23,Poligono_Nave_industrial_070,Zona_0
23,4,Regreso_Poligono_Nave_industrial_070,0,81.59,58.69,478.12783722281824,23,Poligono_Nave_industrial_070,Zona_0
24,1,Inicio_Poligono_Nave_industrial_070,0,0.0,30.0,30.0,24,Poligono_Nave_industrial_070,Zona_0
24,2,2102102,77,81.59,58.69,319.69,24,Poligono_Nave_industrial_070,Zona_0
24,3,2104403,30,2.9558368413021783,3.5470042095626138,413.2370042095626,24,Poligono_Nave_industrial_070,Zona_0
24,4,Regreso_Poligono_Nave_industrial_070,0,87.8,65.29,478.5270042095626,24,Poligono_Nave_industrial_070,Zona_0
25,1,Inicio_Poligono_Nave_industrial_070,0,0.0,30.0,30.0,25,Poligono_Nave_industrial_070,Zona_0
25,2,2103101,10,147.95,132.52,192.52,25,Poligono_Nave_industrial_070,Zona_0
25,3,2105701,1,56.128129489222445,67.35375538706694,262.8737553870669,25,Poligono_Nave_industrial_070,Zona_0
25,4,2105801,9,12.436201335377909,14.923441602453492,304.79719698952044,25,Poligono_Nave_industrial_070,Zona_0
25,5,2105802,16,5.1094258754518975,6.131311050542277,358.92850804006275,25,Poligono_Nave_industrial_070,Zona_0
25,6,2107601,9,15.050046016763018,18.060055220115622,403.98856326017835,25,Poligono_Nave_industrial_070,Zona_0
25,7,2103502,1,23.31614283399151,27.979371400789812,434.9679346609682,25,Poligono_Nave_industrial_070,Zona_0
25,8,Regreso_Poligono_Nave_industrial_070,0,62.74,44.77,479.73793466096816,25,Poligono_Nave_industrial_070,Zona_0
26,1,Inicio_Poligono_Nave_industrial_070,0,0.0,30.0,30.0,26,Poligono_Nave_industrial_070,Zona_0
26,2,2103201,15,25.9,47.42,122.42,26,Poligono_Nave_industrial_070,Zona_0
26,3,2105601,16,7.307533813953967,8.769040576744759,179.18904057674476,26,Poligono_Nave_industrial_070,Zona_0
26,4,2107401,1,8.609841934391945,10.331810321270334,192.52085089801508,26,Poligono_Nave_industrial_070,Zona_0
26,5,2105401,42,8.157207851100985,9.788649421321182,328.3095003193363,26,Poligono_Nave_industrial_070,Zona_0
26,6,4102502,9,21.39125355898351,25.669504270780212,380.97900459011646,26,Poligono_Nave_industrial_070,Zona_0
26,7,4102501,12,1.1329250959314487,1.3595101151177387,418.3385147052342,26,Poligono_Nave_industrial_070,Zona_0
26,8,4105101,14,3.27123819334747,3.925485832016964,464.26400053725115,26,Poligono_Nave_industrial_070,Zona_0
26,9,Regreso_Poligono_Nave_industrial_070,0,15.51,15.56,479.82400053725115,26,Poligono_Nave_industrial_070,Zona_0
27,1,Inicio_Poligono_Nave_industrial_070,0,0.0,30.0,30.0,27,Poligono_Nave_industrial_070,Zona_0
27,2,2103501,50,68.79,64.05,244.05,27,Poligono_Nave_industrial_070,Zona_0
27,3,2103502,60,5.6311876244504475,6.757425149340537,430.8074251493406,27,Poligono_Nave_industrial_070,Zona_0
27,4,Regreso_Poligono_Nave_industrial_070,0,62.74,44.77,475.57742514934057,27,Poligono_Nave_industrial_070,Zona_0
28,1,Inicio_Poligono_Nave_industrial_070,0,0.0,30.0,30.0,28,Poligono_Nave_industrial_070,Zona_0
28,2,2104002,21,27.34,49.41,142.41,28,Poligono_Nave_industrial_070,Zona_0
28,3,4109702,17,12.226660045913707,14.67199205509645,208.08199205509646,28,Poligono_Nave_industrial_070,Zona_0
28,4,4109701,20,3.9608896873704915,4.75306762484459,272.8350596799411,28,Poligono_Nave_industrial_070,Zona_0
28,5,4107501,63,5.881310266738427,7.057572320086113,468.8926320000272,28,Poligono_Nave_industrial_070,Zona_0
28,6,Regreso_Poligono_Nave_industrial_070,0,8.27,10.87,479.7626320000272,28,Poligono_Nave_industrial_070,Zona_0
29,1,Inicio_Poligono_Nave_industrial_070,0,0.0,30.0,30.0,29,Poligono_Nave_industrial_070,Zona_0
29,2,2104101,119,64.27,45.61,432.61,29,Poligono_Nave_industrial_070,Zona_0
29,3,2104107,1,1.618588547499646,1.942306256999575,437.5523062569996,29,Poligono_Nave_industrial_070,Zona_0
29,4,Regreso_Poligono_Nave_industrial_070,0,58.62,41.95,479.5023062569996,29,Poligono_Nave_industrial_070,Zona_0
30,1,Inicio_Poligono_Nave_industrial_070,0,0.0,30.0,30.0,30,Poligono_Nave_industrial_070,Zona_0
30,2,2104101,119,64.27,45.61,432.61,30,Poligono_Nave_industrial_070,Zona_0
30,3,2104107,1,1.618588547499646,1.942306256999575,437.5523062569996,30,Poligono_Nave_industrial_070,Zona_0
30,4,Regreso_Poligono_Nave_industrial_070,0,58.62,41.95,479.5023062569996,30,Poligono_Nave_industrial_070,Zona_0
31,1,Inicio_Poligono_Nave_industrial_070,0,0.0,30.0,30.0,31,Poligono_Nave_industrial_070,Zona_0
31,2,2104101,2,64.27,45.61,81.61,31,Poligono_Nave_industrial_070,Zona_0
31,3,2104103,117,0.447774095863328,0.5373289150359937,433.147328915036,31,Poligono_Nave_industrial_070,Zona_0
31,4,Regreso_Poligono_Nave_industrial_070,0,64.15,46.06,479.207328915036,31,Poligono_Nave_industrial_070,Zona_0
32,1,Inicio_Poligono_Nave_industrial_070,0,0.0,30.0,30.0,32,Poligono_Nave_industrial_070,Zona_0
32,2,2104102,119,62.07,45.63,432.63,32,Poligono_Nave_industrial_070,Zona_0
32,3,2104107,1,1.8044669264769002,2.16536031177228,437.7953603117723,32,Poligono_Nave_industrial_070,Zona_0
32,4,Regreso_Poligono_Nave_industrial_070,0,58.62,41.95,479.7453603117723,32,Poligono_Nave_industrial_070,Zona_0
33,1,Inicio_Poligono_Nave_industrial_070,0,0.0,30.0,30.0,33,Poligono_Nave_industrial_070,Zona_0
33,2,2104102,27,62.07,45.63,156.63,33,Poligono_Nave_industrial_070,Zona_0
33,3,2104103,41,1.329836802065275,1.5958041624783301,281.2258041624783,33,Poligono_Nave_industrial_070,Zona_0
33,4,2104104,51,1.9269356390551986,2.312322766866238,436.53812692934457,33,Poligono_Nave_industrial_070,Zona_0
33,5,Regreso_Poligono_Nave_industrial_070,0,59.03,42.72,479.2581269293446,33,Poligono_Nave_industrial_070,Zona_0
34,1,Inicio_Poligono_Nave_industrial_070,0,0.0,30.0,30.0,34,Poligono_Nave_industrial_070,Zona_0
34,2,2104104,115,59.03,42.72,417.72,34,Poligono_Nave_industrial_070,Zona_0
34,3,2104105,6,0.30263294013245173,0.3631595281589421,436.08315952815894,34,Poligono_Nave_industrial_070,Zona_0
34,4,Regreso_Poligono_Nave_industrial_070,0,58.67,42.02,478.1031595281589,34,Poligono_Nave_industrial_070,Zona_0
35,1,Inicio_Poligono_Nave_industrial_070,0,0.0,30.0,30.0,35,Poligono_Nave_industrial_070,Zona_0
35,2,2104105,121,58.67,42.02,435.02,35,Poligono_Nave_industrial_070,Zona_0
35,3,Regreso_Poligono_Nave_industrial_070,0,58.67,42.02,477.03999999999996,35,Poligono_Nave_industrial_070,Zona_0
36,1,Inicio_Poligono_Nave_industrial_070,0,0.0,30.0,30.0,36,Poligono_Nave_industrial_070,Zona_0
36,2,2104105,39,58.67,42.02,189.02,36,Poligono_Nave_industrial_070,Zona_0
36,3,2104106,82,0.5457587378138197,0.6549104853765836,435.6749104853766,36,Poligono_Nave_industrial_070,Zona_0
36,4,Regreso_Poligono_Nave_industrial_070,0,58.68,41.98,477.6549104853766,36,Poligono_Nave_industrial_070,Zona_0
37,1,Inicio_Poligono_Nave_industrial_070,0,0.0,30.0,30.0,37,Poligono_Nave_industrial_070,Zona_0
37,2,2104106,4,58.68,41.98,83.97999999999999,37,Poligono_Nave_industrial_070,Zona_0
37,3,2104107,117,1.1262626759663037,1.3515152111595645,436.3315152111595,37,Poligono_Nave_industrial_070,Zona_0
37,4,Regreso_Poligono_Nave_industrial_070,0,58.62,41.95,478.2815152111595,37,Poligono_Nave_industrial_070,Zona_0
38,1,Inicio_Poligono_Nave_industrial_070,0,0.0,30.0,30.0,38,Poligono_Nave_industrial_070,Zona_0
38,2,2104107,122,58.62,41.95,437.95,38,Poligono_Nave_industrial_070,Zona_0
38,3,Regreso_Poligono_Nave_industrial_070,0,58.62,41.95,479.9,38,Poligono_Nave_industrial_070,Zona_0
39,1,Inicio_Poligono_Nave_industrial_070,0,0.0,30.0,30.0,39,Poligono_Nave_industrial_070,Zona_0
39,2,2104107,34,58.62,41.95,173.95,39,Poligono_Nave_industrial_070,Zona_0
39,3,2104108,67,3.91613965226968,4.699367582723616,379.6493675827236,39,Poligono_Nave_industrial_070,Zona_0
39,4,2105501,12,8.679622413160683,10.415546895792819,426.0649144785164,39,Poligono_Nave_industrial_070,Zona_0
39,5,2105002,1,6.975632156943483,8.37075858833218,437.4356730668486,39,Poligono_Nave_industrial_070,Zona_0
39,6,Regreso_Poligono_Nave_industrial_070,0,54.12,40.07,477.5056730668486,39,Poligono_Nave_industrial_070,Zona_0
40,1,Inicio_Poligono_Nave_industrial_070,0,0.0,30.0,30.0,40,Poligono_Nave_industrial_070,Zona_0
40,2,2104202,53,102.42,71.13,260.13,40,Poligono_Nave_industrial_070,Zona_0
40,3,2104203,49,0.509848911402197,0.6118186936826364,407.7418186936826,40,Poligono_Nave_industrial_070,Zona_0
40,4,Regreso_Poligono_Nave_industrial_070,0,102.38,71.09,478.83181869368264,40,Poligono_Nave_industrial_070,Zona_0
41,1,Inicio_Poligono_Nave_industrial_070,0,0.0,30.0,30.0,41,Poligono_Nave_industrial_070,Zona_0
41,2,2104203,20,102.38,71.09,161.09,41,Poligono_Nave_industrial_070,Zona_0
41,3,2104204,17,5.789086449828072,6.946903739793686,219.03690373979367,41,Poligono_Nave_industrial_070,Zona_0
41,4,2104402,64,3.212115201793443,3.854538242152132,414.89144198194583,41,Poligono_Nave_industrial_070,Zona_0
41,5,Regreso_Poligono_Nave_industrial_070,0,95.59,64.69,479.58144198194583,41,Poligono_Nave_industrial_070,Zona_0
42,1,Inicio_Poligono_Nave_industrial_070,0,0.0,30.0,30.0,42,Poligono_Nave_industrial_070,Zona_0
42,2,2104401,102,87.54,64.19,400.19,42,Poligono_Nave_industrial_070,Zona_0
42,3,2104402,4,2.345735989776657,2.814883187731988,415.004883187732,42,Poligono_Nave_industrial_070,Zona_0
42,4,Regreso_Poligono_Nave_industrial_070,0,95.59,64.69,479.694883187732,42,Poligono_Nave_industrial_070,Zona_0
43,1,Inicio_Poligono_Nave_industrial_070,0,0.0,30.0,30.0,43,Poligono_Nave_industrial_070,Zona_0
43,2,2104402,2,95.59,64.69,100.69,43,Poligono_Nave_industrial_070,Zona_0
43,3,2104403,47,4.8514504757024195,5.821740570842903,247.5117405708429,43,Poligono_Nave_industrial_070,Zona_0
43,4,2106301,36,18.803736114602906,22.564483337523487,378.0762239083664,43,Poligono_Nave_industrial_070,Zona_0
43,5,2107601,5,10.628582200405058,12.75429864048607,405.83052254885246,43,Poligono_Nave_industrial_070,Zona_0
43,6,Regreso_Poligono_Nave_industrial_070,0,89.56,73.75,479.58052254885246,43,Poligono_Nave_industrial_070,Zona_0
44,1,Inicio_Poligono_Nave_industrial_070,0,0.0,30.0,30.0,44,Poligono_Nave_industrial_070,Zona_0
44,2,2104601,31,48.63,43.56,166.56,44,Poligono_Nave_industrial_070,Zona_0
44,3,2105002,40,9.225539114037264,11.070646936844717,297.63064693684476,44,Poligono_Nave_industrial_070,Zona_0
44,4,2105001,47,2.168336433761436,2.602003720513723,441.2326506573585,44,Poligono_Nave_industrial_070,Zona_0
44,5,Regreso_Poligono_Nave_industrial_070,0,51.78,37.89,479.12265065735846,44,Poligono_Nave_industrial_070,Zona_0
45,1,Inicio_Poligono_Nave_industrial_070,0,0.0,30.0,30.0,45,Poligono_Nave_industrial_070,Zona_0
45,2,2105001,1,51.78,37.89,70.89,45,Poligono_Nave_industrial_070,Zona_0
45,3,2106401,36,2.062450568972217,2.4749406827666602,181.36494068276664,45,Poligono_Nave_industrial_070,Zona_0
45,4,2106402,7,6.2663516503156105,7.519621980378732,209.88456266314537,45,Poligono_Nave_industrial_070,Zona_0
45,5,2107001,47,12.23803336516746,14.685640038200953,365.5702027013463,45,Poligono_Nave_industrial_070,Zona_0
45,6,2107203,15,16.793646613315683,20.152375935978817,430.7225786373251,45,Poligono_Nave_industrial_070,Zona_0
45,7,Regreso_Poligono_Nave_industrial_070,0,53.6,47.87,478.5925786373251,45,Poligono_Nave_industrial_070,Zona_0
46,1,Inicio_Poligono_Nave_industrial_070,0,0.0,30.0,30.0,46,Poligono_Nave_industrial_070,Zona_0
46,2,2105003,104,67.86,65.53,407.53,46,Poligono_Nave_industrial_070,Zona_0
46,3,2105501,3,9.519780505955168,11.423736607146202,427.9537366071462,46,Poligono_Nave_industrial_070,Zona_0
46,4,Regreso_Poligono_Nave_industrial_070,0,61.99,51.7,479.6537366071462,46,Poligono_Nave_industrial_070,Zona_0
47,1,Inicio_Poligono_Nave_industrial_070,0,0.0,30.0,30.0,47,Poligono_Nave_industrial_070,Zona_0
47,2,2105501,105,61.99,51.7,396.7,47,Poligono_Nave_industrial_070,Zona_0
47,3,2106001,2,8.71916181844909,10.462994182138907,413.1629941821389,47,Poligono_Nave_industrial_070,Zona_0
47,4,Regreso_Poligono_Nave_industrial_070,0,80.77,65.01,478.1729941821389,47,Poligono_Nave_industrial_070,Zona_0
48,1,Inicio_Poligono_Nave_industrial_070,0,0.0,30.0,30.0,48,Poligono_Nave_industrial_070,Zona_0
48,2,2106001,106,80.77,65.01,413.01,48,Poligono_Nave_industrial_070,Zona_0
48,3,Regreso_Poligono_Nave_industrial_070,0,80.77,65.01,478.02,48,Poligono_Nave_industrial_070,Zona_0
49,1,Inicio_Poligono_Nave_industrial_070,0,0.0,30.0,30.0,49,Poligono_Nave_industrial_070,Zona_0
49,2,2106001,34,80.77,65.01,197.01,49,Poligono_Nave_industrial_070,Zona_0
49,3,2107602,10,36.917761768372635,44.30131412204717,271.3113141220472,49,Poligono_Nave_industrial_070,Zona_0
49,4,2107601,2,6.495828775807365,7.794994530968838,285.106308653016,49,Poligono_Nave_industrial_070,Zona_0
49,5,2107203,21,39.54489434528128,47.453873214337534,395.56018186735355,49,Poligono_Nave_industrial_070,Zona_0
49,6,2107202,12,0.5942747792644838,0.7131297351173805,432.2733116024709,49,Poligono_Nave_industrial_070,Zona_0
49,7,Regreso_Poligono_Nave_industrial_070,0,52.81,46.54,478.81331160247095,49,Poligono_Nave_industrial_070,Zona_0
50,1,Inicio_Poligono_Nave_industrial_070,0,0.0,30.0,30.0,50,Poligono_Nave_industrial_070,Zona_0
50,2,2107202,14,52.81,46.54,118.53999999999999,50,Poligono_Nave_industrial_070,Zona_0
50,3,4101302,25,43.523767197040755,52.228520636448906,245.7685206364489,50,Poligono_Nave_industrial_070,Zona_0
50,4,4104502,51,9.047187364610686,10.856624837532824,409.6251454739817,50,Poligono_Nave_industrial_070,Zona_0
50,5,4104501,6,4.069296785837687,4.883156143005224,432.50830161698696,50,Poligono_Nave_industrial_070,Zona_0
50,6,4106702,1,12.366550537909754,14.839860645491704,450.34816226247864,50,Poligono_Nave_industrial_070,Zona_0
50,7,Regreso_Poligono_Nave_industrial_070,0,32.36,28.34,478.6881622624786,50,Poligono_Nave_industrial_070,Zona_0
51,1,Inicio_Poligono_Nave_industrial_070,0,0.0,30.0,30.0,51,Poligono_Nave_industrial_070,Zona_0
51,2,4100301,28,35.22,41.14,155.14,51,Poligono_Nave_industrial_070,Zona_0
51,3,4106701,45,3.4535264197027766,4.144231703643332,294.2842317036433,51,Poligono_Nave_industrial_070,Zona_0
51,4,4106702,31,5.768250252544154,6.921900303052984,394.2061320066963,51,Poligono_Nave_industrial_070,Zona_0
51,5,4109801,17,2.511614344266674,3.013937213120009,448.2200692198163,51,Poligono_Nave_industrial_070,Zona_0
51,6,4109401,1,2.83106517574361,3.397278210892332,454.61734743070866,51,Poligono_Nave_industrial_070,Zona_0
51,7,Regreso_Poligono_Nave_industrial_070,0,31.4,24.82,479.43734743070866,51,Poligono_Nave_industrial_070,Zona_0
52,1,Inicio_Poligono_Nave_industrial_070,0,0.0,30.0,30.0,52,Poligono_Nave_industrial_070,Zona_0
52,2,4100501,20,59.74,50.14,140.14,52,Poligono_Nave_industrial_070,Zona_0
52,3,4100502,92,0.7372202660674034,0.8846643192808841,417.0246643192809,52,Poligono_Nave_industrial_070,Zona_0
52,4,4108101,3,3.5206994584203786,4.224839350104455,430.2495036693853,52,Poligono_Nave_industrial_070,Zona_0
52,5,4100701,1,3.631523365171154,4.357828038205385,437.60733170759073,52,Poligono_Nave_industrial_070,Zona_0
52,6,Regreso_Poligono_Nave_industrial_070,0,51.34,40.38,477.9873317075907,52,Poligono_Nave_industrial_070,Zona_0
53,1,Inicio_Poligono_Nave_industrial_070,0,0.0,30.0,30.0,53,Poligono_Nave_industrial_070,Zona_0
53,2,4100701,40,51.34,40.38,190.38,53,Poligono_Nave_industrial_070,Zona_0
53,3,4100702,82,0.4053327756397063,0.4863993307676475,436.86639933076765,53,Poligono_Nave_industrial_070,Zona_0
53,4,4104701,1,9.73620594614847,11.683447135378163,451.5498464661458,53,Poligono_Nave_industrial_070,Zona_0
53,5,Regreso_Poligono_Nave_industrial_070,0,36.2,28.05,479.59984646614583,53,Poligono_Nave_industrial_070,Zona_0
54,1,Inicio_Poligono_Nave_industrial_070,0,0.0,30.0,30.0,54,Poligono_Nave_industrial_070,Zona_0
54,2,4100702,27,52.07,41.93,152.93,54,Poligono_Nave_industrial_070,Zona_0
54,3,4108901,15,3.1954520210294013,3.8345424252352815,201.76454242523528,54,Poligono_Nave_industrial_070,Zona_0
54,4,4109601,78,3.3927833184433362,4.071339982132003,439.8358824073673,54,Poligono_Nave_industrial_070,Zona_0
54,5,4102102,1,2.909381486115488,3.4912577833385856,446.3271401907059,54,Poligono_Nave_industrial_070,Zona_0
54,6,Regreso_Poligono_Nave_industrial_070,0,40.96,32.18,478.5071401907059,54,Poligono_Nave_industrial_070,Zona_0
55,1,Inicio_Poligono_Nave_industrial_070,0,0.0,30.0,30.0,55,Poligono_Nave_industrial_070,Zona_0
55,2,4101001,68,36.04,33.55,267.55,55,Poligono_Nave_industrial_070,Zona_0
55,3,4104401,55,3.734790421836569,4.481748506203883,437.0317485062039,55,Poligono_Nave_industrial_070,Zona_0
55,4,4101602,4,3.298484852717459,3.958181823260951,452.9899303294648,55,Poligono_Nave_industrial_070,Zona_0
55,5,Regreso_Poligono_Nave_industrial_070,0,30.66,24.38,477.3699303294648,55,Poligono_Nave_industrial_070,Zona_0
56,1,Inicio_Poligono_Nave_industrial_070,0,0.0,30.0,30.0,56,Poligono_Nave_industrial_070,Zona_0
56,2,4101201,41,32.77,56.45,209.45,56,Poligono_Nave_industrial_070,Zona_0
56,3,4101501,22,4.382383018763382,5.258859622516058,280.70885962251606,56,Poligono_Nave_industrial_070,Zona_0
56,4,4101502,41,2.2934652048986304,2.7521582458783564,406.46101786839444,56,Poligono_Nave_industrial_070,Zona_0
56,5,4108702,15,4.0684461802108185,4.882135416252982,456.3431532846474,56,Poligono_Nave_industrial_070,Zona_0
56,6,Regreso_Poligono_Nave_industrial_070,0,27.24,23.13,479.4731532846474,56,Poligono_Nave_industrial_070,Zona_0
57,1,Inicio_Poligono_Nave_industrial_070,0,0.0,30.0,30.0,57,Poligono_Nave_industrial_070,Zona_0
57,2,4101601,66,31.96,27.32,255.32,57,Poligono_Nave_industrial_070,Zona_0
57,3,4101602,42,1.1006625011941682,1.3207950014330019,382.640795001433,57,Poligono_Nave_industrial_070,Zona_0
57,4,4104401,16,3.298484852717459,3.958181823260951,434.5989768246939,57,Poligono_Nave_industrial_070,Zona_0
57,5,4105901,2,3.372943279342306,4.047531935210767,444.6465087599047,57,Poligono_Nave_industrial_070,Zona_0
57,6,4101701,1,3.1905394288383646,3.828647314606038,451.4751560745107,57,Poligono_Nave_industrial_070,Zona_0
57,7,Regreso_Poligono_Nave_industrial_070,0,35.78,28.06,479.5351560745107,57,Poligono_Nave_industrial_070,Zona_0
58,1,Inicio_Poligono_Nave_industrial_070,0,0.0,30.0,30.0,58,Poligono_Nave_industrial_070,Zona_0
58,2,4101701,131,35.78,28.06,451.06,58,Poligono_Nave_industrial_070,Zona_0
58,3,Regreso_Poligono_Nave_industrial_070,0,35.78,28.06,479.12,58,Poligono_Nave_industrial_070,Zona_0
59,1,Inicio_Poligono_Nave_industrial_070,0,0.0,30.0,30.0,59,Poligono_Nave_industrial_070,Zona_0
59,2,4101701,126,35.78,28.06,436.06,59,Poligono_Nave_industrial_070,Zona_0
59,3,4104701,4,1.6775362726909762,2.013043527229171,450.0730435272292,59,Poligono_Nave_industrial_070,Zona_0
59,4,Regreso_Poligono_Nave_industrial_070,0,36.2,28.05,478.1230435272292,59,Poligono_Nave_industrial_070,Zona_0
60,1,Inicio_Poligono_Nave_industrial_070,0,0.0,30.0,30.0,60,Poligono_Nave_industrial_070,Zona_0
60,2,4101801,109,65.77,56.13,413.13,60,Poligono_Nave_industrial_070,Zona_0
60,3,4108102,2,10.083545694235086,12.100254833082104,431.2302548330821,60,Poligono_Nave_industrial_070,Zona_0
60,4,4102103,1,12.608450697865424,15.130140837438507,449.3603956705206,60,Poligono_Nave_industrial_070,Zona_0
60,5,Regreso_Poligono_Nave_industrial_070,0,40.15,30.41,479.7703956705206,60,Poligono_Nave_industrial_070,Zona_0
61,1,Inicio_Poligono_Nave_industrial_070,0,0.0,30.0,30.0,61,Poligono_Nave_industrial_070,Zona_0
61,2,4101901,59,71.49,73.74,280.74,61,Poligono_Nave_industrial_070,Zona_0
61,3,4110101,42,7.738616761571126,9.28634011388535,416.02634011388534,61,Poligono_Nave_industrial_070,Zona_0
61,4,Regreso_Poligono_Nave_industrial_070,0,71.1,62.22,478.24634011388537,61,Poligono_Nave_industrial_070,Zona_0
62,1,Inicio_Poligono_Nave_industrial_070,0,0.0,30.0,30.0,62,Poligono_Nave_industrial_070,Zona_0
62,2,4102101,86,42.03,34.57,322.57,62,Poligono_Nave_industrial_070,Zona_0
62,3,4102102,41,0.3126767261092241,0.37521207133106893,445.94521207133107,62,Poligono_Nave_industrial_070,Zona_0
62,4,Regreso_Poligono_Nave_industrial_070,0,40.96,32.18,478.1252120713311,62,Poligono_Nave_industrial_070,Zona_0
63,1,Inicio_Poligono_Nave_industrial_070,0,0.0,30.0,30.0,63,Poligono_Nave_industrial_070,Zona_0
63,2,4102102,73,40.96,32.18,281.18,63,Poligono_Nave_industrial_070,Zona_0
63,3,4102103,28,1.4600963314385917,1.75211559772631,366.93211559772635,63,Poligono_Nave_industrial_070,Zona_0
63,4,4102104,22,0.7470912256066606,0.8965094707279927,433.82862506845436,63,Poligono_Nave_industrial_070,Zona_0
63,5,4109301,4,1.2261377457812537,1.4713652949375045,447.2999903633919,63,Poligono_Nave_industrial_070,Zona_0
63,6,Regreso_Poligono_Nave_industrial_070,0,38.7,29.85,477.1499903633919,63,Poligono_Nave_industrial_070,Zona_0
64,1,Inicio_Poligono_Nave_industrial_070,0,0.0,30.0,30.0,64,Poligono_Nave_industrial_070,Zona_0
64,2,4102301,44,78.4,71.32,233.32,64,Poligono_Nave_industrial_070,Zona_0
64,3,4102302,42,2.0317151563213676,2.438058187585641,361.7580581875857,64,Poligono_Nave_industrial_070,Zona_0
64,4,4110101,16,6.101787218071474,7.322144661685768,417.0802028492715,64,Poligono_Nave_industrial_070,Zona_0
64,5,Regreso_Poligono_Nave_industrial_070,0,71.1,62.22,479.3002028492715,64,Poligono_Nave_industrial_070,Zona_0
65,1,Inicio_Poligono_Nave_industrial_070,0,0.0,30.0,30.0,65,Poligono_Nave_industrial_070,Zona_0
65,2,4102701,18,81.66,75.16,159.16,65,Poligono_Nave_industrial_070,Zona_0
65,3,4102702,23,0.5047613467627262,0.6057136161152714,228.76571361611525,65,Poligono_Nave_industrial_070,Zona_0
65,4,4110101,3,14.134104718567547,16.960925662281056,254.7266392783963,65,Poligono_Nave_industrial_070,Zona_0
65,5,4109202,39,12.280216942286973,14.736260330744367,386.46289960914066,65,Poligono_Nave_industrial_070,Zona_0
65,6,4109902,1,4.932140213707859,5.918568256449431,395.3814678655901,65,Poligono_Nave_industrial_070,Zona_0
65,7,4108102,1,27.81405693232807,33.37686831879369,431.7583361843838,65,Poligono_Nave_industrial_070,Zona_0
65,8,Regreso_Poligono_Nave_industrial_070,0,54.83,46.7,478.45833618438377,65,Poligono_Nave_industrial_070,Zona_0
66,1,Inicio_Poligono_Nave_industrial_070,0,0.0,30.0,30.0,66,Poligono_Nave_industrial_070,Zona_0
66,2,4102801,35,40.81,37.94,172.94,66,Poligono_Nave_industrial_070,Zona_0
66,3,4109601,4,1.0454505861608023,1.254540703392963,186.19454070339296,66,Poligono_Nave_industrial_070,Zona_0
66,4,4102901,86,3.0271092324592437,3.632531078951092,447.8270717823441,66,Poligono_Nave_industrial_070,Zona_0
66,5,Regreso_Poligono_Nave_industrial_070,0,39.38,30.26,478.0870717823441,66,Poligono_Nave_industrial_070,Zona_0
67,1,Inicio_Poligono_Nave_industrial_070,0,0.0,30.0,30.0,67,Poligono_Nave_industrial_070,Zona_0
67,2,4102901,73,39.38,30.26,279.26,67,Poligono_Nave_industrial_070,Zona_0
67,3,4109301,56,1.5147606558909705,1.8177127870691647,449.0777127870691,67,Poligono_Nave_industrial_070,Zona_0
67,4,Regreso_Poligono_Nave_industrial_070,0,38.7,29.85,478.92771278706914,67,Poligono_Nave_industrial_070,Zona_0
68,1,Inicio_Poligono_Nave_industrial_070,0,0.0,30.0,30.0,68,Poligono_Nave_industrial_070,Zona_0
68,2,4103403,79,42.1,37.61,304.61,68,Poligono_Nave_industrial_070,Zona_0
68,3,4107001,44,3.565950881752429,4.279141058102915,440.88914105810295,68,Poligono_Nave_industrial_070,Zona_0
68,4,Regreso_Poligono_Nave_industrial_070,0,46.66,36.25,477.13914105810295,68,Poligono_Nave_industrial_070,Zona_0
69,1,Inicio_Poligono_Nave_industrial_070,0,0.0,30.0,30.0,69,Poligono_Nave_industrial_070,Zona_0
69,2,4104001,131,34.18,28.29,451.29,69,Poligono_Nave_industrial_070,Zona_0
69,3,Regreso_Poligono_Nave_industrial_070,0,34.18,28.29,479.58000000000004,69,Poligono_Nave_industrial_070,Zona_0
70,1,Inicio_Poligono_Nave_industrial_070,0,0.0,30.0,30.0,70,Poligono_Nave_industrial_070,Zona_0
70,2,4104001,80,34.18,28.29,298.29,70,Poligono_Nave_industrial_070,Zona_0
70,3,4109801,41,1.967637734988971,2.3611652819867652,423.6511652819868,70,Poligono_Nave_industrial_070,Zona_0
70,4,4108501,5,2.5214326425336213,3.0257191710403455,441.6768844530271,70,Poligono_Nave_industrial_070,Zona_0
70,5,4104701,1,4.628013474767526,5.553616169721031,450.23050062274814,70,Poligono_Nave_industrial_070,Zona_0
70,6,Regreso_Poligono_Nave_industrial_070,0,36.2,28.05,478.28050062274815,70,Poligono_Nave_industrial_070,Zona_0
71,1,Inicio_Poligono_Nave_industrial_070,0,0.0,30.0,30.0,71,Poligono_Nave_industrial_070,Zona_0
71,2,4104401,41,36.19,42.74,195.74,71,Poligono_Nave_industrial_070,Zona_0
71,3,4105901,82,3.372943279342306,4.047531935210767,445.7875319352108,71,Poligono_Nave_industrial_070,Zona_0
71,4,Regreso_Poligono_Nave_industrial_070,0,38.89,33.34,479.12753193521075,71,Poligono_Nave_industrial_070,Zona_0
72,1,Inicio_Poligono_Nave_industrial_070,0,0.0,30.0,30.0,72,Poligono_Nave_industrial_070,Zona_0
72,2,4104501,17,61.51,46.15,127.15,72,Poligono_Nave_industrial_070,Zona_0
72,3,4104901,99,6.299001792468007,7.5588021509616095,431.70880215096156,72,Poligono_Nave_industrial_070,Zona_0
72,4,Regreso_Poligono_Nave_industrial_070,0,59.17,45.82,477.52880215096155,72,Poligono_Nave_industrial_070,Zona_0
73,1,Inicio_Poligono_Nave_industrial_070,0,0.0,30.0,30.0,73,Poligono_Nave_industrial_070,Zona_0
73,2,4104701,131,36.2,28.05,451.05,73,Poligono_Nave_industrial_070,Zona_0
73,3,Regreso_Poligono_Nave_industrial_070,0,36.2,28.05,479.1,73,Poligono_Nave_industrial_070,Zona_0
74,1,Inicio_Poligono_Nave_industrial_070,0,0.0,30.0,30.0,74,Poligono_Nave_industrial_070,Zona_0
74,2,4104701,13,36.2,28.05,97.05,74,Poligono_Nave_industrial_070,Zona_0
74,3,4109301,116,2.8025298994341536,3.3630358793209845,448.413035879321,74,Poligono_Nave_industrial_070,Zona_0
74,4,Regreso_Poligono_Nave_industrial_070,0,38.7,29.85,478.263035879321,74,Poligono_Nave_industrial_070,Zona_0
75,1,Inicio_Poligono_Nave_industrial_070,0,0.0,30.0,30.0,75,Poligono_Nave_industrial_070,Zona_0
75,2,4104901,24,59.17,45.82,147.82,75,Poligono_Nave_industrial_070,Zona_0
75,3,4108101,91,8.152389481875206,9.782867378250247,430.60286737825027,75,Poligono_Nave_industrial_070,Zona_0
75,4,4109301,1,13.35673551305964,16.02808261567157,449.63094999392183,75,Poligono_Nave_industrial_070,Zona_0
75,5,Regreso_Poligono_Nave_industrial_070,0,38.7,29.85,479.48094999392185,75,Poligono_Nave_industrial_070,Zona_0
76,1,Inicio_Poligono_Nave_industrial_070,0,0.0,30.0,30.0,76,Poligono_Nave_industrial_070,Zona_0
76,2,4105101,19,15.51,15.56,102.56,76,Poligono_Nave_industrial_070,Zona_0
76,3,4107501,55,5.436174366585862,6.523409239903034,274.08340923990306,76,Poligono_Nave_industrial_070,Zona_0
76,4,4108701,55,13.110998513420428,15.733198216104512,454.81660745600755,76,Poligono_Nave_industrial_070,Zona_0
76,5,Regreso_Poligono_Nave_industrial_070,0,27.11,23.69,478.50660745600754,76,Poligono_Nave_industrial_070,Zona_0
77,1,Inicio_Poligono_Nave_industrial_070,0,0.0,30.0,30.0,77,Poligono_Nave_industrial_070,Zona_0
77,2,4105901,127,38.89,33.34,444.34000000000003,77,Poligono_Nave_industrial_070,Zona_0
77,3,Regreso_Poligono_Nave_industrial_070,0,38.89,33.34,477.68000000000006,77,Poligono_Nave_industrial_070,Zona_0
78,1,Inicio_Poligono_Nave_industrial_070,0,0.0,30.0,30.0,78,Poligono_Nave_industrial_070,Zona_0
78,2,4105901,127,38.89,33.34,444.34000000000003,78,Poligono_Nave_industrial_070,Zona_0
78,3,Regreso_Poligono_Nave_industrial_070,0,38.89,33.34,477.68000000000006,78,Poligono_Nave_industrial_070,Zona_0
79,1,Inicio_Poligono_Nave_industrial_070,0,0.0,30.0,30.0,79,Poligono_Nave_industrial_070,Zona_0
79,2,4105901,127,38.89,33.34,444.34000000000003,79,Poligono_Nave_industrial_070,Zona_0
79,3,Regreso_Poligono_Nave_industrial_070,0,38.89,33.34,477.68000000000006,79,Poligono_Nave_industrial_070,Zona_0
80,1,Inicio_Poligono_Nave_industrial_070,0,0.0,30.0,30.0,80,Poligono_Nave_industrial_070,Zona_0
80,2,4105901,81,38.89,33.34,306.34000000000003,80,Poligono_Nave_industrial_070,Zona_0
80,3,4108604,45,3.159044993261616,3.790853991913939,445.13085399191397,80,Poligono_Nave_industrial_070,Zona_0
80,4,Regreso_Poligono_Nave_industrial_070,0,41.71,33.45,478.58085399191395,80,Poligono_Nave_industrial_070,Zona_0
81,1,Inicio_Poligono_Nave_industrial_070,0,0.0,30.0,30.0,81,Poligono_Nave_industrial_070,Zona_0
81,2,4107001,64,46.66,36.25,258.25,81,Poligono_Nave_industrial_070,Zona_0
81,3,4109111,57,4.602902995626971,5.523483594752366,434.7734835947524,81,Poligono_Nave_industrial_070,Zona_0
81,4,4108604,2,2.6861342923423095,3.2233611508107716,443.9968447455632,81,Poligono_Nave_industrial_070,Zona_0
81,5,4108603,1,0.17072798426050853,0.20487358111261023,447.2017183266758,81,Poligono_Nave_industrial_070,Zona_0
81,6,Regreso_Poligono_Nave_industrial_070,0,41.16,32.6,479.8017183266758,81,Poligono_Nave_industrial_070,Zona_0
82,1,Inicio_Poligono_Nave_industrial_070,0,0.0,30.0,30.0,82,Poligono_Nave_industrial_070,Zona_0
82,2,4107301,17,104.92,109.86,190.86,82,Poligono_Nave_industrial_070,Zona_0
82,3,4109901,14,15.392747376420566,18.47129685170468,251.33129685170468,82,Poligono_Nave_industrial_070,Zona_0
82,4,4109903,14,0.7139528878650904,0.8567434654381084,294.1880403171428,82,Poligono_Nave_industrial_070,Zona_0
82,5,4109902,11,1.0516787327361783,1.262014479283414,328.45005479642623,82,Poligono_Nave_industrial_070,Zona_0
82,6,4108102,23,27.81405693232807,33.37686831879369,430.8269231152199,82,Poligono_Nave_industrial_070,Zona_0
82,7,Regreso_Poligono_Nave_industrial_070,0,54.83,46.7,477.5269231152199,82,Poligono_Nave_industrial_070,Zona_0
83,1,Inicio_Poligono_Nave_industrial_070,0,0.0,30.0,30.0,83,Poligono_Nave_industrial_070,Zona_0
83,2,4108101,6,56.1,47.16,95.16,83,Poligono_Nave_industrial_070,Zona_0
83,3,4108102,111,3.748264832896852,4.497917799476222,432.6579177994762,83,Poligono_Nave_industrial_070,Zona_0
83,4,Regreso_Poligono_Nave_industrial_070,0,54.83,46.7,479.3579177994762,83,Poligono_Nave_industrial_070,Zona_0
84,1,Inicio_Poligono_Nave_industrial_070,0,0.0,30.0,30.0,84,Poligono_Nave_industrial_070,Zona_0
84,2,4108102,118,54.83,46.7,430.7,84,Poligono_Nave_industrial_070,Zona_0
84,3,Regreso_Poligono_Nave_industrial_070,0,54.83,46.7,477.4,84,Poligono_Nave_industrial_070,Zona_0
85,1,Inicio_Poligono_Nave_industrial_070,0,0.0,30.0,30.0,85,Poligono_Nave_industrial_070,Zona_0
85,2,4108102,18,54.83,46.7,130.7,85,Poligono_Nave_industrial_070,Zona_0
85,3,4108902,61,8.374459518901606,10.049351422681926,323.7493514226819,85,Poligono_Nave_industrial_070,Zona_0
85,4,4109102,38,3.188800296212521,3.826560355455025,441.57591177813697,85,Poligono_Nave_industrial_070,Zona_0
85,5,Regreso_Poligono_Nave_industrial_070,0,44.66,36.73,478.305911778137,85,Poligono_Nave_industrial_070,Zona_0
86,1,Inicio_Poligono_Nave_industrial_070,0,0.0,30.0,30.0,86,Poligono_Nave_industrial_070,Zona_0
86,2,4108501,53,37.53,37.95,226.95,86,Poligono_Nave_industrial_070,Zona_0
86,3,4109401,56,5.33766604644492,6.405199255733904,401.35519925573385,86,Poligono_Nave_industrial_070,Zona_0
86,4,4109402,17,0.5982021867438247,0.7178426240925897,453.07304187982646,86,Poligono_Nave_industrial_070,Zona_0
86,5,Regreso_Poligono_Nave_industrial_070,0,30.79,24.11,477.1830418798265,86,Poligono_Nave_industrial_070,Zona_0
87,1,Inicio_Poligono_Nave_industrial_070,0,0.0,30.0,30.0,87,Poligono_Nave_industrial_070,Zona_0
87,2,4108601,19,41.67,33.67,120.67,87,Poligono_Nave_industrial_070,Zona_0
87,3,4108602,50,0.5477325666364746,0.6572790799637696,271.3272790799638,87,Poligono_Nave_industrial_070,Zona_0
87,4,4108603,58,0.7701268754212474,0.9241522505054969,446.25143133046925,87,Poligono_Nave_industrial_070,Zona_0
87,5,Regreso_Poligono_Nave_industrial_070,0,41.16,32.6,478.85143133046927,87,Poligono_Nave_industrial_070,Zona_0
88,1,Inicio_Poligono_Nave_industrial_070,0,0.0,30.0,30.0,88,Poligono_Nave_industrial_070,Zona_0
88,2,4108603,21,41.16,32.6,125.6,88,Poligono_Nave_industrial_070,Zona_0
88,3,4108604,3,0.17072798426050853,0.20487358111261023,134.80487358111262,88,Poligono_Nave_industrial_070,Zona_0
88,4,4109301,104,2.362505456369018,2.8350065476428217,449.6398801287554,88,Poligono_Nave_industrial_070,Zona_0
88,5,Regreso_Poligono_Nave_industrial_070,0,38.7,29.85,479.48988012875543,88,Poligono_Nave_industrial_070,Zona_0
89,1,Inicio_Poligono_Nave_industrial_070,0,0.0,30.0,30.0,89,Poligono_Nave_industrial_070,Zona_0
89,2,4108701,12,27.11,23.69,89.69,89,Poligono_Nave_industrial_070,Zona_0
89,3,4108702,44,0.9067687519000222,1.0881225022800265,222.77812250228,89,Poligono_Nave_industrial_070,Zona_0
89,4,4109402,16,4.162236515316643,4.994683818379971,275.77280632066,89,Poligono_Nave_industrial_070,Zona_0
89,5,4109301,54,9.375369122618341,11.25044294714201,449.023249267802,89,Poligono_Nave_industrial_070,Zona_0
89,6,Regreso_Poligono_Nave_industrial_070,0,38.7,29.85,478.873249267802,89,Poligono_Nave_industrial_070,Zona_0
90,1,Inicio_Poligono_Nave_industrial_070,0,0.0,30.0,30.0,90,Poligono_Nave_industrial_070,Zona_0
90,2,4109101,123,46.34,39.26,438.26,90,Poligono_Nave_industrial_070,Zona_0
90,3,4109102,1,1.2936296730275176,1.5523556076330212,442.81235560763304,90,Poligono_Nave_industrial_070,Zona_0
90,4,Regreso_Poligono_Nave_industrial_070,0,44.66,36.73,479.54235560763306,90,Poligono_Nave_industrial_070,Zona_0
91,1,Inicio_Poligono_Nave_industrial_070,0,0.0,30.0,30.0,91,Poligono_Nave_industrial_070,Zona_0
91,2,4109101,123,46.34,39.26,438.26,91,Poligono_Nave_industrial_070,Zona_0
91,3,4109102,1,1.2936296730275176,1.5523556076330212,442.81235560763304,91,Poligono_Nave_industrial_070,Zona_0
91,4,Regreso_Poligono_Nave_industrial_070,0,44.66,36.73,479.54235560763306,91,Poligono_Nave_industrial_070,Zona_0
92,1,Inicio_Poligono_Nave_industrial_070,0,0.0,30.0,30.0,92,Poligono_Nave_industrial_070,Zona_0
92,2,4109101,123,46.34,39.26,438.26,92,Poligono_Nave_industrial_070,Zona_0
92,3,4109102,1,1.2936296730275176,1.5523556076330212,442.81235560763304,92,Poligono_Nave_industrial_070,Zona_0
92,4,Regreso_Poligono_Nave_industrial_070,0,44.66,36.73,479.54235560763306,92,Poligono_Nave_industrial_070,Zona_0
93,1,Inicio_Poligono_Nave_industrial_070,0,0.0,30.0,30.0,93,Poligono_Nave_industrial_070,Zona_0
93,2,4109101,123,46.34,39.26,438.26,93,Poligono_Nave_industrial_070,Zona_0
93,3,4109102,1,1.2936296730275176,1.5523556076330212,442.81235560763304,93,Poligono_Nave_industrial_070,Zona_0
93,4,Regreso_Poligono_Nave_industrial_070,0,44.66,36.73,479.54235560763306,93,Poligono_Nave_industrial_070,Zona_0
94,1,Inicio_Poligono_Nave_industrial_070,0,0.0,30.0,30.0,94,Poligono_Nave_industrial_070,Zona_0
94,2,4109101,123,46.34,39.26,438.26,94,Poligono_Nave_industrial_070,Zona_0
94,3,4109102,1,1.2936296730275176,1.5523556076330212,442.81235560763304,94,Poligono_Nave_industrial_070,Zona_0
94,4,Regreso_Poligono_Nave_industrial_070,0,44.66,36.73,479.54235560763306,94,Poligono_Nave_industrial_070,Zona_0
95,1,Inicio_Poligono_Nave_industrial_070,0,0.0,30.0,30.0,95,Poligono_Nave_industrial_070,Zona_0
95,2,4109101,123,46.34,39.26,438.26,95,Poligono_Nave_industrial_070,Zona_0
95,3,4109102,1,1.2936296730275176,1.5523556076330212,442.81235560763304,95,Poligono_Nave_industrial_070,Zona_0
95,4,Regreso_Poligono_Nave_industrial_070,0,44.66,36.73,479.54235560763306,95,Poligono_Nave_industrial_070,Zona_0
96,1,Inicio_Poligono_Nave_industrial_070,0,0.0,30.0,30.0,96,Poligono_Nave_industrial_070,Zona_0
96,2,4109101,19,46.34,39.26,126.25999999999999,96,Poligono_Nave_industrial_070,Zona_0
96,3,4109103,104,0.5153629536920847,0.6184355444305016,438.8784355444305,96,Poligono_Nave_industrial_070,Zona_0
96,4,4109106,1,1.7479754780310044,2.097570573637205,443.9760061180677,96,Poligono_Nave_industrial_070,Zona_0
96,5,Regreso_Poligono_Nave_industrial_070,0,43.11,33.97,477.94600611806766,96,Poligono_Nave_industrial_070,Zona_0
97,1,Inicio_Poligono_Nave_industrial_070,0,0.0,30.0,30.0,97,Poligono_Nave_industrial_070,Zona_0
97,2,4109102,125,44.66,36.73,441.73,97,Poligono_Nave_industrial_070,Zona_0
97,3,Regreso_Poligono_Nave_industrial_070,0,44.66,36.73,478.46000000000004,97,Poligono_Nave_industrial_070,Zona_0
98,1,Inicio_Poligono_Nave_industrial_070,0,0.0,30.0,30.0,98,Poligono_Nave_industrial_070,Zona_0
98,2,4109102,125,44.66,36.73,441.73,98,Poligono_Nave_industrial_070,Zona_0
98,3,Regreso_Poligono_Nave_industrial_070,0,44.66,36.73,478.46000000000004,98,Poligono_Nave_industrial_070,Zona_0
99,1,Inicio_Poligono_Nave_industrial_070,0,0.0,30.0,30.0,99,Poligono_Nave_industrial_070,Zona_0
99,2,4109102,125,44.66,36.73,441.73,99,Poligono_Nave_industrial_070,Zona_0
99,3,Regreso_Poligono_Nave_industrial_070,0,44.66,36.73,478.46000000000004,99,Poligono_Nave_industrial_070,Zona_0
100,1,Inicio_Poligono_Nave_industrial_070,0,0.0,30.0,30.0,100,Poligono_Nave_industrial_070,Zona_0
100,2,4109102,125,44.66,36.73,441.73,100,Poligono_Nave_industrial_070,Zona_0
100,3,Regreso_Poligono_Nave_industrial_070,0,44.66,36.73,478.46000000000004,100,Poligono_Nave_industrial_070,Zona_0
101,1,Inicio_Poligono_Nave_industrial_070,0,0.0,30.0,30.0,101,Poligono_Nave_industrial_070,Zona_0
101,2,4109102,76,44.66,36.73,294.73,101,Poligono_Nave_industrial_070,Zona_0
101,3,4109103,48,1.7845532380864901,2.1414638857037884,440.8714638857038,101,Poligono_Nave_industrial_070,Zona_0
101,4,4109106,1,1.7479754780310044,2.097570573637205,445.969034459341,101,Poligono_Nave_industrial_070,Zona_0
101,5,Regreso_Poligono_Nave_industrial_070,0,43.11,33.97,479.939034459341,101,Poligono_Nave_industrial_070,Zona_0
102,1,Inicio_Poligono_Nave_industrial_070,0,0.0,30.0,30.0,102,Poligono_Nave_industrial_070,Zona_0
102,2,4109103,124,46.5,38.92,440.92,102,Poligono_Nave_industrial_070,Zona_0
102,3,4109106,1,1.7479754780310044,2.097570573637205,446.0175705736372,102,Poligono_Nave_industrial_070,Zona_0
102,4,Regreso_Poligono_Nave_industrial_070,0,43.11,33.97,479.9875705736372,102,Poligono_Nave_industrial_070,Zona_0
103,1,Inicio_Poligono_Nave_industrial_070,0,0.0,30.0,30.0,103,Poligono_Nave_industrial_070,Zona_0
103,2,4109103,124,46.5,38.92,440.92,103,Poligono_Nave_industrial_070,Zona_0
103,3,4109106,1,1.7479754780310044,2.097570573637205,446.0175705736372,103,Poligono_Nave_industrial_070,Zona_0
103,4,Regreso_Poligono_Nave_industrial_070,0,43.11,33.97,479.9875705736372,103,Poligono_Nave_industrial_070,Zona_0
104,1,Inicio_Poligono_Nave_industrial_070,0,0.0,30.0,30.0,104,Poligono_Nave_industrial_070,Zona_0
104,2,4109103,124,46.5,38.92,440.92,104,Poligono_Nave_industrial_070,Zona_0
104,3,4109106,1,1.7479754780310044,2.097570573637205,446.0175705736372,104,Poligono_Nave_industrial_070,Zona_0
104,4,Regreso_Poligono_Nave_industrial_070,0,43.11,33.97,479.9875705736372,104,Poligono_Nave_industrial_070,Zona_0
105,1,Inicio_Poligono_Nave_industrial_070,0,0.0,30.0,30.0,105,Poligono_Nave_industrial_070,Zona_0
105,2,4109103,124,46.5,38.92,440.92,105,Poligono_Nave_industrial_070,Zona_0
105,3,4109106,1,1.7479754780310044,2.097570573637205,446.0175705736372,105,Poligono_Nave_industrial_070,Zona_0
105,4,Regreso_Poligono_Nave_industrial_070,0,43.11,33.97,479.9875705736372,105,Poligono_Nave_industrial_070,Zona_0
106,1,Inicio_Poligono_Nave_industrial_070,0,0.0,30.0,30.0,106,Poligono_Nave_industrial_070,Zona_0
106,2,4109103,62,46.5,38.92,254.92000000000002,106,Poligono_Nave_industrial_070,Zona_0
106,3,4109108,61,1.3475662256011771,1.6170794707214127,439.53707947072144,106,Poligono_Nave_industrial_070,Zona_0
106,4,4109106,1,2.834672724194158,3.4016072690329895,445.9386867397544,106,Poligono_Nave_industrial_070,Zona_0
106,5,Regreso_Poligono_Nave_industrial_070,0,43.11,33.97,479.90868673975444,106,Poligono_Nave_industrial_070,Zona_0
107,1,Inicio_Poligono_Nave_industrial_070,0,0.0,30.0,30.0,107,Poligono_Nave_industrial_070,Zona_0
107,2,4109105,125,45.54,36.75,441.75,107,Poligono_Nave_industrial_070,Zona_0
107,3,Regreso_Poligono_Nave_industrial_070,0,45.54,36.75,478.5,107,Poligono_Nave_industrial_070,Zona_0
108,1,Inicio_Poligono_Nave_industrial_070,0,0.0,30.0,30.0,108,Poligono_Nave_industrial_070,Zona_0
108,2,4109105,125,45.54,36.75,441.75,108,Poligono_Nave_industrial_070,Zona_0
108,3,Regreso_Poligono_Nave_industrial_070,0,45.54,36.75,478.5,108,Poligono_Nave_industrial_070,Zona_0
109,1,Inicio_Poligono_Nave_industrial_070,0,0.0,30.0,30.0,109,Poligono_Nave_industrial_070,Zona_0
109,2,4109105,125,45.54,36.75,441.75,109,Poligono_Nave_industrial_070,Zona_0
109,3,Regreso_Poligono_Nave_industrial_070,0,45.54,36.75,478.5,109,Poligono_Nave_industrial_070,Zona_0
110,1,Inicio_Poligono_Nave_industrial_070,0,0.0,30.0,30.0,110,Poligono_Nave_industrial_070,Zona_0
110,2,4109105,125,45.54,36.75,441.75,110,Poligono_Nave_industrial_070,Zona_0
110,3,Regreso_Poligono_Nave_industrial_070,0,45.54,36.75,478.5,110,Poligono_Nave_industrial_070,Zona_0
111,1,Inicio_Poligono_Nave_industrial_070,0,0.0,30.0,30.0,111,Poligono_Nave_industrial_070,Zona_0
111,2,4109105,125,45.54,36.75,441.75,111,Poligono_Nave_industrial_070,Zona_0
111,3,Regreso_Poligono_Nave_industrial_070,0,45.54,36.75,478.5,111,Poligono_Nave_industrial_070,Zona_0
112,1,Inicio_Poligono_Nave_industrial_070,0,0.0,30.0,30.0,112,Poligono_Nave_industrial_070,Zona_0
112,2,4109105,24,45.54,36.75,138.75,112,Poligono_Nave_industrial_070,Zona_0
112,3,4109108,99,1.6045294162420527,1.925435299490463,437.67543529949046,112,Poligono_Nave_industrial_070,Zona_0
112,4,4109106,1,2.834672724194158,3.4016072690329895,444.07704256852344,112,Poligono_Nave_industrial_070,Zona_0
112,5,Regreso_Poligono_Nave_industrial_070,0,43.11,33.97,478.04704256852347,112,Poligono_Nave_industrial_070,Zona_0
113,1,Inicio_Poligono_Nave_industrial_070,0,0.0,30.0,30.0,113,Poligono_Nave_industrial_070,Zona_0
113,2,4109106,127,43.11,33.97,444.97,113,Poligono_Nave_industrial_070,Zona_0
113,3,Regreso_Poligono_Nave_industrial_070,0,43.11,33.97,478.94000000000005,113,Poligono_Nave_industrial_070,Zona_0
114,1,Inicio_Poligono_Nave_industrial_070,0,0.0,30.0,30.0,114,Poligono_Nave_industrial_070,Zona_0
114,2,4109106,127,43.11,33.97,444.97,114,Poligono_Nave_industrial_070,Zona_0
114,3,Regreso_Poligono_Nave_industrial_070,0,43.11,33.97,478.94000000000005,114,Poligono_Nave_industrial_070,Zona_0
115,1,Inicio_Poligono_Nave_industrial_070,0,0.0,30.0,30.0,115,Poligono_Nave_industrial_070,Zona_0
115,2,4109106,127,43.11,33.97,444.97,115,Poligono_Nave_industrial_070,Zona_0
115,3,Regreso_Poligono_Nave_industrial_070,0,43.11,33.97,478.94000000000005,115,Poligono_Nave_industrial_070,Zona_0
116,1,Inicio_Poligono_Nave_industrial_070,0,0.0,30.0,30.0,116,Poligono_Nave_industrial_070,Zona_0
116,2,4109106,127,43.11,33.97,444.97,116,Poligono_Nave_industrial_070,Zona_0
116,3,Regreso_Poligono_Nave_industrial_070,0,43.11,33.97,478.94000000000005,116,Poligono_Nave_industrial_070,Zona_0
117,1,Inicio_Poligono_Nave_industrial_070,0,0.0,30.0,30.0,117,Poligono_Nave_industrial_070,Zona_0
117,2,4109106,13,43.11,33.97,102.97,117,Poligono_Nave_industrial_070,Zona_0
117,3,4109108,111,2.834672724194158,3.4016072690329895,439.371607269033,117,Poligono_Nave_industrial_070,Zona_0
117,4,Regreso_Poligono_Nave_industrial_070,0,47.49,39.37,478.741607269033,117,Poligono_Nave_industrial_070,Zona_0
118,1,Inicio_Poligono_Nave_industrial_070,0,0.0,30.0,30.0,118,Poligono_Nave_industrial_070,Zona_0
118,2,4109107,123,47.26,39.33,438.33,118,Poligono_Nave_industrial_070,Zona_0
118,3,Regreso_Poligono_Nave_industrial_070,0,47.26,39.33,477.65999999999997,118,Poligono_Nave_industrial_070,Zona_0
119,1,Inicio_Poligono_Nave_industrial_070,0,0.0,30.0,30.0,119,Poligono_Nave_industrial_070,Zona_0
119,2,4109107,123,47.26,39.33,438.33,119,Poligono_Nave_industrial_070,Zona_0
119,3,Regreso_Poligono_Nave_industrial_070,0,47.26,39.33,477.65999999999997,119,Poligono_Nave_industrial_070,Zona_0
120,1,Inicio_Poligono_Nave_industrial_070,0,0.0,30.0,30.0,120,Poligono_Nave_industrial_070,Zona_0
120,2,4109107,123,47.26,39.33,438.33,120,Poligono_Nave_industrial_070,Zona_0
120,3,Regreso_Poligono_Nave_industrial_070,0,47.26,39.33,477.65999999999997,120,Poligono_Nave_industrial_070,Zona_0
121,1,Inicio_Poligono_Nave_industrial_070,0,0.0,30.0,30.0,121,Poligono_Nave_industrial_070,Zona_0
121,2,4109107,123,47.26,39.33,438.33,121,Poligono_Nave_industrial_070,Zona_0
121,3,Regreso_Poligono_Nave_industrial_070,0,47.26,39.33,477.65999999999997,121,Poligono_Nave_industrial_070,Zona_0
122,1,Inicio_Poligono_Nave_industrial_070,0,0.0,30.0,30.0,122,Poligono_Nave_industrial_070,Zona_0
122,2,4109107,123,47.26,39.33,438.33,122,Poligono_Nave_industrial_070,Zona_0
122,3,Regreso_Poligono_Nave_industrial_070,0,47.26,39.33,477.65999999999997,122,Poligono_Nave_industrial_070,Zona_0
123,1,Inicio_Poligono_Nave_industrial_070,0,0.0,30.0,30.0,123,Poligono_Nave_industrial_070,Zona_0
123,2,4109107,6,47.26,39.33,87.33,123,Poligono_Nave_industrial_070,Zona_0
123,3,4109108,117,1.7682486195992269,2.121898343519072,440.4518983435191,123,Poligono_Nave_industrial_070,Zona_0
123,4,Regreso_Poligono_Nave_industrial_070,0,47.49,39.37,479.8218983435191,123,Poligono_Nave_industrial_070,Zona_0
124,1,Inicio_Poligono_Nave_industrial_070,0,0.0,30.0,30.0,124,Poligono_Nave_industrial_070,Zona_0
124,2,4109108,123,47.49,39.37,438.37,124,Poligono_Nave_industrial_070,Zona_0
124,3,4109301,1,7.233009776782908,8.67961173213949,450.0496117321395,124,Poligono_Nave_industrial_070,Zona_0
124,4,Regreso_Poligono_Nave_industrial_070,0,38.7,29.85,479.89961173213953,124,Poligono_Nave_industrial_070,Zona_0
125,1,Inicio_Poligono_Nave_industrial_070,0,0.0,30.0,30.0,125,Poligono_Nave_industrial_070,Zona_0
125,2,4109108,94,47.49,39.37,351.37,125,Poligono_Nave_industrial_070,Zona_0
125,3,4109111,26,6.033533947772309,7.240240737326771,436.61024073732676,125,Poligono_Nave_industrial_070,Zona_0
125,4,4109301,1,4.998574398356797,5.998289278028157,445.6085300153549,125,Poligono_Nave_industrial_070,Zona_0
125,5,Regreso_Poligono_Nave_industrial_070,0,38.7,29.85,475.45853001535494,125,Poligono_Nave_industrial_070,Zona_0
126,1,Inicio_Poligono_Nave_industrial_070,0,0.0,30.0,30.0,126,Poligono_Nave_industrial_070,Zona_0
126,2,4109111,121,46.74,42.24,435.24,126,Poligono_Nave_industrial_070,Zona_0
126,3,Regreso_Poligono_Nave_industrial_070,0,46.74,42.24,477.48,126,Poligono_Nave_industrial_070,Zona_0
127,1,Inicio_Poligono_Nave_industrial_070,0,0.0,30.0,30.0,127,Poligono_Nave_industrial_070,Zona_0
127,2,4109111,121,46.74,42.24,435.24,127,Poligono_Nave_industrial_070,Zona_0
127,3,Regreso_Poligono_Nave_industrial_070,0,46.74,42.24,477.48,127,Poligono_Nave_industrial_070,Zona_0
128,1,Inicio_Poligono_Nave_industrial_070,0,0.0,30.0,30.0,128,Poligono_Nave_industrial_070,Zona_0
128,2,4109111,61,46.74,42.24,255.24,128,Poligono_Nave_industrial_070,Zona_0
128,3,Regreso_Poligono_Nave_industrial_070,0,46.74,42.24,297.48,128,Poligono_Nave_industrial_070,Zona_0
129,1,Inicio_Poligono_Nave_industrial_051,0,0.0,30.0,30.0,129,Poligono_Nave_industrial_051,Zona_1
129,2,4100601,12,107.09,95.72,161.72,129,Poligono_Nave_industrial_051,Zona_1
129,3,4100602,14,0.4949406715552544,0.5939288058663053,204.3139288058663,129,Poligono_Nave_industrial_051,Zona_1
129,4,4109201,40,5.2172464708436195,6.260695765012343,330.57462457087865,129,Poligono_Nave_industrial_051,Zona_1
129,5,4109104,18,30.994851658528894,37.193821990234675,421.76844656111336,129,Poligono_Nave_industrial_051,Zona_1
129,6,Regreso_Poligono_Nave_industrial_051,0,66.38,57.26,479.02844656111336,129,Poligono_Nave_industrial_051,Zona_1
130,1,Inicio_Poligono_Nave_industrial_051,0,0.0,30.0,30.0,130,Poligono_Nave_industrial_051,Zona_1
130,2,4100801,11,101.36,98.16,161.16,130,Poligono_Nave_industrial_051,Zona_1
130,3,4110001,8,6.54236762289871,7.850841147478452,193.01084114747846,130,Poligono_Nave_industrial_051,Zona_1
130,4,4107601,17,11.512992173987826,13.81559060878539,257.82643175626384,130,Poligono_Nave_industrial_051,Zona_1
130,5,1102402,11,5.689207379516431,6.827048855419717,297.65348061168356,130,Poligono_Nave_industrial_051,Zona_1
130,6,1102401,5,2.8803426435685164,3.4564111722822197,316.1098917839658,130,Poligono_Nave_industrial_051,Zona_1
130,7,1102403,9,4.154297810208324,4.985157372249988,348.0950491562158,130,Poligono_Nave_industrial_051,Zona_1
130,8,4103501,10,7.326696315555154,8.792035578666184,386.88708473488197,130,Poligono_Nave_industrial_051,Zona_1
130,9,1100502,7,10.959409794619152,13.151291753542981,421.03837648842494,130,Poligono_Nave_industrial_051,Zona_1
130,10,Regreso_Poligono_Nave_industrial_051,0,62.82,56.9,477.9383764884249,130,Poligono_Nave_industrial_051,Zona_1
131,1,Inicio_Poligono_Nave_industrial_051,0,0.0,30.0,30.0,131,Poligono_Nave_industrial_051,Zona_1
131,2,4101101,48,62.59,56.72,230.72,131,Poligono_Nave_industrial_051,Zona_1
131,3,4101102,31,0.7938918491955961,0.9526702190347152,324.6726702190347,131,Poligono_Nave_industrial_051,Zona_1
131,4,4101103,31,1.0444831096115128,1.2533797315338153,418.92604995056854,131,Poligono_Nave_industrial_051,Zona_1
131,5,Regreso_Poligono_Nave_industrial_051,0,65.18,59.67,478.59604995056856,131,Poligono_Nave_industrial_051,Zona_1
132,1,Inicio_Poligono_Nave_industrial_051,0,0.0,30.0,30.0,132,Poligono_Nave_industrial_051,Zona_1
132,2,4101103,12,65.18,59.67,125.67,132,Poligono_Nave_industrial_051,Zona_1
132,3,4107101,16,5.335647747113468,6.402777296536161,180.07277729653617,132,Poligono_Nave_industrial_051,Zona_1
132,4,4107103,16,0.26209374391487994,0.3145124926978559,228.38728978923405,132,Poligono_Nave_industrial_051,Zona_1
132,5,4107102,24,0.9986090663281759,1.198330879593811,301.58562066882786,132,Poligono_Nave_industrial_051,Zona_1
132,6,4101104,26,14.397740000114693,17.27728800013763,396.8629086689655,132,Poligono_Nave_industrial_051,Zona_1
132,7,4106301,10,11.646339208701358,13.97560705044163,440.8385157194071,132,Poligono_Nave_industrial_051,Zona_1
132,8,Regreso_Poligono_Nave_industrial_051,0,41.81,36.71,477.5485157194071,132,Poligono_Nave_industrial_051,Zona_1
133,1,Inicio_Poligono_Nave_industrial_051,0,0.0,30.0,30.0,133,Poligono_Nave_industrial_051,Zona_1
133,2,4101104,16,59.0,80.97,158.97,133,Poligono_Nave_industrial_051,Zona_1
133,3,4106301,20,11.646339208701358,13.97560705044163,232.94560705044162,133,Poligono_Nave_industrial_051,Zona_1
133,4,4109502,68,5.786269601788252,6.943523522145902,443.88913057258753,133,Poligono_Nave_industrial_051,Zona_1
133,5,Regreso_Poligono_Nave_industrial_051,0,39.9,35.96,479.8491305725875,133,Poligono_Nave_industrial_051,Zona_1
134,1,Inicio_Poligono_Nave_industrial_051,0,0.0,30.0,30.0,134,Poligono_Nave_industrial_051,Zona_1
134,2,4102001,38,11.51,13.97,157.97,134,Poligono_Nave_industrial_051,Zona_1
134,3,4102002,90,1.3658731590597437,1.6390477908716925,429.6090477908717,134,Poligono_Nave_industrial_051,Zona_1
134,4,4105303,6,14.104620588810048,16.925544706572058,464.5345924974438,134,Poligono_Nave_industrial_051,Zona_1
134,5,Regreso_Poligono_Nave_industrial_051,0,10.37,14.77,479.30459249744376,134,Poligono_Nave_industrial_051,Zona_1
135,1,Inicio_Poligono_Nave_industrial_051,0,0.0,30.0,30.0,135,Poligono_Nave_industrial_051,Zona_1
135,2,4103401,100,63.39,74.92,404.92,135,Poligono_Nave_industrial_051,Zona_1
135,3,4109110,5,8.404974233022157,10.085969079626588,430.0059690796266,135,Poligono_Nave_industrial_051,Zona_1
135,4,Regreso_Poligono_Nave_industrial_051,0,55.34,48.39,478.3959690796266,135,Poligono_Nave_industrial_051,Zona_1
136,1,Inicio_Poligono_Nave_industrial_051,0,0.0,30.0,30.0,136,Poligono_Nave_industrial_051,Zona_1
136,2,4103401,46,63.39,74.92,242.92000000000002,136,Poligono_Nave_industrial_051,Zona_1
136,3,4103402,33,1.1129759313400578,1.3355711176080693,343.2555711176081,136,Poligono_Nave_industrial_051,Zona_1
136,4,4107901,18,0.7090282672518502,0.8508339207022202,398.1064050383103,136,Poligono_Nave_industrial_051,Zona_1
136,5,4109110,7,9.796957681034637,11.756349217241565,430.86275425555186,136,Poligono_Nave_industrial_051,Zona_1
136,6,Regreso_Poligono_Nave_industrial_051,0,55.34,48.39,479.25275425555185,136,Poligono_Nave_industrial_051,Zona_1
137,1,Inicio_Poligono_Nave_industrial_051,0,0.0,30.0,30.0,137,Poligono_Nave_industrial_051,Zona_1
137,2,4103601,17,53.56,47.03,128.03,137,Poligono_Nave_industrial_051,Zona_1
137,3,4103602,21,0.41329187813953605,0.4959502537674433,191.52595025376746,137,Poligono_Nave_industrial_051,Zona_1
137,4,4106403,14,11.377425822272581,13.652910986727097,247.17886124049454,137,Poligono_Nave_industrial_051,Zona_1
137,5,4106402,28,1.4431269450661608,1.731752334079393,332.9106135745739,137,Poligono_Nave_industrial_051,Zona_1
137,6,4106401,14,1.6370856799774907,1.9645028159729887,376.8751163905469,137,Poligono_Nave_industrial_051,Zona_1
137,7,1102901,15,8.118181366804135,9.741817640164962,431.6169340307119,137,Poligono_Nave_industrial_051,Zona_1
137,8,Regreso_Poligono_Nave_industrial_051,0,50.7,47.71,479.32693403071187,137,Poligono_Nave_industrial_051,Zona_1
138,1,Inicio_Poligono_Nave_industrial_051,0,0.0,30.0,30.0,138,Poligono_Nave_industrial_051,Zona_1
138,2,4190301,68,10.29,10.81,244.81,138,Poligono_Nave_industrial_051,Zona_1
138,3,1102009,61,6.829532430426647,8.195438916511975,436.005438916512,138,Poligono_Nave_industrial_051,Zona_1
138,4,4105302,3,12.78205955213019,15.338471462556228,460.34391037906823,138,Poligono_Nave_industrial_051,Zona_1
138,5,4105303,1,1.2018107930304258,1.442172951636511,464.78608333070474,138,Poligono_Nave_industrial_051,Zona_1
138,6,Regreso_Poligono_Nave_industrial_051,0,10.37,14.77,479.5560833307047,138,Poligono_Nave_industrial_051,Zona_1
139,1,Inicio_Poligono_Nave_industrial_051,0,0.0,30.0,30.0,139,Poligono_Nave_industrial_051,Zona_1
139,2,4190201,43,85.34,101.19,260.19,139,Poligono_Nave_industrial_051,Zona_1
139,3,4107901,41,14.702189973518172,17.642627968221806,400.8326279682218,139,Poligono_Nave_industrial_051,Zona_1
139,4,4109110,6,9.796957681034637,11.756349217241565,430.58897718546336,139,Poligono_Nave_industrial_051,Zona_1
139,5,Regreso_Poligono_Nave_industrial_051,0,55.34,48.39,478.97897718546335,139,Poligono_Nave_industrial_051,Zona_1
140,1,Inicio_Poligono_Nave_industrial_051,0,0.0,30.0,30.0,140,Poligono_Nave_industrial_051,Zona_1
140,2,4105301,80,11.1,16.08,286.08,140,Poligono_Nave_industrial_051,Zona_1
140,3,4105304,58,0.5327840080511033,0.6393408096613239,460.7193408096613,140,Poligono_Nave_industrial_051,Zona_1
140,4,4105303,1,0.8491039560760667,1.0189247472912801,464.73826555695257,140,Poligono_Nave_industrial_051,Zona_1
140,5,Regreso_Poligono_Nave_industrial_051,0,10.37,14.77,479.50826555695255,140,Poligono_Nave_industrial_051,Zona_1
141,1,Inicio_Poligono_Nave_industrial_051,0,0.0,30.0,30.0,141,Poligono_Nave_industrial_051,Zona_1
141,2,4105302,33,11.83,17.75,146.75,141,Poligono_Nave_industrial_051,Zona_1
141,3,4105304,8,0.812411523408674,0.9748938280904087,171.72489382809042,141,Poligono_Nave_industrial_051,Zona_1
141,4,4105303,40,0.8491039560760667,1.0189247472912801,292.7438185753817,141,Poligono_Nave_industrial_051,Zona_1
141,5,1103701,43,9.613020796973203,11.535624956367844,433.2794435317495,141,Poligono_Nave_industrial_051,Zona_1
141,6,Regreso_Poligono_Nave_industrial_051,0,27.23,45.42,478.6994435317495,141,Poligono_Nave_industrial_051,Zona_1
142,1,Inicio_Poligono_Nave_industrial_051,0,0.0,30.0,30.0,142,Poligono_Nave_industrial_051,Zona_1
142,2,4106501,61,69.41,64.83,277.83,142,Poligono_Nave_industrial_051,Zona_1
142,3,4106502,45,0.44115669624159365,0.5293880354899124,413.3593880354899,142,Poligono_Nave_industrial_051,Zona_1
142,4,Regreso_Poligono_Nave_industrial_051,0,68.76,64.43,477.78938803548994,142,Poligono_Nave_industrial_051,Zona_1
143,1,Inicio_Poligono_Nave_industrial_051,0,0.0,30.0,30.0,143,Poligono_Nave_industrial_051,Zona_1
143,2,4106502,29,68.76,64.43,181.43,143,Poligono_Nave_industrial_051,Zona_1
143,3,4106504,33,0.4330735905112258,0.5196883086134709,280.9496883086135,143,Poligono_Nave_industrial_051,Zona_1
143,4,4106503,44,0.5837726919867823,0.7005272303841388,413.6502155389976,143,Poligono_Nave_industrial_051,Zona_1
143,5,Regreso_Poligono_Nave_industrial_051,0,70.29,65.8,479.4502155389976,143,Poligono_Nave_industrial_051,Zona_1
144,1,Inicio_Poligono_Nave_industrial_051,0,0.0,30.0,30.0,144,Poligono_Nave_industrial_051,Zona_1
144,2,4106503,7,70.29,65.8,116.8,144,Poligono_Nave_industrial_051,Zona_1
144,3,4106505,11,2.333721820156279,2.8004661841875347,152.60046618418752,144,Poligono_Nave_industrial_051,Zona_1
144,4,1102901,40,24.106075415814935,28.92729049897792,301.5277566831654,144,Poligono_Nave_industrial_051,Zona_1
144,5,1100502,1,10.455383127088506,12.546459752506207,317.07421643567164,144,Poligono_Nave_industrial_051,Zona_1
144,6,1100501,34,2.657786762330796,3.1893441147969552,422.2635605504686,144,Poligono_Nave_industrial_051,Zona_1
144,7,Regreso_Poligono_Nave_industrial_051,0,63.68,56.41,478.67356055046855,144,Poligono_Nave_industrial_051,Zona_1
145,1,Inicio_Poligono_Nave_industrial_051,0,0.0,30.0,30.0,145,Poligono_Nave_industrial_051,Zona_1
145,2,4106901,61,38.05,31.43,244.43,145,Poligono_Nave_industrial_051,Zona_1
145,3,4106902,57,0.37340801122668216,0.4480896134720186,415.878089613472,145,Poligono_Nave_industrial_051,Zona_1
145,4,4106903,10,0.6158659336797219,0.7390391204156663,446.6171287338877,145,Poligono_Nave_industrial_051,Zona_1
145,5,Regreso_Poligono_Nave_industrial_051,0,37.67,30.9,477.51712873388766,145,Poligono_Nave_industrial_051,Zona_1
146,1,Inicio_Poligono_Nave_industrial_051,0,0.0,30.0,30.0,146,Poligono_Nave_industrial_051,Zona_1
146,2,4106903,89,37.67,30.9,327.9,146,Poligono_Nave_industrial_051,Zona_1
146,3,4106904,40,0.7424809398654604,0.8909771278385524,448.7909771278385,146,Poligono_Nave_industrial_051,Zona_1
146,4,Regreso_Poligono_Nave_industrial_051,0,37.39,30.81,479.6009771278385,146,Poligono_Nave_industrial_051,Zona_1
147,1,Inicio_Poligono_Nave_industrial_051,0,0.0,30.0,30.0,147,Poligono_Nave_industrial_051,Zona_1
147,2,4106904,54,37.39,30.81,222.81,147,Poligono_Nave_industrial_051,Zona_1
147,3,4109505,70,10.879895256088105,13.055874307305727,445.8658743073057,147,Poligono_Nave_industrial_051,Zona_1
147,4,Regreso_Poligono_Nave_industrial_051,0,39.44,32.78,478.6458743073057,147,Poligono_Nave_industrial_051,Zona_1
148,1,Inicio_Poligono_Nave_industrial_051,0,0.0,30.0,30.0,148,Poligono_Nave_industrial_051,Zona_1
148,2,4190401,16,27.31,33.99,111.99000000000001,148,Poligono_Nave_industrial_051,Zona_1
148,3,4109505,94,12.856326352182716,15.427591622619257,409.4175916226193,148,Poligono_Nave_industrial_051,Zona_1
148,4,4109503,10,1.8431750615529225,2.211810073863507,441.6294016964828,148,Poligono_Nave_industrial_051,Zona_1
148,5,Regreso_Poligono_Nave_industrial_051,0,42.55,37.8,479.4294016964828,148,Poligono_Nave_industrial_051,Zona_1
149,1,Inicio_Poligono_Nave_industrial_051,0,0.0,30.0,30.0,149,Poligono_Nave_industrial_051,Zona_1
149,2,4107901,35,65.22,79.14,214.14,149,Poligono_Nave_industrial_051,Zona_1
149,3,4109110,68,9.796957681034637,11.756349217241565,429.89634921724155,149,Poligono_Nave_industrial_051,Zona_1
149,4,Regreso_Poligono_Nave_industrial_051,0,55.34,48.39,478.28634921724154,149,Poligono_Nave_industrial_051,Zona_1
150,1,Inicio_Poligono_Nave_industrial_051,0,0.0,30.0,30.0,150,Poligono_Nave_industrial_051,Zona_1
150,2,4109104,111,66.38,57.26,420.26,150,Poligono_Nave_industrial_051,Zona_1
150,3,Regreso_Poligono_Nave_industrial_051,0,66.38,57.26,477.52,150,Poligono_Nave_industrial_051,Zona_1
151,1,Inicio_Poligono_Nave_industrial_051,0,0.0,30.0,30.0,151,Poligono_Nave_industrial_051,Zona_1
151,2,4109104,111,66.38,57.26,420.26,151,Poligono_Nave_industrial_051,Zona_1
151,3,Regreso_Poligono_Nave_industrial_051,0,66.38,57.26,477.52,151,Poligono_Nave_industrial_051,Zona_1
152,1,Inicio_Poligono_Nave_industrial_051,0,0.0,30.0,30.0,152,Poligono_Nave_industrial_051,Zona_1
152,2,4109104,111,66.38,57.26,420.26,152,Poligono_Nave_industrial_051,Zona_1
152,3,Regreso_Poligono_Nave_industrial_051,0,66.38,57.26,477.52,152,Poligono_Nave_industrial_051,Zona_1
153,1,Inicio_Poligono_Nave_industrial_051,0,0.0,30.0,30.0,153,Poligono_Nave_industrial_051,Zona_1
153,2,4109104,111,66.38,57.26,420.26,153,Poligono_Nave_industrial_051,Zona_1
153,3,Regreso_Poligono_Nave_industrial_051,0,66.38,57.26,477.52,153,Poligono_Nave_industrial_051,Zona_1
154,1,Inicio_Poligono_Nave_industrial_051,0,0.0,30.0,30.0,154,Poligono_Nave_industrial_051,Zona_1
154,2,4109104,111,66.38,57.26,420.26,154,Poligono_Nave_industrial_051,Zona_1
154,3,Regreso_Poligono_Nave_industrial_051,0,66.38,57.26,477.52,154,Poligono_Nave_industrial_051,Zona_1
155,1,Inicio_Poligono_Nave_industrial_051,0,0.0,30.0,30.0,155,Poligono_Nave_industrial_051,Zona_1
155,2,4109104,91,66.38,57.26,360.26,155,Poligono_Nave_industrial_051,Zona_1
155,3,4109110,20,6.9684823408683325,8.362178809042,428.622178809042,155,Poligono_Nave_industrial_051,Zona_1
155,4,Regreso_Poligono_Nave_industrial_051,0,55.34,48.39,477.012178809042,155,Poligono_Nave_industrial_051,Zona_1
156,1,Inicio_Poligono_Nave_industrial_051,0,0.0,30.0,30.0,156,Poligono_Nave_industrial_051,Zona_1
156,2,4109110,117,55.34,48.39,429.39,156,Poligono_Nave_industrial_051,Zona_1
156,3,Regreso_Poligono_Nave_industrial_051,0,55.34,48.39,477.78,156,Poligono_Nave_industrial_051,Zona_1
157,1,Inicio_Poligono_Nave_industrial_051,0,0.0,30.0,30.0,157,Poligono_Nave_industrial_051,Zona_1
157,2,4109110,117,55.34,48.39,429.39,157,Poligono_Nave_industrial_051,Zona_1
157,3,Regreso_Poligono_Nave_industrial_051,0,55.34,48.39,477.78,157,Poligono_Nave_industrial_051,Zona_1
158,1,Inicio_Poligono_Nave_industrial_051,0,0.0,30.0,30.0,158,Poligono_Nave_industrial_051,Zona_1
158,2,4109110,117,55.34,48.39,429.39,158,Poligono_Nave_industrial_051,Zona_1
158,3,Regreso_Poligono_Nave_industrial_051,0,55.34,48.39,477.78,158,Poligono_Nave_industrial_051,Zona_1
159,1,Inicio_Poligono_Nave_industrial_051,0,0.0,30.0,30.0,159,Poligono_Nave_industrial_051,Zona_1
159,2,4109110,68,55.34,48.39,282.39,159,Poligono_Nave_industrial_051,Zona_1
159,3,4109504,36,22.400886607949815,26.881063929539778,417.27106392953976,159,Poligono_Nave_industrial_051,Zona_1
159,4,4109501,8,0.8158057676868546,0.9789669212242257,442.250030850764,159,Poligono_Nave_industrial_051,Zona_1
159,5,Regreso_Poligono_Nave_industrial_051,0,40.04,35.81,478.060030850764,159,Poligono_Nave_industrial_051,Zona_1
160,1,Inicio_Poligono_Nave_industrial_051,0,0.0,30.0,30.0,160,Poligono_Nave_industrial_051,Zona_1
160,2,4109501,91,40.04,35.81,338.81,160,Poligono_Nave_industrial_051,Zona_1
160,3,4109503,34,0.42459342210359685,0.5095121065243162,441.3195121065243,160,Poligono_Nave_industrial_051,Zona_1
160,4,Regreso_Poligono_Nave_industrial_051,0,42.55,37.8,479.1195121065243,160,Poligono_Nave_industrial_051,Zona_1
161,1,Inicio_Poligono_Nave_industrial_051,0,0.0,30.0,30.0,161,Poligono_Nave_industrial_051,Zona_1
161,2,4109503,34,42.55,37.8,169.8,161,Poligono_Nave_industrial_051,Zona_1
161,3,1101701,32,34.09242970986129,40.910915651833555,306.7109156518336,161,Poligono_Nave_industrial_051,Zona_1
161,4,1101002,30,8.61419065175184,10.337028782102209,407.0479444339358,161,Poligono_Nave_industrial_051,Zona_1
161,5,1101001,11,0.3648568247467833,0.43782818969613996,440.48577262363193,161,Poligono_Nave_industrial_051,Zona_1
161,6,Regreso_Poligono_Nave_industrial_051,0,43.55,38.16,478.64577262363196,161,Poligono_Nave_industrial_051,Zona_1
162,1,Inicio_Poligono_Nave_industrial_051,0,0.0,30.0,30.0,162,Poligono_Nave_industrial_051,Zona_1
162,2,1100101,20,84.91,67.65,157.65,162,Poligono_Nave_industrial_051,Zona_1
162,3,1100102,23,3.5878891603474705,4.305466992416965,230.95546699241697,162,Poligono_Nave_industrial_051,Zona_1
162,4,1102306,15,14.3153554868851,17.17842658426212,293.1338935766791,162,Poligono_Nave_industrial_051,Zona_1
162,5,1190101,32,8.293523739269245,9.952228487123095,399.0861220638022,162,Poligono_Nave_industrial_051,Zona_1
162,6,1102301,2,16.67214299715362,20.006571596584347,425.09269366038654,162,Poligono_Nave_industrial_051,Zona_1
162,7,Regreso_Poligono_Nave_industrial_051,0,66.65,54.84,479.9326936603866,162,Poligono_Nave_industrial_051,Zona_1
163,1,Inicio_Poligono_Nave_industrial_051,0,0.0,30.0,30.0,163,Poligono_Nave_industrial_051,Zona_1
163,2,1100201,38,103.97,94.8,238.8,163,Poligono_Nave_industrial_051,Zona_1
163,3,1103601,7,5.518957699360708,6.62274923923285,266.42274923923287,163,Poligono_Nave_industrial_051,Zona_1
163,4,1102404,41,4.506631913460207,5.407958296152248,394.83070753538516,163,Poligono_Nave_industrial_051,Zona_1
163,5,1101801,2,8.02020741515992,9.624248898191905,410.4549564335771,163,Poligono_Nave_industrial_051,Zona_1
163,6,Regreso_Poligono_Nave_industrial_051,0,75.03,67.07,477.5249564335771,163,Poligono_Nave_industrial_051,Zona_1
164,1,Inicio_Poligono_Nave_industrial_051,0,0.0,30.0,30.0,164,Poligono_Nave_industrial_051,Zona_1
164,2,1100301,13,56.9,77.91,146.91,164,Poligono_Nave_industrial_051,Zona_1
164,3,1190201,37,14.784802914712492,17.74176349765499,275.651763497655,164,Poligono_Nave_industrial_051,Zona_1
164,4,1102501,44,11.055512012535102,13.266614415042122,420.9183779126971,164,Poligono_Nave_industrial_051,Zona_1
164,5,Regreso_Poligono_Nave_industrial_051,0,71.09,58.57,479.4883779126971,164,Poligono_Nave_industrial_051,Zona_1
165,1,Inicio_Poligono_Nave_industrial_051,0,0.0,30.0,30.0,165,Poligono_Nave_industrial_051,Zona_1
165,2,1100401,87,130.21,94.42,385.42,165,Poligono_Nave_industrial_051,Zona_1
165,3,Regreso_Poligono_Nave_industrial_051,0,130.21,94.42,479.84000000000003,165,Poligono_Nave_industrial_051,Zona_1
166,1,Inicio_Poligono_Nave_industrial_051,0,0.0,30.0,30.0,166,Poligono_Nave_industrial_051,Zona_1
166,2,1100401,87,130.21,94.42,385.42,166,Poligono_Nave_industrial_051,Zona_1
166,3,Regreso_Poligono_Nave_industrial_051,0,130.21,94.42,479.84000000000003,166,Poligono_Nave_industrial_051,Zona_1
167,1,Inicio_Poligono_Nave_industrial_051,0,0.0,30.0,30.0,167,Poligono_Nave_industrial_051,Zona_1
167,2,1100401,87,130.21,94.42,385.42,167,Poligono_Nave_industrial_051,Zona_1
167,3,Regreso_Poligono_Nave_industrial_051,0,130.21,94.42,479.84000000000003,167,Poligono_Nave_industrial_051,Zona_1
168,1,Inicio_Poligono_Nave_industrial_051,0,0.0,30.0,30.0,168,Poligono_Nave_industrial_051,Zona_1
168,2,1100401,87,130.21,94.42,385.42,168,Poligono_Nave_industrial_051,Zona_1
168,3,Regreso_Poligono_Nave_industrial_051,0,130.21,94.42,479.84000000000003,168,Poligono_Nave_industrial_051,Zona_1
169,1,Inicio_Poligono_Nave_industrial_051,0,0.0,30.0,30.0,169,Poligono_Nave_industrial_051,Zona_1
169,2,1100401,1,130.21,94.42,127.42,169,Poligono_Nave_industrial_051,Zona_1
169,3,1100404,85,0.21706176709442687,0.2604741205133122,382.68047412051334,169,Poligono_Nave_industrial_051,Zona_1
169,4,Regreso_Poligono_Nave_industrial_051,0,129.75,94.34,477.0204741205133,169,Poligono_Nave_industrial_051,Zona_1
170,1,Inicio_Poligono_Nave_industrial_051,0,0.0,30.0,30.0,170,Poligono_Nave_industrial_051,Zona_1
170,2,1100402,86,130.48,95.9,383.9,170,Poligono_Nave_industrial_051,Zona_1
170,3,Regreso_Poligono_Nave_industrial_051,0,130.48,95.9,479.79999999999995,170,Poligono_Nave_industrial_051,Zona_1
171,1,Inicio_Poligono_Nave_industrial_051,0,0.0,30.0,30.0,171,Poligono_Nave_industrial_051,Zona_1
171,2,1100402,86,130.48,95.9,383.9,171,Poligono_Nave_industrial_051,Zona_1
171,3,Regreso_Poligono_Nave_industrial_051,0,130.48,95.9,479.79999999999995,171,Poligono_Nave_industrial_051,Zona_1
172,1,Inicio_Poligono_Nave_industrial_051,0,0.0,30.0,30.0,172,Poligono_Nave_industrial_051,Zona_1
172,2,1100402,86,130.48,95.9,383.9,172,Poligono_Nave_industrial_051,Zona_1
172,3,Regreso_Poligono_Nave_industrial_051,0,130.48,95.9,479.79999999999995,172,Poligono_Nave_industrial_051,Zona_1
173,1,Inicio_Poligono_Nave_industrial_051,0,0.0,30.0,30.0,173,Poligono_Nave_industrial_051,Zona_1
173,2,1100402,37,130.48,95.9,236.9,173,Poligono_Nave_industrial_051,Zona_1
173,3,1100404,49,1.1308608772397386,1.3570330526876864,385.2570330526877,173,Poligono_Nave_industrial_051,Zona_1
173,4,Regreso_Poligono_Nave_industrial_051,0,129.75,94.34,479.5970330526877,173,Poligono_Nave_industrial_051,Zona_1
174,1,Inicio_Poligono_Nave_industrial_051,0,0.0,30.0,30.0,174,Poligono_Nave_industrial_051,Zona_1
174,2,1100403,86,130.35,94.97,382.97,174,Poligono_Nave_industrial_051,Zona_1
174,3,Regreso_Poligono_Nave_industrial_051,0,130.35,94.97,477.94000000000005,174,Poligono_Nave_industrial_051,Zona_1
175,1,Inicio_Poligono_Nave_industrial_051,0,0.0,30.0,30.0,175,Poligono_Nave_industrial_051,Zona_1
175,2,1100403,82,130.35,94.97,370.97,175,Poligono_Nave_industrial_051,Zona_1
175,3,1100404,4,0.2995653735789619,0.3594784482947543,383.32947844829476,175,Poligono_Nave_industrial_051,Zona_1
175,4,Regreso_Poligono_Nave_industrial_051,0,129.75,94.34,477.66947844829474,175,Poligono_Nave_industrial_051,Zona_1
176,1,Inicio_Poligono_Nave_industrial_051,0,0.0,30.0,30.0,176,Poligono_Nave_industrial_051,Zona_1
176,2,1100404,87,129.75,94.34,385.34000000000003,176,Poligono_Nave_industrial_051,Zona_1
176,3,Regreso_Poligono_Nave_industrial_051,0,129.75,94.34,479.68000000000006,176,Poligono_Nave_industrial_051,Zona_1
177,1,Inicio_Poligono_Nave_industrial_051,0,0.0,30.0,30.0,177,Poligono_Nave_industrial_051,Zona_1
177,2,1100404,87,129.75,94.34,385.34000000000003,177,Poligono_Nave_industrial_051,Zona_1
177,3,Regreso_Poligono_Nave_industrial_051,0,129.75,94.34,479.68000000000006,177,Poligono_Nave_industrial_051,Zona_1
178,1,Inicio_Poligono_Nave_industrial_051,0,0.0,30.0,30.0,178,Poligono_Nave_industrial_051,Zona_1
178,2,1100404,31,129.75,94.34,217.34,178,Poligono_Nave_industrial_051,Zona_1
178,3,1100802,19,5.855605013071896,7.026726015686275,281.36672601568625,178,Poligono_Nave_industrial_051,Zona_1
178,4,1103304,33,3.1150416244812096,3.7380499493774515,384.1047759650637,178,Poligono_Nave_industrial_051,Zona_1
178,5,Regreso_Poligono_Nave_industrial_051,0,130.75,94.53,478.6347759650637,178,Poligono_Nave_industrial_051,Zona_1
179,1,Inicio_Poligono_Nave_industrial_051,0,0.0,30.0,30.0,179,Poligono_Nave_industrial_051,Zona_1
179,2,1100601,45,36.09,45.94,210.94,179,Poligono_Nave_industrial_051,Zona_1
179,3,1100602,74,0.277527196066289,0.3330326352795468,433.27303263527955,179,Poligono_Nave_industrial_051,Zona_1
179,4,Regreso_Poligono_Nave_industrial_051,0,35.18,43.76,477.03303263527954,179,Poligono_Nave_industrial_051,Zona_1
180,1,Inicio_Poligono_Nave_industrial_051,0,0.0,30.0,30.0,180,Poligono_Nave_industrial_051,Zona_1
180,2,1100602,36,35.18,43.76,181.76,180,Poligono_Nave_industrial_051,Zona_1
180,3,1100604,46,2.933178212523441,3.5198138550281293,323.2798138550281,180,Poligono_Nave_industrial_051,Zona_1
180,4,1101001,10,6.889154258205282,8.266985109846338,361.5467989648745,180,Poligono_Nave_industrial_051,Zona_1
180,5,1101003,7,6.425884024320765,7.711060829184918,390.2578597940594,180,Poligono_Nave_industrial_051,Zona_1
180,6,1104102,16,4.532786096201125,5.43934331544135,443.6972031095008,180,Poligono_Nave_industrial_051,Zona_1
180,7,Regreso_Poligono_Nave_industrial_051,0,38.72,34.56,478.2572031095008,180,Poligono_Nave_industrial_051,Zona_1
181,1,Inicio_Poligono_Nave_industrial_051,0,0.0,30.0,30.0,181,Poligono_Nave_industrial_051,Zona_1
181,2,1100603,42,27.92,38.23,194.23,181,Poligono_Nave_industrial_051,Zona_1
181,3,1104102,55,19.820628053183697,23.78475366382044,383.01475366382044,181,Poligono_Nave_industrial_051,Zona_1
181,4,1104101,20,0.576816492465542,0.6921797909586505,443.7069334547791,181,Poligono_Nave_industrial_051,Zona_1
181,5,Regreso_Poligono_Nave_industrial_051,0,39.4,35.57,479.2769334547791,181,Poligono_Nave_industrial_051,Zona_1
182,1,Inicio_Poligono_Nave_industrial_051,0,0.0,30.0,30.0,182,Poligono_Nave_industrial_051,Zona_1
182,2,1100701,51,112.16,84.87,267.87,182,Poligono_Nave_industrial_051,Zona_1
182,3,1100702,42,0.352337002867611,0.4228044034411332,394.29280440344115,182,Poligono_Nave_industrial_051,Zona_1
182,4,Regreso_Poligono_Nave_industrial_051,0,112.59,85.56,479.85280440344116,182,Poligono_Nave_industrial_051,Zona_1
183,1,Inicio_Poligono_Nave_industrial_051,0,0.0,30.0,30.0,183,Poligono_Nave_industrial_051,Zona_1
183,2,1100702,25,112.59,85.56,190.56,183,Poligono_Nave_industrial_051,Zona_1
183,3,1100703,28,1.019171154315961,1.2230053851791531,275.78300538517914,183,Poligono_Nave_industrial_051,Zona_1
183,4,1100704,24,5.011222504833083,6.0134670057997,353.7964723909788,183,Poligono_Nave_industrial_051,Zona_1
183,5,1103902,10,10.984564019753538,13.181476823704246,396.97794921468306,183,Poligono_Nave_industrial_051,Zona_1
183,6,Regreso_Poligono_Nave_industrial_051,0,105.36,81.38,478.35794921468306,183,Poligono_Nave_industrial_051,Zona_1
184,1,Inicio_Poligono_Nave_industrial_051,0,0.0,30.0,30.0,184,Poligono_Nave_industrial_051,Zona_1
184,2,1100801,95,111.54,81.85,396.85,184,Poligono_Nave_industrial_051,Zona_1
184,3,Regreso_Poligono_Nave_industrial_051,0,111.54,81.85,478.70000000000005,184,Poligono_Nave_industrial_051,Zona_1
185,1,Inicio_Poligono_Nave_industrial_051,0,0.0,30.0,30.0,185,Poligono_Nave_industrial_051,Zona_1
185,2,1100801,79,111.54,81.85,348.85,185,Poligono_Nave_industrial_051,Zona_1
185,3,1100803,6,10.615581828344459,12.73869819401335,379.5886981940134,185,Poligono_Nave_industrial_051,Zona_1
185,4,Regreso_Poligono_Nave_industrial_051,0,125.69,98.71,478.29869819401335,185,Poligono_Nave_industrial_051,Zona_1
186,1,Inicio_Poligono_Nave_industrial_051,0,0.0,30.0,30.0,186,Poligono_Nave_industrial_051,Zona_1
186,2,1100803,50,125.69,98.71,278.71,186,Poligono_Nave_industrial_051,Zona_1
186,3,1103304,16,4.077533839591022,4.893040607509227,331.60304060750923,186,Poligono_Nave_industrial_051,Zona_1
186,4,1103302,15,3.0274848617876406,3.632981834145169,380.2360224416544,186,Poligono_Nave_industrial_051,Zona_1
186,5,Regreso_Poligono_Nave_industrial_051,0,135.51,98.61,478.84602244165444,186,Poligono_Nave_industrial_051,Zona_1
187,1,Inicio_Poligono_Nave_industrial_051,0,0.0,30.0,30.0,187,Poligono_Nave_industrial_051,Zona_1
187,2,1190101,29,87.16,79.89,196.89,187,Poligono_Nave_industrial_051,Zona_1
187,3,1102301,4,16.67214299715362,20.006571596584347,228.89657159658435,187,Poligono_Nave_industrial_051,Zona_1
187,4,1102303,6,0.3003628655834057,0.3604354387000868,247.25700703528443,187,Poligono_Nave_industrial_051,Zona_1
187,5,1102302,7,0.27299557657693596,0.32759469189232315,268.58460172717673,187,Poligono_Nave_industrial_051,Zona_1
187,6,1102304,7,0.5452676287092151,0.6543211544510581,290.2389228816278,187,Poligono_Nave_industrial_051,Zona_1
187,7,1102305,45,0.639129534199222,0.7669554410390664,426.00587832266683,187,Poligono_Nave_industrial_051,Zona_1
187,8,Regreso_Poligono_Nave_industrial_051,0,65.45,53.05,479.05587832266684,187,Poligono_Nave_industrial_051,Zona_1
188,1,Inicio_Poligono_Nave_industrial_051,0,0.0,30.0,30.0,188,Poligono_Nave_industrial_051,Zona_1
188,2,1100901,7,67.22,74.8,125.8,188,Poligono_Nave_industrial_051,Zona_1
188,3,1103801,93,3.647591226652097,4.377109471982516,409.17710947198253,188,Poligono_Nave_industrial_051,Zona_1
188,4,1101101,1,10.064221940199204,12.077066328239045,424.25417580022156,188,Poligono_Nave_industrial_051,Zona_1
188,5,Regreso_Poligono_Nave_industrial_051,0,56.79,53.02,477.27417580022154,188,Poligono_Nave_industrial_051,Zona_1
189,1,Inicio_Poligono_Nave_industrial_051,0,0.0,30.0,30.0,189,Poligono_Nave_industrial_051,Zona_1
189,2,1101101,21,56.79,53.02,146.02,189,Poligono_Nave_industrial_051,Zona_1
189,3,1102602,25,5.248436635967617,6.2981239631611405,227.31812396316116,189,Poligono_Nave_industrial_051,Zona_1
189,4,1102601,20,0.4544652271254811,0.5453582725505773,287.86348223571173,189,Poligono_Nave_industrial_051,Zona_1
189,5,1104201,12,10.723138189996062,12.867765827995274,336.73124806370697,189,Poligono_Nave_industrial_051,Zona_1
189,6,1101801,13,9.066523063207248,10.879827675848697,386.61107573955564,189,Poligono_Nave_industrial_051,Zona_1
189,7,1101901,2,9.868463964021364,11.842156756825636,404.4532324963813,189,Poligono_Nave_industrial_051,Zona_1
189,8,1104101,2,27.08350697092853,32.50020836511423,442.95344086149555,189,Poligono_Nave_industrial_051,Zona_1
189,9,Regreso_Poligono_Nave_industrial_051,0,39.4,35.57,478.52344086149554,189,Poligono_Nave_industrial_051,Zona_1
190,1,Inicio_Poligono_Nave_industrial_051,0,0.0,30.0,30.0,190,Poligono_Nave_industrial_051,Zona_1
190,2,1101201,59,65.42,55.08,262.08,190,Poligono_Nave_industrial_051,Zona_1
190,3,1101203,54,0.20398239437268112,0.24477887324721734,424.32477887324717,190,Poligono_Nave_industrial_051,Zona_1
190,4,1102702,1,7.1543953835056415,8.58527446020677,435.91005333345396,190,Poligono_Nave_industrial_051,Zona_1
190,5,Regreso_Poligono_Nave_industrial_051,0,53.66,43.97,479.88005333345393,190,Poligono_Nave_industrial_051,Zona_1
191,1,Inicio_Poligono_Nave_industrial_051,0,0.0,30.0,30.0,191,Poligono_Nave_industrial_051,Zona_1
191,2,1101202,57,65.44,55.77,256.77,191,Poligono_Nave_industrial_051,Zona_1
191,3,1101203,3,0.1640972106368737,0.19691665276424844,265.9669166527642,191,Poligono_Nave_industrial_051,Zona_1
191,4,1101205,39,0.3542710771900077,0.4251252926280093,383.39204194539224,191,Poligono_Nave_industrial_051,Zona_1
191,5,1101206,14,0.2980574668065243,0.3576689601678292,425.74971090556005,191,Poligono_Nave_industrial_051,Zona_1
191,6,Regreso_Poligono_Nave_industrial_051,0,64.72,53.02,478.76971090556003,191,Poligono_Nave_industrial_051,Zona_1
192,1,Inicio_Poligono_Nave_industrial_051,0,0.0,30.0,30.0,192,Poligono_Nave_industrial_051,Zona_1
192,2,1101204,33,65.58,56.2,185.2,192,Poligono_Nave_industrial_051,Zona_1
192,3,1101206,23,0.6020661600586678,0.7224793920704013,254.9224793920704,192,Poligono_Nave_industrial_051,Zona_1
192,4,1101207,27,0.7724272332160014,0.9269126798592017,336.84939207192957,192,Poligono_Nave_industrial_051,Zona_1
192,5,1101208,30,0.7650106721654121,0.9180128065984945,427.76740487852805,192,Poligono_Nave_industrial_051,Zona_1
192,6,Regreso_Poligono_Nave_industrial_051,0,63.66,50.8,478.56740487852807,192,Poligono_Nave_industrial_051,Zona_1
193,1,Inicio_Poligono_Nave_industrial_051,0,0.0,30.0,30.0,193,Poligono_Nave_industrial_051,Zona_1
193,2,1101208,116,63.66,50.8,428.8,193,Poligono_Nave_industrial_051,Zona_1
193,3,Regreso_Poligono_Nave_industrial_051,0,63.66,50.8,479.6,193,Poligono_Nave_industrial_051,Zona_1
194,1,Inicio_Poligono_Nave_industrial_051,0,0.0,30.0,30.0,194,Poligono_Nave_industrial_051,Zona_1
194,2,1101208,116,63.66,50.8,428.8,194,Poligono_Nave_industrial_051,Zona_1
194,3,Regreso_Poligono_Nave_industrial_051,0,63.66,50.8,479.6,194,Poligono_Nave_industrial_051,Zona_1
195,1,Inicio_Poligono_Nave_industrial_051,0,0.0,30.0,30.0,195,Poligono_Nave_industrial_051,Zona_1
195,2,1101208,15,63.66,50.8,125.8,195,Poligono_Nave_industrial_051,Zona_1
195,3,1101209,100,1.166236808575326,1.3994841702903913,427.1994841702904,195,Poligono_Nave_industrial_051,Zona_1
195,4,Regreso_Poligono_Nave_industrial_051,0,63.34,50.84,478.0394841702904,195,Poligono_Nave_industrial_051,Zona_1
196,1,Inicio_Poligono_Nave_industrial_051,0,0.0,30.0,30.0,196,Poligono_Nave_industrial_051,Zona_1
196,2,1101209,116,63.34,50.84,428.84000000000003,196,Poligono_Nave_industrial_051,Zona_1
196,3,Regreso_Poligono_Nave_industrial_051,0,63.34,50.84,479.68000000000006,196,Poligono_Nave_industrial_051,Zona_1
197,1,Inicio_Poligono_Nave_industrial_051,0,0.0,30.0,30.0,197,Poligono_Nave_industrial_051,Zona_1
197,2,1101209,8,63.34,50.84,104.84,197,Poligono_Nave_industrial_051,Zona_1
197,3,1101210,107,0.9296233182472802,1.1155479818967362,426.95554798189676,197,Poligono_Nave_industrial_051,Zona_1
197,4,Regreso_Poligono_Nave_industrial_051,0,64.12,52.12,479.07554798189676,197,Poligono_Nave_industrial_051,Zona_1
198,1,Inicio_Poligono_Nave_industrial_051,0,0.0,30.0,30.0,198,Poligono_Nave_industrial_051,Zona_1
198,2,1101210,115,64.12,52.12,427.12,198,Poligono_Nave_industrial_051,Zona_1
198,3,Regreso_Poligono_Nave_industrial_051,0,64.12,52.12,479.24,198,Poligono_Nave_industrial_051,Zona_1
199,1,Inicio_Poligono_Nave_industrial_051,0,0.0,30.0,30.0,199,Poligono_Nave_industrial_051,Zona_1
199,2,1101210,60,64.12,52.12,262.12,199,Poligono_Nave_industrial_051,Zona_1
199,3,1102801,55,7.611229195596312,9.133475034715575,436.2534750347156,199,Poligono_Nave_industrial_051,Zona_1
199,4,Regreso_Poligono_Nave_industrial_051,0,55.25,43.48,479.73347503471564,199,Poligono_Nave_industrial_051,Zona_1
200,1,Inicio_Poligono_Nave_industrial_051,0,0.0,30.0,30.0,200,Poligono_Nave_industrial_051,Zona_1
200,2,1101301,28,145.43,111.29,225.29000000000002,200,Poligono_Nave_industrial_051,Zona_1
200,3,1102102,20,10.288637282990669,12.346364739588802,297.6363647395888,200,Poligono_Nave_industrial_051,Zona_1
200,4,1102101,16,4.715299921184061,5.658359905420874,351.2947246450097,200,Poligono_Nave_industrial_051,Zona_1
200,5,1103801,9,27.71652796411668,33.25983355694001,411.5545582019497,200,Poligono_Nave_industrial_051,Zona_1
200,6,Regreso_Poligono_Nave_industrial_051,0,69.09,67.94,479.4945582019497,200,Poligono_Nave_industrial_051,Zona_1
201,1,Inicio_Poligono_Nave_industrial_051,0,0.0,30.0,30.0,201,Poligono_Nave_industrial_051,Zona_1
201,2,1101501,112,70.98,56.61,422.61,201,Poligono_Nave_industrial_051,Zona_1
201,3,Regreso_Poligono_Nave_industrial_051,0,70.98,56.61,479.22,201,Poligono_Nave_industrial_051,Zona_1
202,1,Inicio_Poligono_Nave_industrial_051,0,0.0,30.0,30.0,202,Poligono_Nave_industrial_051,Zona_1
202,2,1101501,38,70.98,56.61,200.61,202,Poligono_Nave_industrial_051,Zona_1
202,3,1101504,74,0.46353467110718416,0.556241605328621,423.16624160532865,202,Poligono_Nave_industrial_051,Zona_1
202,4,Regreso_Poligono_Nave_industrial_051,0,69.91,55.83,478.99624160532863,202,Poligono_Nave_industrial_051,Zona_1
203,1,Inicio_Poligono_Nave_industrial_051,0,0.0,30.0,30.0,203,Poligono_Nave_industrial_051,Zona_1
203,2,1101502,79,72.18,59.2,326.2,203,Poligono_Nave_industrial_051,Zona_1
203,3,1101503,31,0.6220972667598266,0.7465167201117919,419.9465167201118,203,Poligono_Nave_industrial_051,Zona_1
203,4,1101504,1,0.91754222192663,1.1010506663119561,424.04756738642374,203,Poligono_Nave_industrial_051,Zona_1
203,5,Regreso_Poligono_Nave_industrial_051,0,69.91,55.83,479.8775673864237,203,Poligono_Nave_industrial_051,Zona_1
204,1,Inicio_Poligono_Nave_industrial_051,0,0.0,30.0,30.0,204,Poligono_Nave_industrial_051,Zona_1
204,2,1101503,50,71.42,57.43,237.43,204,Poligono_Nave_industrial_051,Zona_1
204,3,1101504,61,0.91754222192663,1.1010506663119561,421.53105066631196,204,Poligono_Nave_industrial_051,Zona_1
204,4,Regreso_Poligono_Nave_industrial_051,0,69.91,55.83,477.36105066631194,204,Poligono_Nave_industrial_051,Zona_1
205,1,Inicio_Poligono_Nave_industrial_051,0,0.0,30.0,30.0,205,Poligono_Nave_industrial_051,Zona_1
205,2,1101504,57,69.91,55.83,256.83,205,Poligono_Nave_industrial_051,Zona_1
205,3,1103106,53,6.506039762107262,7.807247714528714,423.6372477145287,205,Poligono_Nave_industrial_051,Zona_1
205,4,1103102,1,1.1133062041301256,1.3359674449561507,427.9732151594849,205,Poligono_Nave_industrial_051,Zona_1
205,5,Regreso_Poligono_Nave_industrial_051,0,66.62,51.59,479.5632151594849,205,Poligono_Nave_industrial_051,Zona_1
206,1,Inicio_Poligono_Nave_industrial_051,0,0.0,30.0,30.0,206,Poligono_Nave_industrial_051,Zona_1
206,2,1101505,102,83.39,71.11,407.11,206,Poligono_Nave_industrial_051,Zona_1
206,3,1103106,1,12.641650546608538,15.169980655930246,425.2799806559303,206,Poligono_Nave_industrial_051,Zona_1
206,4,Regreso_Poligono_Nave_industrial_051,0,68.41,54.63,479.90998065593027,206,Poligono_Nave_industrial_051,Zona_1
207,1,Inicio_Poligono_Nave_industrial_051,0,0.0,30.0,30.0,207,Poligono_Nave_industrial_051,Zona_1
207,2,1101505,102,83.39,71.11,407.11,207,Poligono_Nave_industrial_051,Zona_1
207,3,1103106,1,12.641650546608538,15.169980655930246,425.2799806559303,207,Poligono_Nave_industrial_051,Zona_1
207,4,Regreso_Poligono_Nave_industrial_051,0,68.41,54.63,479.90998065593027,207,Poligono_Nave_industrial_051,Zona_1
208,1,Inicio_Poligono_Nave_industrial_051,0,0.0,30.0,30.0,208,Poligono_Nave_industrial_051,Zona_1
208,2,1101505,94,83.39,71.11,383.11,208,Poligono_Nave_industrial_051,Zona_1
208,3,1101402,4,10.35288619333759,12.423463432005107,407.53346343200514,208,Poligono_Nave_industrial_051,Zona_1
208,4,Regreso_Poligono_Nave_industrial_051,0,89.89,69.99,477.52346343200514,208,Poligono_Nave_industrial_051,Zona_1
209,1,Inicio_Poligono_Nave_industrial_051,0,0.0,30.0,30.0,209,Poligono_Nave_industrial_051,Zona_1
209,2,1101601,15,62.56,51.12,126.12,209,Poligono_Nave_industrial_051,Zona_1
209,3,1101602,63,0.3473981953231064,0.4168778343877277,315.5368778343877,209,Poligono_Nave_industrial_051,Zona_1
209,4,1101603,36,3.2882336625315625,3.9458803950378747,427.4827582294256,209,Poligono_Nave_industrial_051,Zona_1
209,5,Regreso_Poligono_Nave_industrial_051,0,60.53,50.77,478.2527582294256,209,Poligono_Nave_industrial_051,Zona_1
210,1,Inicio_Poligono_Nave_industrial_051,0,0.0,30.0,30.0,210,Poligono_Nave_industrial_051,Zona_1
210,2,1101603,28,60.53,50.77,164.77,210,Poligono_Nave_industrial_051,Zona_1
210,3,1103202,67,6.377989587559311,7.653587505071174,373.42358750507117,210,Poligono_Nave_industrial_051,Zona_1
210,4,1103204,19,0.4511481319864084,0.5413777583836901,430.96496526345487,210,Poligono_Nave_industrial_051,Zona_1
210,5,Regreso_Poligono_Nave_industrial_051,0,56.33,48.23,479.1949652634549,210,Poligono_Nave_industrial_051,Zona_1
211,1,Inicio_Poligono_Nave_industrial_051,0,0.0,30.0,30.0,211,Poligono_Nave_industrial_051,Zona_1
211,2,1101401,92,90.4,71.79,377.79,211,Poligono_Nave_industrial_051,Zona_1
211,3,1101403,9,0.43242093410846966,0.5189051209301636,405.3089051209302,211,Poligono_Nave_industrial_051,Zona_1
211,4,1101402,1,0.9271267125990728,1.1125520551188874,409.4214571760491,211,Poligono_Nave_industrial_051,Zona_1
211,5,Regreso_Poligono_Nave_industrial_051,0,89.89,69.99,479.4114571760491,211,Poligono_Nave_industrial_051,Zona_1
212,1,Inicio_Poligono_Nave_industrial_051,0,0.0,30.0,30.0,212,Poligono_Nave_industrial_051,Zona_1
212,2,1101402,62,89.89,69.99,285.99,212,Poligono_Nave_industrial_051,Zona_1
212,3,1101403,40,0.9271267125990728,1.1125520551188874,407.1025520551189,212,Poligono_Nave_industrial_051,Zona_1
212,4,Regreso_Poligono_Nave_industrial_051,0,90.77,71.97,479.0725520551189,212,Poligono_Nave_industrial_051,Zona_1
213,1,Inicio_Poligono_Nave_industrial_051,0,0.0,30.0,30.0,213,Poligono_Nave_industrial_051,Zona_1
213,2,1101403,3,90.77,71.97,110.97,213,Poligono_Nave_industrial_051,Zona_1
213,3,1103903,41,5.153921855731098,6.184706226877317,240.15470622687732,213,Poligono_Nave_industrial_051,Zona_1
213,4,1103901,9,6.7773341265912,8.13280095190944,275.28750717878677,213,Poligono_Nave_industrial_051,Zona_1
213,5,1103902,39,5.041109230064485,6.049331076077382,398.3368382548641,213,Poligono_Nave_industrial_051,Zona_1
213,6,Regreso_Poligono_Nave_industrial_051,0,105.36,81.38,479.7168382548641,213,Poligono_Nave_industrial_051,Zona_1
214,1,Inicio_Poligono_Nave_industrial_051,0,0.0,30.0,30.0,214,Poligono_Nave_industrial_051,Zona_1
214,2,1101901,15,75.83,74.74,149.74,214,Poligono_Nave_industrial_051,Zona_1
214,3,1104001,5,8.211687227031073,9.854024672437287,174.59402467243729,214,Poligono_Nave_industrial_051,Zona_1
214,4,1103801,43,6.9769739132043735,8.372368695845248,311.9663933682825,214,Poligono_Nave_industrial_051,Zona_1
214,5,1102103,2,24.33306785849067,29.1996814301888,347.1660747984713,214,Poligono_Nave_industrial_051,Zona_1
214,6,1102501,2,42.26811951719057,50.721743420628684,403.8878182191,214,Poligono_Nave_industrial_051,Zona_1
214,7,1102305,4,8.78033433393877,10.536401200726525,426.4242194198265,214,Poligono_Nave_industrial_051,Zona_1
214,8,Regreso_Poligono_Nave_industrial_051,0,65.45,53.05,479.4742194198265,214,Poligono_Nave_industrial_051,Zona_1
215,1,Inicio_Poligono_Nave_industrial_051,0,0.0,30.0,30.0,215,Poligono_Nave_industrial_051,Zona_1
215,2,1102001,40,36.01,34.25,184.25,215,Poligono_Nave_industrial_051,Zona_1
215,3,1102002,88,0.8506383653790529,1.0207660384548636,449.27076603845484,215,Poligono_Nave_industrial_051,Zona_1
215,4,Regreso_Poligono_Nave_industrial_051,0,32.94,29.68,478.95076603845484,215,Poligono_Nave_industrial_051,Zona_1
216,1,Inicio_Poligono_Nave_industrial_051,0,0.0,30.0,30.0,216,Poligono_Nave_industrial_051,Zona_1
216,2,1102002,130,32.94,29.68,449.68,216,Poligono_Nave_industrial_051,Zona_1
216,3,Regreso_Poligono_Nave_industrial_051,0,32.94,29.68,479.36,216,Poligono_Nave_industrial_051,Zona_1
217,1,Inicio_Poligono_Nave_industrial_051,0,0.0,30.0,30.0,217,Poligono_Nave_industrial_051,Zona_1
217,2,1102002,34,32.94,29.68,161.68,217,Poligono_Nave_industrial_051,Zona_1
217,3,1102004,95,0.976951716469757,1.1723420597637084,447.8523420597637,217,Poligono_Nave_industrial_051,Zona_1
217,4,Regreso_Poligono_Nave_industrial_051,0,32.84,29.97,477.82234205976374,217,Poligono_Nave_industrial_051,Zona_1
218,1,Inicio_Poligono_Nave_industrial_051,0,0.0,30.0,30.0,218,Poligono_Nave_industrial_051,Zona_1
218,2,1102003,128,38.38,31.84,445.84,218,Poligono_Nave_industrial_051,Zona_1
218,3,Regreso_Poligono_Nave_industrial_051,0,38.38,31.84,477.67999999999995,218,Poligono_Nave_industrial_051,Zona_1
219,1,Inicio_Poligono_Nave_industrial_051,0,0.0,30.0,30.0,219,Poligono_Nave_industrial_051,Zona_1
219,2,1102003,26,38.38,31.84,139.84,219,Poligono_Nave_industrial_051,Zona_1
219,3,1102007,101,1.3201864001919763,1.5842236802303717,444.4242236802304,219,Poligono_Nave_industrial_051,Zona_1
219,4,Regreso_Poligono_Nave_industrial_051,0,39.7,33.51,477.9342236802304,219,Poligono_Nave_industrial_051,Zona_1
220,1,Inicio_Poligono_Nave_industrial_051,0,0.0,30.0,30.0,220,Poligono_Nave_industrial_051,Zona_1
220,2,1102004,130,32.84,29.97,449.97,220,Poligono_Nave_industrial_051,Zona_1
220,3,Regreso_Poligono_Nave_industrial_051,0,32.84,29.97,479.94000000000005,220,Poligono_Nave_industrial_051,Zona_1
221,1,Inicio_Poligono_Nave_industrial_051,0,0.0,30.0,30.0,221,Poligono_Nave_industrial_051,Zona_1
221,2,1102004,76,32.84,29.97,287.97,221,Poligono_Nave_industrial_051,Zona_1
221,3,1102006,53,0.6561751417064892,0.787410170047787,447.7574101700478,221,Poligono_Nave_industrial_051,Zona_1
221,4,Regreso_Poligono_Nave_industrial_051,0,34.29,30.65,478.4074101700478,221,Poligono_Nave_industrial_051,Zona_1
222,1,Inicio_Poligono_Nave_industrial_051,0,0.0,30.0,30.0,222,Poligono_Nave_industrial_051,Zona_1
222,2,1102005,115,33.58,28.75,403.75,222,Poligono_Nave_industrial_051,Zona_1
222,3,1102006,14,2.4214133709697556,2.905696045163707,448.6556960451637,222,Poligono_Nave_industrial_051,Zona_1
222,4,Regreso_Poligono_Nave_industrial_051,0,34.29,30.65,479.3056960451637,222,Poligono_Nave_industrial_051,Zona_1
223,1,Inicio_Poligono_Nave_industrial_051,0,0.0,30.0,30.0,223,Poligono_Nave_industrial_051,Zona_1
223,2,1102006,129,34.29,30.65,447.65,223,Poligono_Nave_industrial_051,Zona_1
223,3,Regreso_Poligono_Nave_industrial_051,0,34.29,30.65,478.29999999999995,223,Poligono_Nave_industrial_051,Zona_1
224,1,Inicio_Poligono_Nave_industrial_051,0,0.0,30.0,30.0,224,Poligono_Nave_industrial_051,Zona_1
224,2,1102006,129,34.29,30.65,447.65,224,Poligono_Nave_industrial_051,Zona_1
224,3,Regreso_Poligono_Nave_industrial_051,0,34.29,30.65,478.29999999999995,224,Poligono_Nave_industrial_051,Zona_1
225,1,Inicio_Poligono_Nave_industrial_051,0,0.0,30.0,30.0,225,Poligono_Nave_industrial_051,Zona_1
225,2,1102006,129,34.29,30.65,447.65,225,Poligono_Nave_industrial_051,Zona_1
225,3,Regreso_Poligono_Nave_industrial_051,0,34.29,30.65,478.29999999999995,225,Poligono_Nave_industrial_051,Zona_1
226,1,Inicio_Poligono_Nave_industrial_051,0,0.0,30.0,30.0,226,Poligono_Nave_industrial_051,Zona_1
226,2,1102006,129,34.29,30.65,447.65,226,Poligono_Nave_industrial_051,Zona_1
226,3,Regreso_Poligono_Nave_industrial_051,0,34.29,30.65,478.29999999999995,226,Poligono_Nave_industrial_051,Zona_1
227,1,Inicio_Poligono_Nave_industrial_051,0,0.0,30.0,30.0,227,Poligono_Nave_industrial_051,Zona_1
227,2,1102006,50,34.29,30.65,210.65,227,Poligono_Nave_industrial_051,Zona_1
227,3,1102007,77,2.179594999517054,2.6155139994204646,444.2655139994205,227,Poligono_Nave_industrial_051,Zona_1
227,4,Regreso_Poligono_Nave_industrial_051,0,39.7,33.51,477.77551399942047,227,Poligono_Nave_industrial_051,Zona_1
228,1,Inicio_Poligono_Nave_industrial_051,0,0.0,30.0,30.0,228,Poligono_Nave_industrial_051,Zona_1
228,2,1102007,42,39.7,33.51,189.51,228,Poligono_Nave_industrial_051,Zona_1
228,3,1102008,29,3.0309461161812545,3.6371353394175054,280.1471353394175,228,Poligono_Nave_industrial_051,Zona_1
228,4,1102010,26,6.80720301196267,8.168643614355204,366.3157789537727,228,Poligono_Nave_industrial_051,Zona_1
228,5,1102704,8,9.7748213091313,11.72978557095756,402.04556452473025,228,Poligono_Nave_industrial_051,Zona_1
228,6,1102701,11,3.8735923466941427,4.648310816032971,439.6938753407632,228,Poligono_Nave_industrial_051,Zona_1
228,7,Regreso_Poligono_Nave_industrial_051,0,45.97,39.03,478.72387534076324,228,Poligono_Nave_industrial_051,Zona_1
229,1,Inicio_Poligono_Nave_industrial_051,0,0.0,30.0,30.0,229,Poligono_Nave_industrial_051,Zona_1
229,2,1102009,78,23.16,43.5,307.5,229,Poligono_Nave_industrial_051,Zona_1
229,3,1103701,23,9.408212265888787,11.289854719066545,387.7898547190665,229,Poligono_Nave_industrial_051,Zona_1
229,4,1103201,7,19.95247322641068,23.94296787169282,432.7328225907593,229,Poligono_Nave_industrial_051,Zona_1
229,5,Regreso_Poligono_Nave_industrial_051,0,54.81,45.12,477.85282259075933,229,Poligono_Nave_industrial_051,Zona_1
230,1,Inicio_Poligono_Nave_industrial_051,0,0.0,30.0,30.0,230,Poligono_Nave_industrial_051,Zona_1
230,2,1102101,8,160.98,126.2,180.2,230,Poligono_Nave_industrial_051,Zona_1
230,3,1102103,11,5.143454430387582,6.172145316465098,219.3721453164651,230,Poligono_Nave_industrial_051,Zona_1
230,4,1190301,22,12.285331586286077,14.742397903543292,300.1145432200084,230,Poligono_Nave_industrial_051,Zona_1
230,5,1103305,18,7.010916878134188,8.413100253761026,362.52764347376944,230,Poligono_Nave_industrial_051,Zona_1
230,6,1103302,1,11.079197715211569,13.295037258253883,378.82268073202334,230,Poligono_Nave_industrial_051,Zona_1
230,7,1103301,1,0.5912948605352608,0.709553832642313,382.53223456466566,230,Poligono_Nave_industrial_051,Zona_1
230,8,Regreso_Poligono_Nave_industrial_051,0,134.01,97.36,479.89223456466567,230,Poligono_Nave_industrial_051,Zona_1
231,1,Inicio_Poligono_Nave_industrial_051,0,0.0,30.0,30.0,231,Poligono_Nave_industrial_051,Zona_1
231,2,1102201,74,140.25,104.6,356.6,231,Poligono_Nave_industrial_051,Zona_1
231,3,1102203,6,0.25803882558579877,0.3096465907029585,374.909646590703,231,Poligono_Nave_industrial_051,Zona_1
231,4,Regreso_Poligono_Nave_industrial_051,0,139.92,103.84,478.74964659070304,231,Poligono_Nave_industrial_051,Zona_1
232,1,Inicio_Poligono_Nave_industrial_051,0,0.0,30.0,30.0,232,Poligono_Nave_industrial_051,Zona_1
232,2,1102202,80,140.72,104.98,374.98,232,Poligono_Nave_industrial_051,Zona_1
232,3,Regreso_Poligono_Nave_industrial_051,0,140.72,104.98,479.96000000000004,232,Poligono_Nave_industrial_051,Zona_1
233,1,Inicio_Poligono_Nave_industrial_051,0,0.0,30.0,30.0,233,Poligono_Nave_industrial_051,Zona_1
233,2,1102202,17,140.72,104.98,185.98000000000002,233,Poligono_Nave_industrial_051,Zona_1
233,3,1102203,63,0.7182915848766478,0.8619499018519774,375.841949901852,233,Poligono_Nave_industrial_051,Zona_1
233,4,Regreso_Poligono_Nave_industrial_051,0,139.92,103.84,479.681949901852,233,Poligono_Nave_industrial_051,Zona_1
234,1,Inicio_Poligono_Nave_industrial_051,0,0.0,30.0,30.0,234,Poligono_Nave_industrial_051,Zona_1
234,2,1102203,76,139.92,103.84,361.84000000000003,234,Poligono_Nave_industrial_051,Zona_1
234,3,1102204,4,0.521780984726463,0.6261371816717556,374.4661371816718,234,Poligono_Nave_industrial_051,Zona_1
234,4,Regreso_Poligono_Nave_industrial_051,0,139.7,103.94,478.4061371816718,234,Poligono_Nave_industrial_051,Zona_1
235,1,Inicio_Poligono_Nave_industrial_051,0,0.0,30.0,30.0,235,Poligono_Nave_industrial_051,Zona_1
235,2,1102204,43,139.7,103.94,262.94,235,Poligono_Nave_industrial_051,Zona_1
235,3,1102205,37,0.7934731233831842,0.952167748059821,374.8921677480598,235,Poligono_Nave_industrial_051,Zona_1
235,4,1103303,1,1.3467016446337867,1.6160419735605442,379.50820972162035,235,Poligono_Nave_industrial_051,Zona_1
235,5,Regreso_Poligono_Nave_industrial_051,0,137.27,100.21,479.7182097216203,235,Poligono_Nave_industrial_051,Zona_1
236,1,Inicio_Poligono_Nave_industrial_051,0,0.0,30.0,30.0,236,Poligono_Nave_industrial_051,Zona_1
236,2,1102205,8,138.75,102.14,156.14,236,Poligono_Nave_industrial_051,Zona_1
236,3,1103303,39,1.3467016446337867,1.6160419735605442,274.7560419735605,236,Poligono_Nave_industrial_051,Zona_1
236,4,1102206,31,3.260582412734647,3.9126988952815767,371.66874086884206,236,Poligono_Nave_industrial_051,Zona_1
236,5,1103301,1,5.38668834360062,6.464026012320744,381.1327668811628,236,Poligono_Nave_industrial_051,Zona_1
236,6,Regreso_Poligono_Nave_industrial_051,0,134.01,97.36,478.4927668811628,236,Poligono_Nave_industrial_051,Zona_1
237,1,Inicio_Poligono_Nave_industrial_051,0,0.0,30.0,30.0,237,Poligono_Nave_industrial_051,Zona_1
237,2,1102206,11,140.86,105.69,168.69,237,Poligono_Nave_industrial_051,Zona_1
237,3,1102207,67,1.3451438806764346,1.6141726568117214,371.3041726568117,237,Poligono_Nave_industrial_051,Zona_1
237,4,1103301,2,4.403313506695425,5.28397620803451,382.58814886484623,237,Poligono_Nave_industrial_051,Zona_1
237,5,Regreso_Poligono_Nave_industrial_051,0,134.01,97.36,479.94814886484625,237,Poligono_Nave_industrial_051,Zona_1
238,1,Inicio_Poligono_Nave_industrial_051,0,0.0,30.0,30.0,238,Poligono_Nave_industrial_051,Zona_1
238,2,1102207,27,141.7,107.46,218.45999999999998,238,Poligono_Nave_industrial_051,Zona_1
238,3,1103301,29,4.403313506695425,5.28397620803451,310.7439762080345,238,Poligono_Nave_industrial_051,Zona_1
238,4,1103302,23,0.5912948605352608,0.709553832642313,380.4535300406768,238,Poligono_Nave_industrial_051,Zona_1
238,5,Regreso_Poligono_Nave_industrial_051,0,135.51,98.61,479.0635300406768,238,Poligono_Nave_industrial_051,Zona_1
239,1,Inicio_Poligono_Nave_industrial_051,0,0.0,30.0,30.0,239,Poligono_Nave_industrial_051,Zona_1
239,2,1102305,10,65.45,53.05,113.05,239,Poligono_Nave_industrial_051,Zona_1
239,3,1102804,99,15.521740284833957,18.62608834180075,428.6760883418008,239,Poligono_Nave_industrial_051,Zona_1
239,4,Regreso_Poligono_Nave_industrial_051,0,63.25,50.7,479.37608834180077,239,Poligono_Nave_industrial_051,Zona_1
240,1,Inicio_Poligono_Nave_industrial_051,0,0.0,30.0,30.0,240,Poligono_Nave_industrial_051,Zona_1
240,2,1102701,123,45.97,39.03,438.03,240,Poligono_Nave_industrial_051,Zona_1
240,3,Regreso_Poligono_Nave_industrial_051,0,45.97,39.03,477.05999999999995,240,Poligono_Nave_industrial_051,Zona_1
241,1,Inicio_Poligono_Nave_industrial_051,0,0.0,30.0,30.0,241,Poligono_Nave_industrial_051,Zona_1
241,2,1102701,123,45.97,39.03,438.03,241,Poligono_Nave_industrial_051,Zona_1
241,3,Regreso_Poligono_Nave_industrial_051,0,45.97,39.03,477.05999999999995,241,Poligono_Nave_industrial_051,Zona_1
242,1,Inicio_Poligono_Nave_industrial_051,0,0.0,30.0,30.0,242,Poligono_Nave_industrial_051,Zona_1
242,2,1102701,83,45.97,39.03,318.03,242,Poligono_Nave_industrial_051,Zona_1
242,3,1102703,39,1.1131423559226925,1.335770827107231,436.3657708271072,242,Poligono_Nave_industrial_051,Zona_1
242,4,Regreso_Poligono_Nave_industrial_051,0,51.26,42.16,478.5257708271072,242,Poligono_Nave_industrial_051,Zona_1
243,1,Inicio_Poligono_Nave_industrial_051,0,0.0,30.0,30.0,243,Poligono_Nave_industrial_051,Zona_1
243,2,1102702,120,53.66,43.97,433.97,243,Poligono_Nave_industrial_051,Zona_1
243,3,Regreso_Poligono_Nave_industrial_051,0,53.66,43.97,477.94000000000005,243,Poligono_Nave_industrial_051,Zona_1
244,1,Inicio_Poligono_Nave_industrial_051,0,0.0,30.0,30.0,244,Poligono_Nave_industrial_051,Zona_1
244,2,1102702,108,53.66,43.97,397.97,244,Poligono_Nave_industrial_051,Zona_1
244,3,1102703,11,3.538716268079371,4.246459521695246,435.21645952169524,244,Poligono_Nave_industrial_051,Zona_1
244,4,Regreso_Poligono_Nave_industrial_051,0,51.26,42.16,477.3764595216952,244,Poligono_Nave_industrial_051,Zona_1
245,1,Inicio_Poligono_Nave_industrial_051,0,0.0,30.0,30.0,245,Poligono_Nave_industrial_051,Zona_1
245,2,1102703,121,51.26,42.16,435.15999999999997,245,Poligono_Nave_industrial_051,Zona_1
245,3,Regreso_Poligono_Nave_industrial_051,0,51.26,42.16,477.31999999999994,245,Poligono_Nave_industrial_051,Zona_1
246,1,Inicio_Poligono_Nave_industrial_051,0,0.0,30.0,30.0,246,Poligono_Nave_industrial_051,Zona_1
246,2,1102703,55,51.26,42.16,237.16,246,Poligono_Nave_industrial_051,Zona_1
246,3,1102704,53,4.630975263764765,5.557170316517718,401.7171703165177,246,Poligono_Nave_industrial_051,Zona_1
246,4,1102803,8,6.030019936829485,7.236023924195382,432.95319424071306,246,Poligono_Nave_industrial_051,Zona_1
246,5,Regreso_Poligono_Nave_industrial_051,0,55.62,44.24,477.19319424071307,246,Poligono_Nave_industrial_051,Zona_1
247,1,Inicio_Poligono_Nave_industrial_051,0,0.0,30.0,30.0,247,Poligono_Nave_industrial_051,Zona_1
247,2,1102704,7,51.53,76.42,127.42,247,Poligono_Nave_industrial_051,Zona_1
247,3,1102803,100,6.030019936829485,7.236023924195382,434.6560239241954,247,Poligono_Nave_industrial_051,Zona_1
247,4,Regreso_Poligono_Nave_industrial_051,0,55.62,44.24,478.8960239241954,247,Poligono_Nave_industrial_051,Zona_1
248,1,Inicio_Poligono_Nave_industrial_051,0,0.0,30.0,30.0,248,Poligono_Nave_industrial_051,Zona_1
248,2,1102801,29,55.25,43.48,160.48,248,Poligono_Nave_industrial_051,Zona_1
248,3,1102802,24,0.5335778954241297,0.6402934745089557,233.12029347450894,248,Poligono_Nave_industrial_051,Zona_1
248,4,1102803,6,0.4212157304749225,0.5054588765699071,251.62575235107886,248,Poligono_Nave_industrial_051,Zona_1
248,5,1103101,56,6.238814621413327,7.486577545695992,427.11232989677484,248,Poligono_Nave_industrial_051,Zona_1
248,6,Regreso_Poligono_Nave_industrial_051,0,66.29,51.64,478.7523298967748,248,Poligono_Nave_industrial_051,Zona_1
249,1,Inicio_Poligono_Nave_industrial_051,0,0.0,30.0,30.0,249,Poligono_Nave_industrial_051,Zona_1
249,2,1102804,90,63.25,50.7,350.7,249,Poligono_Nave_industrial_051,Zona_1
249,3,1103101,22,8.092202281384436,9.710642737661324,426.4106427376613,249,Poligono_Nave_industrial_051,Zona_1
249,4,Regreso_Poligono_Nave_industrial_051,0,66.29,51.64,478.0506427376613,249,Poligono_Nave_industrial_051,Zona_1
250,1,Inicio_Poligono_Nave_industrial_051,0,0.0,30.0,30.0,250,Poligono_Nave_industrial_051,Zona_1
250,2,1103001,94,61.44,58.17,370.17,250,Poligono_Nave_industrial_051,Zona_1
250,3,1103003,17,0.4367860962301748,0.5241433154762097,421.69414331547625,250,Poligono_Nave_industrial_051,Zona_1
250,4,Regreso_Poligono_Nave_industrial_051,0,61.18,57.14,478.83414331547624,250,Poligono_Nave_industrial_051,Zona_1
251,1,Inicio_Poligono_Nave_industrial_051,0,0.0,30.0,30.0,251,Poligono_Nave_industrial_051,Zona_1
251,2,1103002,56,60.82,56.35,254.35,251,Poligono_Nave_industrial_051,Zona_1
251,3,1103003,56,0.4201778180583257,0.5042133816699909,422.85421338167,251,Poligono_Nave_industrial_051,Zona_1
251,4,Regreso_Poligono_Nave_industrial_051,0,61.18,57.14,479.99421338166997,251,Poligono_Nave_industrial_051,Zona_1
252,1,Inicio_Poligono_Nave_industrial_051,0,0.0,30.0,30.0,252,Poligono_Nave_industrial_051,Zona_1
252,2,1103003,64,61.18,57.14,279.14,252,Poligono_Nave_industrial_051,Zona_1
252,3,1103201,45,17.038056665613166,20.4456679987358,434.5856679987358,252,Poligono_Nave_industrial_051,Zona_1
252,4,Regreso_Poligono_Nave_industrial_051,0,54.81,45.12,479.7056679987358,252,Poligono_Nave_industrial_051,Zona_1
253,1,Inicio_Poligono_Nave_industrial_051,0,0.0,30.0,30.0,253,Poligono_Nave_industrial_051,Zona_1
253,2,1103101,115,66.29,51.64,426.64,253,Poligono_Nave_industrial_051,Zona_1
253,3,Regreso_Poligono_Nave_industrial_051,0,66.29,51.64,478.28,253,Poligono_Nave_industrial_051,Zona_1
254,1,Inicio_Poligono_Nave_industrial_051,0,0.0,30.0,30.0,254,Poligono_Nave_industrial_051,Zona_1
254,2,1103101,5,66.29,51.64,96.64,254,Poligono_Nave_industrial_051,Zona_1
254,3,1103102,8,1.019671597503058,1.2236059170036695,121.86360591700367,254,Poligono_Nave_industrial_051,Zona_1
254,4,1103104,73,0.5514243424846832,0.6617092109816198,341.5253151279853,254,Poligono_Nave_industrial_051,Zona_1
254,5,1103106,27,0.5647412713096115,0.6776895255715338,423.20300465355683,254,Poligono_Nave_industrial_051,Zona_1
254,6,Regreso_Poligono_Nave_industrial_051,0,68.41,54.63,477.8330046535568,254,Poligono_Nave_industrial_051,Zona_1
255,1,Inicio_Poligono_Nave_industrial_051,0,0.0,30.0,30.0,255,Poligono_Nave_industrial_051,Zona_1
255,2,1103103,73,67.24,52.62,301.62,255,Poligono_Nave_industrial_051,Zona_1
255,3,1103105,40,1.025034821654176,1.2300417859850112,422.850041785985,255,Poligono_Nave_industrial_051,Zona_1
255,4,Regreso_Poligono_Nave_industrial_051,0,68.32,54.39,477.240041785985,255,Poligono_Nave_industrial_051,Zona_1
256,1,Inicio_Poligono_Nave_industrial_051,0,0.0,30.0,30.0,256,Poligono_Nave_industrial_051,Zona_1
256,2,1103105,65,68.32,54.39,279.39,256,Poligono_Nave_industrial_051,Zona_1
256,3,1103106,48,0.321945666207136,0.3863347994485632,423.7763347994486,256,Poligono_Nave_industrial_051,Zona_1
256,4,Regreso_Poligono_Nave_industrial_051,0,68.41,54.63,478.4063347994486,256,Poligono_Nave_industrial_051,Zona_1
257,1,Inicio_Poligono_Nave_industrial_051,0,0.0,30.0,30.0,257,Poligono_Nave_industrial_051,Zona_1
257,2,1103106,113,68.41,54.63,423.63,257,Poligono_Nave_industrial_051,Zona_1
257,3,Regreso_Poligono_Nave_industrial_051,0,68.41,54.63,478.26,257,Poligono_Nave_industrial_051,Zona_1
258,1,Inicio_Poligono_Nave_industrial_051,0,0.0,30.0,30.0,258,Poligono_Nave_industrial_051,Zona_1
258,2,1103106,113,68.41,54.63,423.63,258,Poligono_Nave_industrial_051,Zona_1
258,3,Regreso_Poligono_Nave_industrial_051,0,68.41,54.63,478.26,258,Poligono_Nave_industrial_051,Zona_1
259,1,Inicio_Poligono_Nave_industrial_051,0,0.0,30.0,30.0,259,Poligono_Nave_industrial_051,Zona_1
259,2,1103106,68,68.41,54.63,288.63,259,Poligono_Nave_industrial_051,Zona_1
259,3,1103902,2,31.47577418033654,37.77092901640385,332.40092901640384,259,Poligono_Nave_industrial_051,Zona_1
259,4,1103201,7,67.12036325289316,80.5444359034718,433.9453649198756,259,Poligono_Nave_industrial_051,Zona_1
259,5,Regreso_Poligono_Nave_industrial_051,0,54.81,45.12,479.0653649198756,259,Poligono_Nave_industrial_051,Zona_1
260,1,Inicio_Poligono_Nave_industrial_051,0,0.0,30.0,30.0,260,Poligono_Nave_industrial_051,Zona_1
260,2,1103302,56,135.51,98.61,296.61,260,Poligono_Nave_industrial_051,Zona_1
260,3,1103305,18,11.079197715211569,13.295037258253883,363.9050372582539,260,Poligono_Nave_industrial_051,Zona_1
260,4,Regreso_Poligono_Nave_industrial_051,0,151.03,115.63,479.5350372582539,260,Poligono_Nave_industrial_051,Zona_1
261,1,Inicio_Poligono_Nave_industrial_051,0,0.0,30.0,30.0,261,Poligono_Nave_industrial_051,Zona_1
261,2,1103305,72,151.03,115.63,361.63,261,Poligono_Nave_industrial_051,Zona_1
261,3,Regreso_Poligono_Nave_industrial_051,0,151.03,115.63,477.26,261,Poligono_Nave_industrial_051,Zona_1
262,1,Inicio_Poligono_Nave_industrial_051,0,0.0,30.0,30.0,262,Poligono_Nave_industrial_051,Zona_1
262,2,1103305,3,151.03,115.63,154.63,262,Poligono_Nave_industrial_051,Zona_1
262,3,1103502,39,34.64442827768444,41.57331393322133,313.20331393322135,262,Poligono_Nave_industrial_051,Zona_1
262,4,1103501,16,6.688065894531649,8.025679073437978,369.2289930066593,262,Poligono_Nave_industrial_051,Zona_1
262,5,Regreso_Poligono_Nave_industrial_051,0,151.36,110.58,479.8089930066593,262,Poligono_Nave_industrial_051,Zona_1
263,1,Inicio_Poligono_Nave_industrial_051,0,0.0,30.0,30.0,263,Poligono_Nave_industrial_051,Zona_1
263,2,1103201,119,54.81,45.12,432.12,263,Poligono_Nave_industrial_051,Zona_1
263,3,Regreso_Poligono_Nave_industrial_051,0,54.81,45.12,477.24,263,Poligono_Nave_industrial_051,Zona_1
264,1,Inicio_Poligono_Nave_industrial_051,0,0.0,30.0,30.0,264,Poligono_Nave_industrial_051,Zona_1
264,2,1103201,15,54.81,45.12,120.12,264,Poligono_Nave_industrial_051,Zona_1
264,3,1103204,11,0.9841654539894031,1.1809985447872837,154.3009985447873,264,Poligono_Nave_industrial_051,Zona_1
264,4,1103203,66,0.23474569826945602,0.2816948379233472,352.58269338271066,264,Poligono_Nave_industrial_051,Zona_1
264,5,1103205,25,0.5182668197312027,0.6219201836774432,428.2046135663881,264,Poligono_Nave_industrial_051,Zona_1
264,6,Regreso_Poligono_Nave_industrial_051,0,56.97,49.5,477.7046135663881,264,Poligono_Nave_industrial_051,Zona_1
265,1,Inicio_Poligono_Nave_industrial_051,0,0.0,30.0,30.0,265,Poligono_Nave_industrial_051,Zona_1
265,2,1103205,117,56.97,49.5,430.5,265,Poligono_Nave_industrial_051,Zona_1
265,3,Regreso_Poligono_Nave_industrial_051,0,56.97,49.5,480.0,265,Poligono_Nave_industrial_051,Zona_1
266,1,Inicio_Poligono_Nave_industrial_051,0,0.0,30.0,30.0,266,Poligono_Nave_industrial_051,Zona_1
266,2,1103205,14,56.97,49.5,121.5,266,Poligono_Nave_industrial_051,Zona_1
266,3,1104101,10,63.51500883928408,76.2180106071409,227.7180106071409,266,Poligono_Nave_industrial_051,Zona_1
266,4,1103401,22,37.63100135854236,45.15720163025084,338.87521223739174,266,Poligono_Nave_industrial_051,Zona_1
266,5,Regreso_Poligono_Nave_industrial_051,0,86.4,98.43,437.30521223739174,266,Poligono_Nave_industrial_051,Zona_1
267,1,Inicio_Poligono_Nave_industrial_051,0,0.0,30.0,30.0,267,Poligono_Nave_industrial_051,Zona_1
267,2,1103501,76,151.36,110.58,368.58,267,Poligono_Nave_industrial_051,Zona_1
267,3,Regreso_Poligono_Nave_industrial_051,0,151.36,110.58,479.15999999999997,267,Poligono_Nave_industrial_051,Zona_1
268,1,Inicio_Poligono_Nave_industrial_051,0,0.0,30.0,30.0,268,Poligono_Nave_industrial_051,Zona_1
268,2,1103501,43,151.36,110.58,269.58,268,Poligono_Nave_industrial_051,Zona_1
268,3,Regreso_Poligono_Nave_industrial_051,0,151.36,110.58,380.15999999999997,268,Poligono_Nave_industrial_051,Zona_1
269,1,Inicio_Poligono_Nave_industrial_062,0,0.0,30.0,30.0,269,Poligono_Nave_industrial_062,Zona_2
269,2,1400101,32,61.68,49.94,175.94,269,Poligono_Nave_industrial_062,Zona_2
269,3,1405001,15,7.059308086572126,8.47116970388655,229.41116970388654,269,Poligono_Nave_industrial_062,Zona_2
269,4,1405002,11,3.4887755153949525,4.1865306184739435,266.5977003223605,269,Poligono_Nave_industrial_062,Zona_2
269,5,1401802,29,5.378410434597099,6.454092521516519,360.051792843877,269,Poligono_Nave_industrial_062,Zona_2
269,6,1401801,11,0.5936594953920697,0.7123913944704837,393.7641842383475,269,Poligono_Nave_industrial_062,Zona_2
269,7,1406701,13,4.659235140307653,5.5910821683691845,438.35526640671674,269,Poligono_Nave_industrial_062,Zona_2
269,8,Regreso_Poligono_Nave_industrial_062,0,52.28,39.55,477.90526640671675,269,Poligono_Nave_industrial_062,Zona_2
270,1,Inicio_Poligono_Nave_industrial_062,0,0.0,30.0,30.0,270,Poligono_Nave_industrial_062,Zona_2
270,2,1400201,24,20.56,18.02,120.02,270,Poligono_Nave_industrial_062,Zona_2
270,3,1400202,31,1.3195125411866042,1.583415049423925,214.60341504942392,270,Poligono_Nave_industrial_062,Zona_2
270,4,1404203,68,6.549007269800079,7.858808723760095,426.462223773184,270,Poligono_Nave_industrial_062,Zona_2
270,5,1404201,13,0.26003163723614847,0.31203796468337813,465.7742617378674,270,Poligono_Nave_industrial_062,Zona_2
270,6,Regreso_Poligono_Nave_industrial_062,0,14.2,13.68,479.4542617378674,270,Poligono_Nave_industrial_062,Zona_2
271,1,Inicio_Poligono_Nave_industrial_062,0,0.0,30.0,30.0,271,Poligono_Nave_industrial_062,Zona_2
271,2,1400203,51,32.56,27.79,210.79,271,Poligono_Nave_industrial_062,Zona_2
271,3,1405605,55,6.90491355036072,8.285896260432864,384.07589626043284,271,Poligono_Nave_industrial_062,Zona_2
271,4,1405604,18,4.6804435328936655,5.616532239472399,443.69242849990525,271,Poligono_Nave_industrial_062,Zona_2
271,5,Regreso_Poligono_Nave_industrial_062,0,41.07,35.12,478.81242849990525,271,Poligono_Nave_industrial_062,Zona_2
272,1,Inicio_Poligono_Nave_industrial_062,0,0.0,30.0,30.0,272,Poligono_Nave_industrial_062,Zona_2
272,2,1400301,13,96.26,107.2,176.2,272,Poligono_Nave_industrial_062,Zona_2
272,3,1400601,15,6.837552013721063,8.205062416465275,229.40506241646526,272,Poligono_Nave_industrial_062,Zona_2
272,4,1405402,52,5.790069790649425,6.94808374877931,392.35314616524454,272,Poligono_Nave_industrial_062,Zona_2
272,5,1406801,1,26.519530531555766,31.823436637866923,427.17658280311144,272,Poligono_Nave_industrial_062,Zona_2
272,6,Regreso_Poligono_Nave_industrial_062,0,64.38,51.88,479.05658280311144,272,Poligono_Nave_industrial_062,Zona_2
273,1,Inicio_Poligono_Nave_industrial_062,0,0.0,30.0,30.0,273,Poligono_Nave_industrial_062,Zona_2
273,2,1400401,12,83.16,68.84,134.84,273,Poligono_Nave_industrial_062,Zona_2
273,3,1400402,6,2.071520509113101,2.485824610935721,155.32582461093574,273,Poligono_Nave_industrial_062,Zona_2
273,4,1403101,5,10.74784178942998,12.897410147315977,183.22323475825172,273,Poligono_Nave_industrial_062,Zona_2
273,5,1405504,13,5.228779735338653,6.274535682406384,228.4977704406581,273,Poligono_Nave_industrial_062,Zona_2
273,6,1405501,34,7.011382061866342,8.413658474239611,338.91142891489767,273,Poligono_Nave_industrial_062,Zona_2
273,7,1405502,25,1.1231613662945554,1.3477936395534664,415.2592225544511,273,Poligono_Nave_industrial_062,Zona_2
273,8,1401501,1,9.201903582184327,11.042284298621192,429.30150685307234,273,Poligono_Nave_industrial_062,Zona_2
273,9,Regreso_Poligono_Nave_industrial_062,0,61.48,47.75,477.05150685307234,273,Poligono_Nave_industrial_062,Zona_2
274,1,Inicio_Poligono_Nave_industrial_062,0,0.0,30.0,30.0,274,Poligono_Nave_industrial_062,Zona_2
274,2,1400501,65,49.49,47.52,272.52,274,Poligono_Nave_industrial_062,Zona_2
274,3,1403301,14,7.580702989000205,9.096843586800246,323.6168435868002,274,Poligono_Nave_industrial_062,Zona_2
274,4,1401703,14,6.498841588865975,7.79860990663917,373.4154534934394,274,Poligono_Nave_industrial_062,Zona_2
274,5,1401701,25,3.4384203685203287,4.126104442224394,452.5415579356638,274,Poligono_Nave_industrial_062,Zona_2
274,6,Regreso_Poligono_Nave_industrial_062,0,32.02,25.45,477.99155793566376,274,Poligono_Nave_industrial_062,Zona_2
275,1,Inicio_Poligono_Nave_industrial_062,0,0.0,30.0,30.0,275,Poligono_Nave_industrial_062,Zona_2
275,2,1400701,31,45.7,39.85,162.85,275,Poligono_Nave_industrial_062,Zona_2
275,3,1400704,12,0.36810129798651614,0.44172155758381937,199.2917215575838,275,Poligono_Nave_industrial_062,Zona_2
275,4,1400702,11,0.39607927748825084,0.475295132985901,232.7670166905697,275,Poligono_Nave_industrial_062,Zona_2
275,5,1400703,68,0.8202281597757168,0.9842737917308603,437.75129048230053,275,Poligono_Nave_industrial_062,Zona_2
275,6,Regreso_Poligono_Nave_industrial_062,0,45.74,39.64,477.3912904823005,275,Poligono_Nave_industrial_062,Zona_2
276,1,Inicio_Poligono_Nave_industrial_062,0,0.0,30.0,30.0,276,Poligono_Nave_industrial_062,Zona_2
276,2,1400703,18,45.74,39.64,123.64,276,Poligono_Nave_industrial_062,Zona_2
276,3,1402202,11,7.888626848462873,9.466352218155446,166.10635221815545,276,Poligono_Nave_industrial_062,Zona_2
276,4,1402201,25,0.8457655974832515,1.0149187169799019,242.12127093513536,276,Poligono_Nave_industrial_062,Zona_2
276,5,1407501,5,4.357731010843217,5.229277213011861,262.3505481481472,276,Poligono_Nave_industrial_062,Zona_2
276,6,1401501,17,7.270589716959875,8.72470766035185,322.07525580849904,276,Poligono_Nave_industrial_062,Zona_2
276,7,1405502,28,9.201903582184327,11.042284298621192,417.11754010712025,276,Poligono_Nave_industrial_062,Zona_2
276,8,Regreso_Poligono_Nave_industrial_062,0,72.98,61.95,479.06754010712024,276,Poligono_Nave_industrial_062,Zona_2
277,1,Inicio_Poligono_Nave_industrial_062,0,0.0,30.0,30.0,277,Poligono_Nave_industrial_062,Zona_2
277,2,1400705,8,55.64,49.96,103.96000000000001,277,Poligono_Nave_industrial_062,Zona_2
277,3,1406301,7,11.096525449974335,13.315830539969202,138.2758305399692,277,Poligono_Nave_industrial_062,Zona_2
277,4,1401402,11,10.69000234893301,12.828002818719613,184.1038333586888,277,Poligono_Nave_industrial_062,Zona_2
277,5,1401401,11,8.128639943557367,9.75436793226884,226.85820129095765,277,Poligono_Nave_industrial_062,Zona_2
277,6,1401202,14,6.015593941137683,7.21871272936522,276.0769140203229,277,Poligono_Nave_industrial_062,Zona_2
277,7,1401201,16,0.9111232482308723,1.0933478978770468,325.1702619181999,277,Poligono_Nave_industrial_062,Zona_2
277,8,1401204,13,0.5813852595072171,0.6976623114086605,364.86792422960855,277,Poligono_Nave_industrial_062,Zona_2
277,9,1401203,15,2.999548412667073,3.5994580952004873,413.467382324809,277,Poligono_Nave_industrial_062,Zona_2
277,10,1406702,2,13.52986671656158,16.235840059873897,435.70322238468293,277,Poligono_Nave_industrial_062,Zona_2
277,11,Regreso_Poligono_Nave_industrial_062,0,49.05,41.7,477.4032223846829,277,Poligono_Nave_industrial_062,Zona_2
278,1,Inicio_Poligono_Nave_industrial_062,0,0.0,30.0,30.0,278,Poligono_Nave_industrial_062,Zona_2
278,2,1400801,5,128.66,109.61,154.61,278,Poligono_Nave_industrial_062,Zona_2
278,3,1400804,8,0.4757664824284305,0.5709197789141166,179.18091977891413,278,Poligono_Nave_industrial_062,Zona_2
278,4,1400802,6,0.5503246031476925,0.660389523777231,197.84130930269137,278,Poligono_Nave_industrial_062,Zona_2
278,5,1400803,5,2.092404298104657,2.5108851577255886,215.35219446041697,278,Poligono_Nave_industrial_062,Zona_2
278,6,1403503,24,10.342264507118482,12.41071740854218,299.7629118689591,278,Poligono_Nave_industrial_062,Zona_2
278,7,1403502,4,0.3995714614274178,0.4794857537129013,312.242397622672,278,Poligono_Nave_industrial_062,Zona_2
278,8,1403504,12,7.138432257403042,8.56611870888365,356.80851633155567,278,Poligono_Nave_industrial_062,Zona_2
278,9,1402801,3,6.977721595154962,8.373265914185954,374.1817822457416,278,Poligono_Nave_industrial_062,Zona_2
278,10,1407002,3,3.2257147896102167,3.8708577475322596,387.0526399932739,278,Poligono_Nave_industrial_062,Zona_2
278,11,1402603,1,23.49174835400507,28.190098024806083,418.24273801808,278,Poligono_Nave_industrial_062,Zona_2
278,12,Regreso_Poligono_Nave_industrial_062,0,76.92,60.04,478.28273801808,278,Poligono_Nave_industrial_062,Zona_2
279,1,Inicio_Poligono_Nave_industrial_062,0,0.0,30.0,30.0,279,Poligono_Nave_industrial_062,Zona_2
279,2,1400901,10,97.23,75.49,135.49,279,Poligono_Nave_industrial_062,Zona_2
279,3,1400902,6,0.32648764122173635,0.3917851694660836,153.8817851694661,279,Poligono_Nave_industrial_062,Zona_2
279,4,1400903,7,2.1591918249451125,2.591030189934135,177.47281535940024,279,Poligono_Nave_industrial_062,Zona_2
279,5,1405202,23,7.623724565423459,9.14846947850815,255.62128483790838,279,Poligono_Nave_industrial_062,Zona_2
279,6,1405203,19,1.9449104917783275,2.333892590133993,314.95517742804236,279,Poligono_Nave_industrial_062,Zona_2
279,7,1405204,2,1.286491212070788,1.5437894544849455,322.4989668825273,279,Poligono_Nave_industrial_062,Zona_2
279,8,1405201,22,3.9981465949263058,4.7977759139115665,393.2967427964389,279,Poligono_Nave_industrial_062,Zona_2
279,9,Regreso_Poligono_Nave_industrial_062,0,108.0,83.88,477.1767427964389,279,Poligono_Nave_industrial_062,Zona_2
280,1,Inicio_Poligono_Nave_industrial_062,0,0.0,30.0,30.0,280,Poligono_Nave_industrial_062,Zona_2
280,2,1401001,12,58.34,42.34,108.34,280,Poligono_Nave_industrial_062,Zona_2
280,3,1401002,19,0.4359046163263593,0.5230855395916312,165.86308553959162,280,Poligono_Nave_industrial_062,Zona_2
280,4,1401003,10,2.4013021830717247,2.8815626196860697,198.7446481592777,280,Poligono_Nave_industrial_062,Zona_2
280,5,1404801,11,4.724193509125741,5.669032210950889,237.41368037022858,280,Poligono_Nave_industrial_062,Zona_2
280,6,1402401,10,9.423501225186909,11.30820147022429,278.72188184045285,280,Poligono_Nave_industrial_062,Zona_2
280,7,1402402,9,3.306718746353291,3.968062495623949,309.6899443360768,280,Poligono_Nave_industrial_062,Zona_2
280,8,1403804,20,9.63672353562356,11.56406824274827,381.25401257882504,280,Poligono_Nave_industrial_062,Zona_2
280,9,1403805,13,7.8369637657503,9.40435651890036,429.6583690977254,280,Poligono_Nave_industrial_062,Zona_2
280,10,1404501,3,5.451482185464382,6.541778622557258,445.2001477202827,280,Poligono_Nave_industrial_062,Zona_2
280,11,1404401,2,4.701206647399769,5.641447976879723,456.8415956971624,280,Poligono_Nave_industrial_062,Zona_2
280,12,Regreso_Poligono_Nave_industrial_062,0,28.42,22.88,479.7215956971624,280,Poligono_Nave_industrial_062,Zona_2
281,1,Inicio_Poligono_Nave_industrial_062,0,0.0,30.0,30.0,281,Poligono_Nave_industrial_062,Zona_2
281,2,1401101,5,130.45,125.01,170.01,281,Poligono_Nave_industrial_062,Zona_2
281,3,1406401,3,7.861980049568664,9.434376059482396,188.44437605948238,281,Poligono_Nave_industrial_062,Zona_2
281,4,1403201,3,11.438359712153966,13.726031654584759,211.17040771406715,281,Poligono_Nave_industrial_062,Zona_2
281,5,1402901,8,9.948510829942927,11.938212995931513,247.10862070999866,281,Poligono_Nave_industrial_062,Zona_2
281,6,1402903,6,6.876544855519596,8.251853826623513,273.3604745366222,281,Poligono_Nave_industrial_062,Zona_2
281,7,1402902,10,9.554360368300669,11.465232441960802,314.82570697858296,281,Poligono_Nave_industrial_062,Zona_2
281,8,1402904,7,6.524285377357315,7.829142452828778,343.6548494314117,281,Poligono_Nave_industrial_062,Zona_2
281,9,1405201,13,8.880231827167394,10.656278192600873,393.3111276240126,281,Poligono_Nave_industrial_062,Zona_2
281,10,Regreso_Poligono_Nave_industrial_062,0,108.0,83.88,477.1911276240126,281,Poligono_Nave_industrial_062,Zona_2
282,1,Inicio_Poligono_Nave_industrial_062,0,0.0,30.0,30.0,282,Poligono_Nave_industrial_062,Zona_2
282,2,1401301,83,44.02,38.78,317.78,282,Poligono_Nave_industrial_062,Zona_2
282,3,1401302,36,0.35668684846750626,0.4280242181610075,426.208024218161,282,Poligono_Nave_industrial_062,Zona_2
282,4,1401303,4,0.3252917805551321,0.3903501366661585,438.5983743548271,282,Poligono_Nave_industrial_062,Zona_2
282,5,1404401,1,12.048186144212542,14.45782337305505,456.05619772788214,282,Poligono_Nave_industrial_062,Zona_2
282,6,Regreso_Poligono_Nave_industrial_062,0,28.42,22.88,478.93619772788213,282,Poligono_Nave_industrial_062,Zona_2
283,1,Inicio_Poligono_Nave_industrial_062,0,0.0,30.0,30.0,283,Poligono_Nave_industrial_062,Zona_2
283,2,1401303,31,44.11,38.49,161.49,283,Poligono_Nave_industrial_062,Zona_2
283,3,1401304,15,1.9222502562642398,2.3067003075170875,208.79670030751709,283,Poligono_Nave_industrial_062,Zona_2
283,4,1403803,75,8.765412067890482,10.51849448146858,444.31519478898565,283,Poligono_Nave_industrial_062,Zona_2
283,5,Regreso_Poligono_Nave_industrial_062,0,42.68,33.48,477.79519478898567,283,Poligono_Nave_industrial_062,Zona_2
284,1,Inicio_Poligono_Nave_industrial_062,0,0.0,30.0,30.0,284,Poligono_Nave_industrial_062,Zona_2
284,2,1401601,11,106.89,77.08,140.07999999999998,284,Poligono_Nave_industrial_062,Zona_2
284,3,1402001,3,17.872215080784084,21.4466580969409,170.52665809694088,284,Poligono_Nave_industrial_062,Zona_2
284,4,1406904,10,11.404128605728188,13.684954326873825,214.2116124238147,284,Poligono_Nave_industrial_062,Zona_2
284,5,1406901,20,6.278207082311757,7.533848498774108,281.7454609225888,284,Poligono_Nave_industrial_062,Zona_2
284,6,1406902,22,10.35598698820211,12.427184385842532,360.17264530843136,284,Poligono_Nave_industrial_062,Zona_2
284,7,1406903,1,6.596508057281166,7.915809668737398,371.08845497716874,284,Poligono_Nave_industrial_062,Zona_2
284,8,1404701,1,16.830079251867982,20.19609510224158,394.28455007941034,284,Poligono_Nave_industrial_062,Zona_2
284,9,1406801,4,14.148174293626962,16.977809152352354,423.2623592317627,284,Poligono_Nave_industrial_062,Zona_2
284,10,Regreso_Poligono_Nave_industrial_062,0,64.38,51.88,475.14235923176267,284,Poligono_Nave_industrial_062,Zona_2
285,1,Inicio_Poligono_Nave_industrial_062,0,0.0,30.0,30.0,285,Poligono_Nave_industrial_062,Zona_2
285,2,1401701,62,32.02,25.45,241.45,285,Poligono_Nave_industrial_062,Zona_2
285,3,1401702,22,3.36281701128773,4.035380413545276,311.4853804135453,285,Poligono_Nave_industrial_062,Zona_2
285,4,1490201,11,5.990114582593417,7.1881374991121,351.67351791265736,285,Poligono_Nave_industrial_062,Zona_2
285,5,1405901,8,5.620748616117295,6.744898339340754,382.4184162519981,285,Poligono_Nave_industrial_062,Zona_2
285,6,1405701,24,1.3522658536283885,1.6227190243540663,456.0411352763522,285,Poligono_Nave_industrial_062,Zona_2
285,7,1402701,3,7.90039928356968,9.480479140283617,474.52161441663577,285,Poligono_Nave_industrial_062,Zona_2
285,8,Regreso_Poligono_Nave_industrial_062,0,1.24,5.0,479.52161441663577,285,Poligono_Nave_industrial_062,Zona_2
286,1,Inicio_Poligono_Nave_industrial_062,0,0.0,30.0,30.0,286,Poligono_Nave_industrial_062,Zona_2
286,2,1401901,9,26.87,25.8,82.8,286,Poligono_Nave_industrial_062,Zona_2
286,3,1401904,18,0.3677241040319719,0.4412689248383663,137.24126892483838,286,Poligono_Nave_industrial_062,Zona_2
286,4,1401902,15,0.4296080807219491,0.5155296968663389,182.75679862170472,286,Poligono_Nave_industrial_062,Zona_2
286,5,1401905,9,0.7287059990791322,0.8744471988949587,210.63124582059967,286,Poligono_Nave_industrial_062,Zona_2
286,6,1401903,11,1.2994687208987337,1.5593624650784805,245.19060828567814,286,Poligono_Nave_industrial_062,Zona_2
286,7,1402501,9,5.0053915976004415,6.00646991712053,278.19707820279865,286,Poligono_Nave_industrial_062,Zona_2
286,8,1402502,7,2.24925300201014,2.699103602412168,301.8961818052108,286,Poligono_Nave_industrial_062,Zona_2
286,9,1402503,10,3.1324813167509413,3.75897758010113,335.65515938531195,286,Poligono_Nave_industrial_062,Zona_2
286,10,1404102,17,7.448725217193776,8.938470260632531,395.5936296459445,286,Poligono_Nave_industrial_062,Zona_2
286,11,1404101,16,5.394079805700058,6.47289576684007,450.06652541278453,286,Poligono_Nave_industrial_062,Zona_2
286,12,1402701,7,2.5645009223000454,3.0774011067600546,474.1439265195446,286,Poligono_Nave_industrial_062,Zona_2
286,13,Regreso_Poligono_Nave_industrial_062,0,1.24,5.0,479.1439265195446,286,Poligono_Nave_industrial_062,Zona_2
287,1,Inicio_Poligono_Nave_industrial_062,0,0.0,30.0,30.0,287,Poligono_Nave_industrial_062,Zona_2
287,2,1402101,132,30.9,26.08,452.08,287,Poligono_Nave_industrial_062,Zona_2
287,3,Regreso_Poligono_Nave_industrial_062,0,30.9,26.08,478.15999999999997,287,Poligono_Nave_industrial_062,Zona_2
288,1,Inicio_Poligono_Nave_industrial_062,0,0.0,30.0,30.0,288,Poligono_Nave_industrial_062,Zona_2
288,2,1402101,132,30.9,26.08,452.08,288,Poligono_Nave_industrial_062,Zona_2
288,3,Regreso_Poligono_Nave_industrial_062,0,30.9,26.08,478.15999999999997,288,Poligono_Nave_industrial_062,Zona_2
289,1,Inicio_Poligono_Nave_industrial_062,0,0.0,30.0,30.0,289,Poligono_Nave_industrial_062,Zona_2
289,2,1402101,132,30.9,26.08,452.08,289,Poligono_Nave_industrial_062,Zona_2
289,3,Regreso_Poligono_Nave_industrial_062,0,30.9,26.08,478.15999999999997,289,Poligono_Nave_industrial_062,Zona_2
290,1,Inicio_Poligono_Nave_industrial_062,0,0.0,30.0,30.0,290,Poligono_Nave_industrial_062,Zona_2
290,2,1402101,58,30.9,26.08,230.07999999999998,290,Poligono_Nave_industrial_062,Zona_2
290,3,1402103,33,0.39891101657701344,0.4786932198924161,329.5586932198924,290,Poligono_Nave_industrial_062,Zona_2
290,4,1402108,38,0.2927644824015422,0.35131737888185066,443.91001059877425,290,Poligono_Nave_industrial_062,Zona_2
290,5,1402107,2,0.39542133411580865,0.47450560093897043,450.38451619971323,290,Poligono_Nave_industrial_062,Zona_2
290,6,1402106,1,0.2962067131267151,0.3554480557520581,453.7399642554653,290,Poligono_Nave_industrial_062,Zona_2
290,7,Regreso_Poligono_Nave_industrial_062,0,30.41,25.66,479.3999642554653,290,Poligono_Nave_industrial_062,Zona_2
291,1,Inicio_Poligono_Nave_industrial_062,0,0.0,30.0,30.0,291,Poligono_Nave_industrial_062,Zona_2
291,2,1402102,132,29.73,25.99,451.99,291,Poligono_Nave_industrial_062,Zona_2
291,3,Regreso_Poligono_Nave_industrial_062,0,29.73,25.99,477.98,291,Poligono_Nave_industrial_062,Zona_2
292,1,Inicio_Poligono_Nave_industrial_062,0,0.0,30.0,30.0,292,Poligono_Nave_industrial_062,Zona_2
292,2,1402102,132,29.73,25.99,451.99,292,Poligono_Nave_industrial_062,Zona_2
292,3,Regreso_Poligono_Nave_industrial_062,0,29.73,25.99,477.98,292,Poligono_Nave_industrial_062,Zona_2
293,1,Inicio_Poligono_Nave_industrial_062,0,0.0,30.0,30.0,293,Poligono_Nave_industrial_062,Zona_2
293,2,1402102,132,29.73,25.99,451.99,293,Poligono_Nave_industrial_062,Zona_2
293,3,Regreso_Poligono_Nave_industrial_062,0,29.73,25.99,477.98,293,Poligono_Nave_industrial_062,Zona_2
294,1,Inicio_Poligono_Nave_industrial_062,0,0.0,30.0,30.0,294,Poligono_Nave_industrial_062,Zona_2
294,2,1402102,81,29.73,25.99,298.99,294,Poligono_Nave_industrial_062,Zona_2
294,3,1402104,51,0.5127857683148918,0.6153429219778701,452.60534292197786,294,Poligono_Nave_industrial_062,Zona_2
294,4,Regreso_Poligono_Nave_industrial_062,0,29.68,26.73,479.3353429219779,294,Poligono_Nave_industrial_062,Zona_2
295,1,Inicio_Poligono_Nave_industrial_062,0,0.0,30.0,30.0,295,Poligono_Nave_industrial_062,Zona_2
295,2,1402104,6,29.68,26.73,74.73,295,Poligono_Nave_industrial_062,Zona_2
295,3,1402105,126,0.23880068368274085,0.286560820419289,453.01656082041933,295,Poligono_Nave_industrial_062,Zona_2
295,4,Regreso_Poligono_Nave_industrial_062,0,29.03,24.31,477.32656082041933,295,Poligono_Nave_industrial_062,Zona_2
296,1,Inicio_Poligono_Nave_industrial_062,0,0.0,30.0,30.0,296,Poligono_Nave_industrial_062,Zona_2
296,2,1402105,133,29.03,24.31,453.31,296,Poligono_Nave_industrial_062,Zona_2
296,3,Regreso_Poligono_Nave_industrial_062,0,29.03,24.31,477.62,296,Poligono_Nave_industrial_062,Zona_2
297,1,Inicio_Poligono_Nave_industrial_062,0,0.0,30.0,30.0,297,Poligono_Nave_industrial_062,Zona_2
297,2,1402105,24,29.03,24.31,126.31,297,Poligono_Nave_industrial_062,Zona_2
297,3,1402107,62,0.852351890281904,1.0228222683382846,313.3328222683383,297,Poligono_Nave_industrial_062,Zona_2
297,4,1402106,46,0.2962067131267151,0.3554480557520581,451.68827032409035,297,Poligono_Nave_industrial_062,Zona_2
297,5,1402110,1,0.46829010257786824,0.5619481230934419,455.2502184471838,297,Poligono_Nave_industrial_062,Zona_2
297,6,Regreso_Poligono_Nave_industrial_062,0,29.53,23.58,478.83021844718377,297,Poligono_Nave_industrial_062,Zona_2
298,1,Inicio_Poligono_Nave_industrial_062,0,0.0,30.0,30.0,298,Poligono_Nave_industrial_062,Zona_2
298,2,1402106,132,30.41,25.66,451.66,298,Poligono_Nave_industrial_062,Zona_2
298,3,1402110,1,0.46829010257786824,0.5619481230934419,455.22194812309345,298,Poligono_Nave_industrial_062,Zona_2
298,4,Regreso_Poligono_Nave_industrial_062,0,29.53,23.58,478.80194812309344,298,Poligono_Nave_industrial_062,Zona_2
299,1,Inicio_Poligono_Nave_industrial_062,0,0.0,30.0,30.0,299,Poligono_Nave_industrial_062,Zona_2
299,2,1402106,132,30.41,25.66,451.66,299,Poligono_Nave_industrial_062,Zona_2
299,3,1402110,1,0.46829010257786824,0.5619481230934419,455.22194812309345,299,Poligono_Nave_industrial_062,Zona_2
299,4,Regreso_Poligono_Nave_industrial_062,0,29.53,23.58,478.80194812309344,299,Poligono_Nave_industrial_062,Zona_2
300,1,Inicio_Poligono_Nave_industrial_062,0,0.0,30.0,30.0,300,Poligono_Nave_industrial_062,Zona_2
300,2,1402106,132,30.41,25.66,451.66,300,Poligono_Nave_industrial_062,Zona_2
300,3,1402110,1,0.46829010257786824,0.5619481230934419,455.22194812309345,300,Poligono_Nave_industrial_062,Zona_2
300,4,Regreso_Poligono_Nave_industrial_062,0,29.53,23.58,478.80194812309344,300,Poligono_Nave_industrial_062,Zona_2
301,1,Inicio_Poligono_Nave_industrial_062,0,0.0,30.0,30.0,301,Poligono_Nave_industrial_062,Zona_2
301,2,1402106,132,30.41,25.66,451.66,301,Poligono_Nave_industrial_062,Zona_2
301,3,1402110,1,0.46829010257786824,0.5619481230934419,455.22194812309345,301,Poligono_Nave_industrial_062,Zona_2
301,4,Regreso_Poligono_Nave_industrial_062,0,29.53,23.58,478.80194812309344,301,Poligono_Nave_industrial_062,Zona_2
302,1,Inicio_Poligono_Nave_industrial_062,0,0.0,30.0,30.0,302,Poligono_Nave_industrial_062,Zona_2
302,2,1402106,132,30.41,25.66,451.66,302,Poligono_Nave_industrial_062,Zona_2
302,3,1402110,1,0.46829010257786824,0.5619481230934419,455.22194812309345,302,Poligono_Nave_industrial_062,Zona_2
302,4,Regreso_Poligono_Nave_industrial_062,0,29.53,23.58,478.80194812309344,302,Poligono_Nave_industrial_062,Zona_2
303,1,Inicio_Poligono_Nave_industrial_062,0,0.0,30.0,30.0,303,Poligono_Nave_industrial_062,Zona_2
303,2,1402106,132,30.41,25.66,451.66,303,Poligono_Nave_industrial_062,Zona_2
303,3,1402110,1,0.46829010257786824,0.5619481230934419,455.22194812309345,303,Poligono_Nave_industrial_062,Zona_2
303,4,Regreso_Poligono_Nave_industrial_062,0,29.53,23.58,478.80194812309344,303,Poligono_Nave_industrial_062,Zona_2
304,1,Inicio_Poligono_Nave_industrial_062,0,0.0,30.0,30.0,304,Poligono_Nave_industrial_062,Zona_2
304,2,1402106,12,30.41,25.66,91.66,304,Poligono_Nave_industrial_062,Zona_2
304,3,1402110,121,0.46829010257786824,0.5619481230934419,455.2219481230934,304,Poligono_Nave_industrial_062,Zona_2
304,4,Regreso_Poligono_Nave_industrial_062,0,29.53,23.58,478.8019481230934,304,Poligono_Nave_industrial_062,Zona_2
305,1,Inicio_Poligono_Nave_industrial_062,0,0.0,30.0,30.0,305,Poligono_Nave_industrial_062,Zona_2
305,2,1402109,132,29.99,25.53,451.53,305,Poligono_Nave_industrial_062,Zona_2
305,3,1402110,1,0.5967552193831763,0.7161062632598116,455.2461062632598,305,Poligono_Nave_industrial_062,Zona_2
305,4,Regreso_Poligono_Nave_industrial_062,0,29.53,23.58,478.82610626325976,305,Poligono_Nave_industrial_062,Zona_2
306,1,Inicio_Poligono_Nave_industrial_062,0,0.0,30.0,30.0,306,Poligono_Nave_industrial_062,Zona_2
306,2,1402109,132,29.99,25.53,451.53,306,Poligono_Nave_industrial_062,Zona_2
306,3,1402110,1,0.5967552193831763,0.7161062632598116,455.2461062632598,306,Poligono_Nave_industrial_062,Zona_2
306,4,Regreso_Poligono_Nave_industrial_062,0,29.53,23.58,478.82610626325976,306,Poligono_Nave_industrial_062,Zona_2
307,1,Inicio_Poligono_Nave_industrial_062,0,0.0,30.0,30.0,307,Poligono_Nave_industrial_062,Zona_2
307,2,1402109,50,29.99,25.53,205.53,307,Poligono_Nave_industrial_062,Zona_2
307,3,1402110,83,0.5967552193831763,0.7161062632598116,455.2461062632598,307,Poligono_Nave_industrial_062,Zona_2
307,4,Regreso_Poligono_Nave_industrial_062,0,29.53,23.58,478.82610626325976,307,Poligono_Nave_industrial_062,Zona_2
308,1,Inicio_Poligono_Nave_industrial_062,0,0.0,30.0,30.0,308,Poligono_Nave_industrial_062,Zona_2
308,2,1402110,134,29.53,23.58,455.58,308,Poligono_Nave_industrial_062,Zona_2
308,3,Regreso_Poligono_Nave_industrial_062,0,29.53,23.58,479.15999999999997,308,Poligono_Nave_industrial_062,Zona_2
309,1,Inicio_Poligono_Nave_industrial_062,0,0.0,30.0,30.0,309,Poligono_Nave_industrial_062,Zona_2
309,2,1402110,134,29.53,23.58,455.58,309,Poligono_Nave_industrial_062,Zona_2
309,3,Regreso_Poligono_Nave_industrial_062,0,29.53,23.58,479.15999999999997,309,Poligono_Nave_industrial_062,Zona_2
310,1,Inicio_Poligono_Nave_industrial_062,0,0.0,30.0,30.0,310,Poligono_Nave_industrial_062,Zona_2
310,2,1402110,121,29.53,23.58,416.58,310,Poligono_Nave_industrial_062,Zona_2
310,3,1402702,8,21.368925484050692,25.64271058086083,466.2227105808608,310,Poligono_Nave_industrial_062,Zona_2
310,4,1490101,1,2.882927955035983,3.45951354604318,472.682224126904,310,Poligono_Nave_industrial_062,Zona_2
310,5,Regreso_Poligono_Nave_industrial_062,0,3.04,7.04,479.722224126904,310,Poligono_Nave_industrial_062,Zona_2
311,1,Inicio_Poligono_Nave_industrial_062,0,0.0,30.0,30.0,311,Poligono_Nave_industrial_062,Zona_2
311,2,1402301,13,113.99,116.92,185.92000000000002,311,Poligono_Nave_industrial_062,Zona_2
311,3,1402302,9,5.770503782094085,6.924604538512902,219.84460453851293,311,Poligono_Nave_industrial_062,Zona_2
311,4,1405403,19,6.2216660045137635,7.465999205416517,284.31060374392945,311,Poligono_Nave_industrial_062,Zona_2
311,5,1405401,35,1.008085461349211,1.209702553619053,390.5203062975485,311,Poligono_Nave_industrial_062,Zona_2
311,6,Regreso_Poligono_Nave_industrial_062,0,105.11,87.72,478.2403062975485,311,Poligono_Nave_industrial_062,Zona_2
312,1,Inicio_Poligono_Nave_industrial_062,0,0.0,30.0,30.0,312,Poligono_Nave_industrial_062,Zona_2
312,2,1402601,7,75.95,59.59,110.59,312,Poligono_Nave_industrial_062,Zona_2
312,3,1402603,7,0.4340202985842882,0.5208243583011458,132.11082435830116,312,Poligono_Nave_industrial_062,Zona_2
312,4,1402602,6,7.732700243144562,9.279240291773474,159.39006465007463,312,Poligono_Nave_industrial_062,Zona_2
312,5,1407101,8,9.938691409356906,11.926429691228288,195.31649434130293,312,Poligono_Nave_industrial_062,Zona_2
312,6,1405201,7,16.555831690494415,19.8669980285933,236.18349236989621,312,Poligono_Nave_industrial_062,Zona_2
312,7,1403501,7,17.29272544792049,20.75127053750459,277.9347629074008,312,Poligono_Nave_industrial_062,Zona_2
312,8,1403504,1,11.820229350971253,14.184275221165505,295.11903812856633,312,Poligono_Nave_industrial_062,Zona_2
312,9,1407201,8,8.727694900257704,10.473233880309245,329.59227200887557,312,Poligono_Nave_industrial_062,Zona_2
312,10,1407402,9,3.1932524646300484,3.831902957556058,360.4241749664316,312,Poligono_Nave_industrial_062,Zona_2
312,11,1407002,2,10.564239129981782,12.677086955978139,379.1012619224098,312,Poligono_Nave_industrial_062,Zona_2
312,12,Regreso_Poligono_Nave_industrial_062,0,104.46,92.39,471.49126192240976,312,Poligono_Nave_industrial_062,Zona_2
313,1,Inicio_Poligono_Nave_industrial_062,0,0.0,30.0,30.0,313,Poligono_Nave_industrial_062,Zona_2
313,2,1490101,8,3.04,7.04,61.04,313,Poligono_Nave_industrial_062,Zona_2
313,3,1402701,34,1.8154313817937067,2.178517658152448,165.21851765815245,313,Poligono_Nave_industrial_062,Zona_2
313,4,1402702,21,2.937895779990851,3.5254749359890214,231.74399259414147,313,Poligono_Nave_industrial_062,Zona_2
313,5,1405701,41,8.826595019349105,10.591914023218926,365.33590661736037,313,Poligono_Nave_industrial_062,Zona_2
313,6,1406501,21,4.8462570060695604,5.815508407283472,434.1514150246438,313,Poligono_Nave_industrial_062,Zona_2
313,7,1404001,1,15.217411955773242,18.26089434692789,455.4123093715717,313,Poligono_Nave_industrial_062,Zona_2
313,8,1404002,1,1.3556159747882996,1.6267391697459597,460.0390485413177,313,Poligono_Nave_industrial_062,Zona_2
313,9,Regreso_Poligono_Nave_industrial_062,0,12.44,18.83,478.8690485413177,313,Poligono_Nave_industrial_062,Zona_2
314,1,Inicio_Poligono_Nave_industrial_062,0,0.0,30.0,30.0,314,Poligono_Nave_industrial_062,Zona_2
314,2,1402703,17,53.33,51.47,132.47,314,Poligono_Nave_industrial_062,Zona_2
314,3,1403001,71,4.3257882266774255,5.19094587201291,350.6609458720129,314,Poligono_Nave_industrial_062,Zona_2
314,4,1403002,13,5.090265837899673,6.108319005479607,395.7692648774925,314,Poligono_Nave_industrial_062,Zona_2
314,5,4103902,9,12.108144377448674,14.52977325293841,437.2990381304309,314,Poligono_Nave_industrial_062,Zona_2
314,6,Regreso_Poligono_Nave_industrial_062,0,53.36,41.2,478.4990381304309,314,Poligono_Nave_industrial_062,Zona_2
315,1,Inicio_Poligono_Nave_industrial_062,0,0.0,30.0,30.0,315,Poligono_Nave_industrial_062,Zona_2
315,2,1403401,3,124.87,122.39,161.39,315,Poligono_Nave_industrial_062,Zona_2
315,3,1406201,8,9.532686845971448,11.439224215165737,196.8292242151657,315,Poligono_Nave_industrial_062,Zona_2
315,4,1406202,1,3.1138716280594654,3.7366459536713585,203.56587016883708,315,Poligono_Nave_industrial_062,Zona_2
315,5,1405101,7,9.19168462785003,11.030021553420037,235.5958917222571,315,Poligono_Nave_industrial_062,Zona_2
315,6,1405102,5,5.562764022377047,6.675316826852457,257.2712085491096,315,Poligono_Nave_industrial_062,Zona_2
315,7,1405401,20,7.394975977083341,8.87397117250001,326.14517972160957,315,Poligono_Nave_industrial_062,Zona_2
315,8,1405402,9,1.0112872374920965,1.2135446849905156,354.35872440660006,315,Poligono_Nave_industrial_062,Zona_2
315,9,1405404,2,13.24031073163479,15.888372877961746,376.2470972845618,315,Poligono_Nave_industrial_062,Zona_2
315,10,1407301,2,25.268625687429584,30.322350824915503,412.5694481094773,315,Poligono_Nave_industrial_062,Zona_2
315,11,Regreso_Poligono_Nave_industrial_062,0,71.21,65.93,478.4994481094773,315,Poligono_Nave_industrial_062,Zona_2
316,1,Inicio_Poligono_Nave_industrial_062,0,0.0,30.0,30.0,316,Poligono_Nave_industrial_062,Zona_2
316,2,1403601,16,67.52,70.49,148.49,316,Poligono_Nave_industrial_062,Zona_2
316,3,1403602,22,0.6606976138985836,0.7928371366783004,215.28283713667832,316,Poligono_Nave_industrial_062,Zona_2
316,4,1405302,30,11.554941336745584,13.865929604094699,319.148766740773,316,Poligono_Nave_industrial_062,Zona_2
316,5,1405301,31,4.018732034492891,4.822478441391469,416.97124518216447,316,Poligono_Nave_industrial_062,Zona_2
316,6,Regreso_Poligono_Nave_industrial_062,0,52.92,49.02,465.99124518216445,316,Poligono_Nave_industrial_062,Zona_2
317,1,Inicio_Poligono_Nave_industrial_062,0,0.0,30.0,30.0,317,Poligono_Nave_industrial_062,Zona_2
317,2,1403701,15,78.53,63.59,138.59,317,Poligono_Nave_industrial_062,Zona_2
317,3,1403702,5,3.104507847035873,3.725409416443047,157.31540941644306,317,Poligono_Nave_industrial_062,Zona_2
317,4,1403703,7,6.988147050409386,8.385776460491263,186.70118587693432,317,Poligono_Nave_industrial_062,Zona_2
317,5,1405804,13,7.486898167432374,8.984277800918848,234.68546367785316,317,Poligono_Nave_industrial_062,Zona_2
317,6,1405801,20,0.39425387853992044,0.47310465424790454,295.1585683321011,317,Poligono_Nave_industrial_062,Zona_2
317,7,1405802,7,0.2761132851222258,0.331335942146671,316.48990427424775,317,Poligono_Nave_industrial_062,Zona_2
317,8,1405803,24,0.46166670594177506,0.5540000471301301,389.0439043213779,317,Poligono_Nave_industrial_062,Zona_2
317,9,1405805,7,2.372755750623544,2.8473069007482525,412.8912112221262,317,Poligono_Nave_industrial_062,Zona_2
317,10,1403803,6,12.019440198279407,14.423328237935287,445.31453946006144,317,Poligono_Nave_industrial_062,Zona_2
317,11,Regreso_Poligono_Nave_industrial_062,0,42.68,33.48,478.79453946006146,317,Poligono_Nave_industrial_062,Zona_2
318,1,Inicio_Poligono_Nave_industrial_062,0,0.0,30.0,30.0,318,Poligono_Nave_industrial_062,Zona_2
318,2,1403801,79,42.53,34.36,301.36,318,Poligono_Nave_industrial_062,Zona_2
318,3,1403802,48,0.35592270672246873,0.4271072480669625,445.78710724806695,318,Poligono_Nave_industrial_062,Zona_2
318,4,Regreso_Poligono_Nave_industrial_062,0,41.47,32.4,478.1871072480669,318,Poligono_Nave_industrial_062,Zona_2
319,1,Inicio_Poligono_Nave_industrial_062,0,0.0,30.0,30.0,319,Poligono_Nave_industrial_062,Zona_2
319,2,1403802,84,41.47,32.4,314.4,319,Poligono_Nave_industrial_062,Zona_2
319,3,1403803,42,1.1561946771174623,1.3874336125409548,441.78743361254095,319,Poligono_Nave_industrial_062,Zona_2
319,4,Regreso_Poligono_Nave_industrial_062,0,42.68,33.48,475.26743361254097,319,Poligono_Nave_industrial_062,Zona_2
320,1,Inicio_Poligono_Nave_industrial_062,0,0.0,30.0,30.0,320,Poligono_Nave_industrial_062,Zona_2
320,2,1403901,22,59.56,52.9,148.9,320,Poligono_Nave_industrial_062,Zona_2
320,3,1405502,59,14.169083277601631,17.00289993312196,342.90289993312194,320,Poligono_Nave_industrial_062,Zona_2
320,4,1405503,12,6.742285440901217,8.09074252908146,386.9936424622034,320,Poligono_Nave_industrial_062,Zona_2
320,5,1405805,4,11.126409578488895,13.351691494186674,412.3453339563901,320,Poligono_Nave_industrial_062,Zona_2
320,6,1404401,5,23.539779168331805,28.247735001998166,455.59306895838824,320,Poligono_Nave_industrial_062,Zona_2
320,7,Regreso_Poligono_Nave_industrial_062,0,28.42,22.88,478.47306895838824,320,Poligono_Nave_industrial_062,Zona_2
321,1,Inicio_Poligono_Nave_industrial_062,0,0.0,30.0,30.0,321,Poligono_Nave_industrial_062,Zona_2
321,2,1404001,15,14.04,24.16,99.16,321,Poligono_Nave_industrial_062,Zona_2
321,3,1404002,20,1.3556159747882996,1.6267391697459597,160.78673916974594,321,Poligono_Nave_industrial_062,Zona_2
321,4,1406002,26,8.545441853958227,10.254530224749873,249.04126939449583,321,Poligono_Nave_industrial_062,Zona_2
321,5,1406001,13,3.3037254753569982,3.9644705704283973,292.0057399649242,321,Poligono_Nave_industrial_062,Zona_2
321,6,4105002,20,15.830581114438052,18.996697337325664,371.00243730224986,321,Poligono_Nave_industrial_062,Zona_2
321,7,4105001,8,3.3696150803807523,4.043538096456903,399.0459753987068,321,Poligono_Nave_industrial_062,Zona_2
321,8,4105003,9,3.9644100306443883,4.757292036773267,430.80326743548005,321,Poligono_Nave_industrial_062,Zona_2
321,9,1405601,1,4.120900804114258,4.945080964937109,438.74834840041717,321,Poligono_Nave_industrial_062,Zona_2
321,10,Regreso_Poligono_Nave_industrial_062,0,45.39,38.43,477.1783484004172,321,Poligono_Nave_industrial_062,Zona_2
322,1,Inicio_Poligono_Nave_industrial_062,0,0.0,30.0,30.0,322,Poligono_Nave_industrial_062,Zona_2
322,2,1404201,10,14.2,13.68,73.68,322,Poligono_Nave_industrial_062,Zona_2
322,3,1404202,40,0.37795092796673924,0.4535411135600871,194.1335411135601,322,Poligono_Nave_industrial_062,Zona_2
322,4,1404204,52,0.2784445520690648,0.3341334624828778,350.467674576043,322,Poligono_Nave_industrial_062,Zona_2
322,5,1404205,12,7.204902867855376,8.64588344142645,395.1135580174695,322,Poligono_Nave_industrial_062,Zona_2
322,6,1404602,11,9.19803753895859,11.03764504675031,439.15120306421977,322,Poligono_Nave_industrial_062,Zona_2
322,7,Regreso_Poligono_Nave_industrial_062,0,30.96,39.97,479.1212030642198,322,Poligono_Nave_industrial_062,Zona_2
323,1,Inicio_Poligono_Nave_industrial_062,0,0.0,30.0,30.0,323,Poligono_Nave_industrial_062,Zona_2
323,2,1404301,14,70.43,52.81,124.81,323,Poligono_Nave_industrial_062,Zona_2
323,3,1404303,13,0.2512038711133238,0.3014446453359886,164.111444645336,323,Poligono_Nave_industrial_062,Zona_2
323,4,1406601,30,7.228350465615168,8.674020558738201,262.7854652040742,323,Poligono_Nave_industrial_062,Zona_2
323,5,1406602,25,3.9215161396118257,4.705819367534191,342.4912845716084,323,Poligono_Nave_industrial_062,Zona_2
323,6,1404302,9,15.085216913434543,18.10226029612145,387.59354486772986,323,Poligono_Nave_industrial_062,Zona_2
323,7,1406701,6,27.95528330302594,33.54633996363113,439.139884831361,323,Poligono_Nave_industrial_062,Zona_2
323,8,Regreso_Poligono_Nave_industrial_062,0,52.28,39.55,478.689884831361,323,Poligono_Nave_industrial_062,Zona_2
324,1,Inicio_Poligono_Nave_industrial_062,0,0.0,30.0,30.0,324,Poligono_Nave_industrial_062,Zona_2
324,2,1404304,41,99.44,108.81,261.81,324,Poligono_Nave_industrial_062,Zona_2
324,3,1406903,12,18.911911716653627,22.69429405998435,320.5042940599844,324,Poligono_Nave_industrial_062,Zona_2
324,4,1406902,1,6.596508057281166,7.915809668737398,331.42010372872176,324,Poligono_Nave_industrial_062,Zona_2
324,5,1405404,11,9.252472772481834,11.102967326978202,375.5230710557,324,Poligono_Nave_industrial_062,Zona_2
324,6,1407301,2,25.268625687429584,30.322350824915503,411.8454218806155,324,Poligono_Nave_industrial_062,Zona_2
324,7,Regreso_Poligono_Nave_industrial_062,0,71.21,65.93,477.7754218806155,324,Poligono_Nave_industrial_062,Zona_2
325,1,Inicio_Poligono_Nave_industrial_062,0,0.0,30.0,30.0,325,Poligono_Nave_industrial_062,Zona_2
325,2,1404401,9,28.42,22.88,79.88,325,Poligono_Nave_industrial_062,Zona_2
325,3,1404501,26,4.701206647399769,5.641447976879723,163.5214479768797,325,Poligono_Nave_industrial_062,Zona_2
325,4,1405604,58,14.668998475601333,17.6027981707216,355.1242461476013,325,Poligono_Nave_industrial_062,Zona_2
325,5,1405603,29,0.6106607625607218,0.7327929150728661,442.8570390626742,325,Poligono_Nave_industrial_062,Zona_2
325,6,Regreso_Poligono_Nave_industrial_062,0,41.69,36.26,479.11703906267417,325,Poligono_Nave_industrial_062,Zona_2
326,1,Inicio_Poligono_Nave_industrial_062,0,0.0,30.0,30.0,326,Poligono_Nave_industrial_062,Zona_2
326,2,1404601,23,33.39,43.41,142.41,326,Poligono_Nave_industrial_062,Zona_2
326,3,1404602,6,2.606925364896784,3.1283104378761406,163.53831043787613,326,Poligono_Nave_industrial_062,Zona_2
326,4,1405805,8,27.554408743319563,33.065290491983475,220.60360092985962,326,Poligono_Nave_industrial_062,Zona_2
326,5,4101401,23,29.40665867829772,35.28799041395727,324.8915913438169,326,Poligono_Nave_industrial_062,Zona_2
326,6,4102601,26,5.083914336268806,6.100697203522567,408.9922885473395,326,Poligono_Nave_industrial_062,Zona_2
326,7,4102602,7,0.9834293328883355,1.1801151994660024,431.1724037468055,326,Poligono_Nave_industrial_062,Zona_2
326,8,Regreso_Poligono_Nave_industrial_062,0,55.56,47.82,478.9924037468055,326,Poligono_Nave_industrial_062,Zona_2
327,1,Inicio_Poligono_Nave_industrial_062,0,0.0,30.0,30.0,327,Poligono_Nave_industrial_062,Zona_2
327,2,1404701,19,59.96,83.69,170.69,327,Poligono_Nave_industrial_062,Zona_2
327,3,1407301,7,19.196006743738348,23.035208092486016,214.725208092486,327,Poligono_Nave_industrial_062,Zona_2
327,4,1407302,12,8.544682831946268,10.253619398335521,260.9788274908215,327,Poligono_Nave_industrial_062,Zona_2
327,5,1405404,16,33.36722878189971,40.04067453827965,349.0195020291012,327,Poligono_Nave_industrial_062,Zona_2
327,6,1406701,8,40.14968150101051,48.179617801212615,421.1991198303138,327,Poligono_Nave_industrial_062,Zona_2
327,7,1406702,4,2.369495751123362,2.843394901348034,436.04251473166187,327,Poligono_Nave_industrial_062,Zona_2
327,8,Regreso_Poligono_Nave_industrial_062,0,49.05,41.7,477.74251473166186,327,Poligono_Nave_industrial_062,Zona_2
328,1,Inicio_Poligono_Nave_industrial_062,0,0.0,30.0,30.0,328,Poligono_Nave_industrial_062,Zona_2
328,2,1404901,60,64.63,62.29,272.28999999999996,328,Poligono_Nave_industrial_062,Zona_2
328,3,1404902,28,0.5005838349728738,0.6007006019674486,356.8907006019674,328,Poligono_Nave_industrial_062,Zona_2
328,4,1404903,20,0.28121373434859837,0.33745648121831806,417.22815708318575,328,Poligono_Nave_industrial_062,Zona_2
328,5,Regreso_Poligono_Nave_industrial_062,0,64.7,62.62,479.84815708318575,328,Poligono_Nave_industrial_062,Zona_2
329,1,Inicio_Poligono_Nave_industrial_062,0,0.0,30.0,30.0,329,Poligono_Nave_industrial_062,Zona_2
329,2,1404903,57,64.7,62.62,263.62,329,Poligono_Nave_industrial_062,Zona_2
329,3,4107401,29,8.218794181397666,9.862553017677198,360.4825530176772,329,Poligono_Nave_industrial_062,Zona_2
329,4,4107801,6,5.489151899393311,6.5869822792719726,385.0695352969492,329,Poligono_Nave_industrial_062,Zona_2
329,5,4107802,2,0.591362194965651,0.7096346339587812,391.779169930908,329,Poligono_Nave_industrial_062,Zona_2
329,6,Regreso_Poligono_Nave_industrial_062,0,83.0,86.65,478.42916993090796,329,Poligono_Nave_industrial_062,Zona_2
330,1,Inicio_Poligono_Nave_industrial_062,0,0.0,30.0,30.0,330,Poligono_Nave_industrial_062,Zona_2
330,2,1405601,26,45.39,38.43,146.43,330,Poligono_Nave_industrial_062,Zona_2
330,3,1405602,33,2.441258607301605,2.9295103287619257,248.35951032876193,330,Poligono_Nave_industrial_062,Zona_2
330,4,1405603,29,0.6122159866137066,0.7346591839364479,336.0941695126984,330,Poligono_Nave_industrial_062,Zona_2
330,5,4105003,18,6.813344136652988,8.176012963983585,398.27018247668195,330,Poligono_Nave_industrial_062,Zona_2
330,6,4104104,7,7.455814375492805,8.946977250591365,428.2171597272733,330,Poligono_Nave_industrial_062,Zona_2
330,7,Regreso_Poligono_Nave_industrial_062,0,58.56,48.82,477.0371597272733,330,Poligono_Nave_industrial_062,Zona_2
331,1,Inicio_Poligono_Nave_industrial_062,0,0.0,30.0,30.0,331,Poligono_Nave_industrial_062,Zona_2
331,2,1406101,5,125.87,94.72,139.72,331,Poligono_Nave_industrial_062,Zona_2
331,3,1407401,11,9.564674699518243,11.47760963942189,184.1976096394219,331,Poligono_Nave_industrial_062,Zona_2
331,4,1407001,6,23.670750296125654,28.404900355350783,230.60250999477267,331,Poligono_Nave_industrial_062,Zona_2
331,5,4106602,7,56.60178343804346,67.92214012565215,319.52465012042484,331,Poligono_Nave_industrial_062,Zona_2
331,6,4106601,6,3.220318994752293,3.8643827937027524,341.3890329141276,331,Poligono_Nave_industrial_062,Zona_2
331,7,4103304,2,13.705483151754597,16.446579782105516,363.8356126962331,331,Poligono_Nave_industrial_062,Zona_2
331,8,4107802,2,19.507139867751324,23.40856784130159,393.2441805375347,331,Poligono_Nave_industrial_062,Zona_2
331,9,Regreso_Poligono_Nave_industrial_062,0,83.0,86.65,479.8941805375347,331,Poligono_Nave_industrial_062,Zona_2
332,1,Inicio_Poligono_Nave_industrial_062,0,0.0,30.0,30.0,332,Poligono_Nave_industrial_062,Zona_2
332,2,1406702,13,49.05,41.7,110.7,332,Poligono_Nave_industrial_062,Zona_2
332,3,4103902,41,63.653754884731676,76.38450586167801,310.084505861678,332,Poligono_Nave_industrial_062,Zona_2
332,4,4103901,43,0.7822865377214376,0.9387438452657251,440.0232497069437,332,Poligono_Nave_industrial_062,Zona_2
332,5,Regreso_Poligono_Nave_industrial_062,0,52.72,39.97,479.99324970694374,332,Poligono_Nave_industrial_062,Zona_2
333,1,Inicio_Poligono_Nave_industrial_062,0,0.0,30.0,30.0,333,Poligono_Nave_industrial_062,Zona_2
333,2,4100101,8,69.95,56.52,110.52000000000001,333,Poligono_Nave_industrial_062,Zona_2
333,3,4100102,10,1.7774781960957524,2.1329738353149033,142.65297383531492,333,Poligono_Nave_industrial_062,Zona_2
333,4,4104602,20,4.244389263998116,5.093267116797739,207.74624095211266,333,Poligono_Nave_industrial_062,Zona_2
333,5,4104601,13,2.7800491688036484,3.336059002564378,250.08229995467704,333,Poligono_Nave_industrial_062,Zona_2
333,6,4104101,34,4.9784502414277485,5.974140289713298,358.05644024439033,333,Poligono_Nave_industrial_062,Zona_2
333,7,4104104,24,0.8451647678841766,1.0141977214610118,431.07063796585135,333,Poligono_Nave_industrial_062,Zona_2
333,8,Regreso_Poligono_Nave_industrial_062,0,58.56,48.82,479.89063796585134,333,Poligono_Nave_industrial_062,Zona_2
334,1,Inicio_Poligono_Nave_industrial_062,0,0.0,30.0,30.0,334,Poligono_Nave_industrial_062,Zona_2
334,2,4100201,13,165.12,138.99,207.99,334,Poligono_Nave_industrial_062,Zona_2
334,3,4108801,5,7.115686901966758,8.53882428236011,231.52882428236012,334,Poligono_Nave_industrial_062,Zona_2
334,4,4103302,10,11.885150024059989,14.262180028871986,275.7910043112321,334,Poligono_Nave_industrial_062,Zona_2
334,5,4103301,19,0.8717269030138988,1.0460722836166787,333.8370765948488,334,Poligono_Nave_industrial_062,Zona_2
334,6,4103304,6,2.6715047526827522,3.2058057032193026,355.0428822980681,334,Poligono_Nave_industrial_062,Zona_2
334,7,4107802,4,19.507139867751324,23.40856784130159,390.4514501393697,334,Poligono_Nave_industrial_062,Zona_2
334,8,4105601,1,30.918741917785532,37.102490301342634,430.5539404407123,334,Poligono_Nave_industrial_062,Zona_2
334,9,Regreso_Poligono_Nave_industrial_062,0,68.59,49.21,479.7639404407123,334,Poligono_Nave_industrial_062,Zona_2
335,1,Inicio_Poligono_Nave_industrial_062,0,0.0,30.0,30.0,335,Poligono_Nave_industrial_062,Zona_2
335,2,4100401,36,141.29,97.83,235.82999999999998,335,Poligono_Nave_industrial_062,Zona_2
335,3,4100404,48,1.1293534762675241,1.355224171521029,381.185224171521,335,Poligono_Nave_industrial_062,Zona_2
335,4,Regreso_Poligono_Nave_industrial_062,0,139.63,96.94,478.125224171521,335,Poligono_Nave_industrial_062,Zona_2
336,1,Inicio_Poligono_Nave_industrial_062,0,0.0,30.0,30.0,336,Poligono_Nave_industrial_062,Zona_2
336,2,4100402,81,138.08,98.15,371.15,336,Poligono_Nave_industrial_062,Zona_2
336,3,4100403,3,1.1880842428291578,1.4257010913949895,381.575701091395,336,Poligono_Nave_industrial_062,Zona_2
336,4,Regreso_Poligono_Nave_industrial_062,0,139.98,97.44,479.015701091395,336,Poligono_Nave_industrial_062,Zona_2
337,1,Inicio_Poligono_Nave_industrial_062,0,0.0,30.0,30.0,337,Poligono_Nave_industrial_062,Zona_2
337,2,4100403,85,139.98,97.44,382.44,337,Poligono_Nave_industrial_062,Zona_2
337,3,Regreso_Poligono_Nave_industrial_062,0,139.98,97.44,479.88,337,Poligono_Nave_industrial_062,Zona_2
338,1,Inicio_Poligono_Nave_industrial_062,0,0.0,30.0,30.0,338,Poligono_Nave_industrial_062,Zona_2
338,2,4100403,35,139.98,97.44,232.44,338,Poligono_Nave_industrial_062,Zona_2
338,3,4100404,50,0.33603231556676616,0.40323877868011937,382.8432387786801,338,Poligono_Nave_industrial_062,Zona_2
338,4,Regreso_Poligono_Nave_industrial_062,0,139.63,96.94,479.7832387786801,338,Poligono_Nave_industrial_062,Zona_2
339,1,Inicio_Poligono_Nave_industrial_062,0,0.0,30.0,30.0,339,Poligono_Nave_industrial_062,Zona_2
339,2,4100404,85,139.63,96.94,381.94,339,Poligono_Nave_industrial_062,Zona_2
339,3,Regreso_Poligono_Nave_industrial_062,0,139.63,96.94,478.88,339,Poligono_Nave_industrial_062,Zona_2
340,1,Inicio_Poligono_Nave_industrial_062,0,0.0,30.0,30.0,340,Poligono_Nave_industrial_062,Zona_2
340,2,4100404,85,139.63,96.94,381.94,340,Poligono_Nave_industrial_062,Zona_2
340,3,Regreso_Poligono_Nave_industrial_062,0,139.63,96.94,478.88,340,Poligono_Nave_industrial_062,Zona_2
341,1,Inicio_Poligono_Nave_industrial_062,0,0.0,30.0,30.0,341,Poligono_Nave_industrial_062,Zona_2
341,2,4100404,85,139.63,96.94,381.94,341,Poligono_Nave_industrial_062,Zona_2
341,3,Regreso_Poligono_Nave_industrial_062,0,139.63,96.94,478.88,341,Poligono_Nave_industrial_062,Zona_2
342,1,Inicio_Poligono_Nave_industrial_062,0,0.0,30.0,30.0,342,Poligono_Nave_industrial_062,Zona_2
342,2,4100404,85,139.63,96.94,381.94,342,Poligono_Nave_industrial_062,Zona_2
342,3,Regreso_Poligono_Nave_industrial_062,0,139.63,96.94,478.88,342,Poligono_Nave_industrial_062,Zona_2
343,1,Inicio_Poligono_Nave_industrial_062,0,0.0,30.0,30.0,343,Poligono_Nave_industrial_062,Zona_2
343,2,4100404,33,139.63,96.94,225.94,343,Poligono_Nave_industrial_062,Zona_2
343,3,4109109,49,7.88440500464376,9.461286005572513,382.4012860055725,343,Poligono_Nave_industrial_062,Zona_2
343,4,Regreso_Poligono_Nave_industrial_062,0,138.27,96.94,479.3412860055725,343,Poligono_Nave_industrial_062,Zona_2
344,1,Inicio_Poligono_Nave_industrial_062,0,0.0,30.0,30.0,344,Poligono_Nave_industrial_062,Zona_2
344,2,4102201,16,89.78,65.77,143.76999999999998,344,Poligono_Nave_industrial_062,Zona_2
344,3,4102202,23,0.6668633837567716,0.8002360605081259,213.5702360605081,344,Poligono_Nave_industrial_062,Zona_2
344,4,4104202,17,13.236683279793667,15.884019935752402,280.4542559962605,344,Poligono_Nave_industrial_062,Zona_2
344,5,4104201,9,0.3887551967281916,0.4665062360738299,307.9207622323343,344,Poligono_Nave_industrial_062,Zona_2
344,6,4104203,33,1.7912365414528288,2.149483849743395,409.0702460820777,344,Poligono_Nave_industrial_062,Zona_2
344,7,4105601,2,12.771790118521892,15.32614814222627,430.39639422430395,344,Poligono_Nave_industrial_062,Zona_2
344,8,Regreso_Poligono_Nave_industrial_062,0,68.59,49.21,479.6063942243039,344,Poligono_Nave_industrial_062,Zona_2
345,1,Inicio_Poligono_Nave_industrial_062,0,0.0,30.0,30.0,345,Poligono_Nave_industrial_062,Zona_2
345,2,4190101,29,78.46,84.51,201.51,345,Poligono_Nave_industrial_062,Zona_2
345,3,4105601,37,6.657334154423006,7.988800985307607,320.4988009853076,345,Poligono_Nave_industrial_062,Zona_2
345,4,4104203,1,12.771790118521892,15.32614814222627,338.82494912753384,345,Poligono_Nave_industrial_062,Zona_2
345,5,4106001,14,13.393645430078019,16.07237451609362,396.8973236436275,345,Poligono_Nave_industrial_062,Zona_2
345,6,4106003,1,1.1539653490196593,1.3847584188235913,401.2820820624511,345,Poligono_Nave_industrial_062,Zona_2
345,7,Regreso_Poligono_Nave_industrial_062,0,93.54,76.48,477.7620820624511,345,Poligono_Nave_industrial_062,Zona_2
346,1,Inicio_Poligono_Nave_industrial_062,0,0.0,30.0,30.0,346,Poligono_Nave_industrial_062,Zona_2
346,2,4102401,15,106.33,72.48,147.48000000000002,346,Poligono_Nave_industrial_062,Zona_2
346,3,4102403,10,0.2655150382772477,0.31861804593269727,177.79861804593273,346,Poligono_Nave_industrial_062,Zona_2
346,4,4102404,76,0.4423132194147504,0.5307758632977004,406.3293939092304,346,Poligono_Nave_industrial_062,Zona_2
346,5,Regreso_Poligono_Nave_industrial_062,0,106.56,72.28,478.60939390923045,346,Poligono_Nave_industrial_062,Zona_2
347,1,Inicio_Poligono_Nave_industrial_062,0,0.0,30.0,30.0,347,Poligono_Nave_industrial_062,Zona_2
347,2,4102402,9,105.33,73.78,130.78,347,Poligono_Nave_industrial_062,Zona_2
347,3,4102404,8,0.9316896565638176,1.1180275878765813,155.89802758787658,347,Poligono_Nave_industrial_062,Zona_2
347,4,4102405,69,0.9914291128643381,1.1897149354372056,364.08774252331375,347,Poligono_Nave_industrial_062,Zona_2
347,5,4110202,5,10.255319783997445,12.306383740796933,391.3941262641107,347,Poligono_Nave_industrial_062,Zona_2
347,6,Regreso_Poligono_Nave_industrial_062,0,117.63,86.45,477.8441262641107,347,Poligono_Nave_industrial_062,Zona_2
348,1,Inicio_Poligono_Nave_industrial_062,0,0.0,30.0,30.0,348,Poligono_Nave_industrial_062,Zona_2
348,2,4102406,73,121.39,91.86,340.86,348,Poligono_Nave_industrial_062,Zona_2
348,3,4105501,15,10.066419097040018,12.079702916448023,397.939702916448,348,Poligono_Nave_industrial_062,Zona_2
348,4,Regreso_Poligono_Nave_industrial_062,0,103.9,81.98,479.91970291644805,348,Poligono_Nave_industrial_062,Zona_2
349,1,Inicio_Poligono_Nave_industrial_062,0,0.0,30.0,30.0,349,Poligono_Nave_industrial_062,Zona_2
349,2,4102602,10,55.56,47.82,107.82,349,Poligono_Nave_industrial_062,Zona_2
349,3,4105401,8,5.722272868135053,6.866727441762064,138.68672744176206,349,Poligono_Nave_industrial_062,Zona_2
349,4,4104103,21,5.357141299915535,6.428569559898642,208.1152970016607,349,Poligono_Nave_industrial_062,Zona_2
349,5,4104102,23,0.4081841855362535,0.48982102264350424,277.6051180243042,349,Poligono_Nave_industrial_062,Zona_2
349,6,4104104,3,0.7945827180526505,0.9534992616631806,287.5586172859674,349,Poligono_Nave_industrial_062,Zona_2
349,7,4106101,20,9.861987723360514,11.834385268032618,359.393002554,349,Poligono_Nave_industrial_062,Zona_2
349,8,4108401,17,2.968774985519869,3.562529982623843,413.9555325366239,349,Poligono_Nave_industrial_062,Zona_2
349,9,4108402,1,1.890170280153276,2.2682043361839312,419.2237368728078,349,Poligono_Nave_industrial_062,Zona_2
349,10,Regreso_Poligono_Nave_industrial_062,0,66.58,60.2,479.4237368728078,349,Poligono_Nave_industrial_062,Zona_2
350,1,Inicio_Poligono_Nave_industrial_062,0,0.0,30.0,30.0,350,Poligono_Nave_industrial_062,Zona_2
350,2,4103201,14,153.14,134.56,206.56,350,Poligono_Nave_industrial_062,Zona_2
350,3,4103202,22,0.6561298011035358,0.7873557613242429,273.34735576132425,350,Poligono_Nave_industrial_062,Zona_2
350,4,4103303,7,14.436144890299602,17.32337386835952,311.67072962968376,350,Poligono_Nave_industrial_062,Zona_2
350,5,4105503,19,22.641379984416375,27.16965598129965,395.8403856109834,350,Poligono_Nave_industrial_062,Zona_2
350,6,Regreso_Poligono_Nave_industrial_062,0,104.67,82.42,478.2603856109834,350,Poligono_Nave_industrial_062,Zona_2
351,1,Inicio_Poligono_Nave_industrial_062,0,0.0,30.0,30.0,351,Poligono_Nave_industrial_062,Zona_2
351,2,4103701,15,86.0,80.11,155.11,351,Poligono_Nave_industrial_062,Zona_2
351,3,4103702,18,3.2855028683794485,3.9426034420553386,213.05260344205536,351,Poligono_Nave_industrial_062,Zona_2
351,4,4106201,21,7.241131044457619,8.689357253349142,284.7419606954045,351,Poligono_Nave_industrial_062,Zona_2
351,5,4107201,36,9.969972210387251,11.963966652464702,404.7059273478692,351,Poligono_Nave_industrial_062,Zona_2
351,6,Regreso_Poligono_Nave_industrial_062,0,71.76,74.23,478.9359273478692,351,Poligono_Nave_industrial_062,Zona_2
352,1,Inicio_Poligono_Nave_industrial_062,0,0.0,30.0,30.0,352,Poligono_Nave_industrial_062,Zona_2
352,2,4103801,83,146.84,100.16,379.15999999999997,352,Poligono_Nave_industrial_062,Zona_2
352,3,Regreso_Poligono_Nave_industrial_062,0,146.84,100.16,479.31999999999994,352,Poligono_Nave_industrial_062,Zona_2
353,1,Inicio_Poligono_Nave_industrial_062,0,0.0,30.0,30.0,353,Poligono_Nave_industrial_062,Zona_2
353,2,4103801,11,146.84,100.16,163.16,353,Poligono_Nave_industrial_062,Zona_2
353,3,4103802,71,0.5584081712034763,0.6700898054441715,376.8300898054442,353,Poligono_Nave_industrial_062,Zona_2
353,4,4103804,1,0.4918847406485284,0.590261688778234,380.4203514942224,353,Poligono_Nave_industrial_062,Zona_2
353,5,Regreso_Poligono_Nave_industrial_062,0,145.74,98.87,479.2903514942224,353,Poligono_Nave_industrial_062,Zona_2
354,1,Inicio_Poligono_Nave_industrial_062,0,0.0,30.0,30.0,354,Poligono_Nave_industrial_062,Zona_2
354,2,4103802,83,146.43,100.31,379.31,354,Poligono_Nave_industrial_062,Zona_2
354,3,Regreso_Poligono_Nave_industrial_062,0,146.43,100.31,479.62,354,Poligono_Nave_industrial_062,Zona_2
355,1,Inicio_Poligono_Nave_industrial_062,0,0.0,30.0,30.0,355,Poligono_Nave_industrial_062,Zona_2
355,2,4103802,3,146.43,100.31,139.31,355,Poligono_Nave_industrial_062,Zona_2
355,3,4103804,80,0.4918847406485284,0.590261688778234,379.90026168877824,355,Poligono_Nave_industrial_062,Zona_2
355,4,Regreso_Poligono_Nave_industrial_062,0,145.74,98.87,478.77026168877825,355,Poligono_Nave_industrial_062,Zona_2
356,1,Inicio_Poligono_Nave_industrial_062,0,0.0,30.0,30.0,356,Poligono_Nave_industrial_062,Zona_2
356,2,4103803,81,148.54,102.48,375.48,356,Poligono_Nave_industrial_062,Zona_2
356,3,4103804,1,2.0791920817823533,2.495030498138824,380.97503049813884,356,Poligono_Nave_industrial_062,Zona_2
356,4,Regreso_Poligono_Nave_industrial_062,0,145.74,98.87,479.84503049813884,356,Poligono_Nave_industrial_062,Zona_2
357,1,Inicio_Poligono_Nave_industrial_062,0,0.0,30.0,30.0,357,Poligono_Nave_industrial_062,Zona_2
357,2,4103803,81,148.54,102.48,375.48,357,Poligono_Nave_industrial_062,Zona_2
357,3,4103804,1,2.0791920817823533,2.495030498138824,380.97503049813884,357,Poligono_Nave_industrial_062,Zona_2
357,4,Regreso_Poligono_Nave_industrial_062,0,145.74,98.87,479.84503049813884,357,Poligono_Nave_industrial_062,Zona_2
358,1,Inicio_Poligono_Nave_industrial_062,0,0.0,30.0,30.0,358,Poligono_Nave_industrial_062,Zona_2
358,2,4103803,40,148.54,102.48,252.48000000000002,358,Poligono_Nave_industrial_062,Zona_2
358,3,4103804,42,2.0791920817823533,2.495030498138824,380.97503049813884,358,Poligono_Nave_industrial_062,Zona_2
358,4,Regreso_Poligono_Nave_industrial_062,0,145.74,98.87,479.84503049813884,358,Poligono_Nave_industrial_062,Zona_2
359,1,Inicio_Poligono_Nave_industrial_062,0,0.0,30.0,30.0,359,Poligono_Nave_industrial_062,Zona_2
359,2,4103804,84,145.74,98.87,380.87,359,Poligono_Nave_industrial_062,Zona_2
359,3,Regreso_Poligono_Nave_industrial_062,0,145.74,98.87,479.74,359,Poligono_Nave_industrial_062,Zona_2
360,1,Inicio_Poligono_Nave_industrial_062,0,0.0,30.0,30.0,360,Poligono_Nave_industrial_062,Zona_2
360,2,4103804,84,145.74,98.87,380.87,360,Poligono_Nave_industrial_062,Zona_2
360,3,Regreso_Poligono_Nave_industrial_062,0,145.74,98.87,479.74,360,Poligono_Nave_industrial_062,Zona_2
361,1,Inicio_Poligono_Nave_industrial_062,0,0.0,30.0,30.0,361,Poligono_Nave_industrial_062,Zona_2
361,2,4103804,84,145.74,98.87,380.87,361,Poligono_Nave_industrial_062,Zona_2
361,3,Regreso_Poligono_Nave_industrial_062,0,145.74,98.87,479.74,361,Poligono_Nave_industrial_062,Zona_2
362,1,Inicio_Poligono_Nave_industrial_062,0,0.0,30.0,30.0,362,Poligono_Nave_industrial_062,Zona_2
362,2,4103804,26,145.74,98.87,206.87,362,Poligono_Nave_industrial_062,Zona_2
362,3,4103805,55,6.409896400496,7.6918756805952,379.5618756805952,362,Poligono_Nave_industrial_062,Zona_2
362,4,Regreso_Poligono_Nave_industrial_062,0,143.7,97.89,477.4518756805952,362,Poligono_Nave_industrial_062,Zona_2
363,1,Inicio_Poligono_Nave_industrial_062,0,0.0,30.0,30.0,363,Poligono_Nave_industrial_062,Zona_2
363,2,4103805,84,143.7,97.89,379.89,363,Poligono_Nave_industrial_062,Zona_2
363,3,Regreso_Poligono_Nave_industrial_062,0,143.7,97.89,477.78,363,Poligono_Nave_industrial_062,Zona_2
364,1,Inicio_Poligono_Nave_industrial_062,0,0.0,30.0,30.0,364,Poligono_Nave_industrial_062,Zona_2
364,2,4103805,84,143.7,97.89,379.89,364,Poligono_Nave_industrial_062,Zona_2
364,3,Regreso_Poligono_Nave_industrial_062,0,143.7,97.89,477.78,364,Poligono_Nave_industrial_062,Zona_2
365,1,Inicio_Poligono_Nave_industrial_062,0,0.0,30.0,30.0,365,Poligono_Nave_industrial_062,Zona_2
365,2,4103805,84,143.7,97.89,379.89,365,Poligono_Nave_industrial_062,Zona_2
365,3,Regreso_Poligono_Nave_industrial_062,0,143.7,97.89,477.78,365,Poligono_Nave_industrial_062,Zona_2
366,1,Inicio_Poligono_Nave_industrial_062,0,0.0,30.0,30.0,366,Poligono_Nave_industrial_062,Zona_2
366,2,4103805,84,143.7,97.89,379.89,366,Poligono_Nave_industrial_062,Zona_2
366,3,Regreso_Poligono_Nave_industrial_062,0,143.7,97.89,477.78,366,Poligono_Nave_industrial_062,Zona_2
367,1,Inicio_Poligono_Nave_industrial_062,0,0.0,30.0,30.0,367,Poligono_Nave_industrial_062,Zona_2
367,2,4103805,84,143.7,97.89,379.89,367,Poligono_Nave_industrial_062,Zona_2
367,3,Regreso_Poligono_Nave_industrial_062,0,143.7,97.89,477.78,367,Poligono_Nave_industrial_062,Zona_2
368,1,Inicio_Poligono_Nave_industrial_062,0,0.0,30.0,30.0,368,Poligono_Nave_industrial_062,Zona_2
368,2,4103805,84,143.7,97.89,379.89,368,Poligono_Nave_industrial_062,Zona_2
368,3,Regreso_Poligono_Nave_industrial_062,0,143.7,97.89,477.78,368,Poligono_Nave_industrial_062,Zona_2
369,1,Inicio_Poligono_Nave_industrial_062,0,0.0,30.0,30.0,369,Poligono_Nave_industrial_062,Zona_2
369,2,4103805,13,143.7,97.89,166.89,369,Poligono_Nave_industrial_062,Zona_2
369,3,4109109,70,4.66274324083017,5.595291888996204,382.4852918889962,369,Poligono_Nave_industrial_062,Zona_2
369,4,Regreso_Poligono_Nave_industrial_062,0,138.27,96.94,479.4252918889962,369,Poligono_Nave_industrial_062,Zona_2
370,1,Inicio_Poligono_Nave_industrial_062,0,0.0,30.0,30.0,370,Poligono_Nave_industrial_062,Zona_2
370,2,4103901,62,52.72,39.97,255.97,370,Poligono_Nave_industrial_062,Zona_2
370,3,4103905,29,0.33120996778448547,0.39745196134138255,343.3674519613414,370,Poligono_Nave_industrial_062,Zona_2
370,4,4103904,31,0.6273861832372963,0.7528634198847556,437.12031538122613,370,Poligono_Nave_industrial_062,Zona_2
370,5,Regreso_Poligono_Nave_industrial_062,0,55.07,40.14,477.2603153812261,370,Poligono_Nave_industrial_062,Zona_2
371,1,Inicio_Poligono_Nave_industrial_062,0,0.0,30.0,30.0,371,Poligono_Nave_industrial_062,Zona_2
371,2,4103903,79,54.88,39.73,306.73,371,Poligono_Nave_industrial_062,Zona_2
371,3,4103904,33,0.7771061608117064,0.9325273929740476,406.6625273929741,371,Poligono_Nave_industrial_062,Zona_2
371,4,Regreso_Poligono_Nave_industrial_062,0,55.07,40.14,446.80252739297407,371,Poligono_Nave_industrial_062,Zona_2
372,1,Inicio_Poligono_Nave_industrial_062,0,0.0,30.0,30.0,372,Poligono_Nave_industrial_062,Zona_2
372,2,4104801,7,175.89,142.67,193.67,372,Poligono_Nave_industrial_062,Zona_2
372,3,4104802,5,0.30054091994574217,0.3606491039348906,209.03064910393488,372,Poligono_Nave_industrial_062,Zona_2
372,4,4104803,7,0.9166768324805106,1.1000121989766125,231.1306613029115,372,Poligono_Nave_industrial_062,Zona_2
372,5,4107802,10,51.05772746560485,61.26927295872582,322.3999342616373,372,Poligono_Nave_industrial_062,Zona_2
372,6,4105502,17,18.422272652014787,22.106727182417746,395.50666144405506,372,Poligono_Nave_industrial_062,Zona_2
372,7,Regreso_Poligono_Nave_industrial_062,0,104.21,82.29,477.7966614440551,372,Poligono_Nave_industrial_062,Zona_2
373,1,Inicio_Poligono_Nave_industrial_062,0,0.0,30.0,30.0,373,Poligono_Nave_industrial_062,Zona_2
373,2,4105201,33,89.21,71.89,200.89,373,Poligono_Nave_industrial_062,Zona_2
373,3,4106802,16,6.066118461993268,7.279342154391922,256.1693421543919,373,Poligono_Nave_industrial_062,Zona_2
373,4,4106801,26,9.596104263675418,11.515325116410501,345.68466727080244,373,Poligono_Nave_industrial_062,Zona_2
373,5,4106803,23,1.172668596508402,1.4072023158100824,416.0918695866125,373,Poligono_Nave_industrial_062,Zona_2
373,6,Regreso_Poligono_Nave_industrial_062,0,80.36,62.99,479.0818695866125,373,Poligono_Nave_industrial_062,Zona_2
374,1,Inicio_Poligono_Nave_industrial_062,0,0.0,30.0,30.0,374,Poligono_Nave_industrial_062,Zona_2
374,2,4105501,28,103.9,81.98,195.98000000000002,374,Poligono_Nave_industrial_062,Zona_2
374,3,4105502,58,0.8104236936538046,0.9725084323845655,370.95250843238455,374,Poligono_Nave_industrial_062,Zona_2
374,4,4105503,8,0.47001603322821117,0.5640192398738534,395.5165276722584,374,Poligono_Nave_industrial_062,Zona_2
374,5,Regreso_Poligono_Nave_industrial_062,0,104.67,82.42,477.9365276722584,374,Poligono_Nave_industrial_062,Zona_2
375,1,Inicio_Poligono_Nave_industrial_062,0,0.0,30.0,30.0,375,Poligono_Nave_industrial_062,Zona_2
375,2,4105503,2,104.67,82.42,118.42,375,Poligono_Nave_industrial_062,Zona_2
375,3,4110202,9,33.7477362268364,40.49728347220368,185.91728347220368,375,Poligono_Nave_industrial_062,Zona_2
375,4,4110203,69,0.629570741123284,0.7554848893479409,393.6727683615516,375,Poligono_Nave_industrial_062,Zona_2
375,5,Regreso_Poligono_Nave_industrial_062,0,117.9,86.03,479.70276836155165,375,Poligono_Nave_industrial_062,Zona_2
376,1,Inicio_Poligono_Nave_industrial_062,0,0.0,30.0,30.0,376,Poligono_Nave_industrial_062,Zona_2
376,2,4105801,39,123.5,89.94,236.94,376,Poligono_Nave_industrial_062,Zona_2
376,3,4105802,50,0.5293057993543984,0.635166959225278,387.57516695922527,376,Poligono_Nave_industrial_062,Zona_2
376,4,Regreso_Poligono_Nave_industrial_062,0,123.88,91.32,478.89516695922526,376,Poligono_Nave_industrial_062,Zona_2
377,1,Inicio_Poligono_Nave_industrial_062,0,0.0,30.0,30.0,377,Poligono_Nave_industrial_062,Zona_2
377,2,4105802,33,123.88,91.32,220.32,377,Poligono_Nave_industrial_062,Zona_2
377,3,4105803,56,0.8605317690992355,1.0326381229190826,389.3526381229191,377,Poligono_Nave_industrial_062,Zona_2
377,4,Regreso_Poligono_Nave_industrial_062,0,120.78,90.35,479.7026381229191,377,Poligono_Nave_industrial_062,Zona_2
378,1,Inicio_Poligono_Nave_industrial_062,0,0.0,30.0,30.0,378,Poligono_Nave_industrial_062,Zona_2
378,2,4105803,55,120.78,90.35,285.35,378,Poligono_Nave_industrial_062,Zona_2
378,3,4110201,34,2.386866972958118,2.8642403675497414,390.2142403675498,378,Poligono_Nave_industrial_062,Zona_2
378,4,Regreso_Poligono_Nave_industrial_062,0,118.75,87.43,477.6442403675498,378,Poligono_Nave_industrial_062,Zona_2
379,1,Inicio_Poligono_Nave_industrial_062,0,0.0,30.0,30.0,379,Poligono_Nave_industrial_062,Zona_2
379,2,4106001,39,94.55,82.29,229.29000000000002,379,Poligono_Nave_industrial_062,Zona_2
379,3,4106003,57,1.1539653490196593,1.3847584188235913,401.6747584188236,379,Poligono_Nave_industrial_062,Zona_2
379,4,Regreso_Poligono_Nave_industrial_062,0,93.54,76.48,478.15475841882363,379,Poligono_Nave_industrial_062,Zona_2
380,1,Inicio_Poligono_Nave_industrial_062,0,0.0,30.0,30.0,380,Poligono_Nave_industrial_062,Zona_2
380,2,4106002,31,93.71,76.5,199.5,380,Poligono_Nave_industrial_062,Zona_2
380,3,4106003,26,0.3694667368073255,0.4433600841687906,277.9433600841688,380,Poligono_Nave_industrial_062,Zona_2
380,4,4107702,35,14.980087028497161,17.976104434196593,400.9194645183654,380,Poligono_Nave_industrial_062,Zona_2
380,5,Regreso_Poligono_Nave_industrial_062,0,101.54,76.35,477.26946451836534,380,Poligono_Nave_industrial_062,Zona_2
381,1,Inicio_Poligono_Nave_industrial_062,0,0.0,30.0,30.0,381,Poligono_Nave_industrial_062,Zona_2
381,2,4106803,2,80.36,62.99,98.99000000000001,381,Poligono_Nave_industrial_062,Zona_2
381,3,4106805,30,1.2517665033554046,1.5021198040264854,190.49211980402652,381,Poligono_Nave_industrial_062,Zona_2
381,4,4106804,47,6.328767238636416,7.5945206863637,339.0866404903902,381,Poligono_Nave_industrial_062,Zona_2
381,5,4109001,14,11.643038093202772,13.971645711843326,395.05828620223355,381,Poligono_Nave_industrial_062,Zona_2
381,6,Regreso_Poligono_Nave_industrial_062,0,100.83,84.47,479.5282862022335,381,Poligono_Nave_industrial_062,Zona_2
382,1,Inicio_Poligono_Nave_industrial_062,0,0.0,30.0,30.0,382,Poligono_Nave_industrial_062,Zona_2
382,2,4107201,7,71.76,74.23,125.23,382,Poligono_Nave_industrial_062,Zona_2
382,3,4108201,35,10.148917762902718,12.178701315483261,242.40870131548326,382,Poligono_Nave_industrial_062,Zona_2
382,4,4108402,9,26.486080777555834,31.783296933067,301.19199824855025,382,Poligono_Nave_industrial_062,Zona_2
382,5,4107701,22,29.550373533847562,35.460448240617076,402.65244648916735,382,Poligono_Nave_industrial_062,Zona_2
382,6,Regreso_Poligono_Nave_industrial_062,0,100.22,76.17,478.82244648916736,382,Poligono_Nave_industrial_062,Zona_2
383,1,Inicio_Poligono_Nave_industrial_062,0,0.0,30.0,30.0,383,Poligono_Nave_industrial_062,Zona_2
383,2,4107702,9,101.54,76.35,133.35,383,Poligono_Nave_industrial_062,Zona_2
383,3,4107703,24,0.6013168690230578,0.7215802428276693,206.07158024282768,383,Poligono_Nave_industrial_062,Zona_2
383,4,4109001,18,24.98585913814319,29.983030965771828,290.0546112085995,383,Poligono_Nave_industrial_062,Zona_2
383,5,4110201,8,65.40475977782897,78.48571173339477,392.5403229419943,383,Poligono_Nave_industrial_062,Zona_2
383,6,Regreso_Poligono_Nave_industrial_062,0,118.75,87.43,479.9703229419943,383,Poligono_Nave_industrial_062,Zona_2
384,1,Inicio_Poligono_Nave_industrial_062,0,0.0,30.0,30.0,384,Poligono_Nave_industrial_062,Zona_2
384,2,4109109,85,138.27,96.94,381.94,384,Poligono_Nave_industrial_062,Zona_2
384,3,Regreso_Poligono_Nave_industrial_062,0,138.27,96.94,478.88,384,Poligono_Nave_industrial_062,Zona_2
385,1,Inicio_Poligono_Nave_industrial_062,0,0.0,30.0,30.0,385,Poligono_Nave_industrial_062,Zona_2
385,2,4109109,85,138.27,96.94,381.94,385,Poligono_Nave_industrial_062,Zona_2
385,3,Regreso_Poligono_Nave_industrial_062,0,138.27,96.94,478.88,385,Poligono_Nave_industrial_062,Zona_2
386,1,Inicio_Poligono_Nave_industrial_062,0,0.0,30.0,30.0,386,Poligono_Nave_industrial_062,Zona_2
386,2,4109109,85,138.27,96.94,381.94,386,Poligono_Nave_industrial_062,Zona_2
386,3,Regreso_Poligono_Nave_industrial_062,0,138.27,96.94,478.88,386,Poligono_Nave_industrial_062,Zona_2
387,1,Inicio_Poligono_Nave_industrial_062,0,0.0,30.0,30.0,387,Poligono_Nave_industrial_062,Zona_2
387,2,4109109,85,138.27,96.94,381.94,387,Poligono_Nave_industrial_062,Zona_2
387,3,Regreso_Poligono_Nave_industrial_062,0,138.27,96.94,478.88,387,Poligono_Nave_industrial_062,Zona_2
388,1,Inicio_Poligono_Nave_industrial_062,0,0.0,30.0,30.0,388,Poligono_Nave_industrial_062,Zona_2
388,2,4109109,85,138.27,96.94,381.94,388,Poligono_Nave_industrial_062,Zona_2
388,3,Regreso_Poligono_Nave_industrial_062,0,138.27,96.94,478.88,388,Poligono_Nave_industrial_062,Zona_2
389,1,Inicio_Poligono_Nave_industrial_062,0,0.0,30.0,30.0,389,Poligono_Nave_industrial_062,Zona_2
389,2,4109109,85,138.27,96.94,381.94,389,Poligono_Nave_industrial_062,Zona_2
389,3,Regreso_Poligono_Nave_industrial_062,0,138.27,96.94,478.88,389,Poligono_Nave_industrial_062,Zona_2
390,1,Inicio_Poligono_Nave_industrial_062,0,0.0,30.0,30.0,390,Poligono_Nave_industrial_062,Zona_2
390,2,4109109,85,138.27,96.94,381.94,390,Poligono_Nave_industrial_062,Zona_2
390,3,Regreso_Poligono_Nave_industrial_062,0,138.27,96.94,478.88,390,Poligono_Nave_industrial_062,Zona_2
391,1,Inicio_Poligono_Nave_industrial_062,0,0.0,30.0,30.0,391,Poligono_Nave_industrial_062,Zona_2
391,2,4109109,85,138.27,96.94,381.94,391,Poligono_Nave_industrial_062,Zona_2
391,3,Regreso_Poligono_Nave_industrial_062,0,138.27,96.94,478.88,391,Poligono_Nave_industrial_062,Zona_2
392,1,Inicio_Poligono_Nave_industrial_062,0,0.0,30.0,30.0,392,Poligono_Nave_industrial_062,Zona_2
392,2,4109109,85,138.27,96.94,381.94,392,Poligono_Nave_industrial_062,Zona_2
392,3,Regreso_Poligono_Nave_industrial_062,0,138.27,96.94,478.88,392,Poligono_Nave_industrial_062,Zona_2
393,1,Inicio_Poligono_Nave_industrial_062,0,0.0,30.0,30.0,393,Poligono_Nave_industrial_062,Zona_2
393,2,4109109,85,138.27,96.94,381.94,393,Poligono_Nave_industrial_062,Zona_2
393,3,Regreso_Poligono_Nave_industrial_062,0,138.27,96.94,478.88,393,Poligono_Nave_industrial_062,Zona_2
394,1,Inicio_Poligono_Nave_industrial_062,0,0.0,30.0,30.0,394,Poligono_Nave_industrial_062,Zona_2
394,2,4109109,85,138.27,96.94,381.94,394,Poligono_Nave_industrial_062,Zona_2
394,3,Regreso_Poligono_Nave_industrial_062,0,138.27,96.94,478.88,394,Poligono_Nave_industrial_062,Zona_2
395,1,Inicio_Poligono_Nave_industrial_062,0,0.0,30.0,30.0,395,Poligono_Nave_industrial_062,Zona_2
395,2,4109109,10,138.27,96.94,156.94,395,Poligono_Nave_industrial_062,Zona_2
395,3,4110201,21,16.57842225339292,19.894106704071504,239.8341067040715,395,Poligono_Nave_industrial_062,Zona_2
395,4,4110203,22,0.7281008240554687,0.8737209888665625,306.70782769293805,395,Poligono_Nave_industrial_062,Zona_2
395,5,Regreso_Poligono_Nave_industrial_062,0,117.9,86.03,392.737827692938,395,Poligono_Nave_industrial_062,Zona_2
