id_camion,orden_parada,nodo_ine,paquetes,km_tramo,tiempo_tramo_min,tiempo_acumulado_min,Id_Transportista,Centro_Origen,Zona_Geografica
1,1,Inicio_Amazon_SVQ1,0,0.0,35.0,35.0,1,Amazon_SVQ1,Zona_0
1,2,1400201,24,151.82,112.97,219.97,1,Amazon_SVQ1,Zona_0
1,3,1400202,31,1.3195125411866042,1.583415049423925,314.5534150494239,1,Amazon_SVQ1,Zona_0
1,4,1400203,16,9.210193542321921,11.052232250786304,373.6056473002102,1,Amazon_SVQ1,Zona_0
1,5,Regreso_Amazon_SVQ1,0,143.88,105.58,479.1856473002102,1,Amazon_SVQ1,Zona_0
2,1,Inicio_Amazon_SVQ1,0,0.0,35.0,35.0,2,Amazon_SVQ1,Zona_0
2,2,1400203,35,143.88,105.58,245.57999999999998,2,Amazon_SVQ1,Zona_0
2,3,1405605,39,6.90491355036072,8.285896260432864,370.86589626043286,2,Amazon_SVQ1,Zona_0
2,4,1405604,1,4.6804435328936655,5.616532239472399,379.48242849990527,2,Amazon_SVQ1,Zona_0
2,5,1405603,1,0.6106607625607218,0.7327929150728661,383.21522141497815,2,Amazon_SVQ1,Zona_0
2,6,Regreso_Amazon_SVQ1,0,133.64,96.78,479.9952214149781,2,Amazon_SVQ1,Zona_0
3,1,Inicio_Amazon_SVQ1,0,0.0,35.0,35.0,3,Amazon_SVQ1,Zona_0
3,2,1400401,12,202.82,152.12,223.12,3,Amazon_SVQ1,Zona_0
3,3,1400402,6,2.071520509113101,2.485824610935721,243.6058246109357,3,Amazon_SVQ1,Zona_0
3,4,1403101,5,10.74784178942998,12.897410147315977,271.50323475825166,3,Amazon_SVQ1,Zona_0
3,5,1405504,13,5.228779735338653,6.274535682406384,316.77777044065806,3,Amazon_SVQ1,Zona_0
3,6,1405501,3,7.011382061866342,8.413658474239611,334.19142891489764,3,Amazon_SVQ1,Zona_0
3,7,Regreso_Amazon_SVQ1,0,193.05,145.71,479.9014289148977,3,Amazon_SVQ1,Zona_0
4,1,Inicio_Amazon_SVQ1,0,0.0,35.0,35.0,4,Amazon_SVQ1,Zona_0
4,2,1400701,31,185.06,140.87,268.87,4,Amazon_SVQ1,Zona_0
4,3,1400704,12,0.36810129798651614,0.44172155758381937,305.31172155758384,4,Amazon_SVQ1,Zona_0
4,4,1400703,11,0.773276913453785,0.927932296144542,339.2396538537284,4,Amazon_SVQ1,Zona_0
4,5,Regreso_Amazon_SVQ1,0,185.1,140.66,479.8996538537284,4,Amazon_SVQ1,Zona_0
5,1,Inicio_Amazon_SVQ1,0,0.0,35.0,35.0,5,Amazon_SVQ1,Zona_0
5,2,1400703,54,185.1,140.66,337.65999999999997,5,Amazon_SVQ1,Zona_0
5,3,Regreso_Amazon_SVQ1,0,185.1,140.66,478.31999999999994,5,Amazon_SVQ1,Zona_0
6,1,Inicio_Amazon_SVQ1,0,0.0,35.0,35.0,6,Amazon_SVQ1,Zona_0
6,2,1400703,21,185.1,140.66,238.66,6,Amazon_SVQ1,Zona_0
6,3,1402201,25,8.33589396670788,10.003072760049456,323.66307276004943,6,Amazon_SVQ1,Zona_0
6,4,1407501,4,4.357731010843217,5.229277213011861,340.8923499730613,6,Amazon_SVQ1,Zona_0
6,5,Regreso_Amazon_SVQ1,0,185.11,138.39,479.2823499730613,6,Amazon_SVQ1,Zona_0
7,1,Inicio_Amazon_SVQ1,0,0.0,35.0,35.0,7,Amazon_SVQ1,Zona_0
7,2,1401001,12,178.29,127.67,198.67000000000002,7,Amazon_SVQ1,Zona_0
7,3,1401002,19,0.4359046163263593,0.5230855395916312,256.19308553959166,7,Amazon_SVQ1,Zona_0
7,4,1401003,10,2.4013021830717247,2.8815626196860697,289.07464815927773,7,Amazon_SVQ1,Zona_0
7,5,1404801,11,4.724193509125741,5.669032210950889,327.7436803702286,7,Amazon_SVQ1,Zona_0
7,6,1402401,2,9.423501225186909,11.30820147022429,345.0518818404529,7,Amazon_SVQ1,Zona_0
7,7,1403805,3,14.674622547925537,17.609547057510643,371.66142889796356,7,Amazon_SVQ1,Zona_0
7,8,Regreso_Amazon_SVQ1,0,151.92,108.13,479.79142889796356,7,Amazon_SVQ1,Zona_0
8,1,Inicio_Amazon_SVQ1,0,0.0,35.0,35.0,8,Amazon_SVQ1,Zona_0
8,2,1401301,65,171.14,124.34,354.34000000000003,8,Amazon_SVQ1,Zona_0
8,3,Regreso_Amazon_SVQ1,0,171.14,124.34,478.68000000000006,8,Amazon_SVQ1,Zona_0
9,1,Inicio_Amazon_SVQ1,0,0.0,35.0,35.0,9,Amazon_SVQ1,Zona_0
9,2,1401301,18,171.14,124.34,213.34,9,Amazon_SVQ1,Zona_0
9,3,1401302,36,0.35668684846750626,0.4280242181610075,321.76802421816103,9,Amazon_SVQ1,Zona_0
9,4,1401303,11,0.3252917805551321,0.3903501366661585,355.1583743548272,9,Amazon_SVQ1,Zona_0
9,5,Regreso_Amazon_SVQ1,0,171.22,124.05,479.2083743548272,9,Amazon_SVQ1,Zona_0
10,1,Inicio_Amazon_SVQ1,0,0.0,35.0,35.0,10,Amazon_SVQ1,Zona_0
10,2,1401303,24,171.22,124.05,231.05,10,Amazon_SVQ1,Zona_0
10,3,1401304,15,1.9222502562642398,2.3067003075170875,278.3567003075171,10,Amazon_SVQ1,Zona_0
10,4,1403803,24,8.765412067890482,10.51849448146858,360.87519478898565,10,Amazon_SVQ1,Zona_0
10,5,Regreso_Amazon_SVQ1,0,162.35,118.07,478.94519478898565,10,Amazon_SVQ1,Zona_0
11,1,Inicio_Amazon_SVQ1,0,0.0,35.0,35.0,11,Amazon_SVQ1,Zona_0
11,2,1401501,18,181.14,132.34,221.34,11,Amazon_SVQ1,Zona_0
11,3,1407501,1,7.270589716959875,8.72470766035185,233.06470766035184,11,Amazon_SVQ1,Zona_0
11,4,1403901,22,8.93736232364332,10.724834788371984,309.7895424487238,11,Amazon_SVQ1,Zona_0
11,5,1405501,2,14.041112052113453,16.84933446253614,332.63887691125996,11,Amazon_SVQ1,Zona_0
11,6,Regreso_Amazon_SVQ1,0,193.05,145.71,478.34887691125994,11,Amazon_SVQ1,Zona_0
12,1,Inicio_Amazon_SVQ1,0,0.0,35.0,35.0,12,Amazon_SVQ1,Zona_0
12,2,1402401,8,176.43,134.26,193.26,12,Amazon_SVQ1,Zona_0
12,3,1402402,9,3.306718746353291,3.968062495623949,224.22806249562393,12,Amazon_SVQ1,Zona_0
12,4,1403804,20,9.63672353562356,11.56406824274827,295.7921307383722,12,Amazon_SVQ1,Zona_0
12,5,1403805,10,7.8369637657503,9.40435651890036,335.19648725727257,12,Amazon_SVQ1,Zona_0
12,6,1404501,7,5.451482185464382,6.541778622557258,362.73826587982984,12,Amazon_SVQ1,Zona_0
12,7,Regreso_Amazon_SVQ1,0,151.41,115.95,478.6882658798298,12,Amazon_SVQ1,Zona_0
13,1,Inicio_Amazon_SVQ1,0,0.0,35.0,35.0,13,Amazon_SVQ1,Zona_0
13,2,1403701,15,207.09,146.72,226.72,13,Amazon_SVQ1,Zona_0
13,3,1403702,5,3.104507847035873,3.725409416443047,245.44540941644306,13,Amazon_SVQ1,Zona_0
13,4,1403703,7,6.988147050409386,8.385776460491263,274.83118587693434,13,Amazon_SVQ1,Zona_0
13,5,1405804,13,7.486898167432374,8.984277800918848,322.8154636778532,13,Amazon_SVQ1,Zona_0
13,6,1405801,6,0.39425387853992044,0.47310465424790454,341.2885683321011,13,Amazon_SVQ1,Zona_0
13,7,1403803,1,13.54095212019999,16.249142544239987,360.53771087634107,13,Amazon_SVQ1,Zona_0
13,8,Regreso_Amazon_SVQ1,0,162.35,118.07,478.60771087634106,13,Amazon_SVQ1,Zona_0
14,1,Inicio_Amazon_SVQ1,0,0.0,35.0,35.0,14,Amazon_SVQ1,Zona_0
14,2,1403801,69,162.2,118.94,360.94,14,Amazon_SVQ1,Zona_0
14,3,Regreso_Amazon_SVQ1,0,162.2,118.94,479.88,14,Amazon_SVQ1,Zona_0
15,1,Inicio_Amazon_SVQ1,0,0.0,35.0,35.0,15,Amazon_SVQ1,Zona_0
15,2,1403801,10,162.2,118.94,183.94,15,Amazon_SVQ1,Zona_0
15,3,1403802,59,0.35592270672246873,0.4271072480669625,361.367107248067,15,Amazon_SVQ1,Zona_0
15,4,Regreso_Amazon_SVQ1,0,161.13,116.99,478.357107248067,15,Amazon_SVQ1,Zona_0
16,1,Inicio_Amazon_SVQ1,0,0.0,35.0,35.0,16,Amazon_SVQ1,Zona_0
16,2,1403802,70,161.13,116.99,361.99,16,Amazon_SVQ1,Zona_0
16,3,Regreso_Amazon_SVQ1,0,161.13,116.99,478.98,16,Amazon_SVQ1,Zona_0
17,1,Inicio_Amazon_SVQ1,0,0.0,35.0,35.0,17,Amazon_SVQ1,Zona_0
17,2,1403802,3,161.13,116.99,160.99,17,Amazon_SVQ1,Zona_0
17,3,1403803,66,1.1561946771174623,1.3874336125409548,360.3774336125409,17,Amazon_SVQ1,Zona_0
17,4,Regreso_Amazon_SVQ1,0,162.35,118.07,478.4474336125409,17,Amazon_SVQ1,Zona_0
18,1,Inicio_Amazon_SVQ1,0,0.0,35.0,35.0,18,Amazon_SVQ1,Zona_0
18,2,1403803,32,162.35,118.07,249.07,18,Amazon_SVQ1,Zona_0
18,3,1404401,17,11.520846127509644,13.825015353011572,313.89501535301156,18,Amazon_SVQ1,Zona_0
18,4,1404501,14,4.701206647399769,5.641447976879723,361.53646332989126,18,Amazon_SVQ1,Zona_0
18,5,1405604,1,14.668998475601333,17.6027981707216,382.13926150061286,18,Amazon_SVQ1,Zona_0
18,6,Regreso_Amazon_SVQ1,0,135.78,97.65,479.78926150061284,18,Amazon_SVQ1,Zona_0
19,1,Inicio_Amazon_SVQ1,0,0.0,35.0,35.0,19,Amazon_SVQ1,Zona_0
19,2,1404205,12,155.48,121.59,192.59,19,Amazon_SVQ1,Zona_0
19,3,1404602,17,9.19803753895859,11.03764504675031,254.62764504675033,19,Amazon_SVQ1,Zona_0
19,4,1404601,23,2.606925364896784,3.1283104378761406,326.7559554846265,19,Amazon_SVQ1,Zona_0
19,5,1404501,3,22.844807498289594,27.41376899794751,363.169724482574,19,Amazon_SVQ1,Zona_0
19,6,Regreso_Amazon_SVQ1,0,151.41,115.95,479.119724482574,19,Amazon_SVQ1,Zona_0
20,1,Inicio_Amazon_SVQ1,0,0.0,35.0,35.0,20,Amazon_SVQ1,Zona_0
20,2,1404501,5,151.41,115.95,165.95,20,Amazon_SVQ1,Zona_0
20,3,1405605,16,13.671155678131154,16.40538681375738,230.35538681375738,20,Amazon_SVQ1,Zona_0
20,4,1405604,48,4.6804435328936655,5.616532239472399,379.9719190532298,20,Amazon_SVQ1,Zona_0
20,5,Regreso_Amazon_SVQ1,0,135.78,97.65,477.6219190532298,20,Amazon_SVQ1,Zona_0
21,1,Inicio_Amazon_SVQ1,0,0.0,35.0,35.0,21,Amazon_SVQ1,Zona_0
21,2,1405501,29,193.05,145.71,267.71000000000004,21,Amazon_SVQ1,Zona_0
21,3,1405502,21,1.1231613662945554,1.3477936395534664,332.0577936395535,21,Amazon_SVQ1,Zona_0
21,4,Regreso_Amazon_SVQ1,0,192.65,146.54,478.5977936395535,21,Amazon_SVQ1,Zona_0
22,1,Inicio_Amazon_SVQ1,0,0.0,35.0,35.0,22,Amazon_SVQ1,Zona_0
22,2,1405502,50,192.65,146.54,331.53999999999996,22,Amazon_SVQ1,Zona_0
22,3,Regreso_Amazon_SVQ1,0,192.65,146.54,478.0799999999999,22,Amazon_SVQ1,Zona_0
23,1,Inicio_Amazon_SVQ1,0,0.0,35.0,35.0,23,Amazon_SVQ1,Zona_0
23,2,1405502,41,192.65,146.54,304.53999999999996,23,Amazon_SVQ1,Zona_0
23,3,1405503,6,6.742285440901217,8.09074252908146,330.63074252908143,23,Amazon_SVQ1,Zona_0
23,4,Regreso_Amazon_SVQ1,0,195.77,148.79,479.4207425290814,23,Amazon_SVQ1,Zona_0
24,1,Inicio_Amazon_SVQ1,0,0.0,35.0,35.0,24,Amazon_SVQ1,Zona_0
24,2,1405503,6,195.77,148.79,201.79,24,Amazon_SVQ1,Zona_0
24,3,1405805,19,11.126409578488895,13.351691494186674,272.14169149418666,24,Amazon_SVQ1,Zona_0
24,4,1405803,22,2.372755750623544,2.8473069007482525,340.9889983949349,24,Amazon_SVQ1,Zona_0
24,5,4102602,1,34.627073270356405,41.55248792442769,385.5414863193626,24,Amazon_SVQ1,Zona_0
24,6,Regreso_Amazon_SVQ1,0,130.22,94.41,479.95148631936263,24,Amazon_SVQ1,Zona_0
25,1,Inicio_Amazon_SVQ1,0,0.0,35.0,35.0,25,Amazon_SVQ1,Zona_0
25,2,1405601,27,129.77,93.34,209.34,25,Amazon_SVQ1,Zona_0
25,3,1405602,33,2.441258607301605,2.9295103287619257,311.26951032876195,25,Amazon_SVQ1,Zona_0
25,4,1405603,23,0.6122159866137066,0.7346591839364479,381.0041695126984,25,Amazon_SVQ1,Zona_0
25,5,Regreso_Amazon_SVQ1,0,133.64,96.78,477.78416951269844,25,Amazon_SVQ1,Zona_0
26,1,Inicio_Amazon_SVQ1,0,0.0,35.0,35.0,26,Amazon_SVQ1,Zona_0
26,2,1405603,34,133.64,96.78,233.78,26,Amazon_SVQ1,Zona_0
26,3,1405604,26,0.6106607625607218,0.7327929150728661,312.51279291507285,26,Amazon_SVQ1,Zona_0
26,4,4105003,21,7.386938531866123,8.864326238239348,384.3771191533122,26,Amazon_SVQ1,Zona_0
26,5,4104104,1,7.455814375492805,8.946977250591365,396.3240964039036,26,Amazon_SVQ1,Zona_0
26,6,Regreso_Amazon_SVQ1,0,117.43,83.23,479.5540964039036,26,Amazon_SVQ1,Zona_0
27,1,Inicio_Amazon_SVQ1,0,0.0,35.0,35.0,27,Amazon_SVQ1,Zona_0
27,2,1405801,14,178.81,138.51,215.51,27,Amazon_SVQ1,Zona_0
27,3,1405802,7,0.2761132851222258,0.331335942146671,236.84133594214666,27,Amazon_SVQ1,Zona_0
27,4,1405803,2,0.46166670594177506,0.5540000471301301,243.3953359892768,27,Amazon_SVQ1,Zona_0
27,5,4101401,23,28.635415490879346,34.362498589055214,346.757834578332,27,Amazon_SVQ1,Zona_0
27,6,4102601,10,5.083914336268806,6.100697203522567,382.85853178185454,27,Amazon_SVQ1,Zona_0
27,7,Regreso_Amazon_SVQ1,0,131.36,95.73,478.58853178185456,27,Amazon_SVQ1,Zona_0
28,1,Inicio_Amazon_SVQ1,0,0.0,35.0,35.0,28,Amazon_SVQ1,Zona_0
28,2,2100501,73,84.44,73.11,327.11,28,Amazon_SVQ1,Zona_0
28,3,2100503,28,3.8452361767284398,4.614283412074128,415.72428341207416,28,Amazon_SVQ1,Zona_0
28,4,Regreso_Amazon_SVQ1,0,68.82,61.8,477.52428341207417,28,Amazon_SVQ1,Zona_0
29,1,Inicio_Amazon_SVQ1,0,0.0,35.0,35.0,29,Amazon_SVQ1,Zona_0
29,2,2100502,33,86.44,94.18,228.18,29,Amazon_SVQ1,Zona_0
29,3,2106102,28,4.662430493615283,5.59491659233834,317.77491659233834,29,Amazon_SVQ1,Zona_0
29,4,2104601,23,10.564851065084179,12.677821278101014,399.45273787043936,29,Amazon_SVQ1,Zona_0
29,5,Regreso_Amazon_SVQ1,0,95.13,79.01,478.46273787043935,29,Amazon_SVQ1,Zona_0
30,1,Inicio_Amazon_SVQ1,0,0.0,35.0,35.0,30,Amazon_SVQ1,Zona_0
30,2,2100503,77,68.82,61.8,327.8,30,Amazon_SVQ1,Zona_0
30,3,4109701,20,12.20527885370761,14.64633462444913,402.44633462444915,30,Amazon_SVQ1,Zona_0
30,4,4109702,1,3.9608896873704915,4.75306762484459,410.1994022492937,30,Amazon_SVQ1,Zona_0
30,5,4107901,4,23.27145596061804,27.92574715274165,450.1251494020354,30,Amazon_SVQ1,Zona_0
30,6,4103402,1,0.7090282672518502,0.8508339207022202,453.9759833227376,30,Amazon_SVQ1,Zona_0
30,7,Regreso_Amazon_SVQ1,0,11.96,25.1,479.0759833227376,30,Amazon_SVQ1,Zona_0
31,1,Inicio_Amazon_SVQ1,0,0.0,35.0,35.0,31,Amazon_SVQ1,Zona_0
31,2,2101001,75,153.88,108.78,368.78,31,Amazon_SVQ1,Zona_0
31,3,Regreso_Amazon_SVQ1,0,153.88,108.78,477.55999999999995,31,Amazon_SVQ1,Zona_0
32,1,Inicio_Amazon_SVQ1,0,0.0,35.0,35.0,32,Amazon_SVQ1,Zona_0
32,2,2101001,8,153.88,108.78,167.78,32,Amazon_SVQ1,Zona_0
32,3,2101002,48,0.3776336480393865,0.4531603776472638,312.23316037764727,32,Amazon_SVQ1,Zona_0
32,4,2101003,14,4.080614718142985,4.896737661771582,359.12989803941883,32,Amazon_SVQ1,Zona_0
32,5,2104202,2,4.445245350235012,5.334294420282014,370.4641924597008,32,Amazon_SVQ1,Zona_0
32,6,Regreso_Amazon_SVQ1,0,148.91,106.59,477.05419245970086,32,Amazon_SVQ1,Zona_0
33,1,Inicio_Amazon_SVQ1,0,0.0,35.0,35.0,33,Amazon_SVQ1,Zona_0
33,2,2101003,42,157.18,118.1,279.1,33,Amazon_SVQ1,Zona_0
33,3,2104202,29,4.445245350235012,5.334294420282014,371.4342944202821,33,Amazon_SVQ1,Zona_0
33,4,Regreso_Amazon_SVQ1,0,148.91,106.59,478.0242944202821,33,Amazon_SVQ1,Zona_0
34,1,Inicio_Amazon_SVQ1,0,0.0,35.0,35.0,34,Amazon_SVQ1,Zona_0
34,2,2104002,21,74.38,94.32,192.32,34,Amazon_SVQ1,Zona_0
34,3,4109702,16,12.226660045913707,14.67199205509645,254.99199205509643,34,Amazon_SVQ1,Zona_0
34,4,4190201,43,14.934989253596884,17.921987104316262,401.9139791594127,34,Amazon_SVQ1,Zona_0
34,5,4107901,10,14.702189973518172,17.642627968221806,449.5566071276345,34,Amazon_SVQ1,Zona_0
34,6,4103402,1,0.7090282672518502,0.8508339207022202,453.4074410483367,34,Amazon_SVQ1,Zona_0
34,7,Regreso_Amazon_SVQ1,0,11.96,25.1,478.5074410483367,34,Amazon_SVQ1,Zona_0
35,1,Inicio_Amazon_SVQ1,0,0.0,35.0,35.0,35,Amazon_SVQ1,Zona_0
35,2,2104101,94,110.77,81.06,398.06,35,Amazon_SVQ1,Zona_0
35,3,Regreso_Amazon_SVQ1,0,110.77,81.06,479.12,35,Amazon_SVQ1,Zona_0
36,1,Inicio_Amazon_SVQ1,0,0.0,35.0,35.0,36,Amazon_SVQ1,Zona_0
36,2,2104101,94,110.77,81.06,398.06,36,Amazon_SVQ1,Zona_0
36,3,Regreso_Amazon_SVQ1,0,110.77,81.06,479.12,36,Amazon_SVQ1,Zona_0
37,1,Inicio_Amazon_SVQ1,0,0.0,35.0,35.0,37,Amazon_SVQ1,Zona_0
37,2,2104101,52,110.77,81.06,272.06,37,Amazon_SVQ1,Zona_0
37,3,2104103,41,0.447774095863328,0.5373289150359937,395.597328915036,37,Amazon_SVQ1,Zona_0
37,4,2104104,1,1.9269356390551986,2.312322766866238,400.90965168190223,37,Amazon_SVQ1,Zona_0
37,5,Regreso_Amazon_SVQ1,0,105.52,78.17,479.07965168190225,37,Amazon_SVQ1,Zona_0
38,1,Inicio_Amazon_SVQ1,0,0.0,35.0,35.0,38,Amazon_SVQ1,Zona_0
38,2,2104102,94,108.57,81.09,398.09000000000003,38,Amazon_SVQ1,Zona_0
38,3,Regreso_Amazon_SVQ1,0,108.57,81.09,479.18000000000006,38,Amazon_SVQ1,Zona_0
39,1,Inicio_Amazon_SVQ1,0,0.0,35.0,35.0,39,Amazon_SVQ1,Zona_0
39,2,2104102,52,108.57,81.09,272.09000000000003,39,Amazon_SVQ1,Zona_0
39,3,2104103,41,1.329836802065275,1.5958041624783301,396.68580416247835,39,Amazon_SVQ1,Zona_0
39,4,2104107,1,2.001816025410626,2.402179230492751,402.0879833929711,39,Amazon_SVQ1,Zona_0
39,5,Regreso_Amazon_SVQ1,0,105.11,77.41,479.49798339297115,39,Amazon_SVQ1,Zona_0
40,1,Inicio_Amazon_SVQ1,0,0.0,35.0,35.0,40,Amazon_SVQ1,Zona_0
40,2,2104103,76,110.64,81.51,344.51,40,Amazon_SVQ1,Zona_0
40,3,2104104,18,1.9269356390551986,2.312322766866238,400.82232276686625,40,Amazon_SVQ1,Zona_0
40,4,Regreso_Amazon_SVQ1,0,105.52,78.17,478.99232276686627,40,Amazon_SVQ1,Zona_0
41,1,Inicio_Amazon_SVQ1,0,0.0,35.0,35.0,41,Amazon_SVQ1,Zona_0
41,2,2104104,96,105.52,78.17,401.17,41,Amazon_SVQ1,Zona_0
41,3,Regreso_Amazon_SVQ1,0,105.52,78.17,479.34000000000003,41,Amazon_SVQ1,Zona_0
42,1,Inicio_Amazon_SVQ1,0,0.0,35.0,35.0,42,Amazon_SVQ1,Zona_0
42,2,2104104,51,105.52,78.17,266.17,42,Amazon_SVQ1,Zona_0
42,3,2104105,45,0.30263294013245173,0.3631595281589421,401.533159528159,42,Amazon_SVQ1,Zona_0
42,4,Regreso_Amazon_SVQ1,0,105.17,77.47,479.003159528159,42,Amazon_SVQ1,Zona_0
43,1,Inicio_Amazon_SVQ1,0,0.0,35.0,35.0,43,Amazon_SVQ1,Zona_0
43,2,2104105,96,105.17,77.47,400.47,43,Amazon_SVQ1,Zona_0
43,3,Regreso_Amazon_SVQ1,0,105.17,77.47,477.94000000000005,43,Amazon_SVQ1,Zona_0
44,1,Inicio_Amazon_SVQ1,0,0.0,35.0,35.0,44,Amazon_SVQ1,Zona_0
44,2,2104105,25,105.17,77.47,187.47,44,Amazon_SVQ1,Zona_0
44,3,2104106,71,0.5457587378138197,0.6549104853765836,401.1249104853766,44,Amazon_SVQ1,Zona_0
44,4,Regreso_Amazon_SVQ1,0,105.17,77.43,478.5549104853766,44,Amazon_SVQ1,Zona_0
45,1,Inicio_Amazon_SVQ1,0,0.0,35.0,35.0,45,Amazon_SVQ1,Zona_0
45,2,2104106,15,105.17,77.43,157.43,45,Amazon_SVQ1,Zona_0
45,3,2104107,81,1.1262626759663037,1.3515152111595645,401.78151521115956,45,Amazon_SVQ1,Zona_0
45,4,Regreso_Amazon_SVQ1,0,105.11,77.41,479.1915152111595,45,Amazon_SVQ1,Zona_0
46,1,Inicio_Amazon_SVQ1,0,0.0,35.0,35.0,46,Amazon_SVQ1,Zona_0
46,2,2104107,96,105.11,77.41,400.40999999999997,46,Amazon_SVQ1,Zona_0
46,3,Regreso_Amazon_SVQ1,0,105.11,77.41,477.81999999999994,46,Amazon_SVQ1,Zona_0
47,1,Inicio_Amazon_SVQ1,0,0.0,35.0,35.0,47,Amazon_SVQ1,Zona_0
47,2,2104107,96,105.11,77.41,400.40999999999997,47,Amazon_SVQ1,Zona_0
47,3,Regreso_Amazon_SVQ1,0,105.11,77.41,477.81999999999994,47,Amazon_SVQ1,Zona_0
48,1,Inicio_Amazon_SVQ1,0,0.0,35.0,35.0,48,Amazon_SVQ1,Zona_0
48,2,2104107,2,105.11,77.41,118.41,48,Amazon_SVQ1,Zona_0
48,3,2105501,89,4.953289543736811,5.9439474524841724,391.35394745248414,48,Amazon_SVQ1,Zona_0
48,4,Regreso_Amazon_SVQ1,0,108.49,87.15,478.5039474524841,48,Amazon_SVQ1,Zona_0
49,1,Inicio_Amazon_SVQ1,0,0.0,35.0,35.0,49,Amazon_SVQ1,Zona_0
49,2,2104202,33,148.91,106.59,240.59,49,Amazon_SVQ1,Zona_0
49,3,2104203,44,0.509848911402197,0.6118186936826364,373.20181869368264,49,Amazon_SVQ1,Zona_0
49,4,Regreso_Amazon_SVQ1,0,148.87,106.54,479.74181869368266,49,Amazon_SVQ1,Zona_0
50,1,Inicio_Amazon_SVQ1,0,0.0,35.0,35.0,50,Amazon_SVQ1,Zona_0
50,2,2104203,30,148.87,106.54,231.54000000000002,50,Amazon_SVQ1,Zona_0
50,3,2104204,17,5.789086449828072,6.946903739793686,289.4869037397937,50,Amazon_SVQ1,Zona_0
50,4,2104402,28,3.212115201793443,3.854538242152132,377.3414419819459,50,Amazon_SVQ1,Zona_0
50,5,Regreso_Amazon_SVQ1,0,142.09,100.14,477.48144198194586,50,Amazon_SVQ1,Zona_0
51,1,Inicio_Amazon_SVQ1,0,0.0,35.0,35.0,51,Amazon_SVQ1,Zona_0
51,2,2104402,42,142.09,100.14,261.14,51,Amazon_SVQ1,Zona_0
51,3,2106001,29,25.676125041500406,30.811350049800488,378.95135004980045,51,Amazon_SVQ1,Zona_0
51,4,2105501,1,8.71916181844909,10.462994182138907,392.41434423193937,51,Amazon_SVQ1,Zona_0
51,5,Regreso_Amazon_SVQ1,0,108.49,87.15,479.56434423193934,51,Amazon_SVQ1,Zona_0
52,1,Inicio_Amazon_SVQ1,0,0.0,35.0,35.0,52,Amazon_SVQ1,Zona_0
52,2,2104601,8,95.13,79.01,138.01,52,Amazon_SVQ1,Zona_0
52,3,2105003,76,9.788586666615224,11.746303999938268,377.75630399993827,52,Amazon_SVQ1,Zona_0
52,4,2105501,1,9.519780505955168,11.423736607146202,392.1800406070845,52,Amazon_SVQ1,Zona_0
52,5,Regreso_Amazon_SVQ1,0,108.49,87.15,479.33004060708447,52,Amazon_SVQ1,Zona_0
53,1,Inicio_Amazon_SVQ1,0,0.0,35.0,35.0,53,Amazon_SVQ1,Zona_0
53,2,2105003,28,114.35,100.99,219.99,53,Amazon_SVQ1,Zona_0
53,3,2105501,29,9.519780505955168,11.423736607146202,318.41373660714623,53,Amazon_SVQ1,Zona_0
53,4,2106001,16,8.71916181844909,10.462994182138907,376.87673078928515,53,Amazon_SVQ1,Zona_0
53,5,Regreso_Amazon_SVQ1,0,127.26,100.46,477.3367307892851,53,Amazon_SVQ1,Zona_0
54,1,Inicio_Amazon_SVQ1,0,0.0,35.0,35.0,54,Amazon_SVQ1,Zona_0
54,2,2106001,81,127.26,100.46,378.46,54,Amazon_SVQ1,Zona_0
54,3,Regreso_Amazon_SVQ1,0,127.26,100.46,478.91999999999996,54,Amazon_SVQ1,Zona_0
55,1,Inicio_Amazon_SVQ1,0,0.0,35.0,35.0,55,Amazon_SVQ1,Zona_0
55,2,2106001,16,127.26,100.46,183.45999999999998,55,Amazon_SVQ1,Zona_0
55,3,1101601,15,66.7133285691712,80.05599428300543,308.5159942830054,55,Amazon_SVQ1,Zona_0
55,4,1101602,30,0.3473981953231064,0.4168778343877277,398.9328721173931,55,Amazon_SVQ1,Zona_0
55,5,Regreso_Amazon_SVQ1,0,113.17,80.79,479.72287211739314,55,Amazon_SVQ1,Zona_0
56,1,Inicio_Amazon_SVQ1,0,0.0,35.0,35.0,56,Amazon_SVQ1,Zona_0
56,2,4100101,8,104.52,75.09,134.09,56,Amazon_SVQ1,Zona_0
56,3,4100102,10,1.7774781960957524,2.1329738353149033,166.22297383531492,56,Amazon_SVQ1,Zona_0
56,4,4104602,20,4.244389263998116,5.093267116797739,231.31624095211265,56,Amazon_SVQ1,Zona_0
56,5,4104601,13,2.7800491688036484,3.336059002564378,273.652299954677,56,Amazon_SVQ1,Zona_0
56,6,4104101,34,4.9784502414277485,5.974140289713298,381.6264402443903,56,Amazon_SVQ1,Zona_0
56,7,4104104,4,0.8451647678841766,1.0141977214610118,394.64063796585134,56,Amazon_SVQ1,Zona_0
56,8,Regreso_Amazon_SVQ1,0,117.43,83.23,477.87063796585136,56,Amazon_SVQ1,Zona_0
57,1,Inicio_Amazon_SVQ1,0,0.0,35.0,35.0,57,Amazon_SVQ1,Zona_0
57,2,4100401,36,21.17,23.11,166.11,57,Amazon_SVQ1,Zona_0
57,3,4100404,97,1.1293534762675241,1.355224171521029,458.465224171521,57,Amazon_SVQ1,Zona_0
57,4,Regreso_Amazon_SVQ1,0,20.23,21.3,479.765224171521,57,Amazon_SVQ1,Zona_0
58,1,Inicio_Amazon_SVQ1,0,0.0,35.0,35.0,58,Amazon_SVQ1,Zona_0
58,2,4100402,81,20.04,21.94,299.94,58,Amazon_SVQ1,Zona_0
58,3,4100403,52,1.1880842428291578,1.4257010913949895,457.36570109139495,58,Amazon_SVQ1,Zona_0
58,4,Regreso_Amazon_SVQ1,0,20.11,21.31,478.67570109139496,58,Amazon_SVQ1,Zona_0
59,1,Inicio_Amazon_SVQ1,0,0.0,35.0,35.0,59,Amazon_SVQ1,Zona_0
59,2,4100403,71,20.11,21.31,269.31,59,Amazon_SVQ1,Zona_0
59,3,4100404,62,0.33603231556676616,0.40323877868011937,455.7132387786801,59,Amazon_SVQ1,Zona_0
59,4,Regreso_Amazon_SVQ1,0,20.23,21.3,477.0132387786801,59,Amazon_SVQ1,Zona_0
60,1,Inicio_Amazon_SVQ1,0,0.0,35.0,35.0,60,Amazon_SVQ1,Zona_0
60,2,4100404,134,20.23,21.3,458.3,60,Amazon_SVQ1,Zona_0
60,3,Regreso_Amazon_SVQ1,0,20.23,21.3,479.6,60,Amazon_SVQ1,Zona_0
61,1,Inicio_Amazon_SVQ1,0,0.0,35.0,35.0,61,Amazon_SVQ1,Zona_0
61,2,4100404,134,20.23,21.3,458.3,61,Amazon_SVQ1,Zona_0
61,3,Regreso_Amazon_SVQ1,0,20.23,21.3,479.6,61,Amazon_SVQ1,Zona_0
62,1,Inicio_Amazon_SVQ1,0,0.0,35.0,35.0,62,Amazon_SVQ1,Zona_0
62,2,4100404,44,20.23,21.3,188.3,62,Amazon_SVQ1,Zona_0
62,3,4103801,89,9.421287539667977,11.305545047601573,466.6055450476016,62,Amazon_SVQ1,Zona_0
62,4,Regreso_Amazon_SVQ1,0,7.72,11.45,478.0555450476016,62,Amazon_SVQ1,Zona_0
63,1,Inicio_Amazon_SVQ1,0,0.0,35.0,35.0,63,Amazon_SVQ1,Zona_0
63,2,4100801,11,108.61,98.59,166.59,63,Amazon_SVQ1,Zona_0
63,3,4110001,8,6.54236762289871,7.850841147478452,198.44084114747847,63,Amazon_SVQ1,Zona_0
63,4,4109001,32,8.036545797885177,9.643854957462212,304.0846961049407,63,Amazon_SVQ1,Zona_0
63,5,4103702,18,8.128661703415098,9.754394044098117,367.83909014903884,63,Amazon_SVQ1,Zona_0
63,6,4103701,7,3.2855028683794485,3.9426034420553386,392.78169359109415,63,Amazon_SVQ1,Zona_0
63,7,Regreso_Amazon_SVQ1,0,115.84,86.96,479.74169359109413,63,Amazon_SVQ1,Zona_0
64,1,Inicio_Amazon_SVQ1,0,0.0,35.0,35.0,64,Amazon_SVQ1,Zona_0
64,2,4101101,48,52.06,40.49,219.49,64,Amazon_SVQ1,Zona_0
64,3,4101102,31,0.7938918491955961,0.9526702190347152,313.4426702190347,64,Amazon_SVQ1,Zona_0
64,4,4101103,40,1.0444831096115128,1.2533797315338153,434.6960499505685,64,Amazon_SVQ1,Zona_0
64,5,Regreso_Amazon_SVQ1,0,54.65,43.44,478.1360499505685,64,Amazon_SVQ1,Zona_0
65,1,Inicio_Amazon_SVQ1,0,0.0,35.0,35.0,65,Amazon_SVQ1,Zona_0
65,2,4101103,3,54.65,43.44,87.44,65,Amazon_SVQ1,Zona_0
65,3,4107101,16,5.335647747113468,6.402777296536161,141.84277729653616,65,Amazon_SVQ1,Zona_0
65,4,4107103,16,0.26209374391487994,0.3145124926978559,190.15728978923403,65,Amazon_SVQ1,Zona_0
65,5,4107102,24,0.9986090663281759,1.198330879593811,263.35562066882784,65,Amazon_SVQ1,Zona_0
65,6,4106002,31,7.998029692212963,9.597635630655555,365.9532562994834,65,Amazon_SVQ1,Zona_0
65,7,4106003,19,0.3694667368073255,0.4433600841687906,423.3966163836522,65,Amazon_SVQ1,Zona_0
65,8,Regreso_Amazon_SVQ1,0,68.72,55.33,478.7266163836522,65,Amazon_SVQ1,Zona_0
66,1,Inicio_Amazon_SVQ1,0,0.0,35.0,35.0,66,Amazon_SVQ1,Zona_0
66,2,4101104,42,60.01,72.55,233.55,66,Amazon_SVQ1,Zona_0
66,3,4106301,30,11.646339208701358,13.97560705044163,337.52560705044164,66,Amazon_SVQ1,Zona_0
66,4,4109502,36,5.786269601788252,6.943523522145902,452.4691305725876,66,Amazon_SVQ1,Zona_0
66,5,Regreso_Amazon_SVQ1,0,31.42,26.58,479.04913057258756,66,Amazon_SVQ1,Zona_0
67,1,Inicio_Amazon_SVQ1,0,0.0,35.0,35.0,67,Amazon_SVQ1,Zona_0
67,2,4102001,38,40.64,30.66,179.66,67,Amazon_SVQ1,Zona_0
67,3,4102002,88,1.3658731590597437,1.6390477908716925,445.29904779087167,67,Amazon_SVQ1,Zona_0
67,4,Regreso_Amazon_SVQ1,0,42.24,32.68,477.9790477908717,67,Amazon_SVQ1,Zona_0
68,1,Inicio_Amazon_SVQ1,0,0.0,35.0,35.0,68,Amazon_SVQ1,Zona_0
68,2,4102002,2,42.24,32.68,73.68,68,Amazon_SVQ1,Zona_0
68,3,4105303,48,14.104620588810048,16.925544706572058,234.60554470657206,68,Amazon_SVQ1,Zona_0
68,4,4105301,66,0.6590585992993453,0.7908703191592144,433.39641502573124,68,Amazon_SVQ1,Zona_0
68,5,Regreso_Amazon_SVQ1,0,53.33,45.33,478.7264150257312,68,Amazon_SVQ1,Zona_0
69,1,Inicio_Amazon_SVQ1,0,0.0,35.0,35.0,69,Amazon_SVQ1,Zona_0
69,2,4102601,16,131.36,95.73,178.73000000000002,69,Amazon_SVQ1,Zona_0
69,3,4102602,16,0.9834293328883355,1.1801151994660024,227.91011519946602,69,Amazon_SVQ1,Zona_0
69,4,4105401,8,5.722272868135053,6.866727441762064,258.7768426412281,69,Amazon_SVQ1,Zona_0
69,5,4104103,21,5.357141299915535,6.428569559898642,328.2054122011267,69,Amazon_SVQ1,Zona_0
69,6,4104102,22,0.4081841855362535,0.48982102264350424,394.69523322377023,69,Amazon_SVQ1,Zona_0
69,7,Regreso_Amazon_SVQ1,0,116.8,84.88,479.5752332237702,69,Amazon_SVQ1,Zona_0
70,1,Inicio_Amazon_SVQ1,0,0.0,35.0,35.0,70,Amazon_SVQ1,Zona_0
70,2,4103401,132,11.55,24.35,455.35,70,Amazon_SVQ1,Zona_0
70,3,Regreso_Amazon_SVQ1,0,11.55,24.35,479.70000000000005,70,Amazon_SVQ1,Zona_0
71,1,Inicio_Amazon_SVQ1,0,0.0,35.0,35.0,71,Amazon_SVQ1,Zona_0
71,2,4103401,14,11.55,24.35,101.35,71,Amazon_SVQ1,Zona_0
71,3,4103403,79,0.34722849407266937,0.4166741928872032,338.7666741928872,71,Amazon_SVQ1,Zona_0
71,4,4103402,31,0.7664440285152744,0.9197328342183293,432.68640702710553,71,Amazon_SVQ1,Zona_0
71,5,4107901,6,0.7090282672518502,0.8508339207022202,451.53724094780773,71,Amazon_SVQ1,Zona_0
71,6,4103804,1,11.77446621459051,14.129359457508611,468.66660040531633,71,Amazon_SVQ1,Zona_0
71,7,Regreso_Amazon_SVQ1,0,7.88,10.31,478.97660040531633,71,Amazon_SVQ1,Zona_0
72,1,Inicio_Amazon_SVQ1,0,0.0,35.0,35.0,72,Amazon_SVQ1,Zona_0
72,2,4103501,10,82.29,86.45,151.45,72,Amazon_SVQ1,Zona_0
72,3,1102403,9,7.326696315555154,8.792035578666184,187.24203557866616,72,Amazon_SVQ1,Zona_0
72,4,1102401,5,4.154297810208324,4.985157372249988,207.22719295091616,72,Amazon_SVQ1,Zona_0
72,5,1102402,11,2.8803426435685164,3.4564111722822197,243.6836041231984,72,Amazon_SVQ1,Zona_0
72,6,1103601,7,4.000277819607021,4.800333383528425,269.4839375067268,72,Amazon_SVQ1,Zona_0
72,7,1102404,36,4.506631913460207,5.407958296152248,382.89189580287905,72,Amazon_SVQ1,Zona_0
72,8,1100501,1,11.833562475664037,14.200274970796844,400.0921707736759,72,Amazon_SVQ1,Zona_0
72,9,1102901,1,13.020939753710367,15.62512770445244,418.7172984781283,72,Amazon_SVQ1,Zona_0
72,10,Regreso_Amazon_SVQ1,0,72.62,61.06,479.77729847812833,72,Amazon_SVQ1,Zona_0
73,1,Inicio_Amazon_SVQ1,0,0.0,35.0,35.0,73,Amazon_SVQ1,Zona_0
73,2,4103601,17,51.23,42.52,128.52,73,Amazon_SVQ1,Zona_0
73,3,4103602,21,0.41329187813953605,0.4959502537674433,192.01595025376747,73,Amazon_SVQ1,Zona_0
73,4,4106403,14,11.377425822272581,13.652910986727097,247.66886124049455,73,Amazon_SVQ1,Zona_0
73,5,4106402,28,1.4431269450661608,1.731752334079393,333.4006135745739,73,Amazon_SVQ1,Zona_0
73,6,4106401,14,1.6370856799774907,1.9645028159729887,377.3651163905469,73,Amazon_SVQ1,Zona_0
73,7,1102901,10,8.118181366804135,9.741817640164962,417.1069340307119,73,Amazon_SVQ1,Zona_0
73,8,Regreso_Amazon_SVQ1,0,72.62,61.06,478.1669340307119,73,Amazon_SVQ1,Zona_0
74,1,Inicio_Amazon_SVQ1,0,0.0,35.0,35.0,74,Amazon_SVQ1,Zona_0
74,2,4103701,8,115.84,86.96,145.95999999999998,74,Amazon_SVQ1,Zona_0
74,3,4106201,21,4.607262298720157,5.528714758464187,214.48871475846417,74,Amazon_SVQ1,Zona_0
74,4,4107201,43,9.969972210387251,11.963966652464702,355.4526814109289,74,Amazon_SVQ1,Zona_0
74,5,4104102,1,10.026774010850758,12.032128813020911,370.4848102239498,74,Amazon_SVQ1,Zona_0
74,6,4104104,8,0.7945827180526505,0.9534992616631806,395.438309485613,74,Amazon_SVQ1,Zona_0
74,7,Regreso_Amazon_SVQ1,0,117.43,83.23,478.668309485613,74,Amazon_SVQ1,Zona_0
75,1,Inicio_Amazon_SVQ1,0,0.0,35.0,35.0,75,Amazon_SVQ1,Zona_0
75,2,4190301,68,56.28,41.26,280.26,75,Amazon_SVQ1,Zona_0
75,3,1102009,37,6.829532430426647,8.195438916511975,399.455438916512,75,Amazon_SVQ1,Zona_0
75,4,1102005,3,12.15890150544177,14.590681806530124,423.0461207230421,75,Amazon_SVQ1,Zona_0
75,5,Regreso_Amazon_SVQ1,0,78.81,55.96,479.0061207230421,75,Amazon_SVQ1,Zona_0
76,1,Inicio_Amazon_SVQ1,0,0.0,35.0,35.0,76,Amazon_SVQ1,Zona_0
76,2,4103801,5,7.72,11.45,61.45,76,Amazon_SVQ1,Zona_0
76,3,4103802,135,0.5584081712034763,0.6700898054441715,467.12008980544414,76,Amazon_SVQ1,Zona_0
76,4,Regreso_Amazon_SVQ1,0,8.57,11.75,478.87008980544414,76,Amazon_SVQ1,Zona_0
77,1,Inicio_Amazon_SVQ1,0,0.0,35.0,35.0,77,Amazon_SVQ1,Zona_0
77,2,4103802,22,8.57,11.75,112.75,77,Amazon_SVQ1,Zona_0
77,3,4103804,118,0.4918847406485284,0.590261688778234,467.34026168877824,77,Amazon_SVQ1,Zona_0
77,4,Regreso_Amazon_SVQ1,0,7.88,10.31,477.65026168877824,77,Amazon_SVQ1,Zona_0
78,1,Inicio_Amazon_SVQ1,0,0.0,35.0,35.0,78,Amazon_SVQ1,Zona_0
78,2,4103803,140,9.41,10.46,465.46,78,Amazon_SVQ1,Zona_0
78,3,Regreso_Amazon_SVQ1,0,9.41,10.46,475.91999999999996,78,Amazon_SVQ1,Zona_0
79,1,Inicio_Amazon_SVQ1,0,0.0,35.0,35.0,79,Amazon_SVQ1,Zona_0
79,2,4103803,62,9.41,10.46,231.46,79,Amazon_SVQ1,Zona_0
79,3,4103804,78,2.0791920817823533,2.495030498138824,467.95503049813885,79,Amazon_SVQ1,Zona_0
79,4,Regreso_Amazon_SVQ1,0,7.88,10.31,478.26503049813886,79,Amazon_SVQ1,Zona_0
80,1,Inicio_Amazon_SVQ1,0,0.0,35.0,35.0,80,Amazon_SVQ1,Zona_0
80,2,4103804,140,7.88,10.31,465.31,80,Amazon_SVQ1,Zona_0
80,3,Regreso_Amazon_SVQ1,0,7.88,10.31,475.62,80,Amazon_SVQ1,Zona_0
81,1,Inicio_Amazon_SVQ1,0,0.0,35.0,35.0,81,Amazon_SVQ1,Zona_0
81,2,4103804,66,7.88,10.31,243.31,81,Amazon_SVQ1,Zona_0
81,3,4107901,64,11.77446621459051,14.129359457508611,449.4393594575086,81,Amazon_SVQ1,Zona_0
81,4,Regreso_Amazon_SVQ1,0,13.38,27.67,477.1093594575086,81,Amazon_SVQ1,Zona_0
82,1,Inicio_Amazon_SVQ1,0,0.0,35.0,35.0,82,Amazon_SVQ1,Zona_0
82,2,4104104,21,117.43,83.23,181.23000000000002,82,Amazon_SVQ1,Zona_0
82,3,4105001,8,7.2715887153489716,8.725906458418766,213.95590645841878,82,Amazon_SVQ1,Zona_0
82,4,4105002,20,3.3696150803807523,4.043538096456903,277.9994445548757,82,Amazon_SVQ1,Zona_0
82,5,4105003,6,5.944161126965794,7.132993352358953,303.13243790723465,82,Amazon_SVQ1,Zona_0
82,6,4106101,20,11.064447135408937,13.277336562490724,376.40977446972533,82,Amazon_SVQ1,Zona_0
82,7,4108401,5,2.968774985519869,3.562529982623843,394.9723044523492,82,Amazon_SVQ1,Zona_0
82,8,Regreso_Amazon_SVQ1,0,115.25,84.25,479.2223044523492,82,Amazon_SVQ1,Zona_0
83,1,Inicio_Amazon_SVQ1,0,0.0,35.0,35.0,83,Amazon_SVQ1,Zona_0
83,2,4105201,33,94.13,72.6,206.6,83,Amazon_SVQ1,Zona_0
83,3,4106802,16,6.066118461993268,7.279342154391922,261.8793421543919,83,Amazon_SVQ1,Zona_0
83,4,4106801,26,9.596104263675418,11.515325116410501,351.3946672708024,83,Amazon_SVQ1,Zona_0
83,5,4106803,19,1.172668596508402,1.4072023158100824,409.8018695866125,83,Amazon_SVQ1,Zona_0
83,6,Regreso_Amazon_SVQ1,0,94.59,69.54,479.3418695866125,83,Amazon_SVQ1,Zona_0
84,1,Inicio_Amazon_SVQ1,0,0.0,35.0,35.0,84,Amazon_SVQ1,Zona_0
84,2,4105301,14,53.33,45.33,122.33,84,Amazon_SVQ1,Zona_0
84,3,4105304,66,0.5327840080511033,0.6393408096613239,320.96934080966133,84,Amazon_SVQ1,Zona_0
84,4,4105302,36,0.812411523408674,0.9748938280904087,429.9442346377517,84,Amazon_SVQ1,Zona_0
84,5,Regreso_Amazon_SVQ1,0,54.06,47.0,476.9442346377517,84,Amazon_SVQ1,Zona_0
85,1,Inicio_Amazon_SVQ1,0,0.0,35.0,35.0,85,Amazon_SVQ1,Zona_0
85,2,4106001,53,70.02,62.79,256.78999999999996,85,Amazon_SVQ1,Zona_0
85,3,4106003,55,1.1539653490196593,1.3847584188235913,423.17475841882356,85,Amazon_SVQ1,Zona_0
85,4,Regreso_Amazon_SVQ1,0,68.72,55.33,478.50475841882354,85,Amazon_SVQ1,Zona_0
86,1,Inicio_Amazon_SVQ1,0,0.0,35.0,35.0,86,Amazon_SVQ1,Zona_0
86,2,4106003,10,68.72,55.33,120.33,86,Amazon_SVQ1,Zona_0
86,3,4107702,44,14.980087028497161,17.976104434196593,270.3061044341966,86,Amazon_SVQ1,Zona_0
86,4,4107703,24,0.6013168690230578,0.7215802428276693,343.02768467702424,86,Amazon_SVQ1,Zona_0
86,5,4107701,22,0.47765789423934396,0.5731894730872127,409.60087415011145,86,Amazon_SVQ1,Zona_0
86,6,Regreso_Amazon_SVQ1,0,76.73,58.26,467.86087415011144,86,Amazon_SVQ1,Zona_0
87,1,Inicio_Amazon_SVQ1,0,0.0,35.0,35.0,87,Amazon_SVQ1,Zona_0
87,2,4106501,61,69.76,54.97,272.97,87,Amazon_SVQ1,Zona_0
87,3,4106502,50,0.44115669624159365,0.5293880354899124,423.4993880354899,87,Amazon_SVQ1,Zona_0
87,4,Regreso_Amazon_SVQ1,0,70.62,56.43,479.9293880354899,87,Amazon_SVQ1,Zona_0
88,1,Inicio_Amazon_SVQ1,0,0.0,35.0,35.0,88,Amazon_SVQ1,Zona_0
88,2,4106502,24,70.62,56.43,163.43,88,Amazon_SVQ1,Zona_0
88,3,4106504,33,0.4330735905112258,0.5196883086134709,262.9496883086135,88,Amazon_SVQ1,Zona_0
88,4,4106503,51,0.5837726919867823,0.7005272303841388,416.6502155389976,88,Amazon_SVQ1,Zona_0
88,5,Regreso_Amazon_SVQ1,0,70.13,55.36,472.0102155389976,88,Amazon_SVQ1,Zona_0
89,1,Inicio_Amazon_SVQ1,0,0.0,35.0,35.0,89,Amazon_SVQ1,Zona_0
89,2,4106505,11,75.46,68.81,136.81,89,Amazon_SVQ1,Zona_0
89,3,4107601,17,23.836970154583977,28.604364185500774,216.41436418550077,89,Amazon_SVQ1,Zona_0
89,4,1100201,38,9.18984580302558,11.027814963630696,341.44217914913145,89,Amazon_SVQ1,Zona_0
89,5,1103401,4,5.812952188238267,6.975542625885921,360.41772177501736,89,Amazon_SVQ1,Zona_0
89,6,1102404,5,5.734842033202547,6.881810439843056,382.2995322148604,89,Amazon_SVQ1,Zona_0
89,7,1100501,2,11.833562475664037,14.200274970796844,402.49980718565723,89,Amazon_SVQ1,Zona_0
89,8,Regreso_Amazon_SVQ1,0,90.82,77.06,479.55980718565723,89,Amazon_SVQ1,Zona_0
90,1,Inicio_Amazon_SVQ1,0,0.0,35.0,35.0,90,Amazon_SVQ1,Zona_0
90,2,4106803,6,94.59,69.54,122.54,90,Amazon_SVQ1,Zona_0
90,3,4106805,30,1.2517665033554046,1.5021198040264854,214.0421198040265,90,Amazon_SVQ1,Zona_0
90,4,4106804,47,6.328767238636416,7.5945206863637,362.63664049039016,90,Amazon_SVQ1,Zona_0
90,5,4108402,3,20.478123973188467,24.57374876782616,396.2103892582163,90,Amazon_SVQ1,Zona_0
90,6,Regreso_Amazon_SVQ1,0,109.1,81.49,477.7003892582163,90,Amazon_SVQ1,Zona_0
91,1,Inicio_Amazon_SVQ1,0,0.0,35.0,35.0,91,Amazon_SVQ1,Zona_0
91,2,4106901,61,17.35,16.66,234.66,91,Amazon_SVQ1,Zona_0
91,3,4106902,57,0.37340801122668216,0.4480896134720186,406.108089613472,91,Amazon_SVQ1,Zona_0
91,4,4106903,18,0.6158659336797219,0.7390391204156663,460.84712873388764,91,Amazon_SVQ1,Zona_0
91,5,Regreso_Amazon_SVQ1,0,18.54,16.4,477.2471287338876,91,Amazon_SVQ1,Zona_0
92,1,Inicio_Amazon_SVQ1,0,0.0,35.0,35.0,92,Amazon_SVQ1,Zona_0
92,2,4106903,81,18.54,16.4,294.4,92,Amazon_SVQ1,Zona_0
92,3,4106904,55,0.7424809398654604,0.8909771278385524,460.2909771278385,92,Amazon_SVQ1,Zona_0
92,4,Regreso_Amazon_SVQ1,0,18.87,17.39,477.6809771278385,92,Amazon_SVQ1,Zona_0
93,1,Inicio_Amazon_SVQ1,0,0.0,35.0,35.0,93,Amazon_SVQ1,Zona_0
93,2,4106904,39,18.87,17.39,169.39,93,Amazon_SVQ1,Zona_0
93,3,4109505,89,10.879895256088105,13.055874307305727,449.4458743073057,93,Amazon_SVQ1,Zona_0
93,4,Regreso_Amazon_SVQ1,0,32.72,27.72,477.16587430730567,93,Amazon_SVQ1,Zona_0
94,1,Inicio_Amazon_SVQ1,0,0.0,35.0,35.0,94,Amazon_SVQ1,Zona_0
94,2,4190401,16,39.13,45.93,128.93,94,Amazon_SVQ1,Zona_0
94,3,4109505,75,12.856326352182716,15.427591622619257,369.3575916226192,94,Amazon_SVQ1,Zona_0
94,4,4109503,27,1.8431750615529225,2.211810073863507,452.5694016964827,94,Amazon_SVQ1,Zona_0
94,5,Regreso_Amazon_SVQ1,0,31.65,27.31,479.8794016964827,94,Amazon_SVQ1,Zona_0
95,1,Inicio_Amazon_SVQ1,0,0.0,35.0,35.0,95,Amazon_SVQ1,Zona_0
95,2,4107901,10,13.38,27.67,92.67,95,Amazon_SVQ1,Zona_0
95,3,4109504,36,26.24032768239184,31.488393218870208,232.15839321887023,95,Amazon_SVQ1,Zona_0
95,4,4109501,73,0.8158057676868546,0.9789669212242257,452.1373601400944,95,Amazon_SVQ1,Zona_0
95,5,Regreso_Amazon_SVQ1,0,30.91,25.49,477.6273601400944,95,Amazon_SVQ1,Zona_0
96,1,Inicio_Amazon_SVQ1,0,0.0,35.0,35.0,96,Amazon_SVQ1,Zona_0
96,2,4108201,35,138.02,96.99,236.99,96,Amazon_SVQ1,Zona_0
96,3,4108401,12,25.61459067418833,30.737508809025996,303.727508809026,96,Amazon_SVQ1,Zona_0
96,4,4108402,7,1.890170280153276,2.2682043361839312,326.99571314520995,96,Amazon_SVQ1,Zona_0
96,5,1102901,3,66.90180389532833,80.282164674394,416.27787781960393,96,Amazon_SVQ1,Zona_0
96,6,Regreso_Amazon_SVQ1,0,72.62,61.06,477.33787781960393,96,Amazon_SVQ1,Zona_0
97,1,Inicio_Amazon_SVQ1,0,0.0,35.0,35.0,97,Amazon_SVQ1,Zona_0
97,2,4109501,26,30.91,25.49,138.49,97,Amazon_SVQ1,Zona_0
97,3,4109503,51,0.42459342210359685,0.5095121065243162,291.9995121065243,97,Amazon_SVQ1,Zona_0
97,4,4109502,32,0.37932203388703206,0.4551864406644385,388.45469854718874,97,Amazon_SVQ1,Zona_0
97,5,Regreso_Amazon_SVQ1,0,31.42,26.58,415.0346985471887,97,Amazon_SVQ1,Zona_0
98,1,Inicio_Amazon_SVQ1,0,0.0,35.0,35.0,98,Amazon_SVQ1,Zona_0
98,2,1100101,20,127.1,89.05,184.05,98,Amazon_SVQ1,Zona_0
98,3,1100102,23,3.5878891603474705,4.305466992416965,257.35546699241695,98,Amazon_SVQ1,Zona_0
98,4,1102306,15,14.3153554868851,17.17842658426212,319.5338935766791,98,Amazon_SVQ1,Zona_0
98,5,1190101,16,8.293523739269245,9.952228487123095,377.48612206380216,98,Amazon_SVQ1,Zona_0
98,6,1102301,2,16.67214299715362,20.006571596584347,403.4926936603865,98,Amazon_SVQ1,Zona_0
98,7,Regreso_Amazon_SVQ1,0,108.84,76.24,479.73269366038653,98,Amazon_SVQ1,Zona_0
99,1,Inicio_Amazon_SVQ1,0,0.0,35.0,35.0,99,Amazon_SVQ1,Zona_0
99,2,1100301,13,100.79,105.94,179.94,99,Amazon_SVQ1,Zona_0
99,3,1190201,37,14.784802914712492,17.74176349765499,308.68176349765497,99,Amazon_SVQ1,Zona_0
99,4,1102501,26,11.055512012535102,13.266614415042122,399.9483779126971,99,Amazon_SVQ1,Zona_0
99,5,Regreso_Amazon_SVQ1,0,113.28,79.97,479.9183779126971,99,Amazon_SVQ1,Zona_0
100,1,Inicio_Amazon_SVQ1,0,0.0,35.0,35.0,100,Amazon_SVQ1,Zona_0
100,2,1100401,71,172.4,115.82,363.82,100,Amazon_SVQ1,Zona_0
100,3,Regreso_Amazon_SVQ1,0,172.4,115.82,479.64,100,Amazon_SVQ1,Zona_0
101,1,Inicio_Amazon_SVQ1,0,0.0,35.0,35.0,101,Amazon_SVQ1,Zona_0
101,2,1100401,71,172.4,115.82,363.82,101,Amazon_SVQ1,Zona_0
101,3,Regreso_Amazon_SVQ1,0,172.4,115.82,479.64,101,Amazon_SVQ1,Zona_0
102,1,Inicio_Amazon_SVQ1,0,0.0,35.0,35.0,102,Amazon_SVQ1,Zona_0
102,2,1100401,71,172.4,115.82,363.82,102,Amazon_SVQ1,Zona_0
102,3,Regreso_Amazon_SVQ1,0,172.4,115.82,479.64,102,Amazon_SVQ1,Zona_0
103,1,Inicio_Amazon_SVQ1,0,0.0,35.0,35.0,103,Amazon_SVQ1,Zona_0
103,2,1100401,71,172.4,115.82,363.82,103,Amazon_SVQ1,Zona_0
103,3,Regreso_Amazon_SVQ1,0,172.4,115.82,479.64,103,Amazon_SVQ1,Zona_0
104,1,Inicio_Amazon_SVQ1,0,0.0,35.0,35.0,104,Amazon_SVQ1,Zona_0
104,2,1100401,65,172.4,115.82,345.82,104,Amazon_SVQ1,Zona_0
104,3,1100404,6,0.21706176709442687,0.2604741205133122,364.0804741205133,104,Amazon_SVQ1,Zona_0
104,4,Regreso_Amazon_SVQ1,0,171.94,115.74,479.8204741205133,104,Amazon_SVQ1,Zona_0
105,1,Inicio_Amazon_SVQ1,0,0.0,35.0,35.0,105,Amazon_SVQ1,Zona_0
105,2,1100402,70,172.67,117.3,362.3,105,Amazon_SVQ1,Zona_0
105,3,Regreso_Amazon_SVQ1,0,172.67,117.3,479.6,105,Amazon_SVQ1,Zona_0
106,1,Inicio_Amazon_SVQ1,0,0.0,35.0,35.0,106,Amazon_SVQ1,Zona_0
106,2,1100402,70,172.67,117.3,362.3,106,Amazon_SVQ1,Zona_0
106,3,Regreso_Amazon_SVQ1,0,172.67,117.3,479.6,106,Amazon_SVQ1,Zona_0
107,1,Inicio_Amazon_SVQ1,0,0.0,35.0,35.0,107,Amazon_SVQ1,Zona_0
107,2,1100402,70,172.67,117.3,362.3,107,Amazon_SVQ1,Zona_0
107,3,Regreso_Amazon_SVQ1,0,172.67,117.3,479.6,107,Amazon_SVQ1,Zona_0
108,1,Inicio_Amazon_SVQ1,0,0.0,35.0,35.0,108,Amazon_SVQ1,Zona_0
108,2,1100402,70,172.67,117.3,362.3,108,Amazon_SVQ1,Zona_0
108,3,Regreso_Amazon_SVQ1,0,172.67,117.3,479.6,108,Amazon_SVQ1,Zona_0
109,1,Inicio_Amazon_SVQ1,0,0.0,35.0,35.0,109,Amazon_SVQ1,Zona_0
109,2,1100402,15,172.67,117.3,197.3,109,Amazon_SVQ1,Zona_0
109,3,1100404,55,1.1308608772397386,1.3570330526876864,363.65703305268767,109,Amazon_SVQ1,Zona_0
109,4,Regreso_Amazon_SVQ1,0,171.94,115.74,479.3970330526877,109,Amazon_SVQ1,Zona_0
110,1,Inicio_Amazon_SVQ1,0,0.0,35.0,35.0,110,Amazon_SVQ1,Zona_0
110,2,1100403,70,172.54,116.37,361.37,110,Amazon_SVQ1,Zona_0
110,3,Regreso_Amazon_SVQ1,0,172.54,116.37,477.74,110,Amazon_SVQ1,Zona_0
111,1,Inicio_Amazon_SVQ1,0,0.0,35.0,35.0,111,Amazon_SVQ1,Zona_0
111,2,1100403,70,172.54,116.37,361.37,111,Amazon_SVQ1,Zona_0
111,3,Regreso_Amazon_SVQ1,0,172.54,116.37,477.74,111,Amazon_SVQ1,Zona_0
112,1,Inicio_Amazon_SVQ1,0,0.0,35.0,35.0,112,Amazon_SVQ1,Zona_0
112,2,1100403,28,172.54,116.37,235.37,112,Amazon_SVQ1,Zona_0
112,3,1100404,42,0.2995653735789619,0.3594784482947543,361.72947844829474,112,Amazon_SVQ1,Zona_0
112,4,Regreso_Amazon_SVQ1,0,171.94,115.74,477.46947844829475,112,Amazon_SVQ1,Zona_0
113,1,Inicio_Amazon_SVQ1,0,0.0,35.0,35.0,113,Amazon_SVQ1,Zona_0
113,2,1100404,71,171.94,115.74,363.74,113,Amazon_SVQ1,Zona_0
113,3,Regreso_Amazon_SVQ1,0,171.94,115.74,479.48,113,Amazon_SVQ1,Zona_0
114,1,Inicio_Amazon_SVQ1,0,0.0,35.0,35.0,114,Amazon_SVQ1,Zona_0
114,2,1100404,71,171.94,115.74,363.74,114,Amazon_SVQ1,Zona_0
114,3,Regreso_Amazon_SVQ1,0,171.94,115.74,479.48,114,Amazon_SVQ1,Zona_0
115,1,Inicio_Amazon_SVQ1,0,0.0,35.0,35.0,115,Amazon_SVQ1,Zona_0
115,2,1100404,71,171.94,115.74,363.74,115,Amazon_SVQ1,Zona_0
115,3,Regreso_Amazon_SVQ1,0,171.94,115.74,479.48,115,Amazon_SVQ1,Zona_0
116,1,Inicio_Amazon_SVQ1,0,0.0,35.0,35.0,116,Amazon_SVQ1,Zona_0
116,2,1100404,27,171.94,115.74,231.74,116,Amazon_SVQ1,Zona_0
116,3,1100802,19,5.855605013071896,7.026726015686275,295.7667260156863,116,Amazon_SVQ1,Zona_0
116,4,1103304,21,3.1150416244812096,3.7380499493774515,362.50477596506374,116,Amazon_SVQ1,Zona_0
116,5,Regreso_Amazon_SVQ1,0,172.94,115.93,478.43477596506375,116,Amazon_SVQ1,Zona_0
117,1,Inicio_Amazon_SVQ1,0,0.0,35.0,35.0,117,Amazon_SVQ1,Zona_0
117,2,1100501,31,90.82,77.06,205.06,117,Amazon_SVQ1,Zona_0
117,3,1100502,8,2.657786762330796,3.1893441147969552,232.24934411479697,117,Amazon_SVQ1,Zona_0
117,4,1104201,12,6.896182271286631,8.275418725543958,276.52476284034094,117,Amazon_SVQ1,Zona_0
117,5,1101801,15,9.066523063207248,10.879827675848697,332.4045905161896,117,Amazon_SVQ1,Zona_0
117,6,1101901,11,9.868463964021364,11.842156756825636,377.2467472730153,117,Amazon_SVQ1,Zona_0
117,7,1101101,2,12.451205747275191,14.941446896730229,398.1881941697455,117,Amazon_SVQ1,Zona_0
117,8,Regreso_Amazon_SVQ1,0,90.44,80.12,478.3081941697455,117,Amazon_SVQ1,Zona_0
118,1,Inicio_Amazon_SVQ1,0,0.0,35.0,35.0,118,Amazon_SVQ1,Zona_0
118,2,1100601,45,101.82,73.27,243.26999999999998,118,Amazon_SVQ1,Zona_0
118,3,1100602,54,0.277527196066289,0.3330326352795468,405.60303263527953,118,Amazon_SVQ1,Zona_0
118,4,Regreso_Amazon_SVQ1,0,79.06,71.8,477.40303263527954,118,Amazon_SVQ1,Zona_0
119,1,Inicio_Amazon_SVQ1,0,0.0,35.0,35.0,119,Amazon_SVQ1,Zona_0
119,2,1100602,56,79.06,71.8,274.8,119,Amazon_SVQ1,Zona_0
119,3,1100604,40,2.933178212523441,3.5198138550281293,398.31981385502814,119,Amazon_SVQ1,Zona_0
119,4,1101002,2,6.659963083124507,7.991955699749408,412.3117695547775,119,Amazon_SVQ1,Zona_0
119,5,Regreso_Amazon_SVQ1,0,78.0,65.77,478.0817695547775,119,Amazon_SVQ1,Zona_0
120,1,Inicio_Amazon_SVQ1,0,0.0,35.0,35.0,120,Amazon_SVQ1,Zona_0
120,2,1100603,42,100.49,70.19,231.19,120,Amazon_SVQ1,Zona_0
120,3,1100604,6,7.61336355032838,9.136036260394055,258.32603626039406,120,Amazon_SVQ1,Zona_0
120,4,1101002,28,6.659963083124507,7.991955699749408,350.31799196014344,120,Amazon_SVQ1,Zona_0
120,5,1101001,21,0.3648568247467833,0.43782818969613996,413.75582014983956,120,Amazon_SVQ1,Zona_0
120,6,Regreso_Amazon_SVQ1,0,77.21,65.27,479.02582014983955,120,Amazon_SVQ1,Zona_0
121,1,Inicio_Amazon_SVQ1,0,0.0,35.0,35.0,121,Amazon_SVQ1,Zona_0
121,2,1100701,51,155.24,109.58,297.58,121,Amazon_SVQ1,Zona_0
121,3,1100702,23,0.352337002867611,0.4228044034411332,367.00280440344113,121,Amazon_SVQ1,Zona_0
121,4,Regreso_Amazon_SVQ1,0,155.67,110.27,477.2728044034411,121,Amazon_SVQ1,Zona_0
122,1,Inicio_Amazon_SVQ1,0,0.0,35.0,35.0,122,Amazon_SVQ1,Zona_0
122,2,1100702,44,155.67,110.27,277.27,122,Amazon_SVQ1,Zona_0
122,3,1100703,28,1.019171154315961,1.2230053851791531,362.4930053851791,122,Amazon_SVQ1,Zona_0
122,4,1102301,1,29.915117445437115,35.89814093452454,401.39114631970364,122,Amazon_SVQ1,Zona_0
122,5,Regreso_Amazon_SVQ1,0,108.84,76.24,477.63114631970365,122,Amazon_SVQ1,Zona_0
123,1,Inicio_Amazon_SVQ1,0,0.0,35.0,35.0,123,Amazon_SVQ1,Zona_0
123,2,1100704,24,158.62,136.63,243.63,123,Amazon_SVQ1,Zona_0
123,3,1103902,39,10.984564019753538,13.181476823704246,373.81147682370425,123,Amazon_SVQ1,Zona_0
123,4,1102305,1,23.56742360511644,28.280908326139727,405.092385149844,123,Amazon_SVQ1,Zona_0
123,5,Regreso_Amazon_SVQ1,0,107.64,74.45,479.542385149844,123,Amazon_SVQ1,Zona_0
124,1,Inicio_Amazon_SVQ1,0,0.0,35.0,35.0,124,Amazon_SVQ1,Zona_0
124,2,1100801,79,153.73,103.25,375.25,124,Amazon_SVQ1,Zona_0
124,3,Regreso_Amazon_SVQ1,0,153.73,103.25,478.5,124,Amazon_SVQ1,Zona_0
125,1,Inicio_Amazon_SVQ1,0,0.0,35.0,35.0,125,Amazon_SVQ1,Zona_0
125,2,1100801,79,153.73,103.25,375.25,125,Amazon_SVQ1,Zona_0
125,3,Regreso_Amazon_SVQ1,0,153.73,103.25,478.5,125,Amazon_SVQ1,Zona_0
126,1,Inicio_Amazon_SVQ1,0,0.0,35.0,35.0,126,Amazon_SVQ1,Zona_0
126,2,1100801,16,153.73,103.25,186.25,126,Amazon_SVQ1,Zona_0
126,3,1100803,53,10.615581828344459,12.73869819401335,357.98869819401335,126,Amazon_SVQ1,Zona_0
126,4,Regreso_Amazon_SVQ1,0,167.88,120.11,478.09869819401337,126,Amazon_SVQ1,Zona_0
127,1,Inicio_Amazon_SVQ1,0,0.0,35.0,35.0,127,Amazon_SVQ1,Zona_0
127,2,1100803,3,167.88,120.11,164.11,127,Amazon_SVQ1,Zona_0
127,3,1103304,28,4.077533839591022,4.893040607509227,253.00304060750923,127,Amazon_SVQ1,Zona_0
127,4,1103302,34,3.0274848617876406,3.632981834145169,358.6360224416544,127,Amazon_SVQ1,Zona_0
127,5,Regreso_Amazon_SVQ1,0,177.7,120.01,478.6460224416544,127,Amazon_SVQ1,Zona_0
128,1,Inicio_Amazon_SVQ1,0,0.0,35.0,35.0,128,Amazon_SVQ1,Zona_0
128,2,1190101,45,129.35,101.29,271.29,128,Amazon_SVQ1,Zona_0
128,3,1102301,3,16.67214299715362,20.006571596584347,300.2965715965844,128,Amazon_SVQ1,Zona_0
128,4,1102303,6,0.3003628655834057,0.3604354387000868,318.6570070352845,128,Amazon_SVQ1,Zona_0
128,5,1102302,7,0.27299557657693596,0.32759469189232315,339.9846017271768,128,Amazon_SVQ1,Zona_0
128,6,1102304,7,0.5452676287092151,0.6543211544510581,361.6389228816279,128,Amazon_SVQ1,Zona_0
128,7,1102305,14,0.639129534199222,0.7669554410390664,404.4058783226669,128,Amazon_SVQ1,Zona_0
128,8,Regreso_Amazon_SVQ1,0,107.64,74.45,478.8558783226669,128,Amazon_SVQ1,Zona_0
129,1,Inicio_Amazon_SVQ1,0,0.0,35.0,35.0,129,Amazon_SVQ1,Zona_0
129,2,1100901,7,100.87,101.9,157.9,129,Amazon_SVQ1,Zona_0
129,3,1103801,74,3.647591226652097,4.377109471982516,384.2771094719825,129,Amazon_SVQ1,Zona_0
129,4,1101101,1,10.064221940199204,12.077066328239045,399.3541758002215,129,Amazon_SVQ1,Zona_0
129,5,Regreso_Amazon_SVQ1,0,90.44,80.12,479.47417580022153,129,Amazon_SVQ1,Zona_0
130,1,Inicio_Amazon_SVQ1,0,0.0,35.0,35.0,130,Amazon_SVQ1,Zona_0
130,2,1101003,7,71.51,60.17,116.17,130,Amazon_SVQ1,Zona_0
130,3,1104102,71,4.532786096201125,5.43934331544135,334.6093433154414,130,Amazon_SVQ1,Zona_0
130,4,1104101,27,0.576816492465542,0.6921797909586505,416.30152310640005,130,Amazon_SVQ1,Zona_0
130,5,Regreso_Amazon_SVQ1,0,73.05,62.67,478.97152310640007,130,Amazon_SVQ1,Zona_0
131,1,Inicio_Amazon_SVQ1,0,0.0,35.0,35.0,131,Amazon_SVQ1,Zona_0
131,2,1101101,19,90.44,80.12,172.12,131,Amazon_SVQ1,Zona_0
131,3,1102602,25,5.248436635967617,6.2981239631611405,253.41812396316115,131,Amazon_SVQ1,Zona_0
131,4,1102601,20,0.4544652271254811,0.5453582725505773,313.96348223571175,131,Amazon_SVQ1,Zona_0
131,5,1104101,5,11.73138857198672,14.077666286384064,343.0411485220958,131,Amazon_SVQ1,Zona_0
131,6,1102901,21,10.471692512178743,12.566031014614492,418.6071795367103,131,Amazon_SVQ1,Zona_0
131,7,Regreso_Amazon_SVQ1,0,72.62,61.06,479.6671795367103,131,Amazon_SVQ1,Zona_0
132,1,Inicio_Amazon_SVQ1,0,0.0,35.0,35.0,132,Amazon_SVQ1,Zona_0
132,2,1101201,59,109.6,78.32,290.32,132,Amazon_SVQ1,Zona_0
132,3,1101203,36,0.20398239437268112,0.24477887324721734,398.5647788732472,132,Amazon_SVQ1,Zona_0
132,4,1101206,1,0.6015587445479449,0.7218704934575338,402.2866493667047,132,Amazon_SVQ1,Zona_0
132,5,Regreso_Amazon_SVQ1,0,108.9,76.26,478.5466493667047,132,Amazon_SVQ1,Zona_0
133,1,Inicio_Amazon_SVQ1,0,0.0,35.0,35.0,133,Amazon_SVQ1,Zona_0
133,2,1101202,57,109.62,79.01,285.01,133,Amazon_SVQ1,Zona_0
133,3,1101203,21,0.1640972106368737,0.19691665276424844,348.2069166527642,133,Amazon_SVQ1,Zona_0
133,4,1101205,17,0.3542710771900077,0.4251252926280093,399.63204194539225,133,Amazon_SVQ1,Zona_0
133,5,1101206,1,0.2980574668065243,0.3576689601678292,402.98971090556006,133,Amazon_SVQ1,Zona_0
133,6,Regreso_Amazon_SVQ1,0,108.9,76.26,479.24971090556005,133,Amazon_SVQ1,Zona_0
134,1,Inicio_Amazon_SVQ1,0,0.0,35.0,35.0,134,Amazon_SVQ1,Zona_0
134,2,1101204,33,109.75,79.44,213.44,134,Amazon_SVQ1,Zona_0
134,3,1101205,22,0.33548850217894843,0.40258620261473815,279.8425862026147,134,Amazon_SVQ1,Zona_0
134,4,1101206,35,0.2980574668065243,0.3576689601678292,385.2002551627825,134,Amazon_SVQ1,Zona_0
134,5,1101207,6,0.7724272332160014,0.9269126798592017,404.1271678426417,134,Amazon_SVQ1,Zona_0
134,6,Regreso_Amazon_SVQ1,0,107.94,75.07,479.1971678426417,134,Amazon_SVQ1,Zona_0
135,1,Inicio_Amazon_SVQ1,0,0.0,35.0,35.0,135,Amazon_SVQ1,Zona_0
135,2,1101207,21,107.94,75.07,173.07,135,Amazon_SVQ1,Zona_0
135,3,1101208,77,0.7650106721654121,0.9180128065984945,404.9880128065985,135,Amazon_SVQ1,Zona_0
135,4,Regreso_Amazon_SVQ1,0,107.84,74.04,479.0280128065985,135,Amazon_SVQ1,Zona_0
136,1,Inicio_Amazon_SVQ1,0,0.0,35.0,35.0,136,Amazon_SVQ1,Zona_0
136,2,1101208,98,107.84,74.04,403.04,136,Amazon_SVQ1,Zona_0
136,3,Regreso_Amazon_SVQ1,0,107.84,74.04,477.08000000000004,136,Amazon_SVQ1,Zona_0
137,1,Inicio_Amazon_SVQ1,0,0.0,35.0,35.0,137,Amazon_SVQ1,Zona_0
137,2,1101208,98,107.84,74.04,403.04,137,Amazon_SVQ1,Zona_0
137,3,Regreso_Amazon_SVQ1,0,107.84,74.04,477.08000000000004,137,Amazon_SVQ1,Zona_0
138,1,Inicio_Amazon_SVQ1,0,0.0,35.0,35.0,138,Amazon_SVQ1,Zona_0
138,2,1101208,4,107.84,74.04,121.04,138,Amazon_SVQ1,Zona_0
138,3,1101209,94,1.166236808575326,1.3994841702903913,404.4394841702904,138,Amazon_SVQ1,Zona_0
138,4,Regreso_Amazon_SVQ1,0,107.52,74.08,478.5194841702904,138,Amazon_SVQ1,Zona_0
139,1,Inicio_Amazon_SVQ1,0,0.0,35.0,35.0,139,Amazon_SVQ1,Zona_0
139,2,1101209,98,107.52,74.08,403.08,139,Amazon_SVQ1,Zona_0
139,3,Regreso_Amazon_SVQ1,0,107.52,74.08,477.15999999999997,139,Amazon_SVQ1,Zona_0
140,1,Inicio_Amazon_SVQ1,0,0.0,35.0,35.0,140,Amazon_SVQ1,Zona_0
140,2,1101209,32,107.52,74.08,205.07999999999998,140,Amazon_SVQ1,Zona_0
140,3,1101210,66,0.9296233182472802,1.1155479818967362,404.1955479818967,140,Amazon_SVQ1,Zona_0
140,4,Regreso_Amazon_SVQ1,0,108.29,75.36,479.5555479818967,140,Amazon_SVQ1,Zona_0
141,1,Inicio_Amazon_SVQ1,0,0.0,35.0,35.0,141,Amazon_SVQ1,Zona_0
141,2,1101210,98,108.29,75.36,404.36,141,Amazon_SVQ1,Zona_0
141,3,Regreso_Amazon_SVQ1,0,108.29,75.36,479.72,141,Amazon_SVQ1,Zona_0
142,1,Inicio_Amazon_SVQ1,0,0.0,35.0,35.0,142,Amazon_SVQ1,Zona_0
142,2,1101210,98,108.29,75.36,404.36,142,Amazon_SVQ1,Zona_0
142,3,Regreso_Amazon_SVQ1,0,108.29,75.36,479.72,142,Amazon_SVQ1,Zona_0
143,1,Inicio_Amazon_SVQ1,0,0.0,35.0,35.0,143,Amazon_SVQ1,Zona_0
143,2,1101210,20,108.29,75.36,170.36,143,Amazon_SVQ1,Zona_0
143,3,1102801,77,7.611229195596312,9.133475034715575,410.49347503471563,143,Amazon_SVQ1,Zona_0
143,4,Regreso_Amazon_SVQ1,0,99.89,68.28,478.7734750347156,143,Amazon_SVQ1,Zona_0
144,1,Inicio_Amazon_SVQ1,0,0.0,35.0,35.0,144,Amazon_SVQ1,Zona_0
144,2,1101301,28,187.62,132.69,251.69,144,Amazon_SVQ1,Zona_0
144,3,1102102,20,10.288637282990669,12.346364739588802,324.0363647395888,144,Amazon_SVQ1,Zona_0
144,4,1103305,1,13.216194786102147,15.859433743322578,342.8957984829114,144,Amazon_SVQ1,Zona_0
144,5,1103302,1,11.079197715211569,13.295037258253883,359.1908357411653,144,Amazon_SVQ1,Zona_0
144,6,Regreso_Amazon_SVQ1,0,177.7,120.01,479.2008357411653,144,Amazon_SVQ1,Zona_0
145,1,Inicio_Amazon_SVQ1,0,0.0,35.0,35.0,145,Amazon_SVQ1,Zona_0
145,2,1101501,94,114.06,81.33,398.33,145,Amazon_SVQ1,Zona_0
145,3,Regreso_Amazon_SVQ1,0,114.06,81.33,479.65999999999997,145,Amazon_SVQ1,Zona_0
146,1,Inicio_Amazon_SVQ1,0,0.0,35.0,35.0,146,Amazon_SVQ1,Zona_0
146,2,1101501,56,114.06,81.33,284.33,146,Amazon_SVQ1,Zona_0
146,3,1101504,38,0.46353467110718416,0.556241605328621,398.8862416053286,146,Amazon_SVQ1,Zona_0
146,4,Regreso_Amazon_SVQ1,0,112.99,80.55,479.43624160532863,146,Amazon_SVQ1,Zona_0
147,1,Inicio_Amazon_SVQ1,0,0.0,35.0,35.0,147,Amazon_SVQ1,Zona_0
147,2,1101502,79,115.26,83.91,355.90999999999997,147,Amazon_SVQ1,Zona_0
147,3,1101503,13,0.6220972667598266,0.7465167201117919,395.65651672011177,147,Amazon_SVQ1,Zona_0
147,4,Regreso_Amazon_SVQ1,0,114.49,82.14,477.79651672011175,147,Amazon_SVQ1,Zona_0
148,1,Inicio_Amazon_SVQ1,0,0.0,35.0,35.0,148,Amazon_SVQ1,Zona_0
148,2,1101503,68,114.49,82.14,321.14,148,Amazon_SVQ1,Zona_0
148,3,1101504,25,0.91754222192663,1.1010506663119561,397.24105066631193,148,Amazon_SVQ1,Zona_0
148,4,Regreso_Amazon_SVQ1,0,112.99,80.55,477.79105066631195,148,Amazon_SVQ1,Zona_0
149,1,Inicio_Amazon_SVQ1,0,0.0,35.0,35.0,149,Amazon_SVQ1,Zona_0
149,2,1101504,94,112.99,80.55,397.55,149,Amazon_SVQ1,Zona_0
149,3,Regreso_Amazon_SVQ1,0,112.99,80.55,478.1,149,Amazon_SVQ1,Zona_0
150,1,Inicio_Amazon_SVQ1,0,0.0,35.0,35.0,150,Amazon_SVQ1,Zona_0
150,2,1101504,36,112.99,80.55,223.55,150,Amazon_SVQ1,Zona_0
150,3,1103106,56,6.506039762107262,7.807247714528714,399.35724771452874,150,Amazon_SVQ1,Zona_0
150,4,1102801,1,7.488089457465662,8.985707348958794,411.3429550634875,150,Amazon_SVQ1,Zona_0
150,5,Regreso_Amazon_SVQ1,0,99.89,68.28,479.62295506348755,150,Amazon_SVQ1,Zona_0
151,1,Inicio_Amazon_SVQ1,0,0.0,35.0,35.0,151,Amazon_SVQ1,Zona_0
151,2,1101505,84,126.47,95.83,382.83,151,Amazon_SVQ1,Zona_0
151,3,1103104,1,13.052962666281811,15.663555199538173,401.49355519953815,151,Amazon_SVQ1,Zona_0
151,4,Regreso_Amazon_SVQ1,0,110.3,77.95,479.44355519953814,151,Amazon_SVQ1,Zona_0
152,1,Inicio_Amazon_SVQ1,0,0.0,35.0,35.0,152,Amazon_SVQ1,Zona_0
152,2,1101505,84,126.47,95.83,382.83,152,Amazon_SVQ1,Zona_0
152,3,1103104,1,13.052962666281811,15.663555199538173,401.49355519953815,152,Amazon_SVQ1,Zona_0
152,4,Regreso_Amazon_SVQ1,0,110.3,77.95,479.44355519953814,152,Amazon_SVQ1,Zona_0
153,1,Inicio_Amazon_SVQ1,0,0.0,35.0,35.0,153,Amazon_SVQ1,Zona_0
153,2,1101505,84,126.47,95.83,382.83,153,Amazon_SVQ1,Zona_0
153,3,1103104,1,13.052962666281811,15.663555199538173,401.49355519953815,153,Amazon_SVQ1,Zona_0
153,4,Regreso_Amazon_SVQ1,0,110.3,77.95,479.44355519953814,153,Amazon_SVQ1,Zona_0
154,1,Inicio_Amazon_SVQ1,0,0.0,35.0,35.0,154,Amazon_SVQ1,Zona_0
154,2,1101505,46,126.47,95.83,268.83,154,Amazon_SVQ1,Zona_0
154,3,1101402,34,10.35288619333759,12.423463432005107,383.2534634320051,154,Amazon_SVQ1,Zona_0
154,4,Regreso_Amazon_SVQ1,0,132.96,94.71,477.9634634320051,154,Amazon_SVQ1,Zona_0
155,1,Inicio_Amazon_SVQ1,0,0.0,35.0,35.0,155,Amazon_SVQ1,Zona_0
155,2,1101602,33,113.17,80.79,214.79000000000002,155,Amazon_SVQ1,Zona_0
155,3,1101603,60,3.2882336625315625,3.9458803950378747,398.7358803950379,155,Amazon_SVQ1,Zona_0
155,4,Regreso_Amazon_SVQ1,0,111.43,81.01,479.7458803950379,155,Amazon_SVQ1,Zona_0
156,1,Inicio_Amazon_SVQ1,0,0.0,35.0,35.0,156,Amazon_SVQ1,Zona_0
156,2,1101603,4,111.43,81.01,128.01,156,Amazon_SVQ1,Zona_0
156,3,1103202,67,6.377989587559311,7.653587505071174,336.6635875050712,156,Amazon_SVQ1,Zona_0
156,4,1103204,21,0.4511481319864084,0.5413777583836901,400.2049652634549,156,Amazon_SVQ1,Zona_0
156,5,1103201,1,0.9841654539894031,1.1809985447872837,404.38596380824214,156,Amazon_SVQ1,Zona_0
156,6,Regreso_Amazon_SVQ1,0,105.71,75.36,479.74596380824215,156,Amazon_SVQ1,Zona_0
157,1,Inicio_Amazon_SVQ1,0,0.0,35.0,35.0,157,Amazon_SVQ1,Zona_0
157,2,1101401,83,133.47,96.51,380.51,157,Amazon_SVQ1,Zona_0
157,3,1101402,1,0.6952204264661506,0.8342645117593807,384.3442645117594,157,Amazon_SVQ1,Zona_0
157,4,Regreso_Amazon_SVQ1,0,132.96,94.71,479.05426451175936,157,Amazon_SVQ1,Zona_0
158,1,Inicio_Amazon_SVQ1,0,0.0,35.0,35.0,158,Amazon_SVQ1,Zona_0
158,2,1101401,9,133.47,96.51,158.51,158,Amazon_SVQ1,Zona_0
158,3,1101403,52,0.43242093410846966,0.5189051209301636,315.0289051209302,158,Amazon_SVQ1,Zona_0
158,4,1101402,23,0.9271267125990728,1.1125520551188874,385.1414571760491,158,Amazon_SVQ1,Zona_0
158,5,Regreso_Amazon_SVQ1,0,132.96,94.71,479.85145717604905,158,Amazon_SVQ1,Zona_0
159,1,Inicio_Amazon_SVQ1,0,0.0,35.0,35.0,159,Amazon_SVQ1,Zona_0
159,2,1101402,9,132.96,94.71,156.70999999999998,159,Amazon_SVQ1,Zona_0
159,3,1103903,41,5.819569469156384,6.983483362987662,286.69348336298765,159,Amazon_SVQ1,Zona_0
159,4,1103901,9,6.7773341265912,8.13280095190944,321.82628431489707,159,Amazon_SVQ1,Zona_0
159,5,1103902,12,5.041109230064485,6.049331076077382,363.8756153909744,159,Amazon_SVQ1,Zona_0
159,6,1102305,4,23.56742360511644,28.280908326139727,404.15652371711417,159,Amazon_SVQ1,Zona_0
159,7,Regreso_Amazon_SVQ1,0,107.64,74.45,478.60652371711416,159,Amazon_SVQ1,Zona_0
160,1,Inicio_Amazon_SVQ1,0,0.0,35.0,35.0,160,Amazon_SVQ1,Zona_0
160,2,1101701,32,64.65,55.76,186.76,160,Amazon_SVQ1,Zona_0
160,3,1102901,20,23.695115267645782,28.43413832117494,275.19413832117493,160,Amazon_SVQ1,Zona_0
160,4,1101901,6,23.595926071252954,28.315111285503544,321.5092496066785,160,Amazon_SVQ1,Zona_0
160,5,1104001,5,8.211687227031073,9.854024672437287,346.3632742791158,160,Amazon_SVQ1,Zona_0
160,6,1103801,10,6.9769739132043735,8.372368695845248,384.735642974961,160,Amazon_SVQ1,Zona_0
160,7,Regreso_Amazon_SVQ1,0,102.74,95.05,479.78564297496104,160,Amazon_SVQ1,Zona_0
161,1,Inicio_Amazon_SVQ1,0,0.0,35.0,35.0,161,Amazon_SVQ1,Zona_0
161,2,1102001,40,81.12,62.15,217.15,161,Amazon_SVQ1,Zona_0
161,3,1102002,68,0.8506383653790529,1.0207660384548636,422.1707660384549,161,Amazon_SVQ1,Zona_0
161,4,Regreso_Amazon_SVQ1,0,78.76,56.5,478.6707660384549,161,Amazon_SVQ1,Zona_0
162,1,Inicio_Amazon_SVQ1,0,0.0,35.0,35.0,162,Amazon_SVQ1,Zona_0
162,2,1102002,110,78.76,56.5,421.5,162,Amazon_SVQ1,Zona_0
162,3,1102004,1,0.976951716469757,1.1723420597637084,425.6723420597637,162,Amazon_SVQ1,Zona_0
162,4,Regreso_Amazon_SVQ1,0,77.33,54.32,479.9923420597637,162,Amazon_SVQ1,Zona_0
163,1,Inicio_Amazon_SVQ1,0,0.0,35.0,35.0,163,Amazon_SVQ1,Zona_0
163,2,1102002,74,78.76,56.5,313.5,163,Amazon_SVQ1,Zona_0
163,3,1102004,37,0.976951716469757,1.1723420597637084,425.6723420597637,163,Amazon_SVQ1,Zona_0
163,4,Regreso_Amazon_SVQ1,0,77.33,54.32,479.9923420597637,163,Amazon_SVQ1,Zona_0
164,1,Inicio_Amazon_SVQ1,0,0.0,35.0,35.0,164,Amazon_SVQ1,Zona_0
164,2,1102003,107,81.91,61.22,417.22,164,Amazon_SVQ1,Zona_0
164,3,1102005,1,2.5104966326476297,3.0125959591771556,423.23259595917716,164,Amazon_SVQ1,Zona_0
164,4,Regreso_Amazon_SVQ1,0,78.81,55.96,479.19259595917714,164,Amazon_SVQ1,Zona_0
165,1,Inicio_Amazon_SVQ1,0,0.0,35.0,35.0,165,Amazon_SVQ1,Zona_0
165,2,1102003,47,81.91,61.22,237.22,165,Amazon_SVQ1,Zona_0
165,3,1102007,60,1.3201864001919763,1.5842236802303717,418.8042236802304,165,Amazon_SVQ1,Zona_0
165,4,1102006,1,2.179594999517054,2.6155139994204646,424.41973767965084,165,Amazon_SVQ1,Zona_0
165,5,Regreso_Amazon_SVQ1,0,77.81,54.96,479.3797376796508,165,Amazon_SVQ1,Zona_0
166,1,Inicio_Amazon_SVQ1,0,0.0,35.0,35.0,166,Amazon_SVQ1,Zona_0
166,2,1102004,112,77.33,54.32,425.32,166,Amazon_SVQ1,Zona_0
166,3,Regreso_Amazon_SVQ1,0,77.33,54.32,479.64,166,Amazon_SVQ1,Zona_0
167,1,Inicio_Amazon_SVQ1,0,0.0,35.0,35.0,167,Amazon_SVQ1,Zona_0
167,2,1102004,112,77.33,54.32,425.32,167,Amazon_SVQ1,Zona_0
167,3,Regreso_Amazon_SVQ1,0,77.33,54.32,479.64,167,Amazon_SVQ1,Zona_0
168,1,Inicio_Amazon_SVQ1,0,0.0,35.0,35.0,168,Amazon_SVQ1,Zona_0
168,2,1102004,39,77.33,54.32,206.32,168,Amazon_SVQ1,Zona_0
168,3,1102006,72,0.6561751417064892,0.787410170047787,423.1074101700478,168,Amazon_SVQ1,Zona_0
168,4,Regreso_Amazon_SVQ1,0,77.81,54.96,478.06741017004776,168,Amazon_SVQ1,Zona_0
169,1,Inicio_Amazon_SVQ1,0,0.0,35.0,35.0,169,Amazon_SVQ1,Zona_0
169,2,1102005,111,78.81,55.96,423.96,169,Amazon_SVQ1,Zona_0
169,3,Regreso_Amazon_SVQ1,0,78.81,55.96,479.91999999999996,169,Amazon_SVQ1,Zona_0
170,1,Inicio_Amazon_SVQ1,0,0.0,35.0,35.0,170,Amazon_SVQ1,Zona_0
170,2,1102006,111,77.81,54.96,422.96,170,Amazon_SVQ1,Zona_0
170,3,Regreso_Amazon_SVQ1,0,77.81,54.96,477.91999999999996,170,Amazon_SVQ1,Zona_0
171,1,Inicio_Amazon_SVQ1,0,0.0,35.0,35.0,171,Amazon_SVQ1,Zona_0
171,2,1102006,111,77.81,54.96,422.96,171,Amazon_SVQ1,Zona_0
171,3,Regreso_Amazon_SVQ1,0,77.81,54.96,477.91999999999996,171,Amazon_SVQ1,Zona_0
172,1,Inicio_Amazon_SVQ1,0,0.0,35.0,35.0,172,Amazon_SVQ1,Zona_0
172,2,1102006,111,77.81,54.96,422.96,172,Amazon_SVQ1,Zona_0
172,3,Regreso_Amazon_SVQ1,0,77.81,54.96,477.91999999999996,172,Amazon_SVQ1,Zona_0
173,1,Inicio_Amazon_SVQ1,0,0.0,35.0,35.0,173,Amazon_SVQ1,Zona_0
173,2,1102006,111,77.81,54.96,422.96,173,Amazon_SVQ1,Zona_0
173,3,Regreso_Amazon_SVQ1,0,77.81,54.96,477.91999999999996,173,Amazon_SVQ1,Zona_0
174,1,Inicio_Amazon_SVQ1,0,0.0,35.0,35.0,174,Amazon_SVQ1,Zona_0
174,2,1102006,111,77.81,54.96,422.96,174,Amazon_SVQ1,Zona_0
174,3,Regreso_Amazon_SVQ1,0,77.81,54.96,477.91999999999996,174,Amazon_SVQ1,Zona_0
175,1,Inicio_Amazon_SVQ1,0,0.0,35.0,35.0,175,Amazon_SVQ1,Zona_0
175,2,1102006,5,77.81,54.96,104.96000000000001,175,Amazon_SVQ1,Zona_0
175,3,1102007,104,2.179594999517054,2.6155139994204646,419.5755139994204,175,Amazon_SVQ1,Zona_0
175,4,Regreso_Amazon_SVQ1,0,80.5,59.47,479.04551399942045,175,Amazon_SVQ1,Zona_0
176,1,Inicio_Amazon_SVQ1,0,0.0,35.0,35.0,176,Amazon_SVQ1,Zona_0
176,2,1102007,56,80.5,59.47,262.47,176,Amazon_SVQ1,Zona_0
176,3,1102008,29,3.0309461161812545,3.6371353394175054,353.10713533941754,176,Amazon_SVQ1,Zona_0
176,4,1102010,17,6.80720301196267,8.168643614355204,412.2757789537727,176,Amazon_SVQ1,Zona_0
176,5,Regreso_Amazon_SVQ1,0,86.31,66.44,478.7157789537727,176,Amazon_SVQ1,Zona_0
177,1,Inicio_Amazon_SVQ1,0,0.0,35.0,35.0,177,Amazon_SVQ1,Zona_0
177,2,1102009,95,69.14,79.29,399.29,177,Amazon_SVQ1,Zona_0
177,3,Regreso_Amazon_SVQ1,0,69.14,79.29,478.58000000000004,177,Amazon_SVQ1,Zona_0
178,1,Inicio_Amazon_SVQ1,0,0.0,35.0,35.0,178,Amazon_SVQ1,Zona_0
178,2,1102009,7,69.14,79.29,135.29000000000002,178,Amazon_SVQ1,Zona_0
178,3,1103701,66,9.408212265888787,11.289854719066545,344.5798547190666,178,Amazon_SVQ1,Zona_0
178,4,1103201,12,19.95247322641068,23.94296787169282,404.5228225907594,178,Amazon_SVQ1,Zona_0
178,5,Regreso_Amazon_SVQ1,0,105.71,75.36,479.8828225907594,178,Amazon_SVQ1,Zona_0
179,1,Inicio_Amazon_SVQ1,0,0.0,35.0,35.0,179,Amazon_SVQ1,Zona_0
179,2,1102010,9,86.31,66.44,128.44,179,Amazon_SVQ1,Zona_0
179,3,1102704,68,9.7748213091313,11.72978557095756,344.1697855709576,179,Amazon_SVQ1,Zona_0
179,4,1102701,20,3.8735923466941427,4.648310816032971,408.81809638699053,179,Amazon_SVQ1,Zona_0
179,5,Regreso_Amazon_SVQ1,0,96.86,69.28,478.0980963869905,179,Amazon_SVQ1,Zona_0
180,1,Inicio_Amazon_SVQ1,0,0.0,35.0,35.0,180,Amazon_SVQ1,Zona_0
180,2,1102101,24,203.17,147.6,254.6,180,Amazon_SVQ1,Zona_0
180,3,1102103,13,5.143454430387582,6.172145316465098,299.77214531646507,180,Amazon_SVQ1,Zona_0
180,4,1190301,4,12.285331586286077,14.742397903543292,326.51454322000836,180,Amazon_SVQ1,Zona_0
180,5,1103305,2,7.010916878134188,8.413100253761026,340.92764347376936,180,Amazon_SVQ1,Zona_0
180,6,1103302,1,11.079197715211569,13.295037258253883,357.22268073202326,180,Amazon_SVQ1,Zona_0
180,7,1103301,1,0.5912948605352608,0.709553832642313,360.9322345646656,180,Amazon_SVQ1,Zona_0
180,8,Regreso_Amazon_SVQ1,0,176.2,118.76,479.69223456466557,180,Amazon_SVQ1,Zona_0
181,1,Inicio_Amazon_SVQ1,0,0.0,35.0,35.0,181,Amazon_SVQ1,Zona_0
181,2,1102201,64,182.44,126.0,353.0,181,Amazon_SVQ1,Zona_0
181,3,Regreso_Amazon_SVQ1,0,182.44,126.0,479.0,181,Amazon_SVQ1,Zona_0
182,1,Inicio_Amazon_SVQ1,0,0.0,35.0,35.0,182,Amazon_SVQ1,Zona_0
182,2,1102201,10,182.44,126.0,191.0,182,Amazon_SVQ1,Zona_0
182,3,1102203,54,0.25803882558579877,0.3096465907029585,353.309646590703,182,Amazon_SVQ1,Zona_0
182,4,Regreso_Amazon_SVQ1,0,182.11,125.24,478.549646590703,182,Amazon_SVQ1,Zona_0
183,1,Inicio_Amazon_SVQ1,0,0.0,35.0,35.0,183,Amazon_SVQ1,Zona_0
183,2,1102202,64,182.91,126.38,353.38,183,Amazon_SVQ1,Zona_0
183,3,Regreso_Amazon_SVQ1,0,182.91,126.38,479.76,183,Amazon_SVQ1,Zona_0
184,1,Inicio_Amazon_SVQ1,0,0.0,35.0,35.0,184,Amazon_SVQ1,Zona_0
184,2,1102202,33,182.91,126.38,260.38,184,Amazon_SVQ1,Zona_0
184,3,1102203,31,0.7182915848766478,0.8619499018519774,354.24194990185197,184,Amazon_SVQ1,Zona_0
184,4,Regreso_Amazon_SVQ1,0,182.11,125.24,479.481949901852,184,Amazon_SVQ1,Zona_0
185,1,Inicio_Amazon_SVQ1,0,0.0,35.0,35.0,185,Amazon_SVQ1,Zona_0
185,2,1102203,60,182.11,125.24,340.24,185,Amazon_SVQ1,Zona_0
185,3,1102204,4,0.521780984726463,0.6261371816717556,352.8661371816718,185,Amazon_SVQ1,Zona_0
185,4,1103303,1,2.092534432977256,2.511041319572707,358.3771785012445,185,Amazon_SVQ1,Zona_0
185,5,Regreso_Amazon_SVQ1,0,179.46,121.61,479.9871785012445,185,Amazon_SVQ1,Zona_0
186,1,Inicio_Amazon_SVQ1,0,0.0,35.0,35.0,186,Amazon_SVQ1,Zona_0
186,2,1102204,43,181.89,125.34,289.34000000000003,186,Amazon_SVQ1,Zona_0
186,3,1102205,22,0.7934731233831842,0.952167748059821,356.29216774805985,186,Amazon_SVQ1,Zona_0
186,4,Regreso_Amazon_SVQ1,0,180.94,123.54,479.8321677480599,186,Amazon_SVQ1,Zona_0
187,1,Inicio_Amazon_SVQ1,0,0.0,35.0,35.0,187,Amazon_SVQ1,Zona_0
187,2,1102205,23,180.94,123.54,227.54000000000002,187,Amazon_SVQ1,Zona_0
187,3,1103303,39,1.3467016446337867,1.6160419735605442,346.15604197356055,187,Amazon_SVQ1,Zona_0
187,4,1103301,3,3.794464170317621,4.553357004381145,359.7093989779417,187,Amazon_SVQ1,Zona_0
187,5,Regreso_Amazon_SVQ1,0,176.2,118.76,478.4693989779417,187,Amazon_SVQ1,Zona_0
188,1,Inicio_Amazon_SVQ1,0,0.0,35.0,35.0,188,Amazon_SVQ1,Zona_0
188,2,1102206,42,183.05,127.09,288.09000000000003,188,Amazon_SVQ1,Zona_0
188,3,1102207,20,1.3451438806764346,1.6141726568117214,349.70417265681175,188,Amazon_SVQ1,Zona_0
188,4,1103301,2,4.403313506695425,5.28397620803451,360.98814886484627,188,Amazon_SVQ1,Zona_0
188,5,Regreso_Amazon_SVQ1,0,176.2,118.76,479.74814886484626,188,Amazon_SVQ1,Zona_0
189,1,Inicio_Amazon_SVQ1,0,0.0,35.0,35.0,189,Amazon_SVQ1,Zona_0
189,2,1102207,62,183.9,128.86,349.86,189,Amazon_SVQ1,Zona_0
189,3,1103301,2,4.403313506695425,5.28397620803451,361.14397620803453,189,Amazon_SVQ1,Zona_0
189,4,Regreso_Amazon_SVQ1,0,176.2,118.76,479.9039762080345,189,Amazon_SVQ1,Zona_0
190,1,Inicio_Amazon_SVQ1,0,0.0,35.0,35.0,190,Amazon_SVQ1,Zona_0
190,2,1102207,12,183.9,128.86,199.86,190,Amazon_SVQ1,Zona_0
190,3,1103301,25,4.403313506695425,5.28397620803451,280.14397620803453,190,Amazon_SVQ1,Zona_0
190,4,1103302,26,0.5912948605352608,0.709553832642313,358.85353004067684,190,Amazon_SVQ1,Zona_0
190,5,Regreso_Amazon_SVQ1,0,177.7,120.01,478.86353004067684,190,Amazon_SVQ1,Zona_0
191,1,Inicio_Amazon_SVQ1,0,0.0,35.0,35.0,191,Amazon_SVQ1,Zona_0
191,2,1102305,40,107.64,74.45,229.45,191,Amazon_SVQ1,Zona_0
191,3,1102501,20,8.78033433393877,10.536401200726525,299.9864012007265,191,Amazon_SVQ1,Zona_0
191,4,1102804,26,20.287316838090423,24.344780205708506,402.331181406435,191,Amazon_SVQ1,Zona_0
191,5,Regreso_Amazon_SVQ1,0,106.33,75.41,477.741181406435,191,Amazon_SVQ1,Zona_0
192,1,Inicio_Amazon_SVQ1,0,0.0,35.0,35.0,192,Amazon_SVQ1,Zona_0
192,2,1102701,102,96.86,69.28,410.28,192,Amazon_SVQ1,Zona_0
192,3,Regreso_Amazon_SVQ1,0,96.86,69.28,479.55999999999995,192,Amazon_SVQ1,Zona_0
193,1,Inicio_Amazon_SVQ1,0,0.0,35.0,35.0,193,Amazon_SVQ1,Zona_0
193,2,1102701,102,96.86,69.28,410.28,193,Amazon_SVQ1,Zona_0
193,3,Regreso_Amazon_SVQ1,0,96.86,69.28,479.55999999999995,193,Amazon_SVQ1,Zona_0
194,1,Inicio_Amazon_SVQ1,0,0.0,35.0,35.0,194,Amazon_SVQ1,Zona_0
194,2,1102701,102,96.86,69.28,410.28,194,Amazon_SVQ1,Zona_0
194,3,Regreso_Amazon_SVQ1,0,96.86,69.28,479.55999999999995,194,Amazon_SVQ1,Zona_0
195,1,Inicio_Amazon_SVQ1,0,0.0,35.0,35.0,195,Amazon_SVQ1,Zona_0
195,2,1102701,14,96.86,69.28,146.28,195,Amazon_SVQ1,Zona_0
195,3,1102703,86,1.1131423559226925,1.335770827107231,405.6157708271072,195,Amazon_SVQ1,Zona_0
195,4,Regreso_Amazon_SVQ1,0,102.16,72.41,478.0257708271072,195,Amazon_SVQ1,Zona_0
196,1,Inicio_Amazon_SVQ1,0,0.0,35.0,35.0,196,Amazon_SVQ1,Zona_0
196,2,1102702,98,104.56,74.22,403.22,196,Amazon_SVQ1,Zona_0
196,3,Regreso_Amazon_SVQ1,0,104.56,74.22,477.44000000000005,196,Amazon_SVQ1,Zona_0
197,1,Inicio_Amazon_SVQ1,0,0.0,35.0,35.0,197,Amazon_SVQ1,Zona_0
197,2,1102702,98,104.56,74.22,403.22,197,Amazon_SVQ1,Zona_0
197,3,Regreso_Amazon_SVQ1,0,104.56,74.22,477.44000000000005,197,Amazon_SVQ1,Zona_0
198,1,Inicio_Amazon_SVQ1,0,0.0,35.0,35.0,198,Amazon_SVQ1,Zona_0
198,2,1102702,33,104.56,74.22,208.22,198,Amazon_SVQ1,Zona_0
198,3,1102703,65,3.538716268079371,4.246459521695246,407.46645952169524,198,Amazon_SVQ1,Zona_0
198,4,Regreso_Amazon_SVQ1,0,102.16,72.41,479.8764595216952,198,Amazon_SVQ1,Zona_0
199,1,Inicio_Amazon_SVQ1,0,0.0,35.0,35.0,199,Amazon_SVQ1,Zona_0
199,2,1102703,75,102.16,72.41,332.40999999999997,199,Amazon_SVQ1,Zona_0
199,3,1102801,6,9.401324143795506,11.281588972554607,361.6915889725546,199,Amazon_SVQ1,Zona_0
199,4,1102802,16,0.5335778954241297,0.6402934745089557,410.33188244706355,199,Amazon_SVQ1,Zona_0
199,5,Regreso_Amazon_SVQ1,0,100.12,69.43,479.76188244706356,199,Amazon_SVQ1,Zona_0
200,1,Inicio_Amazon_SVQ1,0,0.0,35.0,35.0,200,Amazon_SVQ1,Zona_0
200,2,1102802,8,100.12,69.43,128.43,200,Amazon_SVQ1,Zona_0
200,3,1102803,94,0.4212157304749225,0.5054588765699071,410.9354588765699,200,Amazon_SVQ1,Zona_0
200,4,Regreso_Amazon_SVQ1,0,100.26,69.04,479.9754588765699,200,Amazon_SVQ1,Zona_0
201,1,Inicio_Amazon_SVQ1,0,0.0,35.0,35.0,201,Amazon_SVQ1,Zona_0
201,2,1102803,20,100.26,69.04,164.04000000000002,201,Amazon_SVQ1,Zona_0
201,3,1103101,77,6.238814621413327,7.486577545695992,402.526577545696,201,Amazon_SVQ1,Zona_0
201,4,Regreso_Amazon_SVQ1,0,109.36,76.35,478.876577545696,201,Amazon_SVQ1,Zona_0
202,1,Inicio_Amazon_SVQ1,0,0.0,35.0,35.0,202,Amazon_SVQ1,Zona_0
202,2,1102804,98,106.33,75.41,404.40999999999997,202,Amazon_SVQ1,Zona_0
202,3,Regreso_Amazon_SVQ1,0,106.33,75.41,479.81999999999994,202,Amazon_SVQ1,Zona_0
203,1,Inicio_Amazon_SVQ1,0,0.0,35.0,35.0,203,Amazon_SVQ1,Zona_0
203,2,1102804,65,106.33,75.41,305.40999999999997,203,Amazon_SVQ1,Zona_0
203,3,1103101,29,8.092202281384436,9.710642737661324,402.1206427376613,203,Amazon_SVQ1,Zona_0
203,4,Regreso_Amazon_SVQ1,0,109.36,76.35,478.47064273766125,203,Amazon_SVQ1,Zona_0
204,1,Inicio_Amazon_SVQ1,0,0.0,35.0,35.0,204,Amazon_SVQ1,Zona_0
204,2,1103001,89,112.34,88.42,390.42,204,Amazon_SVQ1,Zona_0
204,3,Regreso_Amazon_SVQ1,0,112.34,88.42,478.84000000000003,204,Amazon_SVQ1,Zona_0
205,1,Inicio_Amazon_SVQ1,0,0.0,35.0,35.0,205,Amazon_SVQ1,Zona_0
205,2,1103001,5,112.34,88.42,138.42000000000002,205,Amazon_SVQ1,Zona_0
205,3,1103003,84,0.4367860962301748,0.5241433154762097,390.94414331547625,205,Amazon_SVQ1,Zona_0
205,4,Regreso_Amazon_SVQ1,0,112.08,87.39,478.33414331547624,205,Amazon_SVQ1,Zona_0
206,1,Inicio_Amazon_SVQ1,0,0.0,35.0,35.0,206,Amazon_SVQ1,Zona_0
206,2,1103002,56,111.72,86.6,289.6,206,Amazon_SVQ1,Zona_0
206,3,1103003,34,0.4201778180583257,0.5042133816699909,392.10421338167,206,Amazon_SVQ1,Zona_0
206,4,Regreso_Amazon_SVQ1,0,112.08,87.39,479.49421338166997,206,Amazon_SVQ1,Zona_0
207,1,Inicio_Amazon_SVQ1,0,0.0,35.0,35.0,207,Amazon_SVQ1,Zona_0
207,2,1103003,19,112.08,87.39,179.39,207,Amazon_SVQ1,Zona_0
207,3,1103201,68,17.038056665613166,20.4456679987358,403.8356679987358,207,Amazon_SVQ1,Zona_0
207,4,Regreso_Amazon_SVQ1,0,105.71,75.36,479.1956679987358,207,Amazon_SVQ1,Zona_0
208,1,Inicio_Amazon_SVQ1,0,0.0,35.0,35.0,208,Amazon_SVQ1,Zona_0
208,2,1103101,92,109.36,76.35,387.35,208,Amazon_SVQ1,Zona_0
208,3,1103102,5,1.019671597503058,1.2236059170036695,403.5736059170037,208,Amazon_SVQ1,Zona_0
208,4,Regreso_Amazon_SVQ1,0,109.69,76.31,479.8836059170037,208,Amazon_SVQ1,Zona_0
209,1,Inicio_Amazon_SVQ1,0,0.0,35.0,35.0,209,Amazon_SVQ1,Zona_0
209,2,1103102,4,109.69,76.31,123.31,209,Amazon_SVQ1,Zona_0
209,3,1103104,70,0.5514243424846832,0.6617092109816198,333.97170921098166,209,Amazon_SVQ1,Zona_0
209,4,1103106,22,0.5647412713096115,0.6776895255715338,400.64939873655317,209,Amazon_SVQ1,Zona_0
209,5,Regreso_Amazon_SVQ1,0,111.49,79.35,479.9993987365532,209,Amazon_SVQ1,Zona_0
210,1,Inicio_Amazon_SVQ1,0,0.0,35.0,35.0,210,Amazon_SVQ1,Zona_0
210,2,1103103,73,110.31,77.34,331.34000000000003,210,Amazon_SVQ1,Zona_0
210,3,1103105,22,1.025034821654176,1.2300417859850112,398.57004178598504,210,Amazon_SVQ1,Zona_0
210,4,Regreso_Amazon_SVQ1,0,111.4,79.1,477.67004178598506,210,Amazon_SVQ1,Zona_0
211,1,Inicio_Amazon_SVQ1,0,0.0,35.0,35.0,211,Amazon_SVQ1,Zona_0
211,2,1103105,83,111.4,79.1,363.1,211,Amazon_SVQ1,Zona_0
211,3,1103106,12,0.321945666207136,0.3863347994485632,399.48633479944857,211,Amazon_SVQ1,Zona_0
211,4,Regreso_Amazon_SVQ1,0,111.49,79.35,478.83633479944854,211,Amazon_SVQ1,Zona_0
212,1,Inicio_Amazon_SVQ1,0,0.0,35.0,35.0,212,Amazon_SVQ1,Zona_0
212,2,1103106,95,111.49,79.35,399.35,212,Amazon_SVQ1,Zona_0
212,3,Regreso_Amazon_SVQ1,0,111.49,79.35,478.70000000000005,212,Amazon_SVQ1,Zona_0
213,1,Inicio_Amazon_SVQ1,0,0.0,35.0,35.0,213,Amazon_SVQ1,Zona_0
213,2,1103106,95,111.49,79.35,399.35,213,Amazon_SVQ1,Zona_0
213,3,Regreso_Amazon_SVQ1,0,111.49,79.35,478.70000000000005,213,Amazon_SVQ1,Zona_0
214,1,Inicio_Amazon_SVQ1,0,0.0,35.0,35.0,214,Amazon_SVQ1,Zona_0
214,2,1103106,95,111.49,79.35,399.35,214,Amazon_SVQ1,Zona_0
214,3,Regreso_Amazon_SVQ1,0,111.49,79.35,478.70000000000005,214,Amazon_SVQ1,Zona_0
215,1,Inicio_Amazon_SVQ1,0,0.0,35.0,35.0,215,Amazon_SVQ1,Zona_0
215,2,1103106,49,111.49,79.35,261.35,215,Amazon_SVQ1,Zona_0
215,3,1103201,32,36.96603018131717,44.35923621758061,401.7092362175806,215,Amazon_SVQ1,Zona_0
215,4,Regreso_Amazon_SVQ1,0,105.71,75.36,477.0692362175806,215,Amazon_SVQ1,Zona_0
216,1,Inicio_Amazon_SVQ1,0,0.0,35.0,35.0,216,Amazon_SVQ1,Zona_0
216,2,1190301,18,203.9,152.93,241.93,216,Amazon_SVQ1,Zona_0
216,3,1103305,30,7.010916878134188,8.413100253761026,340.343100253761,216,Amazon_SVQ1,Zona_0
216,4,1103302,2,11.079197715211569,13.295037258253883,359.6381375120149,216,Amazon_SVQ1,Zona_0
216,5,Regreso_Amazon_SVQ1,0,177.7,120.01,479.6481375120149,216,Amazon_SVQ1,Zona_0
217,1,Inicio_Amazon_SVQ1,0,0.0,35.0,35.0,217,Amazon_SVQ1,Zona_0
217,2,1103302,31,177.7,120.01,248.01,217,Amazon_SVQ1,Zona_0
217,3,1103305,27,11.079197715211569,13.295037258253883,342.3050372582539,217,Amazon_SVQ1,Zona_0
217,4,Regreso_Amazon_SVQ1,0,193.23,137.03,479.3350372582539,217,Amazon_SVQ1,Zona_0
218,1,Inicio_Amazon_SVQ1,0,0.0,35.0,35.0,218,Amazon_SVQ1,Zona_0
218,2,1103305,51,193.23,137.03,325.03,218,Amazon_SVQ1,Zona_0
218,3,1103801,2,43.28829679421666,51.945956153059996,382.97595615306,218,Amazon_SVQ1,Zona_0
218,4,Regreso_Amazon_SVQ1,0,102.74,95.05,478.02595615306,218,Amazon_SVQ1,Zona_0
219,1,Inicio_Amazon_SVQ1,0,0.0,35.0,35.0,219,Amazon_SVQ1,Zona_0
219,2,1103201,80,105.71,75.36,350.36,219,Amazon_SVQ1,Zona_0
219,3,1103204,9,0.9841654539894031,1.1809985447872837,378.54099854478727,219,Amazon_SVQ1,Zona_0
219,4,1103203,7,0.23474569826945602,0.2816948379233472,399.8226933827106,219,Amazon_SVQ1,Zona_0
219,5,Regreso_Amazon_SVQ1,0,107.54,78.6,478.4226933827106,219,Amazon_SVQ1,Zona_0
220,1,Inicio_Amazon_SVQ1,0,0.0,35.0,35.0,220,Amazon_SVQ1,Zona_0
220,2,1103203,59,107.54,78.6,290.6,220,Amazon_SVQ1,Zona_0
220,3,1103205,36,0.5182668197312027,0.6219201836774432,399.22192018367747,220,Amazon_SVQ1,Zona_0
220,4,Regreso_Amazon_SVQ1,0,107.87,79.75,478.97192018367747,220,Amazon_SVQ1,Zona_0
221,1,Inicio_Amazon_SVQ1,0,0.0,35.0,35.0,221,Amazon_SVQ1,Zona_0
221,2,1103205,95,107.87,79.75,399.75,221,Amazon_SVQ1,Zona_0
221,3,Regreso_Amazon_SVQ1,0,107.87,79.75,479.5,221,Amazon_SVQ1,Zona_0
222,1,Inicio_Amazon_SVQ1,0,0.0,35.0,35.0,222,Amazon_SVQ1,Zona_0
222,2,1103205,25,107.87,79.75,189.75,222,Amazon_SVQ1,Zona_0
222,3,1103801,32,81.4522956429828,97.74275477157937,383.49275477157937,222,Amazon_SVQ1,Zona_0
222,4,Regreso_Amazon_SVQ1,0,102.74,95.05,478.5427547715794,222,Amazon_SVQ1,Zona_0
223,1,Inicio_Amazon_SVQ1,0,0.0,35.0,35.0,223,Amazon_SVQ1,Zona_0
223,2,1103401,18,113.54,116.68,205.68,223,Amazon_SVQ1,Zona_0
223,3,1103801,27,29.02564456105129,34.830773473261544,321.51077347326157,223,Amazon_SVQ1,Zona_0
223,4,Regreso_Amazon_SVQ1,0,102.74,95.05,416.5607734732616,223,Amazon_SVQ1,Zona_0
224,1,Inicio_Amazon_SVQ1,0,0.0,35.0,35.0,224,Amazon_SVQ1,Zona_0
224,2,1103501,58,194.43,135.29,344.28999999999996,224,Amazon_SVQ1,Zona_0
224,3,Regreso_Amazon_SVQ1,0,194.43,135.29,479.5799999999999,224,Amazon_SVQ1,Zona_0
225,1,Inicio_Amazon_SVQ1,0,0.0,35.0,35.0,225,Amazon_SVQ1,Zona_0
225,2,1103501,58,194.43,135.29,344.28999999999996,225,Amazon_SVQ1,Zona_0
225,3,Regreso_Amazon_SVQ1,0,194.43,135.29,479.5799999999999,225,Amazon_SVQ1,Zona_0
226,1,Inicio_Amazon_SVQ1,0,0.0,35.0,35.0,226,Amazon_SVQ1,Zona_0
226,2,1103501,19,194.43,135.29,227.29,226,Amazon_SVQ1,Zona_0
226,3,1103502,32,6.688065894531649,8.025679073437978,331.315679073438,226,Amazon_SVQ1,Zona_0
226,4,Regreso_Amazon_SVQ1,0,196.9,148.05,479.365679073438,226,Amazon_SVQ1,Zona_0
227,1,Inicio_Amazon_SVQ1,0,0.0,35.0,35.0,227,Amazon_SVQ1,Zona_0
227,2,1103502,7,196.9,148.05,204.05,227,Amazon_SVQ1,Zona_0
227,3,Regreso_Amazon_SVQ1,0,196.9,148.05,352.1,227,Amazon_SVQ1,Zona_0
228,1,Inicio_DQA4,0,0.0,35.0,35.0,228,DQA4,Zona_1
228,2,1400101,32,176.9,128.02,259.02,228,DQA4,Zona_1
228,3,1405001,15,7.059308086572126,8.47116970388655,312.49116970388656,228,DQA4,Zona_1
228,4,1405002,11,3.4887755153949525,4.1865306184739435,349.6777003223605,228,DQA4,Zona_1
228,5,1401802,1,5.378410434597099,6.454092521516519,359.13179284387707,228,DQA4,Zona_1
228,6,Regreso_DQA4,0,169.92,118.45,477.58179284387705,228,DQA4,Zona_1
229,1,Inicio_DQA4,0,0.0,35.0,35.0,229,DQA4,Zona_1
229,2,1400301,13,211.48,158.61,232.61,229,DQA4,Zona_1
229,3,1400601,15,6.837552013721063,8.205062416465275,285.8150624164653,229,DQA4,Zona_1
229,4,1405402,7,5.790069790649425,6.94808374877931,313.7631461652446,229,DQA4,Zona_1
229,5,1406801,1,26.519530531555766,31.823436637866923,348.5865828031115,229,DQA4,Zona_1
229,6,Regreso_DQA4,0,179.6,129.96,478.5465828031115,229,DQA4,Zona_1
230,1,Inicio_DQA4,0,0.0,35.0,35.0,230,DQA4,Zona_1
230,2,1400501,65,115.92,116.05,346.05,230,DQA4,Zona_1
230,3,1403301,7,7.580702989000205,9.096843586800246,376.1468435868003,230,DQA4,Zona_1
230,4,1401703,4,6.498841588865975,7.79860990663917,395.94545349343946,230,DQA4,Zona_1
230,5,Regreso_DQA4,0,116.73,82.21,478.15545349343944,230,DQA4,Zona_1
231,1,Inicio_DQA4,0,0.0,35.0,35.0,231,DQA4,Zona_1
231,2,1400702,11,177.74,139.02,207.02,231,DQA4,Zona_1
231,3,1402202,11,7.308667129593684,8.77040055551242,248.79040055551243,231,DQA4,Zona_1
231,4,1400705,8,16.842497088227336,20.210996505872806,293.00139706138526,231,DQA4,Zona_1
231,5,1406301,7,11.096525449974335,13.315830539969202,327.3172276013545,231,DQA4,Zona_1
231,6,Regreso_DQA4,0,202.72,152.04,479.35722760135445,231,DQA4,Zona_1
232,1,Inicio_DQA4,0,0.0,35.0,35.0,232,DQA4,Zona_1
232,2,1400801,5,243.88,182.91,232.91,232,DQA4,Zona_1
232,3,1400804,8,0.4757664824284305,0.5709197789141166,257.4809197789141,232,DQA4,Zona_1
232,4,1400802,6,0.5503246031476925,0.660389523777231,276.1413093026913,232,DQA4,Zona_1
232,5,1400803,5,2.092404298104657,2.5108851577255886,293.65219446041687,232,DQA4,Zona_1
232,6,Regreso_DQA4,0,245.77,184.33,477.98219446041685,232,DQA4,Zona_1
233,1,Inicio_DQA4,0,0.0,35.0,35.0,233,DQA4,Zona_1
233,2,1400901,10,212.45,153.57,218.57,233,DQA4,Zona_1
233,3,1400902,6,0.32648764122173635,0.3917851694660836,236.96178516946608,233,DQA4,Zona_1
233,4,1400903,7,2.1591918249451125,2.591030189934135,260.5528153594002,233,DQA4,Zona_1
233,5,1405202,17,7.623724565423459,9.14846947850815,320.70128483790836,233,DQA4,Zona_1
233,6,1405203,2,1.9449104917783275,2.333892590133993,329.03517742804235,233,DQA4,Zona_1
233,7,Regreso_DQA4,0,198.29,149.52,478.5551774280424,233,DQA4,Zona_1
234,1,Inicio_DQA4,0,0.0,35.0,35.0,234,DQA4,Zona_1
234,2,1401101,5,202.69,152.02,202.02,234,DQA4,Zona_1
234,3,1406401,3,7.861980049568664,9.434376059482396,220.4543760594824,234,DQA4,Zona_1
234,4,1403201,3,11.438359712153966,13.726031654584759,243.18040771406714,234,DQA4,Zona_1
234,5,1405204,2,7.237467271209646,8.684960725451576,257.8653684395187,234,DQA4,Zona_1
234,6,1405203,17,1.286491212070788,1.5437894544849455,310.40915789400367,234,DQA4,Zona_1
234,7,1405202,3,1.9449104917783275,2.333892590133993,321.74305048413765,234,DQA4,Zona_1
234,8,1405201,1,2.356478377011624,2.827774052413949,327.5708245365516,234,DQA4,Zona_1
234,9,4105502,1,72.5624284136659,87.07491409639908,417.64573863295067,234,DQA4,Zona_1
234,10,Regreso_DQA4,0,63.66,60.28,477.9257386329507,234,DQA4,Zona_1
235,1,Inicio_DQA4,0,0.0,35.0,35.0,235,DQA4,Zona_1
235,2,1401201,16,182.46,130.98,213.98,235,DQA4,Zona_1
235,3,1401204,13,0.5813852595072171,0.6976623114086605,253.67766231140865,235,DQA4,Zona_1
235,4,1401202,14,1.0009510300142717,1.201141236017126,296.8788035474258,235,DQA4,Zona_1
235,5,1401203,13,3.958684289608914,4.750421147530696,340.62922469495646,235,DQA4,Zona_1
235,6,1401801,3,8.932123325425353,10.718547990510425,360.3477726854669,235,DQA4,Zona_1
235,7,Regreso_DQA4,0,170.22,119.47,479.81777268546693,235,DQA4,Zona_1
236,1,Inicio_DQA4,0,0.0,35.0,35.0,236,DQA4,Zona_1
236,2,1401203,2,181.03,136.87,177.87,236,DQA4,Zona_1
236,3,1401801,8,8.932123325425353,10.718547990510425,212.58854799051042,236,DQA4,Zona_1
236,4,1401802,28,0.5936594953920697,0.7123913944704837,297.3009393849809,236,DQA4,Zona_1
236,5,1406701,19,4.5532262444244465,5.463871493309336,359.76481087829023,236,DQA4,Zona_1
236,6,Regreso_DQA4,0,167.51,117.63,477.39481087829023,236,DQA4,Zona_1
237,1,Inicio_DQA4,0,0.0,35.0,35.0,237,DQA4,Zona_1
237,2,1401401,11,194.04,143.75,211.75,237,DQA4,Zona_1
237,3,1401402,11,8.128639943557367,9.75436793226884,254.50436793226885,237,DQA4,Zona_1
237,4,1406602,23,17.30159166930575,20.7619100031669,344.26627793543577,237,DQA4,Zona_1
237,5,Regreso_DQA4,0,194.61,135.68,479.9462779354358,237,DQA4,Zona_1
238,1,Inicio_DQA4,0,0.0,35.0,35.0,238,DQA4,Zona_1
238,2,1401601,11,222.11,155.15,223.15,238,DQA4,Zona_1
238,3,1402001,3,17.872215080784084,21.4466580969409,253.5966580969409,238,DQA4,Zona_1
238,4,1406904,10,11.404128605728188,13.684954326873825,297.28161242381475,238,DQA4,Zona_1
238,5,1406901,4,6.278207082311757,7.533848498774108,316.81546092258884,238,DQA4,Zona_1
238,6,Regreso_DQA4,0,217.11,162.83,479.6454609225889,238,DQA4,Zona_1
239,1,Inicio_DQA4,0,0.0,35.0,35.0,239,DQA4,Zona_1
239,2,1401701,87,112.98,79.93,375.93,239,DQA4,Zona_1
239,3,1401702,6,3.36281701128773,4.035380413545276,397.9653804135453,239,DQA4,Zona_1
239,4,Regreso_DQA4,0,110.61,80.41,478.37538041354526,239,DQA4,Zona_1
240,1,Inicio_DQA4,0,0.0,35.0,35.0,240,DQA4,Zona_1
240,2,1401702,16,110.61,80.41,163.41,240,DQA4,Zona_1
240,3,1490201,11,5.990114582593417,7.1881374991121,203.5981374991121,240,DQA4,Zona_1
240,4,1405901,8,5.620748616117295,6.744898339340754,234.34303583845286,240,DQA4,Zona_1
240,5,1405701,47,1.3522658536283885,1.6227190243540663,376.96575486280693,240,DQA4,Zona_1
240,6,1406501,1,4.8462570060695604,5.815508407283472,385.7812632700904,240,DQA4,Zona_1
240,7,Regreso_DQA4,0,124.19,91.36,477.1412632700904,240,DQA4,Zona_1
241,1,Inicio_DQA4,0,0.0,35.0,35.0,241,DQA4,Zona_1
241,2,1401703,10,116.73,82.21,147.20999999999998,241,DQA4,Zona_1
241,3,1403301,7,6.498841588865975,7.79860990663917,176.00860990663915,241,DQA4,Zona_1
241,4,1406501,20,12.108476108383863,14.530171330060636,250.53878123669978,241,DQA4,Zona_1
241,5,1405701,18,4.8462570060695604,5.815508407283472,310.35428964398324,241,DQA4,Zona_1
241,6,1402701,20,7.90039928356968,9.480479140283617,379.8347687842669,241,DQA4,Zona_1
241,7,Regreso_DQA4,0,142.16,99.97,479.8047687842669,241,DQA4,Zona_1
242,1,Inicio_DQA4,0,0.0,35.0,35.0,242,DQA4,Zona_1
242,2,1401901,9,159.86,125.74,187.74,242,DQA4,Zona_1
242,3,1401904,18,0.3677241040319719,0.4412689248383663,242.18126892483838,242,DQA4,Zona_1
242,4,1401902,15,0.4296080807219491,0.5155296968663389,287.6967986217047,242,DQA4,Zona_1
242,5,1401905,9,0.7287059990791322,0.8744471988949587,315.5712458205997,242,DQA4,Zona_1
242,6,1401903,11,1.2994687208987337,1.5593624650784805,350.1306082856782,242,DQA4,Zona_1
242,7,1402503,1,8.429233467858635,10.115080161430361,363.24568844710853,242,DQA4,Zona_1
242,8,Regreso_DQA4,0,149.68,116.67,479.91568844710855,242,DQA4,Zona_1
243,1,Inicio_DQA4,0,0.0,35.0,35.0,243,DQA4,Zona_1
243,2,1402101,77,145.61,105.54,371.54,243,DQA4,Zona_1
243,3,1402102,1,0.4597109130106317,0.5516530956127581,375.0916530956128,243,DQA4,Zona_1
243,4,Regreso_DQA4,0,144.96,104.07,479.1616530956128,243,DQA4,Zona_1
244,1,Inicio_DQA4,0,0.0,35.0,35.0,244,DQA4,Zona_1
244,2,1402101,77,145.61,105.54,371.54,244,DQA4,Zona_1
244,3,1402102,1,0.4597109130106317,0.5516530956127581,375.0916530956128,244,DQA4,Zona_1
244,4,Regreso_DQA4,0,144.96,104.07,479.1616530956128,244,DQA4,Zona_1
245,1,Inicio_DQA4,0,0.0,35.0,35.0,245,DQA4,Zona_1
245,2,1402101,77,145.61,105.54,371.54,245,DQA4,Zona_1
245,3,1402102,1,0.4597109130106317,0.5516530956127581,375.0916530956128,245,DQA4,Zona_1
245,4,Regreso_DQA4,0,144.96,104.07,479.1616530956128,245,DQA4,Zona_1
246,1,Inicio_DQA4,0,0.0,35.0,35.0,246,DQA4,Zona_1
246,2,1402101,77,145.61,105.54,371.54,246,DQA4,Zona_1
246,3,1402102,1,0.4597109130106317,0.5516530956127581,375.0916530956128,246,DQA4,Zona_1
246,4,Regreso_DQA4,0,144.96,104.07,479.1616530956128,246,DQA4,Zona_1
247,1,Inicio_DQA4,0,0.0,35.0,35.0,247,DQA4,Zona_1
247,2,1402101,77,145.61,105.54,371.54,247,DQA4,Zona_1
247,3,1402102,1,0.4597109130106317,0.5516530956127581,375.0916530956128,247,DQA4,Zona_1
247,4,Regreso_DQA4,0,144.96,104.07,479.1616530956128,247,DQA4,Zona_1
248,1,Inicio_DQA4,0,0.0,35.0,35.0,248,DQA4,Zona_1
248,2,1402101,69,145.61,105.54,347.54,248,DQA4,Zona_1
248,3,1402103,8,0.39891101657701344,0.4786932198924161,372.01869321989244,248,DQA4,Zona_1
248,4,1402102,1,0.5488638832487474,0.6586366598984968,375.67732987979093,248,DQA4,Zona_1
248,5,Regreso_DQA4,0,144.96,104.07,479.7473298797909,248,DQA4,Zona_1
249,1,Inicio_DQA4,0,0.0,35.0,35.0,249,DQA4,Zona_1
249,2,1402102,78,144.96,104.07,373.07,249,DQA4,Zona_1
249,3,1402105,1,0.7277755844707563,0.8733307013649075,376.9433307013649,249,DQA4,Zona_1
249,4,Regreso_DQA4,0,144.26,102.39,479.3333307013649,249,DQA4,Zona_1
250,1,Inicio_DQA4,0,0.0,35.0,35.0,250,DQA4,Zona_1
250,2,1402102,78,144.96,104.07,373.07,250,DQA4,Zona_1
250,3,1402105,1,0.7277755844707563,0.8733307013649075,376.9433307013649,250,DQA4,Zona_1
250,4,Regreso_DQA4,0,144.26,102.39,479.3333307013649,250,DQA4,Zona_1
251,1,Inicio_DQA4,0,0.0,35.0,35.0,251,DQA4,Zona_1
251,2,1402102,78,144.96,104.07,373.07,251,DQA4,Zona_1
251,3,1402105,1,0.7277755844707563,0.8733307013649075,376.9433307013649,251,DQA4,Zona_1
251,4,Regreso_DQA4,0,144.26,102.39,479.3333307013649,251,DQA4,Zona_1
252,1,Inicio_DQA4,0,0.0,35.0,35.0,252,DQA4,Zona_1
252,2,1402102,78,144.96,104.07,373.07,252,DQA4,Zona_1
252,3,1402105,1,0.7277755844707563,0.8733307013649075,376.9433307013649,252,DQA4,Zona_1
252,4,Regreso_DQA4,0,144.26,102.39,479.3333307013649,252,DQA4,Zona_1
253,1,Inicio_DQA4,0,0.0,35.0,35.0,253,DQA4,Zona_1
253,2,1402102,78,144.96,104.07,373.07,253,DQA4,Zona_1
253,3,1402105,1,0.7277755844707563,0.8733307013649075,376.9433307013649,253,DQA4,Zona_1
253,4,Regreso_DQA4,0,144.26,102.39,479.3333307013649,253,DQA4,Zona_1
254,1,Inicio_DQA4,0,0.0,35.0,35.0,254,DQA4,Zona_1
254,2,1402102,78,144.96,104.07,373.07,254,DQA4,Zona_1
254,3,1402105,1,0.7277755844707563,0.8733307013649075,376.9433307013649,254,DQA4,Zona_1
254,4,Regreso_DQA4,0,144.26,102.39,479.3333307013649,254,DQA4,Zona_1
255,1,Inicio_DQA4,0,0.0,35.0,35.0,255,DQA4,Zona_1
255,2,1402102,3,144.96,104.07,148.07,255,DQA4,Zona_1
255,3,1402104,57,0.5127857683148918,0.6153429219778701,319.68534292197785,255,DQA4,Zona_1
255,4,1402105,19,0.23880068368274085,0.286560820419289,376.97190374239716,255,DQA4,Zona_1
255,5,Regreso_DQA4,0,144.26,102.39,479.36190374239715,255,DQA4,Zona_1
256,1,Inicio_DQA4,0,0.0,35.0,35.0,256,DQA4,Zona_1
256,2,1402103,25,145.37,106.1,216.1,256,DQA4,Zona_1
256,3,1402108,38,0.2927644824015422,0.35131737888185066,330.45131737888187,256,DQA4,Zona_1
256,4,1402107,14,0.39542133411580865,0.47450560093897043,372.92582297982085,256,DQA4,Zona_1
256,5,1402110,1,0.6553581038513013,0.7864297246215616,376.7122527044424,256,DQA4,Zona_1
256,6,Regreso_DQA4,0,144.24,103.03,479.7422527044424,256,DQA4,Zona_1
257,1,Inicio_DQA4,0,0.0,35.0,35.0,257,DQA4,Zona_1
257,2,1402105,80,144.26,102.39,377.39,257,DQA4,Zona_1
257,3,Regreso_DQA4,0,144.26,102.39,479.78,257,DQA4,Zona_1
258,1,Inicio_DQA4,0,0.0,35.0,35.0,258,DQA4,Zona_1
258,2,1402105,80,144.26,102.39,377.39,258,DQA4,Zona_1
258,3,Regreso_DQA4,0,144.26,102.39,479.78,258,DQA4,Zona_1
259,1,Inicio_DQA4,0,0.0,35.0,35.0,259,DQA4,Zona_1
259,2,1402105,80,144.26,102.39,377.39,259,DQA4,Zona_1
259,3,Regreso_DQA4,0,144.26,102.39,479.78,259,DQA4,Zona_1
260,1,Inicio_DQA4,0,0.0,35.0,35.0,260,DQA4,Zona_1
260,2,1402105,18,144.26,102.39,191.39,260,DQA4,Zona_1
260,3,1402107,50,0.852351890281904,1.0228222683382846,342.41282226833823,260,DQA4,Zona_1
260,4,1402106,10,0.2962067131267151,0.3554480557520581,372.7682703240903,260,DQA4,Zona_1
260,5,1402110,1,0.46829010257786824,0.5619481230934419,376.3302184471837,260,DQA4,Zona_1
260,6,Regreso_DQA4,0,144.24,103.03,479.3602184471837,260,DQA4,Zona_1
261,1,Inicio_DQA4,0,0.0,35.0,35.0,261,DQA4,Zona_1
261,2,1402106,78,145.12,105.11,374.11,261,DQA4,Zona_1
261,3,Regreso_DQA4,0,145.12,105.11,479.22,261,DQA4,Zona_1
262,1,Inicio_DQA4,0,0.0,35.0,35.0,262,DQA4,Zona_1
262,2,1402106,78,145.12,105.11,374.11,262,DQA4,Zona_1
262,3,Regreso_DQA4,0,145.12,105.11,479.22,262,DQA4,Zona_1
263,1,Inicio_DQA4,0,0.0,35.0,35.0,263,DQA4,Zona_1
263,2,1402106,78,145.12,105.11,374.11,263,DQA4,Zona_1
263,3,Regreso_DQA4,0,145.12,105.11,479.22,263,DQA4,Zona_1
264,1,Inicio_DQA4,0,0.0,35.0,35.0,264,DQA4,Zona_1
264,2,1402106,78,145.12,105.11,374.11,264,DQA4,Zona_1
264,3,Regreso_DQA4,0,145.12,105.11,479.22,264,DQA4,Zona_1
265,1,Inicio_DQA4,0,0.0,35.0,35.0,265,DQA4,Zona_1
265,2,1402106,78,145.12,105.11,374.11,265,DQA4,Zona_1
265,3,Regreso_DQA4,0,145.12,105.11,479.22,265,DQA4,Zona_1
266,1,Inicio_DQA4,0,0.0,35.0,35.0,266,DQA4,Zona_1
266,2,1402106,78,145.12,105.11,374.11,266,DQA4,Zona_1
266,3,Regreso_DQA4,0,145.12,105.11,479.22,266,DQA4,Zona_1
267,1,Inicio_DQA4,0,0.0,35.0,35.0,267,DQA4,Zona_1
267,2,1402106,78,145.12,105.11,374.11,267,DQA4,Zona_1
267,3,Regreso_DQA4,0,145.12,105.11,479.22,267,DQA4,Zona_1
268,1,Inicio_DQA4,0,0.0,35.0,35.0,268,DQA4,Zona_1
268,2,1402106,78,145.12,105.11,374.11,268,DQA4,Zona_1
268,3,Regreso_DQA4,0,145.12,105.11,479.22,268,DQA4,Zona_1
269,1,Inicio_DQA4,0,0.0,35.0,35.0,269,DQA4,Zona_1
269,2,1402106,78,145.12,105.11,374.11,269,DQA4,Zona_1
269,3,Regreso_DQA4,0,145.12,105.11,479.22,269,DQA4,Zona_1
270,1,Inicio_DQA4,0,0.0,35.0,35.0,270,DQA4,Zona_1
270,2,1402106,78,145.12,105.11,374.11,270,DQA4,Zona_1
270,3,Regreso_DQA4,0,145.12,105.11,479.22,270,DQA4,Zona_1
271,1,Inicio_DQA4,0,0.0,35.0,35.0,271,DQA4,Zona_1
271,2,1402106,61,145.12,105.11,323.11,271,DQA4,Zona_1
271,3,1402110,17,0.46829010257786824,0.5619481230934419,374.67194812309344,271,DQA4,Zona_1
271,4,Regreso_DQA4,0,144.24,103.03,477.7019481230934,271,DQA4,Zona_1
272,1,Inicio_DQA4,0,0.0,35.0,35.0,272,DQA4,Zona_1
272,2,1402109,78,143.8,104.08,373.08,272,DQA4,Zona_1
272,3,1402110,1,0.5967552193831763,0.7161062632598116,376.7961062632598,272,DQA4,Zona_1
272,4,Regreso_DQA4,0,144.24,103.03,479.8261062632598,272,DQA4,Zona_1
273,1,Inicio_DQA4,0,0.0,35.0,35.0,273,DQA4,Zona_1
273,2,1402109,78,143.8,104.08,373.08,273,DQA4,Zona_1
273,3,1402110,1,0.5967552193831763,0.7161062632598116,376.7961062632598,273,DQA4,Zona_1
273,4,Regreso_DQA4,0,144.24,103.03,479.8261062632598,273,DQA4,Zona_1
274,1,Inicio_DQA4,0,0.0,35.0,35.0,274,DQA4,Zona_1
274,2,1402109,78,143.8,104.08,373.08,274,DQA4,Zona_1
274,3,1402110,1,0.5967552193831763,0.7161062632598116,376.7961062632598,274,DQA4,Zona_1
274,4,Regreso_DQA4,0,144.24,103.03,479.8261062632598,274,DQA4,Zona_1
275,1,Inicio_DQA4,0,0.0,35.0,35.0,275,DQA4,Zona_1
275,2,1402109,78,143.8,104.08,373.08,275,DQA4,Zona_1
275,3,1402110,1,0.5967552193831763,0.7161062632598116,376.7961062632598,275,DQA4,Zona_1
275,4,Regreso_DQA4,0,144.24,103.03,479.8261062632598,275,DQA4,Zona_1
276,1,Inicio_DQA4,0,0.0,35.0,35.0,276,DQA4,Zona_1
276,2,1402109,2,143.8,104.08,145.07999999999998,276,DQA4,Zona_1
276,3,1402110,77,0.5967552193831763,0.7161062632598116,376.7961062632598,276,DQA4,Zona_1
276,4,Regreso_DQA4,0,144.24,103.03,479.8261062632598,276,DQA4,Zona_1
277,1,Inicio_DQA4,0,0.0,35.0,35.0,277,DQA4,Zona_1
277,2,1402110,79,144.24,103.03,375.03,277,DQA4,Zona_1
277,3,Regreso_DQA4,0,144.24,103.03,478.05999999999995,277,DQA4,Zona_1
278,1,Inicio_DQA4,0,0.0,35.0,35.0,278,DQA4,Zona_1
278,2,1402110,79,144.24,103.03,375.03,278,DQA4,Zona_1
278,3,Regreso_DQA4,0,144.24,103.03,478.05999999999995,278,DQA4,Zona_1
279,1,Inicio_DQA4,0,0.0,35.0,35.0,279,DQA4,Zona_1
279,2,1402110,79,144.24,103.03,375.03,279,DQA4,Zona_1
279,3,Regreso_DQA4,0,144.24,103.03,478.05999999999995,279,DQA4,Zona_1
280,1,Inicio_DQA4,0,0.0,35.0,35.0,280,DQA4,Zona_1
280,2,1402110,79,144.24,103.03,375.03,280,DQA4,Zona_1
280,3,Regreso_DQA4,0,144.24,103.03,478.05999999999995,280,DQA4,Zona_1
281,1,Inicio_DQA4,0,0.0,35.0,35.0,281,DQA4,Zona_1
281,2,1402110,79,144.24,103.03,375.03,281,DQA4,Zona_1
281,3,Regreso_DQA4,0,144.24,103.03,478.05999999999995,281,DQA4,Zona_1
282,1,Inicio_DQA4,0,0.0,35.0,35.0,282,DQA4,Zona_1
282,2,1402110,79,144.24,103.03,375.03,282,DQA4,Zona_1
282,3,Regreso_DQA4,0,144.24,103.03,478.05999999999995,282,DQA4,Zona_1
283,1,Inicio_DQA4,0,0.0,35.0,35.0,283,DQA4,Zona_1
283,2,1402110,28,144.24,103.03,222.03,283,DQA4,Zona_1
283,3,1406702,19,20.941119870598868,25.12934384471864,304.15934384471865,283,DQA4,Zona_1
283,4,1406701,8,2.369495751123362,2.843394901348034,331.0027387460667,283,DQA4,Zona_1
283,5,1402701,1,36.14952630741309,43.379431568895704,377.3821703149624,283,DQA4,Zona_1
283,6,Regreso_DQA4,0,142.16,99.97,477.35217031496245,283,DQA4,Zona_1
284,1,Inicio_DQA4,0,0.0,35.0,35.0,284,DQA4,Zona_1
284,2,1402301,13,229.21,171.91,245.91,284,DQA4,Zona_1
284,3,1402302,9,5.770503782094085,6.924604538512902,279.8346045385129,284,DQA4,Zona_1
284,4,1405403,9,6.2216660045137635,7.465999205416517,314.3006037439294,284,DQA4,Zona_1
284,5,Regreso_DQA4,0,220.2,165.15,479.4506037439294,284,DQA4,Zona_1
285,1,Inicio_DQA4,0,0.0,35.0,35.0,285,DQA4,Zona_1
285,2,1402501,9,155.58,131.07,193.07,285,DQA4,Zona_1
285,3,1402502,7,2.24925300201014,2.699103602412168,216.76910360241217,285,DQA4,Zona_1
285,4,1402503,9,3.1324813167509413,3.75897758010113,247.5280811825133,285,DQA4,Zona_1
285,5,1404102,17,7.448725217193776,8.938470260632531,307.4665514431458,285,DQA4,Zona_1
285,6,1404101,16,5.394079805700058,6.47289576684007,361.9394472099859,285,DQA4,Zona_1
285,7,1402701,5,2.5645009223000454,3.0774011067600546,380.01684831674595,285,DQA4,Zona_1
285,8,Regreso_DQA4,0,142.16,99.97,479.986848316746,285,DQA4,Zona_1
286,1,Inicio_DQA4,0,0.0,35.0,35.0,286,DQA4,Zona_1
286,2,1402601,7,191.17,137.67,193.67,286,DQA4,Zona_1
286,3,1402603,8,0.4340202985842882,0.5208243583011458,218.19082435830114,286,DQA4,Zona_1
286,4,1402602,6,7.732700243144562,9.279240291773474,245.47006465007462,286,DQA4,Zona_1
286,5,1407101,8,9.938691409356906,11.926429691228288,281.3964943413029,286,DQA4,Zona_1
286,6,1402904,7,15.414230507315132,18.49707660877816,320.8935709500811,286,DQA4,Zona_1
286,7,1402902,1,6.524285377357315,7.829142452828778,331.72271340290985,286,DQA4,Zona_1
286,8,4105503,2,67.10555119802873,80.52666143763449,418.2493748405443,286,DQA4,Zona_1
286,9,Regreso_DQA4,0,64.12,60.42,478.6693748405443,286,DQA4,Zona_1
287,1,Inicio_DQA4,0,0.0,35.0,35.0,287,DQA4,Zona_1
287,2,1490101,9,144.24,108.76,170.76,287,DQA4,Zona_1
287,3,1402701,18,1.8154313817937067,2.178517658152448,226.93851765815245,287,DQA4,Zona_1
287,4,1402702,29,2.937895779990851,3.5254749359890214,317.4639925941415,287,DQA4,Zona_1
287,5,1404002,16,12.88031413053718,15.456376956644615,380.92036955078606,287,DQA4,Zona_1
287,6,Regreso_DQA4,0,126.5,97.29,478.2103695507861,287,DQA4,Zona_1
288,1,Inicio_DQA4,0,0.0,35.0,35.0,288,DQA4,Zona_1
288,2,1402703,17,112.14,91.0,177.0,288,DQA4,Zona_1
288,3,1403001,66,4.3257882266774255,5.19094587201291,380.1909458720129,288,DQA4,Zona_1
288,4,4103902,3,16.98645148570141,20.383741782841692,409.5746876548546,288,DQA4,Zona_1
288,5,Regreso_DQA4,0,93.16,69.15,478.7246876548546,288,DQA4,Zona_1
289,1,Inicio_DQA4,0,0.0,35.0,35.0,289,DQA4,Zona_1
289,2,1402801,3,222.64,164.55,208.55,289,DQA4,Zona_1
289,3,1407002,5,3.2257147896102167,3.8708577475322596,227.42085774753227,289,DQA4,Zona_1
289,4,1407001,6,7.003666074233387,8.404399289080065,253.82525703661233,289,DQA4,Zona_1
289,5,1407201,8,14.193005049333292,17.03160605919995,294.8568630958123,289,DQA4,Zona_1
289,6,1407402,6,3.1932524646300484,3.831902957556058,316.68876605336834,289,DQA4,Zona_1
289,7,Regreso_DQA4,0,225.12,162.0,478.68876605336834,289,DQA4,Zona_1
290,1,Inicio_DQA4,0,0.0,35.0,35.0,290,DQA4,Zona_1
290,2,1402901,8,189.01,146.8,205.8,290,DQA4,Zona_1
290,3,1402903,6,6.876544855519596,8.251853826623513,232.05185382662353,290,DQA4,Zona_1
290,4,1402902,9,9.554360368300669,11.465232441960802,270.5170862685843,290,DQA4,Zona_1
290,5,1405201,15,11.417044364359029,13.700453237230835,329.2175395058151,290,DQA4,Zona_1
290,6,4105502,1,72.5624284136659,87.07491409639908,419.2924536022142,290,DQA4,Zona_1
290,7,Regreso_DQA4,0,63.66,60.28,479.5724536022142,290,DQA4,Zona_1
291,1,Inicio_DQA4,0,0.0,35.0,35.0,291,DQA4,Zona_1
291,2,1403001,5,117.28,98.72,148.72,291,DQA4,Zona_1
291,3,1403002,13,5.090265837899673,6.108319005479607,193.8283190054796,291,DQA4,Zona_1
291,4,4103902,47,12.108144377448674,14.52977325293841,349.358092258418,291,DQA4,Zona_1
291,5,4103901,20,0.7822865377214376,0.9387438452657251,410.29683610368375,291,DQA4,Zona_1
291,6,Regreso_DQA4,0,92.43,68.15,478.4468361036837,291,DQA4,Zona_1
292,1,Inicio_DQA4,0,0.0,35.0,35.0,292,DQA4,Zona_1
292,2,1403401,3,240.1,180.07,224.07,292,DQA4,Zona_1
292,3,1406201,8,9.532686845971448,11.439224215165737,259.5092242151657,292,DQA4,Zona_1
292,4,1406202,1,3.1138716280594654,3.7366459536713585,266.2458701688371,292,DQA4,Zona_1
292,5,1405101,7,9.19168462785003,11.030021553420037,298.27589172225714,292,DQA4,Zona_1
292,6,1405402,1,12.068804958143346,14.482565949772015,315.7584576720292,292,DQA4,Zona_1
292,7,Regreso_DQA4,0,219.15,164.16,479.91845767202915,292,DQA4,Zona_1
293,1,Inicio_DQA4,0,0.0,35.0,35.0,293,DQA4,Zona_1
293,2,1403501,7,220.0,165.0,221.0,293,DQA4,Zona_1
293,3,1403502,4,9.527178457974228,11.432614149569073,244.43261414956908,293,DQA4,Zona_1
293,4,1403503,19,0.3995714614274178,0.4794857537129013,301.91209990328196,293,DQA4,Zona_1
293,5,Regreso_DQA4,0,234.74,176.06,477.97209990328196,293,DQA4,Zona_1
294,1,Inicio_DQA4,0,0.0,35.0,35.0,294,DQA4,Zona_1
294,2,1403503,5,234.74,176.06,226.06,294,DQA4,Zona_1
294,3,1403504,13,6.790704513936494,8.148845416723793,273.2088454167238,294,DQA4,Zona_1
294,4,1407402,3,9.835526568981125,11.80263188277735,294.01147729950117,294,DQA4,Zona_1
294,5,1405403,1,13.92484013687307,16.709808164247686,313.72128546374887,294,DQA4,Zona_1
294,6,1406801,1,27.383666479936338,32.860399775923604,349.5816852396725,294,DQA4,Zona_1
294,7,Regreso_DQA4,0,179.6,129.96,479.54168523967246,294,DQA4,Zona_1
295,1,Inicio_DQA4,0,0.0,35.0,35.0,295,DQA4,Zona_1
295,2,1403601,16,99.3,102.34,185.34,295,DQA4,Zona_1
295,3,1403602,22,0.6606976138985836,0.7928371366783004,252.1328371366783,295,DQA4,Zona_1
295,4,1405302,30,11.554941336745584,13.865929604094699,355.998766740773,295,DQA4,Zona_1
295,5,1405301,4,4.018732034492891,4.822478441391469,372.8212451821645,295,DQA4,Zona_1
295,6,4103901,1,29.01601706377326,34.81922047652791,410.6404656586924,295,DQA4,Zona_1
295,7,Regreso_DQA4,0,92.43,68.15,478.79046565869237,295,DQA4,Zona_1
296,1,Inicio_DQA4,0,0.0,35.0,35.0,296,DQA4,Zona_1
296,2,1404001,16,125.73,99.93,182.93,296,DQA4,Zona_1
296,3,1404002,5,1.3556159747882996,1.6267391697459597,199.55673916974598,296,DQA4,Zona_1
296,4,1406002,26,8.545441853958227,10.254530224749873,287.81126939449587,296,DQA4,Zona_1
296,5,1406001,13,3.3037254753569982,3.9644705704283973,330.77573996492424,296,DQA4,Zona_1
296,6,1404203,5,19.43275295394387,23.31930354473264,369.0950435096569,296,DQA4,Zona_1
296,7,Regreso_DQA4,0,139.51,108.15,477.24504350965685,296,DQA4,Zona_1
297,1,Inicio_DQA4,0,0.0,35.0,35.0,297,DQA4,Zona_1
297,2,1404201,23,139.75,108.35,212.35,297,DQA4,Zona_1
297,3,1404203,53,0.26003163723614847,0.31203796468337813,371.66203796468335,297,DQA4,Zona_1
297,4,Regreso_DQA4,0,139.51,108.15,479.8120379646833,297,DQA4,Zona_1
298,1,Inicio_DQA4,0,0.0,35.0,35.0,298,DQA4,Zona_1
298,2,1404202,40,140.08,108.83,263.83,298,DQA4,Zona_1
298,3,1404204,35,0.2784445520690648,0.3341334624828778,369.1641334624829,298,DQA4,Zona_1
298,4,Regreso_DQA4,0,140.41,109.4,478.5641334624829,298,DQA4,Zona_1
299,1,Inicio_DQA4,0,0.0,35.0,35.0,299,DQA4,Zona_1
299,2,1404203,10,139.51,108.15,173.15,299,DQA4,Zona_1
299,3,1404204,17,0.7738448114651776,0.9286137737582132,225.0786137737582,299,DQA4,Zona_1
299,4,4103905,29,38.95696123150876,46.74835347781051,358.8269672515687,299,DQA4,Zona_1
299,5,4103901,17,0.33120996778448547,0.39745196134138255,410.2244192129101,299,DQA4,Zona_1
299,6,Regreso_DQA4,0,92.43,68.15,478.3744192129101,299,DQA4,Zona_1
300,1,Inicio_DQA4,0,0.0,35.0,35.0,300,DQA4,Zona_1
300,2,1404301,14,185.65,130.89,207.89,300,DQA4,Zona_1
300,3,1404303,13,0.2512038711133238,0.3014446453359886,247.191444645336,300,DQA4,Zona_1
300,4,1406601,29,7.228350465615168,8.674020558738201,342.8654652040742,300,DQA4,Zona_1
300,5,Regreso_DQA4,0,193.11,136.16,479.0254652040742,300,DQA4,Zona_1
301,1,Inicio_DQA4,0,0.0,35.0,35.0,301,DQA4,Zona_1
301,2,1404302,9,208.74,154.49,216.49,301,DQA4,Zona_1
301,3,1406601,1,12.565958983876763,15.079150780652116,234.56915078065214,301,DQA4,Zona_1
301,4,1406602,2,3.9215161396118257,4.705819367534191,245.27497014818633,301,DQA4,Zona_1
301,5,1404304,15,23.43386110403658,28.120633324843894,318.39560347303023,301,DQA4,Zona_1
301,6,Regreso_DQA4,0,214.66,161.0,479.39560347303023,301,DQA4,Zona_1
302,1,Inicio_DQA4,0,0.0,35.0,35.0,302,DQA4,Zona_1
302,2,1404304,26,214.66,161.0,274.0,302,DQA4,Zona_1
302,3,1406903,5,18.911911716653627,22.69429405998435,311.6942940599844,302,DQA4,Zona_1
302,4,1404701,1,16.830079251867982,20.19609510224158,334.890389162226,302,DQA4,Zona_1
302,5,Regreso_DQA4,0,175.18,142.43,477.320389162226,302,DQA4,Zona_1
303,1,Inicio_DQA4,0,0.0,35.0,35.0,303,DQA4,Zona_1
303,2,1404701,19,175.18,142.43,234.43,303,DQA4,Zona_1
303,3,1406801,3,14.148174293626962,16.977809152352354,260.40780915235234,303,DQA4,Zona_1
303,4,1407301,11,9.172333814996211,11.006800577995454,304.4146097303478,303,DQA4,Zona_1
303,5,1407302,5,8.544682831946268,10.253619398335521,329.6682291286833,303,DQA4,Zona_1
303,6,1405301,5,24.54173193108945,29.45007831730734,374.1183074459907,303,DQA4,Zona_1
303,7,4103903,1,29.683366002357012,35.620039202828416,412.7383466488191,303,DQA4,Zona_1
303,8,Regreso_DQA4,0,91.32,66.06,478.7983466488191,303,DQA4,Zona_1
304,1,Inicio_DQA4,0,0.0,35.0,35.0,304,DQA4,Zona_1
304,2,1404901,60,90.35,88.69,303.69,304,DQA4,Zona_1
304,3,1404902,28,0.5005838349728738,0.6007006019674486,388.29070060196744,304,DQA4,Zona_1
304,4,1404903,1,0.28121373434859837,0.33745648121831806,391.6281570831858,304,DQA4,Zona_1
304,5,4102201,2,19.25783987351127,23.109407848213525,420.73756493139933,304,DQA4,Zona_1
304,6,Regreso_DQA4,0,73.49,58.99,479.72756493139934,304,DQA4,Zona_1
305,1,Inicio_DQA4,0,0.0,35.0,35.0,305,DQA4,Zona_1
305,2,1404903,76,89.74,87.97,350.97,305,DQA4,Zona_1
305,3,4107401,12,8.218794181397666,9.862553017677198,396.83255301767724,305,DQA4,Zona_1
305,4,4102401,1,37.58862035101411,45.10634442121693,444.9388974388942,305,DQA4,Zona_1
305,5,Regreso_DQA4,0,39.81,34.71,479.64889743889415,305,DQA4,Zona_1
306,1,Inicio_DQA4,0,0.0,35.0,35.0,306,DQA4,Zona_1
306,2,1405102,5,230.37,172.78,222.78,306,DQA4,Zona_1
306,3,1405401,27,7.394975977083341,8.87397117250001,312.6539711725,306,DQA4,Zona_1
306,4,Regreso_DQA4,0,220.33,165.25,477.9039711725,306,DQA4,Zona_1
307,1,Inicio_DQA4,0,0.0,35.0,35.0,307,DQA4,Zona_1
307,2,1405201,26,200.0,150.0,263.0,307,DQA4,Zona_1
307,3,1405202,3,2.356478377011624,2.827774052413949,274.82777405241393,307,DQA4,Zona_1
307,4,1407302,3,38.742831139193285,46.491397367031944,330.31917141944587,307,DQA4,Zona_1
307,5,1405301,5,24.54173193108945,29.45007831730734,374.7692497367532,307,DQA4,Zona_1
307,6,4103903,1,29.683366002357012,35.620039202828416,413.3892889395816,307,DQA4,Zona_1
307,7,Regreso_DQA4,0,91.32,66.06,479.4492889395816,307,DQA4,Zona_1
308,1,Inicio_DQA4,0,0.0,35.0,35.0,308,DQA4,Zona_1
308,2,1405301,17,136.05,104.43,190.43,308,DQA4,Zona_1
308,3,4107401,17,24.414114033053824,29.29693683966459,270.72693683966463,308,DQA4,Zona_1
308,4,4107801,6,5.489151899393311,6.5869822792719726,295.3139191189366,308,DQA4,Zona_1
308,5,4107802,18,0.591362194965651,0.7096346339587812,350.0235537528954,308,DQA4,Zona_1
308,6,4105502,15,18.422272652014787,22.106727182417746,417.1302809353131,308,DQA4,Zona_1
308,7,Regreso_DQA4,0,63.66,60.28,477.41028093531315,308,DQA4,Zona_1
309,1,Inicio_DQA4,0,0.0,35.0,35.0,309,DQA4,Zona_1
309,2,1405401,28,220.33,165.25,284.25,309,DQA4,Zona_1
309,3,1405403,9,1.008085461349211,1.209702553619053,312.4597025536191,309,DQA4,Zona_1
309,4,Regreso_DQA4,0,220.2,165.15,477.60970255361906,309,DQA4,Zona_1
310,1,Inicio_DQA4,0,0.0,35.0,35.0,310,DQA4,Zona_1
310,2,1405402,38,219.15,164.16,313.15999999999997,310,DQA4,Zona_1
310,3,Regreso_DQA4,0,219.15,164.16,477.31999999999994,310,DQA4,Zona_1
311,1,Inicio_DQA4,0,0.0,35.0,35.0,311,DQA4,Zona_1
311,2,1405402,15,219.15,164.16,244.16,311,DQA4,Zona_1
311,3,1405404,15,13.24031073163479,15.888372877961746,305.04837287796175,311,DQA4,Zona_1
311,4,4103901,2,83.68404579489544,100.42085495387452,411.4692278318363,311,DQA4,Zona_1
311,5,Regreso_DQA4,0,92.43,68.15,479.61922783183627,311,DQA4,Zona_1
312,1,Inicio_DQA4,0,0.0,35.0,35.0,312,DQA4,Zona_1
312,2,1405404,14,231.31,173.48,250.48,312,DQA4,Zona_1
312,3,1406902,15,9.252472772481834,11.102967326978202,306.5829673269782,312,DQA4,Zona_1
312,4,4103904,1,85.83627665839654,103.00353199007584,412.586499317054,312,DQA4,Zona_1
312,5,Regreso_DQA4,0,91.52,66.48,479.066499317054,312,DQA4,Zona_1
313,1,Inicio_DQA4,0,0.0,35.0,35.0,313,DQA4,Zona_1
313,2,1406101,5,241.1,172.8,222.8,313,DQA4,Zona_1
313,3,1407401,11,9.564674699518243,11.47760963942189,267.2776096394219,313,DQA4,Zona_1
313,4,1406901,3,32.145969898671744,38.575163878406094,314.852773517828,313,DQA4,Zona_1
313,5,Regreso_DQA4,0,217.11,162.83,477.68277351782797,313,DQA4,Zona_1
314,1,Inicio_DQA4,0,0.0,35.0,35.0,314,DQA4,Zona_1
314,2,1406901,13,217.11,162.83,236.83,314,DQA4,Zona_1
314,3,1406902,8,10.35598698820211,12.427184385842532,273.25718438584255,314,DQA4,Zona_1
314,4,1406903,8,6.596508057281166,7.915809668737398,305.17299405457993,314,DQA4,Zona_1
314,5,4103901,2,82.06381407434199,98.47657688921039,409.6495709437903,314,DQA4,Zona_1
314,6,4103903,1,0.8420598589434755,1.0104718307321705,413.6600427745225,314,DQA4,Zona_1
314,7,Regreso_DQA4,0,91.32,66.06,479.7200427745225,314,DQA4,Zona_1
315,1,Inicio_DQA4,0,0.0,35.0,35.0,315,DQA4,Zona_1
315,2,1407302,4,198.14,149.47,196.47,315,DQA4,Zona_1
315,3,4106602,7,40.09944864004526,48.119338368054315,265.5893383680543,315,DQA4,Zona_1
315,4,4106601,6,3.220318994752293,3.8643827937027524,287.4537211617571,315,DQA4,Zona_1
315,5,4103304,8,13.705483151754597,16.446579782105516,327.9003009438626,315,DQA4,Zona_1
315,6,4103301,19,2.6715047526827522,3.2058057032193026,388.1061066470819,315,DQA4,Zona_1
315,7,4109202,1,30.41923109180591,36.50307731016709,427.609183957249,315,DQA4,Zona_1
315,8,4109107,1,30.51916848605485,36.62300218326582,467.23218614051484,315,DQA4,Zona_1
315,9,Regreso_DQA4,0,9.06,12.31,479.54218614051484,315,DQA4,Zona_1
316,1,Inicio_DQA4,0,0.0,35.0,35.0,316,DQA4,Zona_1
316,2,2100101,7,111.35,105.66,161.66,316,DQA4,Zona_1
316,3,2104501,3,4.3320000222808375,5.198400026737005,175.858400026737,316,DQA4,Zona_1
316,4,2104801,4,5.469030306718086,6.562836368061703,194.4212363947987,316,DQA4,Zona_1
316,5,2103301,7,3.444574472233368,4.133489366680042,219.55472576147875,316,DQA4,Zona_1
316,6,2102201,2,3.2251969207194273,3.870236304863313,229.42496206634206,316,DQA4,Zona_1
316,7,2103401,11,4.38610013587557,5.263320163050684,267.68828222939277,316,DQA4,Zona_1
316,8,2107101,2,3.2627613899847634,3.915313667981716,277.6035958973745,316,DQA4,Zona_1
316,9,2102601,3,4.151473222825534,4.981767867390642,291.58536376476513,316,DQA4,Zona_1
316,10,2100702,8,6.181128211412118,7.417353853694541,323.00271761845966,316,DQA4,Zona_1
316,11,2100703,25,4.381224394247657,5.257469273097188,403.2601868915568,316,DQA4,Zona_1
316,12,Regreso_DQA4,0,90.78,74.62,477.88018689155683,316,DQA4,Zona_1
317,1,Inicio_DQA4,0,0.0,35.0,35.0,317,DQA4,Zona_1
317,2,2100201,98,102.63,75.09,404.09000000000003,317,DQA4,Zona_1
317,3,Regreso_DQA4,0,102.63,75.09,479.18000000000006,317,DQA4,Zona_1
318,1,Inicio_DQA4,0,0.0,35.0,35.0,318,DQA4,Zona_1
318,2,2100201,22,102.63,75.09,176.09,318,DQA4,Zona_1
318,3,2100202,74,3.98442067934485,4.78130481521382,402.8713048152138,318,DQA4,Zona_1
318,4,2104108,2,2.3346959919779473,2.8016351903735366,411.67294000558735,318,DQA4,Zona_1
318,5,Regreso_DQA4,0,95.34,67.89,479.56294000558734,318,DQA4,Zona_1
319,1,Inicio_DQA4,0,0.0,35.0,35.0,319,DQA4,Zona_1
319,2,2100202,80,100.89,74.82,349.82,319,DQA4,Zona_1
319,3,2104108,19,2.3346959919779473,2.8016351903735366,409.6216351903735,319,DQA4,Zona_1
319,4,Regreso_DQA4,0,95.34,67.89,477.5116351903735,319,DQA4,Zona_1
320,1,Inicio_DQA4,0,0.0,35.0,35.0,320,DQA4,Zona_1
320,2,2100301,8,146.24,131.83,190.83,320,DQA4,Zona_1
320,3,2103701,5,8.599350024725052,10.319220029670062,216.14922002967006,320,DQA4,Zona_1
320,4,2106501,4,8.042737221092134,9.651284665310559,237.80050469498062,320,DQA4,Zona_1
320,5,2106601,6,7.38050516289301,8.856606195471612,264.65711089045226,320,DQA4,Zona_1
320,6,2107301,24,9.626282478792788,11.551538974551347,348.2086498650036,320,DQA4,Zona_1
320,7,2104201,8,8.676140139172334,10.4113681670068,382.6200180320104,320,DQA4,Zona_1
320,8,Regreso_DQA4,0,133.28,95.09,477.71001803201045,320,DQA4,Zona_1
321,1,Inicio_DQA4,0,0.0,35.0,35.0,321,DQA4,Zona_1
321,2,2100401,10,124.92,122.41,187.41,321,DQA4,Zona_1
321,3,2102502,12,4.099636339400535,4.919563607280641,228.32956360728065,321,DQA4,Zona_1
321,4,2102501,28,4.90856981235498,5.890283774825976,318.21984738210665,321,DQA4,Zona_1
321,5,2104301,20,7.541686754454896,9.050024105345875,387.2698714874525,321,DQA4,Zona_1
321,6,Regreso_DQA4,0,109.96,90.39,477.6598714874525,321,DQA4,Zona_1
322,1,Inicio_DQA4,0,0.0,35.0,35.0,322,DQA4,Zona_1
322,2,2100402,7,120.43,120.21,176.20999999999998,322,DQA4,Zona_1
322,3,2106701,5,9.04392096408352,10.852705156900225,202.0627051569002,322,DQA4,Zona_1
322,4,2104301,1,6.3557855538153145,7.626942664578377,212.68964782147856,322,DQA4,Zona_1
322,5,2105101,3,7.509886095150555,9.011863314180665,230.70151113565922,322,DQA4,Zona_1
322,6,2102801,3,9.965737036548392,11.95888444385807,251.66039557951729,322,DQA4,Zona_1
322,7,2102701,1,9.083194413385526,10.899833296062631,265.5602288755799,322,DQA4,Zona_1
322,8,2102901,8,5.905502599137232,7.086603118964677,296.6468319945446,322,DQA4,Zona_1
322,9,2102902,6,5.943028904993149,7.131634685991778,321.7784666805364,322,DQA4,Zona_1
322,10,2103901,3,8.914783730112923,10.697740476135507,341.4762071566719,322,DQA4,Zona_1
322,11,2102001,3,6.318437660904732,7.5821251930856794,358.05833234975756,322,DQA4,Zona_1
322,12,2102401,5,6.803245724117465,8.16389486894096,381.22222721869855,322,DQA4,Zona_1
322,13,2105901,3,5.16162950416732,6.193955405000784,396.41618262369934,322,DQA4,Zona_1
322,14,2103801,4,6.793538513860199,8.15224621663224,416.5684288403316,322,DQA4,Zona_1
322,15,Regreso_DQA4,0,77.38,62.98,479.5484288403316,322,DQA4,Zona_1
323,1,Inicio_DQA4,0,0.0,35.0,35.0,323,DQA4,Zona_1
323,2,2100601,18,129.08,97.72,186.72,323,DQA4,Zona_1
323,3,2100602,15,5.674821657726833,6.809785989272199,238.5297859892722,323,DQA4,Zona_1
323,4,2107501,3,9.379749000322525,11.25569880038703,258.7854847896592,323,DQA4,Zona_1
323,5,2102301,18,9.916545267382343,11.899854320858811,324.68533911051804,323,DQA4,Zona_1
323,6,2101501,6,10.39760318500268,12.477123822003215,355.16246293252124,323,DQA4,Zona_1
323,7,2101701,2,23.491941939802803,28.190330327763366,389.3527932602846,323,DQA4,Zona_1
323,8,Regreso_DQA4,0,107.51,89.54,478.89279326028463,323,DQA4,Zona_1
324,1,Inicio_DQA4,0,0.0,35.0,35.0,324,DQA4,Zona_1
324,2,2100701,17,90.25,74.51,160.51,324,DQA4,Zona_1
324,3,2100703,31,0.8820452582627974,1.058454309915357,254.56845430991535,324,DQA4,Zona_1
324,4,2103801,6,12.480938153449946,14.977125784139934,287.5455800940553,324,DQA4,Zona_1
324,5,2107901,6,7.45546562163372,8.946558745960463,314.4921388400158,324,DQA4,Zona_1
324,6,2106901,18,13.915480246757287,16.698576296108744,385.19071513612454,324,DQA4,Zona_1
324,7,4108001,6,9.893311416245568,11.871973699494683,415.0626888356192,324,DQA4,Zona_1
324,8,Regreso_DQA4,0,80.02,63.37,478.4326888356192,324,DQA4,Zona_1
325,1,Inicio_DQA4,0,0.0,35.0,35.0,325,DQA4,Zona_1
325,2,2100801,11,130.98,125.25,193.25,325,DQA4,Zona_1
325,3,2100802,8,11.323741931214808,13.58849031745777,230.83849031745777,325,DQA4,Zona_1
325,4,2100803,6,10.599807005076073,12.719768406091287,261.55825872354905,325,DQA4,Zona_1
325,5,2106201,13,13.796214323390549,16.555457188068658,317.1137159116177,325,DQA4,Zona_1
325,6,2106801,7,14.339592202756402,17.207510643307682,355.3212265549254,325,DQA4,Zona_1
325,7,Regreso_DQA4,0,141.18,122.98,478.3012265549254,325,DQA4,Zona_1
326,1,Inicio_DQA4,0,0.0,35.0,35.0,326,DQA4,Zona_1
326,2,2100901,6,98.83,83.7,136.7,326,DQA4,Zona_1
326,3,2101601,9,9.235791748508715,11.082950098210457,174.78295009821045,326,DQA4,Zona_1
326,4,4108001,5,16.056150683218217,19.267380819861863,209.05033091807232,326,DQA4,Zona_1
326,5,4100901,11,10.19576601904359,12.234919222852309,254.28525014092463,326,DQA4,Zona_1
326,6,4108301,12,16.16930261536973,19.403163138443674,309.6884132793683,326,DQA4,Zona_1
326,7,4104301,7,13.051522135645387,15.661826562774465,346.3502398421428,326,DQA4,Zona_1
326,8,4104501,23,13.29322492400521,15.951869908806252,431.30210975094906,326,DQA4,Zona_1
326,9,4104901,5,6.299001792468007,7.5588021509616095,453.86091190191064,326,DQA4,Zona_1
326,10,Regreso_DQA4,0,25.34,23.7,477.56091190191063,326,DQA4,Zona_1
327,1,Inicio_DQA4,0,0.0,35.0,35.0,327,DQA4,Zona_1
327,2,2101101,38,81.79,72.36,221.36,327,DQA4,Zona_1
327,3,2107002,27,6.789043907568878,8.146852689082655,310.5068526890827,327,DQA4,Zona_1
327,4,2106402,27,3.455572210545764,4.146686652654917,395.6535393417376,327,DQA4,Zona_1
327,5,2105001,4,6.991612626588458,8.389935151906151,416.04347449364377,327,DQA4,Zona_1
327,6,Regreso_DQA4,0,86.78,62.07,478.11347449364376,327,DQA4,Zona_1
328,1,Inicio_DQA4,0,0.0,35.0,35.0,328,DQA4,Zona_1
328,2,2101201,3,90.42,104.08,148.07999999999998,328,DQA4,Zona_1
328,3,2107802,11,10.033067492877391,12.039680991452869,193.11968099145287,328,DQA4,Zona_1
328,4,2104901,28,9.028899803475978,10.834679764171174,287.95436075562407,328,DQA4,Zona_1
328,5,2104902,7,1.2084011939494743,1.4500814327393692,310.4044421883634,328,DQA4,Zona_1
328,6,2105201,16,2.5057650293358984,3.006918035203078,361.4113602235665,328,DQA4,Zona_1
328,7,2105202,8,3.054149768027072,3.6649797216324864,389.076339945199,328,DQA4,Zona_1
328,8,2105203,1,4.111612411735287,4.933934894082344,397.01027483928135,328,DQA4,Zona_1
328,9,4105701,1,7.050321400897076,8.460385681076492,408.47066052035785,328,DQA4,Zona_1
328,10,4103101,2,12.443156427826812,14.931787713392175,429.40244823375,328,DQA4,Zona_1
328,11,Regreso_DQA4,0,59.56,49.92,479.32244823375004,328,DQA4,Zona_1
329,1,Inicio_DQA4,0,0.0,35.0,35.0,329,DQA4,Zona_1
329,2,2101301,25,58.39,45.3,155.3,329,DQA4,Zona_1
329,3,2101302,24,0.486521633210099,0.5838259598521188,227.88382595985212,329,DQA4,Zona_1
329,4,2101304,20,0.6059703420408874,0.7271644104490649,288.6109903703012,329,DQA4,Zona_1
329,5,2101305,18,0.32807321136509643,0.3936878536381157,343.0046782239393,329,DQA4,Zona_1
329,6,2101303,28,2.8745127371431383,3.449415284571766,430.4540935085111,329,DQA4,Zona_1
329,7,Regreso_DQA4,0,63.95,46.71,477.1640935085111,329,DQA4,Zona_1
330,1,Inicio_DQA4,0,0.0,35.0,35.0,330,DQA4,Zona_1
330,2,2101303,5,63.95,46.71,96.71000000000001,330,DQA4,Zona_1
330,3,2107702,12,4.29919799153459,5.159037589841508,137.86903758984153,330,DQA4,Zona_1
330,4,2105302,15,4.7358641680645155,5.683037001677419,188.55207459151893,330,DQA4,Zona_1
330,5,2105301,9,1.8801265951582076,2.256151914189849,217.80822650570877,330,DQA4,Zona_1
330,6,2101401,48,3.384052825592853,4.0608633907114235,365.8690898964202,330,DQA4,Zona_1
330,7,2106101,17,4.966902963490216,5.960283556188259,422.8293734526084,330,DQA4,Zona_1
330,8,Regreso_DQA4,0,74.36,56.78,479.60937345260845,330,DQA4,Zona_1
331,1,Inicio_DQA4,0,0.0,35.0,35.0,331,DQA4,Zona_1
331,2,2101701,24,107.51,89.54,196.54000000000002,331,DQA4,Zona_1
331,3,2101702,1,1.822554652883053,2.1870655834596637,201.72706558345968,331,DQA4,Zona_1
331,4,2190201,10,5.667304335444002,6.800765202532802,238.52783078599248,331,DQA4,Zona_1
331,5,2107801,14,11.459262294594865,13.751114753513837,294.2789455395063,331,DQA4,Zona_1
331,6,2107201,34,9.069766705766295,10.883720046919555,407.1626655864259,331,DQA4,Zona_1
331,7,Regreso_DQA4,0,88.31,71.36,478.5226655864259,331,DQA4,Zona_1
332,1,Inicio_DQA4,0,0.0,35.0,35.0,332,DQA4,Zona_1
332,2,2101801,10,92.89,94.6,159.6,332,DQA4,Zona_1
332,3,2101802,9,2.5541489454640005,3.0649787345568007,189.6649787345568,332,DQA4,Zona_1
332,4,2105202,6,8.3843916400548,10.061269968065758,217.72624870262257,332,DQA4,Zona_1
332,5,2105203,14,4.111612411735287,4.933934894082344,264.6601835967049,332,DQA4,Zona_1
332,6,4105701,2,7.050321400897076,8.460385681076492,279.1205692777814,332,DQA4,Zona_1
332,7,4103101,10,12.443156427826812,14.931787713392175,324.05235699117355,332,DQA4,Zona_1
332,8,2103601,2,18.969457988923413,22.763349586708095,352.81570657788166,332,DQA4,Zona_1
332,9,2101901,7,6.502504641706903,7.803005570048283,381.61871214792995,332,DQA4,Zona_1
332,10,4101301,3,39.040316584641424,46.84837990156971,437.4670920494997,332,DQA4,Zona_1
332,11,Regreso_DQA4,0,43.08,41.77,479.23709204949967,332,DQA4,Zona_1
333,1,Inicio_DQA4,0,0.0,35.0,35.0,333,DQA4,Zona_1
333,2,2102101,72,116.29,83.18,334.18,333,DQA4,Zona_1
333,3,2102102,20,0.3648643523485278,0.4378372228182334,394.61783722281825,333,DQA4,Zona_1
333,4,Regreso_DQA4,0,116.58,82.86,477.47783722281827,333,DQA4,Zona_1
334,1,Inicio_DQA4,0,0.0,35.0,35.0,334,DQA4,Zona_1
334,2,2102102,93,116.58,82.86,396.86,334,DQA4,Zona_1
334,3,Regreso_DQA4,0,116.58,82.86,479.72,334,DQA4,Zona_1
335,1,Inicio_DQA4,0,0.0,35.0,35.0,335,DQA4,Zona_1
335,2,2102102,2,116.58,82.86,123.86,335,DQA4,Zona_1
335,3,2104403,77,2.9558368413021783,3.5470042095626138,358.4070042095626,335,DQA4,Zona_1
335,4,2104401,10,2.549177669909591,3.059013203891509,391.4660174134541,335,DQA4,Zona_1
335,5,Regreso_DQA4,0,122.54,88.36,479.8260174134541,335,DQA4,Zona_1
336,1,Inicio_DQA4,0,0.0,35.0,35.0,336,DQA4,Zona_1
336,2,2103001,18,41.84,34.58,123.58,336,DQA4,Zona_1
336,3,2104701,8,3.728862073005064,4.474634487606076,152.05463448760608,336,DQA4,Zona_1
336,4,2105602,11,4.323029536603305,5.187635443923965,190.24226993153005,336,DQA4,Zona_1
336,5,2104702,10,5.505795142683893,6.606954171220672,226.84922410275072,336,DQA4,Zona_1
336,6,2107401,25,2.4617347254609325,2.9540816705531188,304.80330577330386,336,DQA4,Zona_1
336,7,2105401,38,8.157207851100985,9.788649421321182,428.59195519462503,336,DQA4,Zona_1
336,8,Regreso_DQA4,0,63.67,51.04,479.63195519462505,336,DQA4,Zona_1
337,1,Inicio_DQA4,0,0.0,35.0,35.0,337,DQA4,Zona_1
337,2,2103101,10,142.37,130.23,195.23,337,DQA4,Zona_1
337,3,2106801,2,45.625268031935526,54.75032163832263,255.9803216383226,337,DQA4,Zona_1
337,4,2105701,10,11.364620517187879,13.637544620625455,299.6178662589481,337,DQA4,Zona_1
337,5,2105801,9,12.436201335377909,14.923441602453492,341.5413078614016,337,DQA4,Zona_1
337,6,2105802,6,5.1094258754518975,6.131311050542277,365.67261891194386,337,DQA4,Zona_1
337,7,Regreso_DQA4,0,144.92,112.82,478.49261891194385,337,DQA4,Zona_1
338,1,Inicio_DQA4,0,0.0,35.0,35.0,338,DQA4,Zona_1
338,2,2103201,20,61.08,75.26,170.26,338,DQA4,Zona_1
338,3,2105601,16,7.307533813953967,8.769040576744759,227.02904057674476,338,DQA4,Zona_1
338,4,2105401,54,10.061915587392186,12.074298704870623,401.1033392816154,338,DQA4,Zona_1
338,5,2106101,1,15.032857428488983,18.03942891418678,422.14276819580215,338,DQA4,Zona_1
338,6,Regreso_DQA4,0,74.36,56.78,478.9227681958022,338,DQA4,Zona_1
339,1,Inicio_DQA4,0,0.0,35.0,35.0,339,DQA4,Zona_1
339,2,2103501,50,103.79,88.22,273.22,339,DQA4,Zona_1
339,3,2103502,43,5.6311876244504475,6.757425149340537,408.97742514934055,339,DQA4,Zona_1
339,4,Regreso_DQA4,0,97.74,68.94,477.91742514934054,339,DQA4,Zona_1
340,1,Inicio_DQA4,0,0.0,35.0,35.0,340,DQA4,Zona_1
340,2,2103502,18,97.74,68.94,157.94,340,DQA4,Zona_1
340,3,2104108,81,8.829764558461966,10.595717470154359,411.5357174701544,340,DQA4,Zona_1
340,4,Regreso_DQA4,0,95.34,67.89,479.4257174701544,340,DQA4,Zona_1
341,1,Inicio_DQA4,0,0.0,35.0,35.0,341,DQA4,Zona_1
341,2,2104001,16,51.63,57.29,140.29,341,DQA4,Zona_1
341,3,4102502,11,8.746531404283711,10.495837685140453,183.78583768514045,341,DQA4,Zona_1
341,4,4102501,13,1.1329250959314487,1.3595101151177387,224.14534780025818,341,DQA4,Zona_1
341,5,4103001,5,2.8552372702374456,3.426284724284935,242.5716325245431,341,DQA4,Zona_1
341,6,4105101,33,6.1009768851236235,7.321172262148348,348.89280478669144,341,DQA4,Zona_1
341,7,4101201,22,5.343661613370719,6.412393936044862,421.3051987227363,341,DQA4,Zona_1
341,8,4101501,7,4.382383018763382,5.258859622516058,447.56405834525236,341,DQA4,Zona_1
341,9,4109402,1,6.5106599487921155,7.8127919385505376,458.3768502838029,341,DQA4,Zona_1
341,10,Regreso_DQA4,0,20.38,19.82,478.1968502838029,341,DQA4,Zona_1
342,1,Inicio_DQA4,0,0.0,35.0,35.0,342,DQA4,Zona_1
342,2,2104108,39,95.34,67.89,219.89,342,DQA4,Zona_1
342,3,2106401,36,9.435021166128509,11.32202539935421,339.21202539935416,342,DQA4,Zona_1
342,4,2105001,25,2.062450568972217,2.4749406827666602,416.6869660821208,342,DQA4,Zona_1
342,5,Regreso_DQA4,0,86.78,62.07,478.7569660821208,342,DQA4,Zona_1
343,1,Inicio_DQA4,0,0.0,35.0,35.0,343,DQA4,Zona_1
343,2,2104201,9,133.28,95.09,157.09,343,DQA4,Zona_1
343,3,2104401,74,8.518262002524567,10.22191440302948,389.3119144030295,343,DQA4,Zona_1
343,4,Regreso_DQA4,0,122.54,88.36,477.6719144030295,343,DQA4,Zona_1
344,1,Inicio_DQA4,0,0.0,35.0,35.0,344,DQA4,Zona_1
344,2,2104401,18,122.54,88.36,177.36,344,DQA4,Zona_1
344,3,2107602,10,19.50307183975504,23.40368620770605,230.76368620770606,344,DQA4,Zona_1
344,4,2107601,16,6.495828775807365,7.794994530968838,286.55868073867487,344,DQA4,Zona_1
344,5,2106301,32,10.628582200405058,12.75429864048607,395.31297937916094,344,DQA4,Zona_1
344,6,Regreso_DQA4,0,115.2,84.63,479.94297937916093,344,DQA4,Zona_1
345,1,Inicio_DQA4,0,0.0,35.0,35.0,345,DQA4,Zona_1
345,2,2105001,23,86.78,62.07,166.07,345,DQA4,Zona_1
345,3,2105002,41,2.168336433761436,2.602003720513723,291.6720037205137,345,DQA4,Zona_1
345,4,2106402,25,8.841462631324108,10.60975515758893,377.28175887810266,345,DQA4,Zona_1
345,5,2105303,3,18.990212181268973,22.788254617522767,409.0700134956254,345,DQA4,Zona_1
345,6,Regreso_DQA4,0,80.15,69.18,478.2500134956254,345,DQA4,Zona_1
346,1,Inicio_DQA4,0,0.0,35.0,35.0,346,DQA4,Zona_1
346,2,2105303,10,80.15,69.18,134.18,346,DQA4,Zona_1
346,3,2107701,7,5.277900958421737,6.333481150106085,161.5134811501061,346,DQA4,Zona_1
346,4,2106101,13,12.792766260321327,15.351319512385594,215.8648006624917,346,DQA4,Zona_1
346,5,2107001,41,28.86279313403494,34.63535176084193,373.5001524233336,346,DQA4,Zona_1
346,6,2107203,4,16.793646613315683,20.152375935978817,405.6525283593124,346,DQA4,Zona_1
346,7,Regreso_DQA4,0,88.6,72.05,477.7025283593124,346,DQA4,Zona_1
347,1,Inicio_DQA4,0,0.0,35.0,35.0,347,DQA4,Zona_1
347,2,2105802,12,144.92,112.82,183.82,347,DQA4,Zona_1
347,3,2106301,4,24.97526594077992,29.970319128935905,225.7903191289359,347,DQA4,Zona_1
347,4,2107001,6,19.665021817033917,23.5980261804407,267.3883453093766,347,DQA4,Zona_1
347,5,2107203,40,16.793646613315683,20.152375935978817,407.54072124535537,347,DQA4,Zona_1
347,6,Regreso_DQA4,0,88.6,72.05,479.5907212453554,347,DQA4,Zona_1
348,1,Inicio_DQA4,0,0.0,35.0,35.0,348,DQA4,Zona_1
348,2,2107201,4,88.31,71.36,118.36,348,DQA4,Zona_1
348,3,2107203,11,0.38137495451885584,0.457649945422627,151.81764994542263,348,DQA4,Zona_1
348,4,2107202,27,0.5942747792644838,0.7131297351173805,233.53077968054,348,DQA4,Zona_1
348,5,4101301,18,43.06686558549796,51.68023870259755,339.21101838313757,348,DQA4,Zona_1
348,6,4101302,31,0.7987623377776639,0.9585148053331967,433.1695331884708,348,DQA4,Zona_1
348,7,4109401,1,18.410153571891268,22.09218428626952,458.2617174747403,348,DQA4,Zona_1
348,8,Regreso_DQA4,0,20.98,20.52,478.7817174747403,348,DQA4,Zona_1
349,1,Inicio_DQA4,0,0.0,35.0,35.0,349,DQA4,Zona_1
349,2,4100201,13,112.3,116.02,190.01999999999998,349,DQA4,Zona_1
349,3,4108801,5,7.115686901966758,8.53882428236011,213.5588242823601,349,DQA4,Zona_1
349,4,4103302,10,11.885150024059989,14.262180028871986,257.82100431123206,349,DQA4,Zona_1
349,5,4103303,7,3.8836585629300355,4.6603902755160425,283.4813945867481,349,DQA4,Zona_1
349,6,4103201,14,14.007137324386232,16.808564789263478,342.28995937601155,349,DQA4,Zona_1
349,7,4103202,12,0.6561298011035358,0.7873557613242429,379.0773151373358,349,DQA4,Zona_1
349,8,4109902,1,31.732966972344578,38.079560366813496,420.1568755041493,349,DQA4,Zona_1
349,9,4101801,1,17.938399149630786,21.526078979556946,444.6829544837062,349,DQA4,Zona_1
349,10,Regreso_DQA4,0,29.91,33.08,477.7629544837062,349,DQA4,Zona_1
350,1,Inicio_DQA4,0,0.0,35.0,35.0,350,DQA4,Zona_1
350,2,4100301,28,26.18,40.92,159.92000000000002,350,DQA4,Zona_1
350,3,4106701,45,3.4535264197027766,4.144231703643332,299.0642317036434,350,DQA4,Zona_1
350,4,4104502,42,4.632014251568499,5.558417101882199,430.62264880552556,350,DQA4,Zona_1
350,5,4104901,4,10.352468760457247,12.422962512548697,455.04561131807424,350,DQA4,Zona_1
350,6,Regreso_DQA4,0,25.34,23.7,478.7456113180742,350,DQA4,Zona_1
351,1,Inicio_DQA4,0,0.0,35.0,35.0,351,DQA4,Zona_1
351,2,4100501,20,23.86,27.32,122.32,351,DQA4,Zona_1
351,3,4100502,92,0.7372202660674034,0.8846643192808841,399.2046643192809,351,DQA4,Zona_1
351,4,4108101,17,3.5206994584203786,4.224839350104455,454.4295036693853,351,DQA4,Zona_1
351,5,4109101,1,10.166905134478224,12.20028616137387,469.6297898307592,351,DQA4,Zona_1
351,6,Regreso_DQA4,0,6.3,10.37,479.9997898307592,351,DQA4,Zona_1
352,1,Inicio_DQA4,0,0.0,35.0,35.0,352,DQA4,Zona_1
352,2,4100601,12,56.76,58.74,129.74,352,DQA4,Zona_1
352,3,4100602,14,0.4949406715552544,0.5939288058663053,172.33392880586632,352,DQA4,Zona_1
352,4,4109201,40,5.2172464708436195,6.260695765012343,298.59462457087864,352,DQA4,Zona_1
352,5,4109202,38,2.5754145885149997,3.0904975062179996,415.68512207709665,352,DQA4,Zona_1
352,6,4102302,2,7.481814030088131,8.978176836105757,430.6632989132024,352,DQA4,Zona_1
352,7,4101801,1,9.659003693970536,11.590804432764642,445.25410334596705,352,DQA4,Zona_1
352,8,Regreso_DQA4,0,29.91,33.08,478.33410334596704,352,DQA4,Zona_1
353,1,Inicio_DQA4,0,0.0,35.0,35.0,353,DQA4,Zona_1
353,2,4100701,41,17.51,18.27,176.27,353,DQA4,Zona_1
353,3,4100702,94,0.4053327756397063,0.4863993307676475,458.75639933076764,353,DQA4,Zona_1
353,4,Regreso_DQA4,0,18.24,19.82,478.57639933076763,353,DQA4,Zona_1
354,1,Inicio_DQA4,0,0.0,35.0,35.0,354,DQA4,Zona_1
354,2,4100702,15,18.24,19.82,99.82,354,DQA4,Zona_1
354,3,4108901,15,3.1954520210294013,3.8345424252352815,148.65454242523526,354,DQA4,Zona_1
354,4,4109601,82,3.3927833184433362,4.071339982132003,398.7258824073673,354,DQA4,Zona_1
354,5,4102801,19,1.0454505861608023,1.254540703392963,456.9804231107603,354,DQA4,Zona_1
354,6,4102101,2,1.8246833044353117,2.189619965322374,465.17004307608266,354,DQA4,Zona_1
354,7,Regreso_DQA4,0,10.88,13.51,478.68004307608265,354,DQA4,Zona_1
355,1,Inicio_DQA4,0,0.0,35.0,35.0,355,DQA4,Zona_1
355,2,4101001,68,19.17,27.01,266.01,355,DQA4,Zona_1
355,3,4104401,57,3.734790421836569,4.481748506203883,441.49174850620386,355,DQA4,Zona_1
355,4,4101602,4,3.298484852717459,3.958181823260951,457.4499303294648,355,DQA4,Zona_1
355,5,Regreso_DQA4,0,20.95,20.86,478.3099303294648,355,DQA4,Zona_1
356,1,Inicio_DQA4,0,0.0,35.0,35.0,356,DQA4,Zona_1
356,2,4101201,19,33.54,57.4,149.4,356,DQA4,Zona_1
356,3,4101501,15,4.382383018763382,5.258859622516058,199.65885962251605,356,DQA4,Zona_1
356,4,4101502,41,2.2934652048986304,2.7521582458783564,325.4110178683944,356,DQA4,Zona_1
356,5,4108702,41,4.0684461802108185,4.882135416252982,453.2931532846474,356,DQA4,Zona_1
356,6,Regreso_DQA4,0,27.34,25.38,478.6731532846474,356,DQA4,Zona_1
357,1,Inicio_DQA4,0,0.0,35.0,35.0,357,DQA4,Zona_1
357,2,4101601,66,22.25,23.8,256.8,357,DQA4,Zona_1
357,3,4101602,42,1.1006625011941682,1.3207950014330019,384.120795001433,357,DQA4,Zona_1
357,4,4104401,18,3.298484852717459,3.958181823260951,442.07897682469394,357,DQA4,Zona_1
357,5,4105901,7,3.372943279342306,4.047531935210767,467.1265087599047,357,DQA4,Zona_1
357,6,Regreso_DQA4,0,9.91,12.21,479.3365087599047,357,DQA4,Zona_1
358,1,Inicio_DQA4,0,0.0,35.0,35.0,358,DQA4,Zona_1
358,2,4101701,138,12.49,15.25,464.25,358,DQA4,Zona_1
358,3,Regreso_DQA4,0,12.49,15.25,479.5,358,DQA4,Zona_1
359,1,Inicio_DQA4,0,0.0,35.0,35.0,359,DQA4,Zona_1
359,2,4101701,120,12.49,15.25,410.25,359,DQA4,Zona_1
359,3,4104701,17,1.6775362726909762,2.013043527229171,463.2630435272292,359,DQA4,Zona_1
359,4,Regreso_DQA4,0,12.38,15.06,478.3230435272292,359,DQA4,Zona_1
360,1,Inicio_DQA4,0,0.0,35.0,35.0,360,DQA4,Zona_1
360,2,4101801,107,29.91,33.08,389.08,360,DQA4,Zona_1
360,3,4110101,15,4.397723921443457,5.277268705732149,439.3572687057321,360,DQA4,Zona_1
360,4,4109108,1,23.932995675840267,28.71959481100832,471.07686351674045,360,DQA4,Zona_1
360,5,Regreso_DQA4,0,6.72,8.77,479.8468635167404,360,DQA4,Zona_1
361,1,Inicio_DQA4,0,0.0,35.0,35.0,361,DQA4,Zona_1
361,2,4101901,59,37.65,51.62,263.62,361,DQA4,Zona_1
361,3,4110101,46,7.738616761571126,9.28634011388535,410.90634011388534,361,DQA4,Zona_1
361,4,4102301,5,4.345466603830099,5.214559924596119,431.12090003848147,361,DQA4,Zona_1
361,5,4108102,1,17.717315265616115,21.260778318739337,455.3816783572208,361,DQA4,Zona_1
361,6,4109108,1,10.145426535229985,12.174511842275983,470.55619019949677,361,DQA4,Zona_1
361,7,Regreso_DQA4,0,6.72,8.77,479.32619019949675,361,DQA4,Zona_1
362,1,Inicio_DQA4,0,0.0,35.0,35.0,362,DQA4,Zona_1
362,2,4102101,84,10.88,13.51,300.51,362,DQA4,Zona_1
362,3,4102102,55,0.3126767261092241,0.37521207133106893,465.88521207133107,362,DQA4,Zona_1
362,4,Regreso_DQA4,0,8.52,12.37,478.2552120713311,362,DQA4,Zona_1
363,1,Inicio_DQA4,0,0.0,35.0,35.0,363,DQA4,Zona_1
363,2,4102102,60,8.52,12.37,227.37,363,DQA4,Zona_1
363,3,4102103,29,1.4600963314385917,1.75211559772631,316.1221155977263,363,DQA4,Zona_1
363,4,4102104,22,0.7470912256066606,0.8965094707279927,383.0186250684543,363,DQA4,Zona_1
363,5,4109301,27,1.2261377457812537,1.4713652949375045,465.4899903633918,363,DQA4,Zona_1
363,6,Regreso_DQA4,0,7.91,11.84,477.3299903633918,363,DQA4,Zona_1
364,1,Inicio_DQA4,0,0.0,35.0,35.0,364,DQA4,Zona_1
364,2,4102201,14,73.49,58.99,135.99,364,DQA4,Zona_1
364,3,4102202,23,0.6668633837567716,0.8002360605081259,205.79023606050814,364,DQA4,Zona_1
364,4,4104202,17,13.236683279793667,15.884019935752402,272.6742559962605,364,DQA4,Zona_1
364,5,4104201,9,0.3887551967281916,0.4665062360738299,300.14076223233434,364,DQA4,Zona_1
364,6,4104203,34,1.7912365414528288,2.149483849743395,404.2902460820777,364,DQA4,Zona_1
364,7,4105601,1,12.771790118521892,15.32614814222627,422.616394224304,364,DQA4,Zona_1
364,8,Regreso_DQA4,0,76.0,57.23,479.846394224304,364,DQA4,Zona_1
365,1,Inicio_DQA4,0,0.0,35.0,35.0,365,DQA4,Zona_1
365,2,4102301,39,42.54,48.27,200.27,365,DQA4,Zona_1
365,3,4102302,40,2.0317151563213676,2.438058187585641,322.70805818758566,365,DQA4,Zona_1
365,4,4109902,11,9.347081327143776,11.216497592572532,366.9245557801582,365,DQA4,Zona_1
365,5,4109903,14,1.0516787327361783,1.262014479283414,410.1865702594416,365,DQA4,Zona_1
365,6,4109901,1,0.7139528878650904,0.8567434654381084,414.04331372487974,365,DQA4,Zona_1
365,7,4102404,2,22.048144328505273,26.45777319420633,446.50108691908605,365,DQA4,Zona_1
365,8,Regreso_DQA4,0,38.96,33.31,479.81108691908605,365,DQA4,Zona_1
366,1,Inicio_DQA4,0,0.0,35.0,35.0,366,DQA4,Zona_1
366,2,4190101,29,88.58,94.2,216.2,366,DQA4,Zona_1
366,3,4105601,39,6.657334154423006,7.988800985307607,341.1888009853076,366,DQA4,Zona_1
366,4,4103903,18,14.342340099531912,17.210808119438294,412.3996091047459,366,DQA4,Zona_1
366,5,Regreso_DQA4,0,91.32,66.06,478.4596091047459,366,DQA4,Zona_1
367,1,Inicio_DQA4,0,0.0,35.0,35.0,367,DQA4,Zona_1
367,2,4102401,14,39.81,34.71,111.71000000000001,367,DQA4,Zona_1
367,3,4102403,10,0.2655150382772477,0.31861804593269727,142.02861804593272,367,DQA4,Zona_1
367,4,4102404,82,0.4423132194147504,0.5307758632977004,388.5593939092304,367,DQA4,Zona_1
367,5,4102402,9,0.9316896565638176,1.1180275878765813,416.67742149710693,367,DQA4,Zona_1
367,6,4102405,9,1.465593487369658,1.7587121848435898,445.43613368195054,367,DQA4,Zona_1
367,7,Regreso_DQA4,0,38.64,32.6,478.03613368195056,367,DQA4,Zona_1
368,1,Inicio_DQA4,0,0.0,35.0,35.0,368,DQA4,Zona_1
368,2,4102405,60,38.64,32.6,247.6,368,DQA4,Zona_1
368,3,4110202,14,10.255319783997445,12.306383740796933,301.9063837407969,368,DQA4,Zona_1
368,4,4110203,47,0.629570741123284,0.7554848893479409,443.66186863014485,368,DQA4,Zona_1
368,5,Regreso_DQA4,0,34.01,35.95,479.61186863014484,368,DQA4,Zona_1
369,1,Inicio_DQA4,0,0.0,35.0,35.0,369,DQA4,Zona_1
369,2,4102406,73,56.67,54.89,308.89,369,DQA4,Zona_1
369,3,4105501,33,10.066419097040018,12.079702916448023,419.969702916448,369,DQA4,Zona_1
369,4,Regreso_DQA4,0,63.35,59.98,479.949702916448,369,DQA4,Zona_1
370,1,Inicio_DQA4,0,0.0,35.0,35.0,370,DQA4,Zona_1
370,2,4102701,18,47.82,53.04,142.04,370,DQA4,Zona_1
370,3,4102702,23,0.5047613467627262,0.6057136161152714,211.64571361611524,370,DQA4,Zona_1
370,4,4104901,75,16.02386123475444,19.228633481705327,455.87434709782053,370,DQA4,Zona_1
370,5,Regreso_DQA4,0,25.34,23.7,479.5743470978205,370,DQA4,Zona_1
371,1,Inicio_DQA4,0,0.0,35.0,35.0,371,DQA4,Zona_1
371,2,4102801,16,11.32,22.2,105.2,371,DQA4,Zona_1
371,3,4102901,119,2.262389299522904,2.714867159427485,464.9148671594275,371,DQA4,Zona_1
371,4,Regreso_DQA4,0,9.5,14.07,478.9848671594275,371,DQA4,Zona_1
372,1,Inicio_DQA4,0,0.0,35.0,35.0,372,DQA4,Zona_1
372,2,4102901,40,9.5,14.07,169.07,372,DQA4,Zona_1
372,3,4109301,99,1.5147606558909705,1.8177127870691647,467.8877127870692,372,DQA4,Zona_1
372,4,Regreso_DQA4,0,7.91,11.84,479.72771278706915,372,DQA4,Zona_1
373,1,Inicio_DQA4,0,0.0,35.0,35.0,373,DQA4,Zona_1
373,2,4103202,10,88.75,98.02,163.01999999999998,373,DQA4,Zona_1
373,3,4107301,17,16.378351066026962,19.654021279232353,233.67402127923233,373,DQA4,Zona_1
373,4,4109901,13,15.392747376420566,18.47129685170468,291.145318130937,373,DQA4,Zona_1
373,5,4105503,27,16.105662836845188,19.326795404214227,391.47211353515127,373,DQA4,Zona_1
373,6,4105502,9,0.47001603322821117,0.5640192398738534,419.0361327750251,373,DQA4,Zona_1
373,7,Regreso_DQA4,0,63.66,60.28,479.31613277502515,373,DQA4,Zona_1
374,1,Inicio_DQA4,0,0.0,35.0,35.0,374,DQA4,Zona_1
374,2,4103805,138,10.06,14.43,463.43,374,DQA4,Zona_1
374,3,4109105,1,5.3373283881466795,6.404794065776016,472.834794065776,374,DQA4,Zona_1
374,4,Regreso_DQA4,0,5.32,7.09,479.924794065776,374,DQA4,Zona_1
375,1,Inicio_DQA4,0,0.0,35.0,35.0,375,DQA4,Zona_1
375,2,4103805,138,10.06,14.43,463.43,375,DQA4,Zona_1
375,3,4109105,1,5.3373283881466795,6.404794065776016,472.834794065776,375,DQA4,Zona_1
375,4,Regreso_DQA4,0,5.32,7.09,479.924794065776,375,DQA4,Zona_1
376,1,Inicio_DQA4,0,0.0,35.0,35.0,376,DQA4,Zona_1
376,2,4103805,138,10.06,14.43,463.43,376,DQA4,Zona_1
376,3,4109105,1,5.3373283881466795,6.404794065776016,472.834794065776,376,DQA4,Zona_1
376,4,Regreso_DQA4,0,5.32,7.09,479.924794065776,376,DQA4,Zona_1
377,1,Inicio_DQA4,0,0.0,35.0,35.0,377,DQA4,Zona_1
377,2,4103805,138,10.06,14.43,463.43,377,DQA4,Zona_1
377,3,4109105,1,5.3373283881466795,6.404794065776016,472.834794065776,377,DQA4,Zona_1
377,4,Regreso_DQA4,0,5.32,7.09,479.924794065776,377,DQA4,Zona_1
378,1,Inicio_DQA4,0,0.0,35.0,35.0,378,DQA4,Zona_1
378,2,4103805,20,10.06,14.43,109.43,378,DQA4,Zona_1
378,3,4109110,118,3.70410657159114,4.444927885909368,467.87492788590936,378,DQA4,Zona_1
378,4,Regreso_DQA4,0,8.09,11.07,478.94492788590935,378,DQA4,Zona_1
379,1,Inicio_DQA4,0,0.0,35.0,35.0,379,DQA4,Zona_1
379,2,4103901,63,92.43,68.15,292.15,379,DQA4,Zona_1
379,3,4103904,40,0.7350152421531245,0.8820182905837495,413.0320182905837,379,DQA4,Zona_1
379,4,Regreso_DQA4,0,91.52,66.48,479.51201829058374,379,DQA4,Zona_1
380,1,Inicio_DQA4,0,0.0,35.0,35.0,380,DQA4,Zona_1
380,2,4103903,58,91.32,66.06,275.06,380,DQA4,Zona_1
380,3,4103904,23,0.7771061608117064,0.9325273929740476,344.99252739297407,380,DQA4,Zona_1
380,4,4105502,8,41.92562002509788,50.31074403011745,419.30327142309153,380,DQA4,Zona_1
380,5,Regreso_DQA4,0,63.66,60.28,479.58327142309156,380,DQA4,Zona_1
381,1,Inicio_DQA4,0,0.0,35.0,35.0,381,DQA4,Zona_1
381,2,4104001,134,18.87,21.02,458.02,381,DQA4,Zona_1
381,3,Regreso_DQA4,0,18.87,21.02,479.03999999999996,381,DQA4,Zona_1
382,1,Inicio_DQA4,0,0.0,35.0,35.0,382,DQA4,Zona_1
382,2,4104001,77,18.87,21.02,287.02,382,DQA4,Zona_1
382,3,4109801,55,1.967637734988971,2.3611652819867652,454.38116528198674,382,DQA4,Zona_1
382,4,4104701,1,5.5310715898298,6.637285907795761,464.0184511897825,382,DQA4,Zona_1
382,5,Regreso_DQA4,0,12.38,15.06,479.0784511897825,382,DQA4,Zona_1
383,1,Inicio_DQA4,0,0.0,35.0,35.0,383,DQA4,Zona_1
383,2,4104401,37,21.12,36.5,182.5,383,DQA4,Zona_1
383,3,4105901,93,3.372943279342306,4.047531935210767,465.54753193521077,383,DQA4,Zona_1
383,4,Regreso_DQA4,0,9.91,12.21,477.75753193521075,383,DQA4,Zona_1
384,1,Inicio_DQA4,0,0.0,35.0,35.0,384,DQA4,Zona_1
384,2,4104502,9,32.63,49.26,111.25999999999999,384,DQA4,Zona_1
384,3,4104901,39,10.352468760457247,12.422962512548697,240.6829625125487,384,DQA4,Zona_1
384,4,4108101,68,8.152389481875206,9.782867378250247,454.46582989079894,384,DQA4,Zona_1
384,5,4109103,1,10.572753600158373,12.687304320190048,470.153134210989,384,DQA4,Zona_1
384,6,Regreso_DQA4,0,6.15,9.41,479.563134210989,384,DQA4,Zona_1
385,1,Inicio_DQA4,0,0.0,35.0,35.0,385,DQA4,Zona_1
385,2,4104701,132,12.38,15.06,446.06,385,DQA4,Zona_1
385,3,4109301,6,2.8025298994341536,3.3630358793209845,467.423035879321,385,DQA4,Zona_1
385,4,Regreso_DQA4,0,7.91,11.84,479.26303587932097,385,DQA4,Zona_1
386,1,Inicio_DQA4,0,0.0,35.0,35.0,386,DQA4,Zona_1
386,2,4104801,7,151.42,123.81,179.81,386,DQA4,Zona_1
386,3,4104802,5,0.30054091994574217,0.3606491039348906,195.1706491039349,386,DQA4,Zona_1
386,4,4104803,7,0.9166768324805106,1.1000121989766125,217.2706613029115,386,DQA4,Zona_1
386,5,4105502,41,55.06516846152366,66.0782021538284,406.3488634567399,386,DQA4,Zona_1
386,6,4105501,4,0.8104236936538046,0.9725084323845655,419.32137188912446,386,DQA4,Zona_1
386,7,Regreso_DQA4,0,63.35,59.98,479.3013718891245,386,DQA4,Zona_1
387,1,Inicio_DQA4,0,0.0,35.0,35.0,387,DQA4,Zona_1
387,2,4105501,6,63.35,59.98,112.97999999999999,387,DQA4,Zona_1
387,3,4110203,44,33.18951814965978,39.82742177959174,284.8074217795917,387,DQA4,Zona_1
387,4,4110201,52,0.7281008240554687,0.8737209888665625,441.68114276845824,387,DQA4,Zona_1
387,5,4105803,1,2.386866972958118,2.8642403675497414,447.545383136008,387,DQA4,Zona_1
387,6,Regreso_DQA4,0,29.11,32.42,479.96538313600803,387,DQA4,Zona_1
388,1,Inicio_DQA4,0,0.0,35.0,35.0,388,DQA4,Zona_1
388,2,4105801,39,28.53,31.27,183.27,388,DQA4,Zona_1
388,3,4105802,83,0.5293057993543984,0.635166959225278,432.9051669592253,388,DQA4,Zona_1
388,4,4105803,4,0.8605317690992355,1.0326381229190826,445.9378050821444,388,DQA4,Zona_1
388,5,Regreso_DQA4,0,29.11,32.42,478.3578050821444,388,DQA4,Zona_1
389,1,Inicio_DQA4,0,0.0,35.0,35.0,389,DQA4,Zona_1
389,2,4105803,106,29.11,32.42,385.42,389,DQA4,Zona_1
389,3,4110201,11,2.386866972958118,2.8642403675497414,421.2842403675497,389,DQA4,Zona_1
389,4,4109109,7,16.57842225339292,19.894106704071504,462.17834707162126,389,DQA4,Zona_1
389,5,4109105,1,6.295307460861596,7.554368953033915,472.7327160246552,389,DQA4,Zona_1
389,6,Regreso_DQA4,0,5.32,7.09,479.82271602465516,389,DQA4,Zona_1
390,1,Inicio_DQA4,0,0.0,35.0,35.0,390,DQA4,Zona_1
390,2,4105901,140,9.91,12.21,467.21,390,DQA4,Zona_1
390,3,Regreso_DQA4,0,9.91,12.21,479.41999999999996,390,DQA4,Zona_1
391,1,Inicio_DQA4,0,0.0,35.0,35.0,391,DQA4,Zona_1
391,2,4105901,140,9.91,12.21,467.21,391,DQA4,Zona_1
391,3,Regreso_DQA4,0,9.91,12.21,479.41999999999996,391,DQA4,Zona_1
392,1,Inicio_DQA4,0,0.0,35.0,35.0,392,DQA4,Zona_1
392,2,4105901,140,9.91,12.21,467.21,392,DQA4,Zona_1
392,3,Regreso_DQA4,0,9.91,12.21,479.41999999999996,392,DQA4,Zona_1
393,1,Inicio_DQA4,0,0.0,35.0,35.0,393,DQA4,Zona_1
393,2,4105901,26,9.91,12.21,125.21000000000001,393,DQA4,Zona_1
393,3,4108604,50,3.159044993261616,3.790853991913939,279.0008539919139,393,DQA4,Zona_1
393,4,4108603,63,0.17072798426050853,0.20487358111261023,468.20572757302654,393,DQA4,Zona_1
393,5,Regreso_DQA4,0,6.73,8.88,477.08572757302653,393,DQA4,Zona_1
394,1,Inicio_DQA4,0,0.0,35.0,35.0,394,DQA4,Zona_1
394,2,4106702,32,23.63,29.59,160.59,394,DQA4,Zona_1
394,3,4109801,3,2.511614344266674,3.013937213120009,172.60393721312002,394,DQA4,Zona_1
394,4,4108501,58,2.5214326425336213,3.0257191710403455,349.6296563841604,394,DQA4,Zona_1
394,5,4109401,34,5.33766604644492,6.405199255733904,458.0348556398943,394,DQA4,Zona_1
394,6,Regreso_DQA4,0,20.98,20.52,478.5548556398943,394,DQA4,Zona_1
395,1,Inicio_DQA4,0,0.0,35.0,35.0,395,DQA4,Zona_1
395,2,4107001,108,13.03,16.58,375.58,395,DQA4,Zona_1
395,3,4109111,29,4.602902995626971,5.523483594752366,468.10348359475233,395,DQA4,Zona_1
395,4,Regreso_DQA4,0,4.39,9.54,477.64348359475235,395,DQA4,Zona_1
396,1,Inicio_DQA4,0,0.0,35.0,35.0,396,DQA4,Zona_1
396,2,4107501,118,42.95,37.94,426.94,396,DQA4,Zona_1
396,3,4108701,3,13.110998513420428,15.733198216104512,451.67319821610454,396,DQA4,Zona_1
396,4,Regreso_DQA4,0,27.2,25.95,477.6231982161045,396,DQA4,Zona_1
397,1,Inicio_DQA4,0,0.0,35.0,35.0,397,DQA4,Zona_1
397,2,4108101,15,20.23,24.1,104.1,397,DQA4,Zona_1
397,3,4108102,115,3.748264832896852,4.497917799476222,453.59791779947625,397,DQA4,Zona_1
397,4,4109107,1,8.384094433225755,10.060913319870906,466.65883111934716,397,DQA4,Zona_1
397,5,Regreso_DQA4,0,9.06,12.31,478.96883111934716,397,DQA4,Zona_1
398,1,Inicio_DQA4,0,0.0,35.0,35.0,398,DQA4,Zona_1
398,2,4108102,132,18.97,23.65,454.65,398,DQA4,Zona_1
398,3,4109101,1,9.983225205319101,11.979870246382923,469.6298702463829,398,DQA4,Zona_1
398,4,Regreso_DQA4,0,6.3,10.37,479.9998702463829,398,DQA4,Zona_1
399,1,Inicio_DQA4,0,0.0,35.0,35.0,399,DQA4,Zona_1
399,2,4108102,25,18.97,23.65,133.65,399,DQA4,Zona_1
399,3,4108902,61,8.374459518901606,10.049351422681926,326.69935142268196,399,DQA4,Zona_1
399,4,4109102,45,3.188800296212521,3.826560355455025,465.525911778137,399,DQA4,Zona_1
399,5,4109105,1,3.199177315021101,3.8390127780253214,472.36492455616235,399,DQA4,Zona_1
399,6,Regreso_DQA4,0,5.32,7.09,479.4549245561623,399,DQA4,Zona_1
400,1,Inicio_DQA4,0,0.0,35.0,35.0,400,DQA4,Zona_1
400,2,4108601,19,7.65,10.55,102.55,400,DQA4,Zona_1
400,3,4108602,50,0.5477325666364746,0.6572790799637696,253.20727907996377,400,DQA4,Zona_1
400,4,4108603,17,0.7701268754212474,0.9241522505054969,305.13143133046924,400,DQA4,Zona_1
400,5,4109301,53,2.2015501830215873,2.641860219625905,466.7732915500951,400,DQA4,Zona_1
400,6,Regreso_DQA4,0,7.91,11.84,478.6132915500951,400,DQA4,Zona_1
401,1,Inicio_DQA4,0,0.0,35.0,35.0,401,DQA4,Zona_1
401,2,4108701,64,27.2,25.95,252.95,401,DQA4,Zona_1
401,3,4108702,18,0.9067687519000222,1.0881225022800265,308.03812250228003,401,DQA4,Zona_1
401,4,4109401,22,3.651905057100948,4.382286068521138,378.42040857080116,401,DQA4,Zona_1
401,5,4109402,27,0.5982021867438247,0.7178426240925897,460.13825119489377,401,DQA4,Zona_1
401,6,Regreso_DQA4,0,20.38,19.82,479.95825119489376,401,DQA4,Zona_1
402,1,Inicio_DQA4,0,0.0,35.0,35.0,402,DQA4,Zona_1
402,2,4109101,140,6.3,10.37,465.37,402,DQA4,Zona_1
402,3,Regreso_DQA4,0,6.3,10.37,475.74,402,DQA4,Zona_1
403,1,Inicio_DQA4,0,0.0,35.0,35.0,403,DQA4,Zona_1
403,2,4109101,140,6.3,10.37,465.37,403,DQA4,Zona_1
403,3,Regreso_DQA4,0,6.3,10.37,475.74,403,DQA4,Zona_1
404,1,Inicio_DQA4,0,0.0,35.0,35.0,404,DQA4,Zona_1
404,2,4109101,140,6.3,10.37,465.37,404,DQA4,Zona_1
404,3,Regreso_DQA4,0,6.3,10.37,475.74,404,DQA4,Zona_1
405,1,Inicio_DQA4,0,0.0,35.0,35.0,405,DQA4,Zona_1
405,2,4109101,140,6.3,10.37,465.37,405,DQA4,Zona_1
405,3,Regreso_DQA4,0,6.3,10.37,475.74,405,DQA4,Zona_1
406,1,Inicio_DQA4,0,0.0,35.0,35.0,406,DQA4,Zona_1
406,2,4109101,140,6.3,10.37,465.37,406,DQA4,Zona_1
406,3,Regreso_DQA4,0,6.3,10.37,475.74,406,DQA4,Zona_1
407,1,Inicio_DQA4,0,0.0,35.0,35.0,407,DQA4,Zona_1
407,2,4109101,55,6.3,10.37,210.37,407,DQA4,Zona_1
407,3,4109103,85,0.5153629536920847,0.6184355444305016,465.9884355444305,407,DQA4,Zona_1
407,4,Regreso_DQA4,0,6.15,9.41,475.3984355444305,407,DQA4,Zona_1
408,1,Inicio_DQA4,0,0.0,35.0,35.0,408,DQA4,Zona_1
408,2,4109102,139,8.88,13.34,465.34,408,DQA4,Zona_1
408,3,4109103,1,1.7845532380864901,2.1414638857037884,470.48146388570376,408,DQA4,Zona_1
408,4,Regreso_DQA4,0,6.15,9.41,479.8914638857038,408,DQA4,Zona_1
409,1,Inicio_DQA4,0,0.0,35.0,35.0,409,DQA4,Zona_1
409,2,4109102,139,8.88,13.34,465.34,409,DQA4,Zona_1
409,3,4109103,1,1.7845532380864901,2.1414638857037884,470.48146388570376,409,DQA4,Zona_1
409,4,Regreso_DQA4,0,6.15,9.41,479.8914638857038,409,DQA4,Zona_1
410,1,Inicio_DQA4,0,0.0,35.0,35.0,410,DQA4,Zona_1
410,2,4109102,139,8.88,13.34,465.34,410,DQA4,Zona_1
410,3,4109103,1,1.7845532380864901,2.1414638857037884,470.48146388570376,410,DQA4,Zona_1
410,4,Regreso_DQA4,0,6.15,9.41,479.8914638857038,410,DQA4,Zona_1
411,1,Inicio_DQA4,0,0.0,35.0,35.0,411,DQA4,Zona_1
411,2,4109102,139,8.88,13.34,465.34,411,DQA4,Zona_1
411,3,4109103,1,1.7845532380864901,2.1414638857037884,470.48146388570376,411,DQA4,Zona_1
411,4,Regreso_DQA4,0,6.15,9.41,479.8914638857038,411,DQA4,Zona_1
412,1,Inicio_DQA4,0,0.0,35.0,35.0,412,DQA4,Zona_1
412,2,4109102,19,8.88,13.34,105.34,412,DQA4,Zona_1
412,3,4109103,121,1.7845532380864901,2.1414638857037884,470.48146388570376,412,DQA4,Zona_1
412,4,Regreso_DQA4,0,6.15,9.41,479.8914638857038,412,DQA4,Zona_1
413,1,Inicio_DQA4,0,0.0,35.0,35.0,413,DQA4,Zona_1
413,2,4109103,140,6.15,9.41,464.41,413,DQA4,Zona_1
413,3,Regreso_DQA4,0,6.15,9.41,473.82000000000005,413,DQA4,Zona_1
414,1,Inicio_DQA4,0,0.0,35.0,35.0,414,DQA4,Zona_1
414,2,4109103,140,6.15,9.41,464.41,414,DQA4,Zona_1
414,3,Regreso_DQA4,0,6.15,9.41,473.82000000000005,414,DQA4,Zona_1
415,1,Inicio_DQA4,0,0.0,35.0,35.0,415,DQA4,Zona_1
415,2,4109103,140,6.15,9.41,464.41,415,DQA4,Zona_1
415,3,Regreso_DQA4,0,6.15,9.41,473.82000000000005,415,DQA4,Zona_1
416,1,Inicio_DQA4,0,0.0,35.0,35.0,416,DQA4,Zona_1
416,2,4109103,79,6.15,9.41,281.40999999999997,416,DQA4,Zona_1
416,3,4109108,61,1.3475662256011771,1.6170794707214127,466.0270794707214,416,DQA4,Zona_1
416,4,Regreso_DQA4,0,6.72,8.77,474.79707947072137,416,DQA4,Zona_1
417,1,Inicio_DQA4,0,0.0,35.0,35.0,417,DQA4,Zona_1
417,2,4109104,140,7.99,11.23,466.23,417,DQA4,Zona_1
417,3,Regreso_DQA4,0,7.99,11.23,477.46000000000004,417,DQA4,Zona_1
418,1,Inicio_DQA4,0,0.0,35.0,35.0,418,DQA4,Zona_1
418,2,4109104,140,7.99,11.23,466.23,418,DQA4,Zona_1
418,3,Regreso_DQA4,0,7.99,11.23,477.46000000000004,418,DQA4,Zona_1
419,1,Inicio_DQA4,0,0.0,35.0,35.0,419,DQA4,Zona_1
419,2,4109104,140,7.99,11.23,466.23,419,DQA4,Zona_1
419,3,Regreso_DQA4,0,7.99,11.23,477.46000000000004,419,DQA4,Zona_1
420,1,Inicio_DQA4,0,0.0,35.0,35.0,420,DQA4,Zona_1
420,2,4109104,140,7.99,11.23,466.23,420,DQA4,Zona_1
420,3,Regreso_DQA4,0,7.99,11.23,477.46000000000004,420,DQA4,Zona_1
421,1,Inicio_DQA4,0,0.0,35.0,35.0,421,DQA4,Zona_1
421,2,4109104,104,7.99,11.23,358.23,421,DQA4,Zona_1
421,3,4109108,36,1.0582661784996543,1.2699194141995853,467.4999194141996,421,DQA4,Zona_1
421,4,Regreso_DQA4,0,6.72,8.77,476.2699194141996,421,DQA4,Zona_1
422,1,Inicio_DQA4,0,0.0,35.0,35.0,422,DQA4,Zona_1
422,2,4109105,140,5.32,7.09,462.09,422,DQA4,Zona_1
422,3,Regreso_DQA4,0,5.32,7.09,469.17999999999995,422,DQA4,Zona_1
423,1,Inicio_DQA4,0,0.0,35.0,35.0,423,DQA4,Zona_1
423,2,4109105,140,5.32,7.09,462.09,423,DQA4,Zona_1
423,3,Regreso_DQA4,0,5.32,7.09,469.17999999999995,423,DQA4,Zona_1
424,1,Inicio_DQA4,0,0.0,35.0,35.0,424,DQA4,Zona_1
424,2,4109105,140,5.32,7.09,462.09,424,DQA4,Zona_1
424,3,Regreso_DQA4,0,5.32,7.09,469.17999999999995,424,DQA4,Zona_1
425,1,Inicio_DQA4,0,0.0,35.0,35.0,425,DQA4,Zona_1
425,2,4109105,140,5.32,7.09,462.09,425,DQA4,Zona_1
425,3,Regreso_DQA4,0,5.32,7.09,469.17999999999995,425,DQA4,Zona_1
426,1,Inicio_DQA4,0,0.0,35.0,35.0,426,DQA4,Zona_1
426,2,4109105,83,5.32,7.09,291.09,426,DQA4,Zona_1
426,3,4109108,57,1.6045294162420527,1.925435299490463,464.01543529949043,426,DQA4,Zona_1
426,4,Regreso_DQA4,0,6.72,8.77,472.7854352994904,426,DQA4,Zona_1
427,1,Inicio_DQA4,0,0.0,35.0,35.0,427,DQA4,Zona_1
427,2,4109106,140,6.18,9.81,464.81,427,DQA4,Zona_1
427,3,Regreso_DQA4,0,6.18,9.81,474.62,427,DQA4,Zona_1
428,1,Inicio_DQA4,0,0.0,35.0,35.0,428,DQA4,Zona_1
428,2,4109106,140,6.18,9.81,464.81,428,DQA4,Zona_1
428,3,Regreso_DQA4,0,6.18,9.81,474.62,428,DQA4,Zona_1
429,1,Inicio_DQA4,0,0.0,35.0,35.0,429,DQA4,Zona_1
429,2,4109106,140,6.18,9.81,464.81,429,DQA4,Zona_1
429,3,Regreso_DQA4,0,6.18,9.81,474.62,429,DQA4,Zona_1
430,1,Inicio_DQA4,0,0.0,35.0,35.0,430,DQA4,Zona_1
430,2,4109106,109,6.18,9.81,371.81,430,DQA4,Zona_1
430,3,4109108,31,2.834672724194158,3.4016072690329895,468.211607269033,430,DQA4,Zona_1
430,4,Regreso_DQA4,0,6.72,8.77,476.98160726903296,430,DQA4,Zona_1
431,1,Inicio_DQA4,0,0.0,35.0,35.0,431,DQA4,Zona_1
431,2,4109107,140,9.06,12.31,467.31,431,DQA4,Zona_1
431,3,Regreso_DQA4,0,9.06,12.31,479.62,431,DQA4,Zona_1
432,1,Inicio_DQA4,0,0.0,35.0,35.0,432,DQA4,Zona_1
432,2,4109107,140,9.06,12.31,467.31,432,DQA4,Zona_1
432,3,Regreso_DQA4,0,9.06,12.31,479.62,432,DQA4,Zona_1
433,1,Inicio_DQA4,0,0.0,35.0,35.0,433,DQA4,Zona_1
433,2,4109107,140,9.06,12.31,467.31,433,DQA4,Zona_1
433,3,Regreso_DQA4,0,9.06,12.31,479.62,433,DQA4,Zona_1
434,1,Inicio_DQA4,0,0.0,35.0,35.0,434,DQA4,Zona_1
434,2,4109107,140,9.06,12.31,467.31,434,DQA4,Zona_1
434,3,Regreso_DQA4,0,9.06,12.31,479.62,434,DQA4,Zona_1
435,1,Inicio_DQA4,0,0.0,35.0,35.0,435,DQA4,Zona_1
435,2,4109107,59,9.06,12.31,224.31,435,DQA4,Zona_1
435,3,4109108,81,1.7682486195992269,2.121898343519072,469.43189834351904,435,DQA4,Zona_1
435,4,Regreso_DQA4,0,6.72,8.77,478.201898343519,435,DQA4,Zona_1
436,1,Inicio_DQA4,0,0.0,35.0,35.0,436,DQA4,Zona_1
436,2,4109108,140,6.72,8.77,463.77,436,DQA4,Zona_1
436,3,Regreso_DQA4,0,6.72,8.77,472.53999999999996,436,DQA4,Zona_1
437,1,Inicio_DQA4,0,0.0,35.0,35.0,437,DQA4,Zona_1
437,2,4109108,140,6.72,8.77,463.77,437,DQA4,Zona_1
437,3,Regreso_DQA4,0,6.72,8.77,472.53999999999996,437,DQA4,Zona_1
438,1,Inicio_DQA4,0,0.0,35.0,35.0,438,DQA4,Zona_1
438,2,4109108,57,6.72,8.77,214.77,438,DQA4,Zona_1
438,3,4109109,80,5.2707318336277575,6.324878200353309,461.0948782003533,438,DQA4,Zona_1
438,4,Regreso_DQA4,0,13.95,16.8,477.89487820035333,438,DQA4,Zona_1
439,1,Inicio_DQA4,0,0.0,35.0,35.0,439,DQA4,Zona_1
439,2,4109109,137,13.95,16.8,462.8,439,DQA4,Zona_1
439,3,Regreso_DQA4,0,13.95,16.8,479.6,439,DQA4,Zona_1
440,1,Inicio_DQA4,0,0.0,35.0,35.0,440,DQA4,Zona_1
440,2,4109109,137,13.95,16.8,462.8,440,DQA4,Zona_1
440,3,Regreso_DQA4,0,13.95,16.8,479.6,440,DQA4,Zona_1
441,1,Inicio_DQA4,0,0.0,35.0,35.0,441,DQA4,Zona_1
441,2,4109109,137,13.95,16.8,462.8,441,DQA4,Zona_1
441,3,Regreso_DQA4,0,13.95,16.8,479.6,441,DQA4,Zona_1
442,1,Inicio_DQA4,0,0.0,35.0,35.0,442,DQA4,Zona_1
442,2,4109109,137,13.95,16.8,462.8,442,DQA4,Zona_1
442,3,Regreso_DQA4,0,13.95,16.8,479.6,442,DQA4,Zona_1
443,1,Inicio_DQA4,0,0.0,35.0,35.0,443,DQA4,Zona_1
443,2,4109109,137,13.95,16.8,462.8,443,DQA4,Zona_1
443,3,Regreso_DQA4,0,13.95,16.8,479.6,443,DQA4,Zona_1
444,1,Inicio_DQA4,0,0.0,35.0,35.0,444,DQA4,Zona_1
444,2,4109109,137,13.95,16.8,462.8,444,DQA4,Zona_1
444,3,Regreso_DQA4,0,13.95,16.8,479.6,444,DQA4,Zona_1
445,1,Inicio_DQA4,0,0.0,35.0,35.0,445,DQA4,Zona_1
445,2,4109109,137,13.95,16.8,462.8,445,DQA4,Zona_1
445,3,Regreso_DQA4,0,13.95,16.8,479.6,445,DQA4,Zona_1
446,1,Inicio_DQA4,0,0.0,35.0,35.0,446,DQA4,Zona_1
446,2,4109109,18,13.95,16.8,105.8,446,DQA4,Zona_1
446,3,4109110,117,8.218946135060545,9.862735362072655,466.6627353620727,446,DQA4,Zona_1
446,4,Regreso_DQA4,0,8.09,11.07,477.7327353620727,446,DQA4,Zona_1
447,1,Inicio_DQA4,0,0.0,35.0,35.0,447,DQA4,Zona_1
447,2,4109110,140,8.09,11.07,466.07,447,DQA4,Zona_1
447,3,Regreso_DQA4,0,8.09,11.07,477.14,447,DQA4,Zona_1
448,1,Inicio_DQA4,0,0.0,35.0,35.0,448,DQA4,Zona_1
448,2,4109110,140,8.09,11.07,466.07,448,DQA4,Zona_1
448,3,Regreso_DQA4,0,8.09,11.07,477.14,448,DQA4,Zona_1
449,1,Inicio_DQA4,0,0.0,35.0,35.0,449,DQA4,Zona_1
449,2,4109110,10,8.09,11.07,76.07,449,DQA4,Zona_1
449,3,4109111,129,3.984271983506822,4.781126380208186,467.8511263802082,449,DQA4,Zona_1
449,4,Regreso_DQA4,0,4.39,9.54,477.3911263802082,449,DQA4,Zona_1
450,1,Inicio_DQA4,0,0.0,35.0,35.0,450,DQA4,Zona_1
450,2,4109111,140,4.39,9.54,464.54,450,DQA4,Zona_1
450,3,Regreso_DQA4,0,4.39,9.54,474.08000000000004,450,DQA4,Zona_1
451,1,Inicio_DQA4,0,0.0,35.0,35.0,451,DQA4,Zona_1
451,2,4109111,88,4.39,9.54,308.54,451,DQA4,Zona_1
451,3,4109301,51,4.998574398356797,5.998289278028157,467.5382892780282,451,DQA4,Zona_1
451,4,Regreso_DQA4,0,7.91,11.84,479.37828927802815,451,DQA4,Zona_1
452,1,Inicio_DQA4,0,0.0,35.0,35.0,452,DQA4,Zona_1
452,2,4109301,101,7.91,11.84,349.84,452,DQA4,Zona_1
452,3,4109402,5,9.375369122618341,11.25044294714201,376.090442947142,452,DQA4,Zona_1
452,4,Regreso_DQA4,0,20.38,19.82,395.910442947142,452,DQA4,Zona_1
