id_camion,orden_parada,nodo_ine,paquetes,km_tramo,tiempo_tramo_min,tiempo_acumulado_min,Id_Transportista,Centro_Origen,Zona_Geografica
1,1,Inicio_Poligono_Nave_industrial_074,0,0.0,35.0,35.0,1,Poligono_Nave_industrial_074,Zona_0
1,2,1400101,32,186.33,137.35,268.35,1,Poligono_Nave_industrial_074,Zona_0
1,3,1405001,15,7.059308086572126,8.47116970388655,321.8211697038866,1,Poligono_Nave_industrial_074,Zona_0
1,4,1405002,6,3.4887755153949525,4.1865306184739435,344.00770032236056,1,Poligono_Nave_industrial_074,Zona_0
1,5,Regreso_Poligono_Nave_industrial_074,0,185.59,134.31,478.31770032236057,1,Poligono_Nave_industrial_074,Zona_0
2,1,Inicio_Poligono_Nave_industrial_074,0,0.0,35.0,35.0,2,Poligono_Nave_industrial_074,Zona_0
2,2,1400301,13,220.91,165.68,239.68,2,Poligono_Nave_industrial_074,Zona_0
2,3,1400601,15,6.837552013721063,8.205062416465275,292.8850624164653,2,Poligono_Nave_industrial_074,Zona_0
2,4,1405402,2,5.790069790649425,6.94808374877931,305.8331461652446,2,Poligono_Nave_industrial_074,Zona_0
2,5,1406801,1,26.519530531555766,31.823436637866923,340.6565828031115,2,Poligono_Nave_industrial_074,Zona_0
2,6,Regreso_Poligono_Nave_industrial_074,0,189.03,139.28,479.9365828031115,2,Poligono_Nave_industrial_074,Zona_0
3,1,Inicio_Poligono_Nave_industrial_074,0,0.0,35.0,35.0,3,Poligono_Nave_industrial_074,Zona_0
3,2,1400501,65,107.13,113.2,343.2,3,Poligono_Nave_industrial_074,Zona_0
3,3,1403301,5,7.580702989000205,9.096843586800246,367.29684358680026,3,Poligono_Nave_industrial_074,Zona_0
3,4,Regreso_Poligono_Nave_industrial_074,0,138.39,112.19,479.48684358680026,3,Poligono_Nave_industrial_074,Zona_0
4,1,Inicio_Poligono_Nave_industrial_074,0,0.0,35.0,35.0,4,Poligono_Nave_industrial_074,Zona_0
4,2,1400801,5,219.32,164.49,214.49,4,Poligono_Nave_industrial_074,Zona_0
4,3,1400804,8,0.4757664824284305,0.5709197789141166,239.06091977891413,4,Poligono_Nave_industrial_074,Zona_0
4,4,1400802,6,0.5503246031476925,0.660389523777231,257.72130930269134,4,Poligono_Nave_industrial_074,Zona_0
4,5,1400803,5,2.092404298104657,2.5108851577255886,275.2321944604169,4,Poligono_Nave_industrial_074,Zona_0
4,6,1403503,11,10.342264507118482,12.41071740854218,320.6429118689591,4,Poligono_Nave_industrial_074,Zona_0
4,7,Regreso_Poligono_Nave_industrial_074,0,209.62,157.22,477.86291186895915,4,Poligono_Nave_industrial_074,Zona_0
5,1,Inicio_Poligono_Nave_industrial_074,0,0.0,35.0,35.0,5,Poligono_Nave_industrial_074,Zona_0
5,2,1400901,10,189.62,146.98,211.98,5,Poligono_Nave_industrial_074,Zona_0
5,3,1400902,6,0.32648764122173635,0.3917851694660836,230.37178516946608,5,Poligono_Nave_industrial_074,Zona_0
5,4,1400903,7,2.1591918249451125,2.591030189934135,253.96281535940022,5,Poligono_Nave_industrial_074,Zona_0
5,5,1405202,23,7.623724565423459,9.14846947850815,332.1112848379084,5,Poligono_Nave_industrial_074,Zona_0
5,6,4109901,2,80.8042114075313,96.96505368903756,435.07633852694596,5,Poligono_Nave_industrial_074,Zona_0
5,7,4109902,1,1.719479352161788,2.0633752225941455,440.1397137495401,5,Poligono_Nave_industrial_074,Zona_0
5,8,Regreso_Poligono_Nave_industrial_074,0,34.76,39.8,479.9397137495401,5,Poligono_Nave_industrial_074,Zona_0
6,1,Inicio_Poligono_Nave_industrial_074,0,0.0,35.0,35.0,6,Poligono_Nave_industrial_074,Zona_0
6,2,1401101,5,183.79,145.2,195.2,6,Poligono_Nave_industrial_074,Zona_0
6,3,1406401,3,7.861980049568664,9.434376059482396,213.63437605948238,6,Poligono_Nave_industrial_074,Zona_0
6,4,1403201,3,11.438359712153966,13.726031654584759,236.36040771406715,6,Poligono_Nave_industrial_074,Zona_0
6,5,1405204,2,7.237467271209646,8.684960725451576,251.04536843951874,6,Poligono_Nave_industrial_074,Zona_0
6,6,1405203,19,1.286491212070788,1.5437894544849455,309.5891578940037,6,Poligono_Nave_industrial_074,Zona_0
6,7,1405201,7,2.8346392680693207,3.401567121683185,333.99072501568685,6,Poligono_Nave_industrial_074,Zona_0
6,8,4103301,1,54.975804954095736,65.97096594491488,402.96169096060174,6,Poligono_Nave_industrial_074,Zona_0
6,9,4109901,1,23.881900239079688,28.658280286895625,434.61997124749735,6,Poligono_Nave_industrial_074,Zona_0
6,10,4109902,1,1.719479352161788,2.0633752225941455,439.68334647009146,6,Poligono_Nave_industrial_074,Zona_0
6,11,Regreso_Poligono_Nave_industrial_074,0,34.76,39.8,479.4833464700915,6,Poligono_Nave_industrial_074,Zona_0
7,1,Inicio_Poligono_Nave_industrial_074,0,0.0,35.0,35.0,7,Poligono_Nave_industrial_074,Zona_0
7,2,1401601,11,233.8,172.46,240.46,7,Poligono_Nave_industrial_074,Zona_0
7,3,1402001,3,17.872215080784084,21.4466580969409,270.90665809694093,7,Poligono_Nave_industrial_074,Zona_0
7,4,1406904,2,11.404128605728188,13.684954326873825,290.59161242381475,7,Poligono_Nave_industrial_074,Zona_0
7,5,1406901,3,6.278207082311757,7.533848498774108,307.12546092258884,7,Poligono_Nave_industrial_074,Zona_0
7,6,Regreso_Poligono_Nave_industrial_074,0,226.53,169.9,477.0254609225889,7,Poligono_Nave_industrial_074,Zona_0
8,1,Inicio_Poligono_Nave_industrial_074,0,0.0,35.0,35.0,8,Poligono_Nave_industrial_074,Zona_0
8,2,1401801,11,179.65,128.8,196.8,8,Poligono_Nave_industrial_074,Zona_0
8,3,1401802,29,0.5936594953920697,0.7123913944704837,284.5123913944705,8,Poligono_Nave_industrial_074,Zona_0
8,4,1406701,21,4.5532262444244465,5.463871493309336,352.97626288777985,8,Poligono_Nave_industrial_074,Zona_0
8,5,Regreso_Poligono_Nave_industrial_074,0,176.93,126.96,479.93626288777983,8,Poligono_Nave_industrial_074,Zona_0
9,1,Inicio_Poligono_Nave_industrial_074,0,0.0,35.0,35.0,9,Poligono_Nave_industrial_074,Zona_0
9,2,1402101,71,155.04,114.87,362.87,9,Poligono_Nave_industrial_074,Zona_0
9,3,1402102,1,0.4597109130106317,0.5516530956127581,366.4216530956128,9,Poligono_Nave_industrial_074,Zona_0
9,4,Regreso_Poligono_Nave_industrial_074,0,154.38,113.4,479.82165309561276,9,Poligono_Nave_industrial_074,Zona_0
10,1,Inicio_Poligono_Nave_industrial_074,0,0.0,35.0,35.0,10,Poligono_Nave_industrial_074,Zona_0
10,2,1402101,71,155.04,114.87,362.87,10,Poligono_Nave_industrial_074,Zona_0
10,3,1402102,1,0.4597109130106317,0.5516530956127581,366.4216530956128,10,Poligono_Nave_industrial_074,Zona_0
10,4,Regreso_Poligono_Nave_industrial_074,0,154.38,113.4,479.82165309561276,10,Poligono_Nave_industrial_074,Zona_0
11,1,Inicio_Poligono_Nave_industrial_074,0,0.0,35.0,35.0,11,Poligono_Nave_industrial_074,Zona_0
11,2,1402101,71,155.04,114.87,362.87,11,Poligono_Nave_industrial_074,Zona_0
11,3,1402102,1,0.4597109130106317,0.5516530956127581,366.4216530956128,11,Poligono_Nave_industrial_074,Zona_0
11,4,Regreso_Poligono_Nave_industrial_074,0,154.38,113.4,479.82165309561276,11,Poligono_Nave_industrial_074,Zona_0
12,1,Inicio_Poligono_Nave_industrial_074,0,0.0,35.0,35.0,12,Poligono_Nave_industrial_074,Zona_0
12,2,1402101,71,155.04,114.87,362.87,12,Poligono_Nave_industrial_074,Zona_0
12,3,1402102,1,0.4597109130106317,0.5516530956127581,366.4216530956128,12,Poligono_Nave_industrial_074,Zona_0
12,4,Regreso_Poligono_Nave_industrial_074,0,154.38,113.4,479.82165309561276,12,Poligono_Nave_industrial_074,Zona_0
13,1,Inicio_Poligono_Nave_industrial_074,0,0.0,35.0,35.0,13,Poligono_Nave_industrial_074,Zona_0
13,2,1402101,71,155.04,114.87,362.87,13,Poligono_Nave_industrial_074,Zona_0
13,3,1402102,1,0.4597109130106317,0.5516530956127581,366.4216530956128,13,Poligono_Nave_industrial_074,Zona_0
13,4,Regreso_Poligono_Nave_industrial_074,0,154.38,113.4,479.82165309561276,13,Poligono_Nave_industrial_074,Zona_0
14,1,Inicio_Poligono_Nave_industrial_074,0,0.0,35.0,35.0,14,Poligono_Nave_industrial_074,Zona_0
14,2,1402101,71,155.04,114.87,362.87,14,Poligono_Nave_industrial_074,Zona_0
14,3,1402102,1,0.4597109130106317,0.5516530956127581,366.4216530956128,14,Poligono_Nave_industrial_074,Zona_0
14,4,Regreso_Poligono_Nave_industrial_074,0,154.38,113.4,479.82165309561276,14,Poligono_Nave_industrial_074,Zona_0
15,1,Inicio_Poligono_Nave_industrial_074,0,0.0,35.0,35.0,15,Poligono_Nave_industrial_074,Zona_0
15,2,1402101,28,155.04,114.87,233.87,15,Poligono_Nave_industrial_074,Zona_0
15,3,1402103,33,0.39891101657701344,0.4786932198924161,333.3486932198924,15,Poligono_Nave_industrial_074,Zona_0
15,4,1402108,9,0.2927644824015422,0.35131737888185066,360.70001059877427,15,Poligono_Nave_industrial_074,Zona_0
15,5,1402107,1,0.39542133411580865,0.47450560093897043,364.17451619971325,15,Poligono_Nave_industrial_074,Zona_0
15,6,1402105,1,0.852351890281904,1.0228222683382846,368.19733846805156,15,Poligono_Nave_industrial_074,Zona_0
15,7,Regreso_Poligono_Nave_industrial_074,0,153.68,111.72,479.9173384680515,15,Poligono_Nave_industrial_074,Zona_0
16,1,Inicio_Poligono_Nave_industrial_074,0,0.0,35.0,35.0,16,Poligono_Nave_industrial_074,Zona_0
16,2,1402102,72,154.38,113.4,364.4,16,Poligono_Nave_industrial_074,Zona_0
16,3,1402105,1,0.7277755844707563,0.8733307013649075,368.2733307013649,16,Poligono_Nave_industrial_074,Zona_0
16,4,Regreso_Poligono_Nave_industrial_074,0,153.68,111.72,479.9933307013649,16,Poligono_Nave_industrial_074,Zona_0
17,1,Inicio_Poligono_Nave_industrial_074,0,0.0,35.0,35.0,17,Poligono_Nave_industrial_074,Zona_0
17,2,1402102,72,154.38,113.4,364.4,17,Poligono_Nave_industrial_074,Zona_0
17,3,1402105,1,0.7277755844707563,0.8733307013649075,368.2733307013649,17,Poligono_Nave_industrial_074,Zona_0
17,4,Regreso_Poligono_Nave_industrial_074,0,153.68,111.72,479.9933307013649,17,Poligono_Nave_industrial_074,Zona_0
18,1,Inicio_Poligono_Nave_industrial_074,0,0.0,35.0,35.0,18,Poligono_Nave_industrial_074,Zona_0
18,2,1402102,72,154.38,113.4,364.4,18,Poligono_Nave_industrial_074,Zona_0
18,3,1402105,1,0.7277755844707563,0.8733307013649075,368.2733307013649,18,Poligono_Nave_industrial_074,Zona_0
18,4,Regreso_Poligono_Nave_industrial_074,0,153.68,111.72,479.9933307013649,18,Poligono_Nave_industrial_074,Zona_0
19,1,Inicio_Poligono_Nave_industrial_074,0,0.0,35.0,35.0,19,Poligono_Nave_industrial_074,Zona_0
19,2,1402102,72,154.38,113.4,364.4,19,Poligono_Nave_industrial_074,Zona_0
19,3,1402105,1,0.7277755844707563,0.8733307013649075,368.2733307013649,19,Poligono_Nave_industrial_074,Zona_0
19,4,Regreso_Poligono_Nave_industrial_074,0,153.68,111.72,479.9933307013649,19,Poligono_Nave_industrial_074,Zona_0
20,1,Inicio_Poligono_Nave_industrial_074,0,0.0,35.0,35.0,20,Poligono_Nave_industrial_074,Zona_0
20,2,1402102,72,154.38,113.4,364.4,20,Poligono_Nave_industrial_074,Zona_0
20,3,1402105,1,0.7277755844707563,0.8733307013649075,368.2733307013649,20,Poligono_Nave_industrial_074,Zona_0
20,4,Regreso_Poligono_Nave_industrial_074,0,153.68,111.72,479.9933307013649,20,Poligono_Nave_industrial_074,Zona_0
21,1,Inicio_Poligono_Nave_industrial_074,0,0.0,35.0,35.0,21,Poligono_Nave_industrial_074,Zona_0
21,2,1402102,72,154.38,113.4,364.4,21,Poligono_Nave_industrial_074,Zona_0
21,3,1402105,1,0.7277755844707563,0.8733307013649075,368.2733307013649,21,Poligono_Nave_industrial_074,Zona_0
21,4,Regreso_Poligono_Nave_industrial_074,0,153.68,111.72,479.9933307013649,21,Poligono_Nave_industrial_074,Zona_0
22,1,Inicio_Poligono_Nave_industrial_074,0,0.0,35.0,35.0,22,Poligono_Nave_industrial_074,Zona_0
22,2,1402102,39,154.38,113.4,265.4,22,Poligono_Nave_industrial_074,Zona_0
22,3,1402104,33,0.5127857683148918,0.6153429219778701,365.01534292197783,22,Poligono_Nave_industrial_074,Zona_0
22,4,Regreso_Poligono_Nave_industrial_074,0,154.33,114.13,479.14534292197783,22,Poligono_Nave_industrial_074,Zona_0
23,1,Inicio_Poligono_Nave_industrial_074,0,0.0,35.0,35.0,23,Poligono_Nave_industrial_074,Zona_0
23,2,1402104,24,154.33,114.13,221.13,23,Poligono_Nave_industrial_074,Zona_0
23,3,1402105,48,0.23880068368274085,0.286560820419289,365.41656082041925,23,Poligono_Nave_industrial_074,Zona_0
23,4,Regreso_Poligono_Nave_industrial_074,0,153.68,111.72,477.1365608204193,23,Poligono_Nave_industrial_074,Zona_0
24,1,Inicio_Poligono_Nave_industrial_074,0,0.0,35.0,35.0,24,Poligono_Nave_industrial_074,Zona_0
24,2,1402105,73,153.68,111.72,365.72,24,Poligono_Nave_industrial_074,Zona_0
24,3,Regreso_Poligono_Nave_industrial_074,0,153.68,111.72,477.44000000000005,24,Poligono_Nave_industrial_074,Zona_0
25,1,Inicio_Poligono_Nave_industrial_074,0,0.0,35.0,35.0,25,Poligono_Nave_industrial_074,Zona_0
25,2,1402105,73,153.68,111.72,365.72,25,Poligono_Nave_industrial_074,Zona_0
25,3,Regreso_Poligono_Nave_industrial_074,0,153.68,111.72,477.44000000000005,25,Poligono_Nave_industrial_074,Zona_0
26,1,Inicio_Poligono_Nave_industrial_074,0,0.0,35.0,35.0,26,Poligono_Nave_industrial_074,Zona_0
26,2,1402105,73,153.68,111.72,365.72,26,Poligono_Nave_industrial_074,Zona_0
26,3,Regreso_Poligono_Nave_industrial_074,0,153.68,111.72,477.44000000000005,26,Poligono_Nave_industrial_074,Zona_0
27,1,Inicio_Poligono_Nave_industrial_074,0,0.0,35.0,35.0,27,Poligono_Nave_industrial_074,Zona_0
27,2,1402105,9,153.68,111.72,173.72,27,Poligono_Nave_industrial_074,Zona_0
27,3,1402108,29,0.4957760325120497,0.5949312390144597,261.31493123901447,27,Poligono_Nave_industrial_074,Zona_0
27,4,1402107,34,0.39542133411580865,0.47450560093897043,363.78943683995345,27,Poligono_Nave_industrial_074,Zona_0
27,5,1402110,1,0.6553581038513013,0.7864297246215616,367.575866564575,27,Poligono_Nave_industrial_074,Zona_0
27,6,Regreso_Poligono_Nave_industrial_074,0,153.66,112.36,479.935866564575,27,Poligono_Nave_industrial_074,Zona_0
28,1,Inicio_Poligono_Nave_industrial_074,0,0.0,35.0,35.0,28,Poligono_Nave_industrial_074,Zona_0
28,2,1402106,72,154.54,114.44,365.44,28,Poligono_Nave_industrial_074,Zona_0
28,3,Regreso_Poligono_Nave_industrial_074,0,154.54,114.44,479.88,28,Poligono_Nave_industrial_074,Zona_0
29,1,Inicio_Poligono_Nave_industrial_074,0,0.0,35.0,35.0,29,Poligono_Nave_industrial_074,Zona_0
29,2,1402106,72,154.54,114.44,365.44,29,Poligono_Nave_industrial_074,Zona_0
29,3,Regreso_Poligono_Nave_industrial_074,0,154.54,114.44,479.88,29,Poligono_Nave_industrial_074,Zona_0
30,1,Inicio_Poligono_Nave_industrial_074,0,0.0,35.0,35.0,30,Poligono_Nave_industrial_074,Zona_0
30,2,1402106,72,154.54,114.44,365.44,30,Poligono_Nave_industrial_074,Zona_0
30,3,Regreso_Poligono_Nave_industrial_074,0,154.54,114.44,479.88,30,Poligono_Nave_industrial_074,Zona_0
31,1,Inicio_Poligono_Nave_industrial_074,0,0.0,35.0,35.0,31,Poligono_Nave_industrial_074,Zona_0
31,2,1402106,72,154.54,114.44,365.44,31,Poligono_Nave_industrial_074,Zona_0
31,3,Regreso_Poligono_Nave_industrial_074,0,154.54,114.44,479.88,31,Poligono_Nave_industrial_074,Zona_0
32,1,Inicio_Poligono_Nave_industrial_074,0,0.0,35.0,35.0,32,Poligono_Nave_industrial_074,Zona_0
32,2,1402106,72,154.54,114.44,365.44,32,Poligono_Nave_industrial_074,Zona_0
32,3,Regreso_Poligono_Nave_industrial_074,0,154.54,114.44,479.88,32,Poligono_Nave_industrial_074,Zona_0
33,1,Inicio_Poligono_Nave_industrial_074,0,0.0,35.0,35.0,33,Poligono_Nave_industrial_074,Zona_0
33,2,1402106,72,154.54,114.44,365.44,33,Poligono_Nave_industrial_074,Zona_0
33,3,Regreso_Poligono_Nave_industrial_074,0,154.54,114.44,479.88,33,Poligono_Nave_industrial_074,Zona_0
34,1,Inicio_Poligono_Nave_industrial_074,0,0.0,35.0,35.0,34,Poligono_Nave_industrial_074,Zona_0
34,2,1402106,72,154.54,114.44,365.44,34,Poligono_Nave_industrial_074,Zona_0
34,3,Regreso_Poligono_Nave_industrial_074,0,154.54,114.44,479.88,34,Poligono_Nave_industrial_074,Zona_0
35,1,Inicio_Poligono_Nave_industrial_074,0,0.0,35.0,35.0,35,Poligono_Nave_industrial_074,Zona_0
35,2,1402106,72,154.54,114.44,365.44,35,Poligono_Nave_industrial_074,Zona_0
35,3,Regreso_Poligono_Nave_industrial_074,0,154.54,114.44,479.88,35,Poligono_Nave_industrial_074,Zona_0
36,1,Inicio_Poligono_Nave_industrial_074,0,0.0,35.0,35.0,36,Poligono_Nave_industrial_074,Zona_0
36,2,1402106,72,154.54,114.44,365.44,36,Poligono_Nave_industrial_074,Zona_0
36,3,Regreso_Poligono_Nave_industrial_074,0,154.54,114.44,479.88,36,Poligono_Nave_industrial_074,Zona_0
37,1,Inicio_Poligono_Nave_industrial_074,0,0.0,35.0,35.0,37,Poligono_Nave_industrial_074,Zona_0
37,2,1402106,72,154.54,114.44,365.44,37,Poligono_Nave_industrial_074,Zona_0
37,3,Regreso_Poligono_Nave_industrial_074,0,154.54,114.44,479.88,37,Poligono_Nave_industrial_074,Zona_0
38,1,Inicio_Poligono_Nave_industrial_074,0,0.0,35.0,35.0,38,Poligono_Nave_industrial_074,Zona_0
38,2,1402106,72,154.54,114.44,365.44,38,Poligono_Nave_industrial_074,Zona_0
38,3,Regreso_Poligono_Nave_industrial_074,0,154.54,114.44,479.88,38,Poligono_Nave_industrial_074,Zona_0
39,1,Inicio_Poligono_Nave_industrial_074,0,0.0,35.0,35.0,39,Poligono_Nave_industrial_074,Zona_0
39,2,1402106,59,154.54,114.44,326.44,39,Poligono_Nave_industrial_074,Zona_0
39,3,1402107,12,0.2962067131267151,0.3554480557520581,362.79544805575205,39,Poligono_Nave_industrial_074,Zona_0
39,4,1402110,1,0.6553581038513013,0.7864297246215616,366.5818777803736,39,Poligono_Nave_industrial_074,Zona_0
39,5,Regreso_Poligono_Nave_industrial_074,0,153.66,112.36,478.9418777803736,39,Poligono_Nave_industrial_074,Zona_0
40,1,Inicio_Poligono_Nave_industrial_074,0,0.0,35.0,35.0,40,Poligono_Nave_industrial_074,Zona_0
40,2,1402107,17,155.39,115.71,201.70999999999998,40,Poligono_Nave_industrial_074,Zona_0
40,3,1402110,55,0.6553581038513013,0.7864297246215616,367.4964297246215,40,Poligono_Nave_industrial_074,Zona_0
40,4,Regreso_Poligono_Nave_industrial_074,0,153.66,112.36,479.85642972462153,40,Poligono_Nave_industrial_074,Zona_0
41,1,Inicio_Poligono_Nave_industrial_074,0,0.0,35.0,35.0,41,Poligono_Nave_industrial_074,Zona_0
41,2,1402109,72,153.23,113.41,364.40999999999997,41,Poligono_Nave_industrial_074,Zona_0
41,3,Regreso_Poligono_Nave_industrial_074,0,153.23,113.41,477.81999999999994,41,Poligono_Nave_industrial_074,Zona_0
42,1,Inicio_Poligono_Nave_industrial_074,0,0.0,35.0,35.0,42,Poligono_Nave_industrial_074,Zona_0
42,2,1402109,72,153.23,113.41,364.40999999999997,42,Poligono_Nave_industrial_074,Zona_0
42,3,Regreso_Poligono_Nave_industrial_074,0,153.23,113.41,477.81999999999994,42,Poligono_Nave_industrial_074,Zona_0
43,1,Inicio_Poligono_Nave_industrial_074,0,0.0,35.0,35.0,43,Poligono_Nave_industrial_074,Zona_0
43,2,1402109,72,153.23,113.41,364.40999999999997,43,Poligono_Nave_industrial_074,Zona_0
43,3,Regreso_Poligono_Nave_industrial_074,0,153.23,113.41,477.81999999999994,43,Poligono_Nave_industrial_074,Zona_0
44,1,Inicio_Poligono_Nave_industrial_074,0,0.0,35.0,35.0,44,Poligono_Nave_industrial_074,Zona_0
44,2,1402109,72,153.23,113.41,364.40999999999997,44,Poligono_Nave_industrial_074,Zona_0
44,3,Regreso_Poligono_Nave_industrial_074,0,153.23,113.41,477.81999999999994,44,Poligono_Nave_industrial_074,Zona_0
45,1,Inicio_Poligono_Nave_industrial_074,0,0.0,35.0,35.0,45,Poligono_Nave_industrial_074,Zona_0
45,2,1402109,26,153.23,113.41,226.41,45,Poligono_Nave_industrial_074,Zona_0
45,3,1402110,46,0.5967552193831763,0.7161062632598116,365.12610626325977,45,Poligono_Nave_industrial_074,Zona_0
45,4,Regreso_Poligono_Nave_industrial_074,0,153.66,112.36,477.4861062632598,45,Poligono_Nave_industrial_074,Zona_0
46,1,Inicio_Poligono_Nave_industrial_074,0,0.0,35.0,35.0,46,Poligono_Nave_industrial_074,Zona_0
46,2,1402110,73,153.66,112.36,366.36,46,Poligono_Nave_industrial_074,Zona_0
46,3,Regreso_Poligono_Nave_industrial_074,0,153.66,112.36,478.72,46,Poligono_Nave_industrial_074,Zona_0
47,1,Inicio_Poligono_Nave_industrial_074,0,0.0,35.0,35.0,47,Poligono_Nave_industrial_074,Zona_0
47,2,1402110,73,153.66,112.36,366.36,47,Poligono_Nave_industrial_074,Zona_0
47,3,Regreso_Poligono_Nave_industrial_074,0,153.66,112.36,478.72,47,Poligono_Nave_industrial_074,Zona_0
48,1,Inicio_Poligono_Nave_industrial_074,0,0.0,35.0,35.0,48,Poligono_Nave_industrial_074,Zona_0
48,2,1402110,73,153.66,112.36,366.36,48,Poligono_Nave_industrial_074,Zona_0
48,3,Regreso_Poligono_Nave_industrial_074,0,153.66,112.36,478.72,48,Poligono_Nave_industrial_074,Zona_0
49,1,Inicio_Poligono_Nave_industrial_074,0,0.0,35.0,35.0,49,Poligono_Nave_industrial_074,Zona_0
49,2,1402110,73,153.66,112.36,366.36,49,Poligono_Nave_industrial_074,Zona_0
49,3,Regreso_Poligono_Nave_industrial_074,0,153.66,112.36,478.72,49,Poligono_Nave_industrial_074,Zona_0
50,1,Inicio_Poligono_Nave_industrial_074,0,0.0,35.0,35.0,50,Poligono_Nave_industrial_074,Zona_0
50,2,1402110,73,153.66,112.36,366.36,50,Poligono_Nave_industrial_074,Zona_0
50,3,Regreso_Poligono_Nave_industrial_074,0,153.66,112.36,478.72,50,Poligono_Nave_industrial_074,Zona_0
51,1,Inicio_Poligono_Nave_industrial_074,0,0.0,35.0,35.0,51,Poligono_Nave_industrial_074,Zona_0
51,2,1402110,73,153.66,112.36,366.36,51,Poligono_Nave_industrial_074,Zona_0
51,3,Regreso_Poligono_Nave_industrial_074,0,153.66,112.36,478.72,51,Poligono_Nave_industrial_074,Zona_0
52,1,Inicio_Poligono_Nave_industrial_074,0,0.0,35.0,35.0,52,Poligono_Nave_industrial_074,Zona_0
52,2,1402110,61,153.66,112.36,330.36,52,Poligono_Nave_industrial_074,Zona_0
52,3,1403301,3,22.105485612281598,26.526582734737918,365.88658273473794,52,Poligono_Nave_industrial_074,Zona_0
52,4,Regreso_Poligono_Nave_industrial_074,0,138.39,112.19,478.07658273473794,52,Poligono_Nave_industrial_074,Zona_0
53,1,Inicio_Poligono_Nave_industrial_074,0,0.0,35.0,35.0,53,Poligono_Nave_industrial_074,Zona_0
53,2,1402301,13,238.63,178.97,252.97,53,Poligono_Nave_industrial_074,Zona_0
53,3,1402302,9,5.770503782094085,6.924604538512902,286.8946045385129,53,Poligono_Nave_industrial_074,Zona_0
53,4,1405403,4,6.2216660045137635,7.465999205416517,306.3606037439294,53,Poligono_Nave_industrial_074,Zona_0
53,5,Regreso_Poligono_Nave_industrial_074,0,229.63,172.22,478.5806037439294,53,Poligono_Nave_industrial_074,Zona_0
54,1,Inicio_Poligono_Nave_industrial_074,0,0.0,35.0,35.0,54,Poligono_Nave_industrial_074,Zona_0
54,2,1402601,7,200.6,147.0,203.0,54,Poligono_Nave_industrial_074,Zona_0
54,3,1402603,8,0.4340202985842882,0.5208243583011458,227.52082435830116,54,Poligono_Nave_industrial_074,Zona_0
54,4,1402602,6,7.732700243144562,9.279240291773474,254.80006465007463,54,Poligono_Nave_industrial_074,Zona_0
54,5,1407101,8,9.938691409356906,11.926429691228288,290.7264943413029,54,Poligono_Nave_industrial_074,Zona_0
54,6,1402904,7,15.414230507315132,18.49707660877816,330.22357095008107,54,Poligono_Nave_industrial_074,Zona_0
54,7,4100201,1,31.57180709283852,37.88616851140622,371.10973946148727,54,Poligono_Nave_industrial_074,Zona_0
54,8,4108801,2,7.115686901966758,8.53882428236011,385.6485637438474,54,Poligono_Nave_industrial_074,Zona_0
54,9,4109901,2,35.76834985700935,42.922019828411216,434.5705835722586,54,Poligono_Nave_industrial_074,Zona_0
54,10,4109902,1,1.719479352161788,2.0633752225941455,439.63395879485273,54,Poligono_Nave_industrial_074,Zona_0
54,11,Regreso_Poligono_Nave_industrial_074,0,34.76,39.8,479.43395879485274,54,Poligono_Nave_industrial_074,Zona_0
55,1,Inicio_Poligono_Nave_industrial_074,0,0.0,35.0,35.0,55,Poligono_Nave_industrial_074,Zona_0
55,2,1402703,17,121.56,100.33,186.32999999999998,55,Poligono_Nave_industrial_074,Zona_0
55,3,1403001,60,4.3257882266774255,5.19094587201291,371.52094587201293,55,Poligono_Nave_industrial_074,Zona_0
55,4,4105503,1,37.93719905194706,45.524638862336474,420.0455847343494,55,Poligono_Nave_industrial_074,Zona_0
55,5,Regreso_Poligono_Nave_industrial_074,0,53.94,59.47,479.51558473434943,55,Poligono_Nave_industrial_074,Zona_0
56,1,Inicio_Poligono_Nave_industrial_074,0,0.0,35.0,35.0,56,Poligono_Nave_industrial_074,Zona_0
56,2,1402801,3,232.06,173.88,217.88,56,Poligono_Nave_industrial_074,Zona_0
56,3,1407002,5,3.2257147896102167,3.8708577475322596,236.75085774753225,56,Poligono_Nave_industrial_074,Zona_0
56,4,1407001,6,7.003666074233387,8.404399289080065,263.15525703661234,56,Poligono_Nave_industrial_074,Zona_0
56,5,1407201,8,14.193005049333292,17.03160605919995,304.18686309581227,56,Poligono_Nave_industrial_074,Zona_0
56,6,1403501,1,18.184111145257134,21.82093337430856,329.0077964701208,56,Poligono_Nave_industrial_074,Zona_0
56,7,Regreso_Poligono_Nave_industrial_074,0,201.1,150.82,479.8277964701208,56,Poligono_Nave_industrial_074,Zona_0
57,1,Inicio_Poligono_Nave_industrial_074,0,0.0,35.0,35.0,57,Poligono_Nave_industrial_074,Zona_0
57,2,1402901,8,170.11,140.73,199.73,57,Poligono_Nave_industrial_074,Zona_0
57,3,1402903,6,6.876544855519596,8.251853826623513,225.9818538266235,57,Poligono_Nave_industrial_074,Zona_0
57,4,1402902,10,9.554360368300669,11.465232441960802,267.4470862685843,57,Poligono_Nave_industrial_074,Zona_0
57,5,1405201,18,11.417044364359029,13.700453237230835,335.14753950581513,57,Poligono_Nave_industrial_074,Zona_0
57,6,4109901,2,78.47097930707538,94.16517516849046,435.3127146743056,57,Poligono_Nave_industrial_074,Zona_0
57,7,4102302,1,10.019974881876484,12.02396985825178,450.3366845325574,57,Poligono_Nave_industrial_074,Zona_0
57,8,Regreso_Poligono_Nave_industrial_074,0,23.98,27.72,478.05668453255737,57,Poligono_Nave_industrial_074,Zona_0
58,1,Inicio_Poligono_Nave_industrial_074,0,0.0,35.0,35.0,58,Poligono_Nave_industrial_074,Zona_0
58,2,1403001,11,97.05,106.58,174.57999999999998,58,Poligono_Nave_industrial_074,Zona_0
58,3,1405301,31,11.351035340975287,13.621242409170344,281.20124240917033,58,Poligono_Nave_industrial_074,Zona_0
58,4,1405302,27,4.018732034492891,4.822478441391469,367.0237208505618,58,Poligono_Nave_industrial_074,Zona_0
58,5,4105503,1,41.66828189141785,50.00193826970141,420.0256591202632,58,Poligono_Nave_industrial_074,Zona_0
58,6,Regreso_Poligono_Nave_industrial_074,0,53.94,59.47,479.4956591202632,58,Poligono_Nave_industrial_074,Zona_0
59,1,Inicio_Poligono_Nave_industrial_074,0,0.0,35.0,35.0,59,Poligono_Nave_industrial_074,Zona_0
59,2,1403301,6,138.39,112.19,165.19,59,Poligono_Nave_industrial_074,Zona_0
59,3,1405302,3,15.932031427054302,19.118437712465163,193.30843771246515,59,Poligono_Nave_industrial_074,Zona_0
59,4,1403601,16,10.996552597873851,13.195863117448623,254.50430082991377,59,Poligono_Nave_industrial_074,Zona_0
59,5,1403602,22,0.6606976138985836,0.7928371366783004,321.29713796659206,59,Poligono_Nave_industrial_074,Zona_0
59,6,4107801,6,13.492633535476639,16.191160242571968,355.48829820916404,59,Poligono_Nave_industrial_074,Zona_0
59,7,4107802,10,0.591362194965651,0.7096346339587812,386.1979328431228,59,Poligono_Nave_industrial_074,Zona_0
59,8,4107401,1,6.080001384072833,7.2960016608874,396.4939345040102,59,Poligono_Nave_industrial_074,Zona_0
59,9,4105503,1,16.908972822522237,20.290767387026683,419.7847018910369,59,Poligono_Nave_industrial_074,Zona_0
59,10,Regreso_Poligono_Nave_industrial_074,0,53.94,59.47,479.2547018910369,59,Poligono_Nave_industrial_074,Zona_0
60,1,Inicio_Poligono_Nave_industrial_074,0,0.0,35.0,35.0,60,Poligono_Nave_industrial_074,Zona_0
60,2,1403401,3,249.52,187.14,231.14,60,Poligono_Nave_industrial_074,Zona_0
60,3,1406201,8,9.532686845971448,11.439224215165737,266.5792242151657,60,Poligono_Nave_industrial_074,Zona_0
60,4,1406202,1,3.1138716280594654,3.7366459536713585,273.3158701688371,60,Poligono_Nave_industrial_074,Zona_0
60,5,1405101,4,9.19168462785003,11.030021553420037,296.34589172225714,60,Poligono_Nave_industrial_074,Zona_0
60,6,Regreso_Poligono_Nave_industrial_074,0,243.17,182.38,478.72589172225713,60,Poligono_Nave_industrial_074,Zona_0
61,1,Inicio_Poligono_Nave_industrial_074,0,0.0,35.0,35.0,61,Poligono_Nave_industrial_074,Zona_0
61,2,1403501,6,201.1,150.82,203.82,61,Poligono_Nave_industrial_074,Zona_0
61,3,1403502,4,9.527178457974228,11.432614149569073,227.25261414956907,61,Poligono_Nave_industrial_074,Zona_0
61,4,1403503,13,0.3995714614274178,0.4794857537129013,266.73209990328195,61,Poligono_Nave_industrial_074,Zona_0
61,5,1403504,6,6.790704513936494,8.148845416723793,292.88094532000576,61,Poligono_Nave_industrial_074,Zona_0
61,6,1407402,1,9.835526568981125,11.80263188277735,307.6835772027831,61,Poligono_Nave_industrial_074,Zona_0
61,7,Regreso_Poligono_Nave_industrial_074,0,234.54,171.32,479.0035772027831,61,Poligono_Nave_industrial_074,Zona_0
62,1,Inicio_Poligono_Nave_industrial_074,0,0.0,35.0,35.0,62,Poligono_Nave_industrial_074,Zona_0
62,2,1403504,7,246.82,185.11,241.11,62,Poligono_Nave_industrial_074,Zona_0
62,3,1407402,8,9.835526568981125,11.80263188277735,276.91263188277736,62,Poligono_Nave_industrial_074,Zona_0
62,4,1407401,4,6.686660986049974,8.023993183259968,296.9366250660373,62,Poligono_Nave_industrial_074,Zona_0
62,5,Regreso_Poligono_Nave_industrial_074,0,242.86,182.15,479.0866250660373,62,Poligono_Nave_industrial_074,Zona_0
63,1,Inicio_Poligono_Nave_industrial_074,0,0.0,35.0,35.0,63,Poligono_Nave_industrial_074,Zona_0
63,2,1404301,14,195.07,140.22,217.22,63,Poligono_Nave_industrial_074,Zona_0
63,3,1404303,13,0.2512038711133238,0.3014446453359886,256.521444645336,63,Poligono_Nave_industrial_074,Zona_0
63,4,1405002,5,8.476687898412399,10.172025478094879,281.69347012343087,63,Poligono_Nave_industrial_074,Zona_0
63,5,1406701,6,9.216731388144003,11.060077665772804,310.75354778920365,63,Poligono_Nave_industrial_074,Zona_0
63,6,1406702,12,2.369495751123362,2.843394901348034,349.5969426905517,63,Poligono_Nave_industrial_074,Zona_0
63,7,Regreso_Poligono_Nave_industrial_074,0,173.7,129.1,478.69694269055174,63,Poligono_Nave_industrial_074,Zona_0
64,1,Inicio_Poligono_Nave_industrial_074,0,0.0,35.0,35.0,64,Poligono_Nave_industrial_074,Zona_0
64,2,1404302,9,218.16,163.62,225.62,64,Poligono_Nave_industrial_074,Zona_0
64,3,1404304,22,14.627301287502185,17.55276154500262,309.17276154500263,64,Poligono_Nave_industrial_074,Zona_0
64,4,1406702,4,23.250203280399603,27.900243936479523,349.07300548148214,64,Poligono_Nave_industrial_074,Zona_0
64,5,Regreso_Poligono_Nave_industrial_074,0,173.7,129.1,478.17300548148216,64,Poligono_Nave_industrial_074,Zona_0
65,1,Inicio_Poligono_Nave_industrial_074,0,0.0,35.0,35.0,65,Poligono_Nave_industrial_074,Zona_0
65,2,1404304,19,224.08,168.06,260.06,65,Poligono_Nave_industrial_074,Zona_0
65,3,1406903,8,18.911911716653627,22.69429405998435,306.7542940599844,65,Poligono_Nave_industrial_074,Zona_0
65,4,1404701,2,16.830079251867982,20.19609510224158,332.950389162226,65,Poligono_Nave_industrial_074,Zona_0
65,5,Regreso_Poligono_Nave_industrial_074,0,184.6,145.45,478.40038916222596,65,Poligono_Nave_industrial_074,Zona_0
66,1,Inicio_Poligono_Nave_industrial_074,0,0.0,35.0,35.0,66,Poligono_Nave_industrial_074,Zona_0
66,2,1404701,18,184.6,145.45,234.45,66,Poligono_Nave_industrial_074,Zona_0
66,3,1406801,4,14.148174293626962,16.977809152352354,263.4278091523523,66,Poligono_Nave_industrial_074,Zona_0
66,4,1407301,11,9.172333814996211,11.006800577995454,307.4346097303478,66,Poligono_Nave_industrial_074,Zona_0
66,5,1407302,2,8.544682831946268,10.253619398335521,323.6882291286833,66,Poligono_Nave_industrial_074,Zona_0
66,6,4107802,4,42.15541284262831,50.58649541115397,386.2747245398373,66,Poligono_Nave_industrial_074,Zona_0
66,7,4107401,1,6.080001384072833,7.2960016608874,396.57072620072466,66,Poligono_Nave_industrial_074,Zona_0
66,8,4105503,1,16.908972822522237,20.290767387026683,419.86149358775134,66,Poligono_Nave_industrial_074,Zona_0
66,9,Regreso_Poligono_Nave_industrial_074,0,53.94,59.47,479.3314935877513,66,Poligono_Nave_industrial_074,Zona_0
67,1,Inicio_Poligono_Nave_industrial_074,0,0.0,35.0,35.0,67,Poligono_Nave_industrial_074,Zona_0
67,2,1404901,60,81.56,90.23,305.23,67,Poligono_Nave_industrial_074,Zona_0
67,3,1404902,28,0.5005838349728738,0.6007006019674486,389.83070060196746,67,Poligono_Nave_industrial_074,Zona_0
67,4,4105503,1,22.692736819872884,27.23128418384746,420.0619847858149,67,Poligono_Nave_industrial_074,Zona_0
67,5,Regreso_Poligono_Nave_industrial_074,0,53.94,59.47,479.53198478581487,67,Poligono_Nave_industrial_074,Zona_0
68,1,Inicio_Poligono_Nave_industrial_074,0,0.0,35.0,35.0,68,Poligono_Nave_industrial_074,Zona_0
68,2,1404903,77,80.95,89.52,355.52,68,Poligono_Nave_industrial_074,Zona_0
68,3,4107401,10,8.218794181397666,9.862553017677198,395.3825530176772,68,Poligono_Nave_industrial_074,Zona_0
68,4,4105503,1,16.908972822522237,20.290767387026683,418.6733204047039,68,Poligono_Nave_industrial_074,Zona_0
68,5,4102302,1,25.238242431795978,30.28589091815517,451.95921132285906,68,Poligono_Nave_industrial_074,Zona_0
68,6,Regreso_Poligono_Nave_industrial_074,0,23.98,27.72,479.67921132285903,68,Poligono_Nave_industrial_074,Zona_0
69,1,Inicio_Poligono_Nave_industrial_074,0,0.0,35.0,35.0,69,Poligono_Nave_industrial_074,Zona_0
69,2,1405101,3,243.17,182.38,226.38,69,Poligono_Nave_industrial_074,Zona_0
69,3,1405102,5,5.562764022377047,6.675316826852457,248.05531682685245,69,Poligono_Nave_industrial_074,Zona_0
69,4,1405401,16,7.394975977083341,8.87397117250001,304.9292879993525,69,Poligono_Nave_industrial_074,Zona_0
69,5,4102302,1,119.88222588858468,143.8586710663016,451.7879590656541,69,Poligono_Nave_industrial_074,Zona_0
69,6,Regreso_Poligono_Nave_industrial_074,0,23.98,27.72,479.50795906565406,69,Poligono_Nave_industrial_074,Zona_0
70,1,Inicio_Poligono_Nave_industrial_074,0,0.0,35.0,35.0,70,Poligono_Nave_industrial_074,Zona_0
70,2,1405201,17,181.1,144.35,230.35,70,Poligono_Nave_industrial_074,Zona_0
70,3,1407302,10,37.50165390856032,45.00198469027239,305.3519846902724,70,Poligono_Nave_industrial_074,Zona_0
70,4,4106602,6,40.09944864004526,48.119338368054315,371.4713230583267,70,Poligono_Nave_industrial_074,Zona_0
70,5,4103304,2,16.132642712143305,19.359171254571965,396.8304943128986,70,Poligono_Nave_industrial_074,Zona_0
70,6,4109901,3,23.275921075964558,27.93110529115747,433.7615996040561,70,Poligono_Nave_industrial_074,Zona_0
70,7,4109902,1,1.719479352161788,2.0633752225941455,438.8249748266502,70,Poligono_Nave_industrial_074,Zona_0
70,8,Regreso_Poligono_Nave_industrial_074,0,34.76,39.8,478.6249748266502,70,Poligono_Nave_industrial_074,Zona_0
71,1,Inicio_Poligono_Nave_industrial_074,0,0.0,35.0,35.0,71,Poligono_Nave_industrial_074,Zona_0
71,2,1405401,33,229.76,172.32,306.32,71,Poligono_Nave_industrial_074,Zona_0
71,3,Regreso_Poligono_Nave_industrial_074,0,229.76,172.32,478.64,71,Poligono_Nave_industrial_074,Zona_0
72,1,Inicio_Poligono_Nave_industrial_074,0,0.0,35.0,35.0,72,Poligono_Nave_industrial_074,Zona_0
72,2,1405401,6,229.76,172.32,225.32,72,Poligono_Nave_industrial_074,Zona_0
72,3,1405403,15,1.008085461349211,1.209702553619053,271.529702553619,72,Poligono_Nave_industrial_074,Zona_0
72,4,1405402,11,1.1132944125092072,1.3359532950110486,305.86565584863007,72,Poligono_Nave_industrial_074,Zona_0
72,5,4102302,1,118.93015202973659,142.7161824356839,451.58183828431396,72,Poligono_Nave_industrial_074,Zona_0
72,6,Regreso_Poligono_Nave_industrial_074,0,23.98,27.72,479.30183828431393,72,Poligono_Nave_industrial_074,Zona_0
73,1,Inicio_Poligono_Nave_industrial_074,0,0.0,35.0,35.0,73,Poligono_Nave_industrial_074,Zona_0
73,2,1405402,34,228.57,171.43,308.43,73,Poligono_Nave_industrial_074,Zona_0
73,3,Regreso_Poligono_Nave_industrial_074,0,228.57,171.43,479.86,73,Poligono_Nave_industrial_074,Zona_0
74,1,Inicio_Poligono_Nave_industrial_074,0,0.0,35.0,35.0,74,Poligono_Nave_industrial_074,Zona_0
74,2,1405402,14,228.57,171.43,248.43,74,Poligono_Nave_industrial_074,Zona_0
74,3,1405404,11,13.24031073163479,15.888372877961746,297.31837287796174,74,Poligono_Nave_industrial_074,Zona_0
74,4,1406702,1,41.263846533871664,49.516615840646,349.83498871860775,74,Poligono_Nave_industrial_074,Zona_0
74,5,Regreso_Poligono_Nave_industrial_074,0,173.7,129.1,478.93498871860777,74,Poligono_Nave_industrial_074,Zona_0
75,1,Inicio_Poligono_Nave_industrial_074,0,0.0,35.0,35.0,75,Poligono_Nave_industrial_074,Zona_0
75,2,1405404,18,240.73,180.55,269.55,75,Poligono_Nave_industrial_074,Zona_0
75,3,1406902,6,9.252472772481834,11.102967326978202,298.6529673269782,75,Poligono_Nave_industrial_074,Zona_0
75,4,1406702,2,35.89853301368154,43.078239616417854,347.7312069433961,75,Poligono_Nave_industrial_074,Zona_0
75,5,Regreso_Poligono_Nave_industrial_074,0,173.7,129.1,476.83120694339607,75,Poligono_Nave_industrial_074,Zona_0
76,1,Inicio_Poligono_Nave_industrial_074,0,0.0,35.0,35.0,76,Poligono_Nave_industrial_074,Zona_0
76,2,1406101,5,250.52,182.12,232.12,76,Poligono_Nave_industrial_074,Zona_0
76,3,1407401,7,9.564674699518243,11.47760963942189,264.5976096394219,76,Poligono_Nave_industrial_074,Zona_0
76,4,1406901,2,32.145969898671744,38.575163878406094,309.172773517828,76,Poligono_Nave_industrial_074,Zona_0
76,5,Regreso_Poligono_Nave_industrial_074,0,226.53,169.9,479.07277351782795,76,Poligono_Nave_industrial_074,Zona_0
77,1,Inicio_Poligono_Nave_industrial_074,0,0.0,35.0,35.0,77,Poligono_Nave_industrial_074,Zona_0
77,2,1406901,15,226.53,169.9,249.9,77,Poligono_Nave_industrial_074,Zona_0
77,3,1406904,8,6.278207082311757,7.533848498774108,281.4338484987741,77,Poligono_Nave_industrial_074,Zona_0
77,4,1406903,2,15.473825455565638,18.568590546678763,306.0024390454529,77,Poligono_Nave_industrial_074,Zona_0
77,5,Regreso_Poligono_Nave_industrial_074,0,223.42,173.12,479.1224390454529,77,Poligono_Nave_industrial_074,Zona_0
78,1,Inicio_Poligono_Nave_industrial_074,0,0.0,35.0,35.0,78,Poligono_Nave_industrial_074,Zona_0
78,2,1406902,17,240.31,180.23,266.23,78,Poligono_Nave_industrial_074,Zona_0
78,3,1406903,3,6.596508057281166,7.915809668737398,283.1458096687374,78,Poligono_Nave_industrial_074,Zona_0
78,4,4107802,2,79.66130126516438,95.59356151819726,384.73937118693465,78,Poligono_Nave_industrial_074,Zona_0
78,5,4107401,1,6.080001384072833,7.2960016608874,395.03537284782203,78,Poligono_Nave_industrial_074,Zona_0
78,6,4105502,1,16.58522527432056,19.902270329184674,417.9376431770067,78,Poligono_Nave_industrial_074,Zona_0
78,7,4102302,1,25.660189071627492,30.792226885952992,451.72987006295966,78,Poligono_Nave_industrial_074,Zona_0
78,8,Regreso_Poligono_Nave_industrial_074,0,23.98,27.72,479.4498700629597,78,Poligono_Nave_industrial_074,Zona_0
79,1,Inicio_Poligono_Nave_industrial_074,0,0.0,35.0,35.0,79,Poligono_Nave_industrial_074,Zona_0
79,2,2100101,7,92.45,96.66,152.66,79,Poligono_Nave_industrial_074,Zona_0
79,3,2104501,3,4.3320000222808375,5.198400026737005,166.858400026737,79,Poligono_Nave_industrial_074,Zona_0
79,4,2104801,4,5.469030306718086,6.562836368061703,185.4212363947987,79,Poligono_Nave_industrial_074,Zona_0
79,5,2103301,7,3.444574472233368,4.133489366680042,210.55472576147875,79,Poligono_Nave_industrial_074,Zona_0
79,6,2102201,2,3.2251969207194273,3.870236304863313,220.42496206634206,79,Poligono_Nave_industrial_074,Zona_0
79,7,2103401,11,4.38610013587557,5.263320163050684,258.68828222939277,79,Poligono_Nave_industrial_074,Zona_0
79,8,2107101,2,3.2627613899847634,3.915313667981716,268.6035958973745,79,Poligono_Nave_industrial_074,Zona_0
79,9,2102601,3,4.151473222825534,4.981767867390642,282.58536376476513,79,Poligono_Nave_industrial_074,Zona_0
79,10,2100702,8,6.181128211412118,7.417353853694541,314.00271761845966,79,Poligono_Nave_industrial_074,Zona_0
79,11,2100703,31,4.381224394247657,5.257469273097188,412.2601868915568,79,Poligono_Nave_industrial_074,Zona_0
79,12,Regreso_Poligono_Nave_industrial_074,0,71.89,65.61,477.87018689155684,79,Poligono_Nave_industrial_074,Zona_0
80,1,Inicio_Poligono_Nave_industrial_074,0,0.0,35.0,35.0,80,Poligono_Nave_industrial_074,Zona_0
80,2,2100201,90,119.11,87.36,392.36,80,Poligono_Nave_industrial_074,Zona_0
80,3,Regreso_Poligono_Nave_industrial_074,0,119.11,87.36,479.72,80,Poligono_Nave_industrial_074,Zona_0
81,1,Inicio_Poligono_Nave_industrial_074,0,0.0,35.0,35.0,81,Poligono_Nave_industrial_074,Zona_0
81,2,2100201,30,119.11,87.36,212.36,81,Poligono_Nave_industrial_074,Zona_0
81,3,2100202,58,3.98442067934485,4.78130481521382,391.14130481521386,81,Poligono_Nave_industrial_074,Zona_0
81,4,2104108,1,2.3346959919779473,2.8016351903735366,396.9429400055874,81,Poligono_Nave_industrial_074,Zona_0
81,5,Regreso_Poligono_Nave_industrial_074,0,111.82,80.16,477.10294000558736,81,Poligono_Nave_industrial_074,Zona_0
82,1,Inicio_Poligono_Nave_industrial_074,0,0.0,35.0,35.0,82,Poligono_Nave_industrial_074,Zona_0
82,2,2100202,90,117.37,87.09,392.09000000000003,82,Poligono_Nave_industrial_074,Zona_0
82,3,2104108,1,2.3346959919779473,2.8016351903735366,397.89163519037356,82,Poligono_Nave_industrial_074,Zona_0
82,4,Regreso_Poligono_Nave_industrial_074,0,111.82,80.16,478.05163519037353,82,Poligono_Nave_industrial_074,Zona_0
83,1,Inicio_Poligono_Nave_industrial_074,0,0.0,35.0,35.0,83,Poligono_Nave_industrial_074,Zona_0
83,2,2100202,6,117.37,87.09,140.09,83,Poligono_Nave_industrial_074,Zona_0
83,3,2104108,85,2.3346959919779473,2.8016351903735366,397.89163519037356,83,Poligono_Nave_industrial_074,Zona_0
83,4,Regreso_Poligono_Nave_industrial_074,0,111.82,80.16,478.05163519037353,83,Poligono_Nave_industrial_074,Zona_0
84,1,Inicio_Poligono_Nave_industrial_074,0,0.0,35.0,35.0,84,Poligono_Nave_industrial_074,Zona_0
84,2,2100301,8,162.72,138.13,197.13,84,Poligono_Nave_industrial_074,Zona_0
84,3,2103701,5,8.599350024725052,10.319220029670062,222.44922002967007,84,Poligono_Nave_industrial_074,Zona_0
84,4,2106501,4,8.042737221092134,9.651284665310559,244.10050469498063,84,Poligono_Nave_industrial_074,Zona_0
84,5,2106601,6,7.38050516289301,8.856606195471612,270.9571108904522,84,Poligono_Nave_industrial_074,Zona_0
84,6,2107301,24,9.626282478792788,11.551538974551347,354.5086498650036,84,Poligono_Nave_industrial_074,Zona_0
84,7,2104201,2,8.676140139172334,10.4113681670068,370.9200180320104,84,Poligono_Nave_industrial_074,Zona_0
84,8,Regreso_Poligono_Nave_industrial_074,0,149.76,107.36,478.2800180320104,84,Poligono_Nave_industrial_074,Zona_0
85,1,Inicio_Poligono_Nave_industrial_074,0,0.0,35.0,35.0,85,Poligono_Nave_industrial_074,Zona_0
85,2,2100401,10,106.02,112.58,177.57999999999998,85,Poligono_Nave_industrial_074,Zona_0
85,3,2102502,12,4.099636339400535,4.919563607280641,218.49956360728063,85,Poligono_Nave_industrial_074,Zona_0
85,4,2102501,28,4.90856981235498,5.890283774825976,308.3898473821066,85,Poligono_Nave_industrial_074,Zona_0
85,5,2104301,21,7.541686754454896,9.050024105345875,380.4398714874525,85,Poligono_Nave_industrial_074,Zona_0
85,6,2105101,2,7.509886095150555,9.011863314180665,395.45173480163317,85,Poligono_Nave_industrial_074,Zona_0
85,7,Regreso_Poligono_Nave_industrial_074,0,95.61,82.82,478.27173480163316,85,Poligono_Nave_industrial_074,Zona_0
86,1,Inicio_Poligono_Nave_industrial_074,0,0.0,35.0,35.0,86,Poligono_Nave_industrial_074,Zona_0
86,2,2100402,7,101.53,110.0,166.0,86,Poligono_Nave_industrial_074,Zona_0
86,3,2106701,5,9.04392096408352,10.852705156900225,191.8527051569002,86,Poligono_Nave_industrial_074,Zona_0
86,4,2105101,1,13.806929636091137,16.568315563309362,211.42102072020958,86,Poligono_Nave_industrial_074,Zona_0
86,5,2102801,3,9.965737036548392,11.95888444385807,232.37990516406765,86,Poligono_Nave_industrial_074,Zona_0
86,6,2102701,1,9.083194413385526,10.899833296062631,246.2797384601303,86,Poligono_Nave_industrial_074,Zona_0
86,7,2102901,8,5.905502599137232,7.086603118964677,277.366341579095,86,Poligono_Nave_industrial_074,Zona_0
86,8,2102902,6,5.943028904993149,7.131634685991778,302.4979762650868,86,Poligono_Nave_industrial_074,Zona_0
86,9,2103901,3,8.914783730112923,10.697740476135507,322.19571674122227,86,Poligono_Nave_industrial_074,Zona_0
86,10,2102001,3,6.318437660904732,7.5821251930856794,338.77784193430796,86,Poligono_Nave_industrial_074,Zona_0
86,11,2102401,5,6.803245724117465,8.16389486894096,361.9417368032489,86,Poligono_Nave_industrial_074,Zona_0
86,12,2105901,3,5.16162950416732,6.193955405000784,377.1356922082497,86,Poligono_Nave_industrial_074,Zona_0
86,13,2103801,10,6.793538513860199,8.15224621663224,415.28793842488193,86,Poligono_Nave_industrial_074,Zona_0
86,14,Regreso_Poligono_Nave_industrial_074,0,58.48,53.98,469.26793842488195,86,Poligono_Nave_industrial_074,Zona_0
87,1,Inicio_Poligono_Nave_industrial_074,0,0.0,35.0,35.0,87,Poligono_Nave_industrial_074,Zona_0
87,2,2100501,73,89.42,74.1,328.1,87,Poligono_Nave_industrial_074,Zona_0
87,3,2100503,28,3.8452361767284398,4.614283412074128,416.71428341207417,87,Poligono_Nave_industrial_074,Zona_0
87,4,Regreso_Poligono_Nave_industrial_074,0,73.81,62.79,479.5042834120742,87,Poligono_Nave_industrial_074,Zona_0
88,1,Inicio_Poligono_Nave_industrial_074,0,0.0,35.0,35.0,88,Poligono_Nave_industrial_074,Zona_0
88,2,2100502,33,91.43,95.17,229.17000000000002,88,Poligono_Nave_industrial_074,Zona_0
88,3,2106102,28,4.662430493615283,5.59491659233834,318.76491659233835,88,Poligono_Nave_industrial_074,Zona_0
88,4,2106101,29,3.5225598019679434,4.227071762361533,409.99198835469986,88,Poligono_Nave_industrial_074,Zona_0
88,5,Regreso_Poligono_Nave_industrial_074,0,90.84,69.05,479.04198835469987,88,Poligono_Nave_industrial_074,Zona_0
89,1,Inicio_Poligono_Nave_industrial_074,0,0.0,35.0,35.0,89,Poligono_Nave_industrial_074,Zona_0
89,2,2100503,77,73.81,62.79,328.79,89,Poligono_Nave_industrial_074,Zona_0
89,3,2104001,16,7.372030437615152,8.84643652513818,385.6364365251382,89,Poligono_Nave_industrial_074,Zona_0
89,4,2103001,13,4.962838227633536,5.955405873160243,430.59184239829847,89,Poligono_Nave_industrial_074,Zona_0
89,5,Regreso_Poligono_Nave_industrial_074,0,58.32,46.85,477.4418423982985,89,Poligono_Nave_industrial_074,Zona_0
90,1,Inicio_Poligono_Nave_industrial_074,0,0.0,35.0,35.0,90,Poligono_Nave_industrial_074,Zona_0
90,2,2100601,18,145.56,109.99,198.99,90,Poligono_Nave_industrial_074,Zona_0
90,3,2100602,15,5.674821657726833,6.809785989272199,250.7997859892722,90,Poligono_Nave_industrial_074,Zona_0
90,4,2107501,3,9.379749000322525,11.25569880038703,271.05548478965926,90,Poligono_Nave_industrial_074,Zona_0
90,5,2102301,18,9.916545267382343,11.899854320858811,336.9553391105181,90,Poligono_Nave_industrial_074,Zona_0
90,6,2101501,2,10.39760318500268,12.477123822003215,355.4324629325213,90,Poligono_Nave_industrial_074,Zona_0
90,7,Regreso_Poligono_Nave_industrial_074,0,148.14,123.24,478.6724629325213,90,Poligono_Nave_industrial_074,Zona_0
91,1,Inicio_Poligono_Nave_industrial_074,0,0.0,35.0,35.0,91,Poligono_Nave_industrial_074,Zona_0
91,2,2100701,17,71.35,65.51,151.51,91,Poligono_Nave_industrial_074,Zona_0
91,3,2100703,25,0.8820452582627974,1.058454309915357,227.56845430991535,91,Poligono_Nave_industrial_074,Zona_0
91,4,2101901,7,14.131265824857172,16.957518989828607,265.52597329974395,91,Poligono_Nave_industrial_074,Zona_0
91,5,2103601,2,6.502504641706903,7.803005570048283,279.32897886979225,91,Poligono_Nave_industrial_074,Zona_0
91,6,2105202,14,6.278631269656983,7.534357523588379,328.8633363933806,91,Poligono_Nave_industrial_074,Zona_0
91,7,2105201,16,3.054149768027072,3.6649797216324864,380.5283161150131,91,Poligono_Nave_industrial_074,Zona_0
91,8,2104902,5,2.5057650293358984,3.006918035203078,398.5352341502162,91,Poligono_Nave_industrial_074,Zona_0
91,9,2104901,3,1.2084011939494743,1.4500814327393692,408.98531558295554,91,Poligono_Nave_industrial_074,Zona_0
91,10,4104901,1,50.727308401710765,60.872770082052924,472.85808566500845,91,Poligono_Nave_industrial_074,Zona_0
91,11,Regreso_Poligono_Nave_industrial_074,0,5.25,6.92,479.77808566500846,91,Poligono_Nave_industrial_074,Zona_0
92,1,Inicio_Poligono_Nave_industrial_074,0,0.0,35.0,35.0,92,Poligono_Nave_industrial_074,Zona_0
92,2,2100801,11,112.08,115.9,183.9,92,Poligono_Nave_industrial_074,Zona_0
92,3,2100802,8,11.323741931214808,13.58849031745777,221.48849031745777,92,Poligono_Nave_industrial_074,Zona_0
92,4,2100803,6,10.599807005076073,12.719768406091287,252.20825872354905,92,Poligono_Nave_industrial_074,Zona_0
92,5,2106201,13,13.796214323390549,16.555457188068658,307.76371591161774,92,Poligono_Nave_industrial_074,Zona_0
92,6,2106801,6,14.339592202756402,17.207510643307682,342.9712265549254,92,Poligono_Nave_industrial_074,Zona_0
92,7,4104901,1,105.42642844200634,126.5117141304076,472.482940685333,92,Poligono_Nave_industrial_074,Zona_0
92,8,Regreso_Poligono_Nave_industrial_074,0,5.25,6.92,479.402940685333,92,Poligono_Nave_industrial_074,Zona_0
93,1,Inicio_Poligono_Nave_industrial_074,0,0.0,35.0,35.0,93,Poligono_Nave_industrial_074,Zona_0
93,2,2100901,6,79.93,74.69,127.69,93,Poligono_Nave_industrial_074,Zona_0
93,3,2101601,9,9.235791748508715,11.082950098210457,165.77295009821046,93,Poligono_Nave_industrial_074,Zona_0
93,4,2106901,18,13.359645944836997,16.031575133804395,235.80452523201484,93,Poligono_Nave_industrial_074,Zona_0
93,5,4108001,11,9.893311416245568,11.871973699494683,280.6764989315095,93,Poligono_Nave_industrial_074,Zona_0
93,6,4100901,11,10.19576601904359,12.234919222852309,325.91141815436185,93,Poligono_Nave_industrial_074,Zona_0
93,7,4108301,12,16.16930261536973,19.403163138443674,381.31458129280554,93,Poligono_Nave_industrial_074,Zona_0
93,8,4104301,7,13.051522135645387,15.661826562774465,417.97640785558,93,Poligono_Nave_industrial_074,Zona_0
93,9,4104501,10,13.29322492400521,15.951869908806252,463.9282777643863,93,Poligono_Nave_industrial_074,Zona_0
93,10,Regreso_Poligono_Nave_industrial_074,0,14.51,15.38,479.3082777643863,93,Poligono_Nave_industrial_074,Zona_0
94,1,Inicio_Poligono_Nave_industrial_074,0,0.0,35.0,35.0,94,Poligono_Nave_industrial_074,Zona_0
94,2,2101001,75,158.86,109.78,369.78,94,Poligono_Nave_industrial_074,Zona_0
94,3,Regreso_Poligono_Nave_industrial_074,0,158.86,109.78,479.55999999999995,94,Poligono_Nave_industrial_074,Zona_0
95,1,Inicio_Poligono_Nave_industrial_074,0,0.0,35.0,35.0,95,Poligono_Nave_industrial_074,Zona_0
95,2,2101001,8,158.86,109.78,168.78,95,Poligono_Nave_industrial_074,Zona_0
95,3,2101002,48,0.3776336480393865,0.4531603776472638,313.23316037764727,95,Poligono_Nave_industrial_074,Zona_0
95,4,2101003,14,4.080614718142985,4.896737661771582,360.12989803941883,95,Poligono_Nave_industrial_074,Zona_0
95,5,2104202,2,4.445245350235012,5.334294420282014,371.4641924597008,95,Poligono_Nave_industrial_074,Zona_0
95,6,Regreso_Poligono_Nave_industrial_074,0,153.9,107.58,479.0441924597008,95,Poligono_Nave_industrial_074,Zona_0
96,1,Inicio_Poligono_Nave_industrial_074,0,0.0,35.0,35.0,96,Poligono_Nave_industrial_074,Zona_0
96,2,2101003,42,162.17,119.09,280.09000000000003,96,Poligono_Nave_industrial_074,Zona_0
96,3,2104202,28,4.445245350235012,5.334294420282014,369.4242944202821,96,Poligono_Nave_industrial_074,Zona_0
96,4,Regreso_Poligono_Nave_industrial_074,0,153.9,107.58,477.00429442028206,96,Poligono_Nave_industrial_074,Zona_0
97,1,Inicio_Poligono_Nave_industrial_074,0,0.0,35.0,35.0,97,Poligono_Nave_industrial_074,Zona_0
97,2,2101101,38,98.27,84.63,233.63,97,Poligono_Nave_industrial_074,Zona_0
97,3,2107002,27,6.789043907568878,8.146852689082655,322.77685268908266,97,Poligono_Nave_industrial_074,Zona_0
97,4,2106402,19,3.455572210545764,4.146686652654917,383.9235393417376,97,Poligono_Nave_industrial_074,Zona_0
97,5,2105001,4,6.991612626588458,8.389935151906151,404.31347449364375,97,Poligono_Nave_industrial_074,Zona_0
97,6,Regreso_Poligono_Nave_industrial_074,0,103.26,74.34,478.6534744936438,97,Poligono_Nave_industrial_074,Zona_0
98,1,Inicio_Poligono_Nave_industrial_074,0,0.0,35.0,35.0,98,Poligono_Nave_industrial_074,Zona_0
98,2,2101201,3,78.78,97.19,141.19,98,Poligono_Nave_industrial_074,Zona_0
98,3,2107802,11,10.033067492877391,12.039680991452869,186.22968099145288,98,Poligono_Nave_industrial_074,Zona_0
98,4,2104901,25,9.028899803475978,10.834679764171174,272.0643607556241,98,Poligono_Nave_industrial_074,Zona_0
98,5,2104902,2,1.2084011939494743,1.4500814327393692,279.51444218836343,98,Poligono_Nave_industrial_074,Zona_0
98,6,2101802,9,3.3588832280857743,4.0306598737029296,310.54510206206635,98,Poligono_Nave_industrial_074,Zona_0
98,7,2101801,10,2.5541489454640005,3.0649787345568007,343.61008079662315,98,Poligono_Nave_industrial_074,Zona_0
98,8,2107801,6,10.472459804124775,12.56695176494973,374.1770325615729,98,Poligono_Nave_industrial_074,Zona_0
98,9,2107201,3,9.069766705766295,10.883720046919555,394.06075260849246,98,Poligono_Nave_industrial_074,Zona_0
98,10,4104901,1,62.252700578924056,74.70324069470887,471.76399330320135,98,Poligono_Nave_industrial_074,Zona_0
98,11,Regreso_Poligono_Nave_industrial_074,0,5.25,6.92,478.68399330320136,98,Poligono_Nave_industrial_074,Zona_0
99,1,Inicio_Poligono_Nave_industrial_074,0,0.0,35.0,35.0,99,Poligono_Nave_industrial_074,Zona_0
99,2,2101301,25,74.87,57.57,167.57,99,Poligono_Nave_industrial_074,Zona_0
99,3,2101302,24,0.486521633210099,0.5838259598521188,240.1538259598521,99,Poligono_Nave_industrial_074,Zona_0
99,4,2101304,20,0.6059703420408874,0.7271644104490649,300.88099037030116,99,Poligono_Nave_industrial_074,Zona_0
99,5,2101305,18,0.32807321136509643,0.3936878536381157,355.2746782239393,99,Poligono_Nave_industrial_074,Zona_0
99,6,2101303,20,2.8745127371431383,3.449415284571766,418.7240935085111,99,Poligono_Nave_industrial_074,Zona_0
99,7,Regreso_Poligono_Nave_industrial_074,0,80.43,58.98,477.7040935085111,99,Poligono_Nave_industrial_074,Zona_0
100,1,Inicio_Poligono_Nave_industrial_074,0,0.0,35.0,35.0,100,Poligono_Nave_industrial_074,Zona_0
100,2,2101303,13,80.43,58.98,132.98,100,Poligono_Nave_industrial_074,Zona_0
100,3,2107702,12,4.29919799153459,5.159037589841508,174.1390375898415,100,Poligono_Nave_industrial_074,Zona_0
100,4,2105302,15,4.7358641680645155,5.683037001677419,224.8220745915189,100,Poligono_Nave_industrial_074,Zona_0
100,5,2105301,9,1.8801265951582076,2.256151914189849,254.07822650570876,100,Poligono_Nave_industrial_074,Zona_0
100,6,2101401,48,3.384052825592853,4.0608633907114235,402.13908989642016,100,Poligono_Nave_industrial_074,Zona_0
100,7,Regreso_Poligono_Nave_industrial_074,0,85.42,63.07,465.20908989642015,100,Poligono_Nave_industrial_074,Zona_0
101,1,Inicio_Poligono_Nave_industrial_074,0,0.0,35.0,35.0,101,Poligono_Nave_industrial_074,Zona_0
101,2,2101501,4,148.14,123.24,170.24,101,Poligono_Nave_industrial_074,Zona_0
101,3,2106801,3,9.087288154625194,10.904745785550233,190.14474578555024,101,Poligono_Nave_industrial_074,Zona_0
101,4,2105701,10,11.364620517187879,13.637544620625455,233.7822904061757,101,Poligono_Nave_industrial_074,Zona_0
101,5,2105801,9,12.436201335377909,14.923441602453492,275.7057320086292,101,Poligono_Nave_industrial_074,Zona_0
101,6,2105802,18,5.1094258754518975,6.131311050542277,335.8370430591715,101,Poligono_Nave_industrial_074,Zona_0
101,7,2107601,5,15.050046016763018,18.060055220115622,368.8970982792871,101,Poligono_Nave_industrial_074,Zona_0
101,8,Regreso_Poligono_Nave_industrial_074,0,141.04,110.2,479.0970982792871,101,Poligono_Nave_industrial_074,Zona_0
102,1,Inicio_Poligono_Nave_industrial_074,0,0.0,35.0,35.0,102,Poligono_Nave_industrial_074,Zona_0
102,2,2101701,26,123.99,101.81,214.81,102,Poligono_Nave_industrial_074,Zona_0
102,3,2101702,1,1.822554652883053,2.1870655834596637,219.99706558345966,102,Poligono_Nave_industrial_074,Zona_0
102,4,2190201,10,5.667304335444002,6.800765202532802,256.79783078599246,102,Poligono_Nave_industrial_074,Zona_0
102,5,2107801,8,11.459262294594865,13.751114753513837,294.5489455395063,102,Poligono_Nave_industrial_074,Zona_0
102,6,2107201,30,9.069766705766295,10.883720046919555,395.43266558642586,102,Poligono_Nave_industrial_074,Zona_0
102,7,Regreso_Poligono_Nave_industrial_074,0,104.79,83.62,479.05266558642586,102,Poligono_Nave_industrial_074,Zona_0
103,1,Inicio_Poligono_Nave_industrial_074,0,0.0,35.0,35.0,103,Poligono_Nave_industrial_074,Zona_0
103,2,2102101,72,132.77,95.45,346.45,103,Poligono_Nave_industrial_074,Zona_0
103,3,2102102,12,0.3648643523485278,0.4378372228182334,382.88783722281823,103,Poligono_Nave_industrial_074,Zona_0
103,4,Regreso_Poligono_Nave_industrial_074,0,133.06,95.13,478.01783722281823,103,Poligono_Nave_industrial_074,Zona_0
104,1,Inicio_Poligono_Nave_industrial_074,0,0.0,35.0,35.0,104,Poligono_Nave_industrial_074,Zona_0
104,2,2102102,84,133.06,95.13,382.13,104,Poligono_Nave_industrial_074,Zona_0
104,3,Regreso_Poligono_Nave_industrial_074,0,133.06,95.13,477.26,104,Poligono_Nave_industrial_074,Zona_0
105,1,Inicio_Poligono_Nave_industrial_074,0,0.0,35.0,35.0,105,Poligono_Nave_industrial_074,Zona_0
105,2,2102102,19,133.06,95.13,187.13,105,Poligono_Nave_industrial_074,Zona_0
105,3,2104403,62,2.9558368413021783,3.5470042095626138,376.6770042095626,105,Poligono_Nave_industrial_074,Zona_0
105,4,Regreso_Poligono_Nave_industrial_074,0,139.28,101.73,478.4070042095626,105,Poligono_Nave_industrial_074,Zona_0
106,1,Inicio_Poligono_Nave_industrial_074,0,0.0,35.0,35.0,106,Poligono_Nave_industrial_074,Zona_0
106,2,2103001,5,58.32,46.85,96.85,106,Poligono_Nave_industrial_074,Zona_0
106,3,2104701,8,3.728862073005064,4.474634487606076,125.32463448760606,106,Poligono_Nave_industrial_074,Zona_0
106,4,2105602,11,4.323029536603305,5.187635443923965,163.51226993153003,106,Poligono_Nave_industrial_074,Zona_0
106,5,2104702,10,5.505795142683893,6.606954171220672,200.1192241027507,106,Poligono_Nave_industrial_074,Zona_0
106,6,2107401,25,2.4617347254609325,2.9540816705531188,278.07330577330384,106,Poligono_Nave_industrial_074,Zona_0
106,7,2105401,42,8.157207851100985,9.788649421321182,413.861955194625,106,Poligono_Nave_industrial_074,Zona_0
106,8,4104901,1,46.774753017345695,56.12970362081483,472.99165881543985,106,Poligono_Nave_industrial_074,Zona_0
106,9,Regreso_Poligono_Nave_industrial_074,0,5.25,6.92,479.91165881543986,106,Poligono_Nave_industrial_074,Zona_0
107,1,Inicio_Poligono_Nave_industrial_074,0,0.0,35.0,35.0,107,Poligono_Nave_industrial_074,Zona_0
107,2,2103101,10,123.47,121.71,186.70999999999998,107,Poligono_Nave_industrial_074,Zona_0
107,3,2107901,6,57.93603022528367,69.5232362703404,274.2332362703404,107,Poligono_Nave_industrial_074,Zona_0
107,4,4103101,12,14.902652079841157,17.88318249580939,328.11641876614976,107,Poligono_Nave_industrial_074,Zona_0
107,5,4105701,3,12.443156427826812,14.931787713392175,352.04820647954193,107,Poligono_Nave_industrial_074,Zona_0
107,6,2105203,15,7.050321400897076,8.460385681076492,405.50859216061843,107,Poligono_Nave_industrial_074,Zona_0
107,7,4101301,2,28.166999922593938,33.80039990711273,445.30899206773114,107,Poligono_Nave_industrial_074,Zona_0
107,8,4104501,1,13.078914578827757,15.69469749459331,464.00368956232444,107,Poligono_Nave_industrial_074,Zona_0
107,9,Regreso_Poligono_Nave_industrial_074,0,14.51,15.38,479.38368956232443,107,Poligono_Nave_industrial_074,Zona_0
108,1,Inicio_Poligono_Nave_industrial_074,0,0.0,35.0,35.0,108,Poligono_Nave_industrial_074,Zona_0
108,2,2103201,20,77.56,87.53,182.53,108,Poligono_Nave_industrial_074,Zona_0
108,3,2105601,16,7.307533813953967,8.769040576744759,239.29904057674474,108,Poligono_Nave_industrial_074,Zona_0
108,4,2105401,50,10.061915587392186,12.074298704870623,401.37333928161536,108,Poligono_Nave_industrial_074,Zona_0
108,5,4103001,2,19.950391493683064,23.940469792419677,431.313809074035,108,Poligono_Nave_industrial_074,Zona_0
108,6,4102502,1,3.4263263316132426,4.111591597935892,438.4254006719709,108,Poligono_Nave_industrial_074,Zona_0
108,7,Regreso_Poligono_Nave_industrial_074,0,52.41,41.14,479.5654006719709,108,Poligono_Nave_industrial_074,Zona_0
109,1,Inicio_Poligono_Nave_industrial_074,0,0.0,35.0,35.0,109,Poligono_Nave_industrial_074,Zona_0
109,2,2103501,50,120.27,100.49,285.49,109,Poligono_Nave_industrial_074,Zona_0
109,3,2103502,35,5.6311876244504475,6.757425149340537,397.24742514934053,109,Poligono_Nave_industrial_074,Zona_0
109,4,Regreso_Poligono_Nave_industrial_074,0,114.22,81.21,478.4574251493405,109,Poligono_Nave_industrial_074,Zona_0
110,1,Inicio_Poligono_Nave_industrial_074,0,0.0,35.0,35.0,110,Poligono_Nave_industrial_074,Zona_0
110,2,2103502,26,114.22,81.21,194.20999999999998,110,Poligono_Nave_industrial_074,Zona_0
110,3,2104108,54,8.829764558461966,10.595717470154359,366.8057174701544,110,Poligono_Nave_industrial_074,Zona_0
110,4,2104102,8,3.6094294270599128,4.3313153124718955,395.13703278262625,110,Poligono_Nave_industrial_074,Zona_0
110,5,2104107,1,1.8044669264769002,2.16536031177228,400.30239309439855,110,Poligono_Nave_industrial_074,Zona_0
110,6,Regreso_Poligono_Nave_industrial_074,0,110.1,78.4,478.70239309439853,110,Poligono_Nave_industrial_074,Zona_0
111,1,Inicio_Poligono_Nave_industrial_074,0,0.0,35.0,35.0,111,Poligono_Nave_industrial_074,Zona_0
111,2,2104101,93,115.75,82.05,396.05,111,Poligono_Nave_industrial_074,Zona_0
111,3,2104107,1,1.618588547499646,1.942306256999575,400.9923062569996,111,Poligono_Nave_industrial_074,Zona_0
111,4,Regreso_Poligono_Nave_industrial_074,0,110.1,78.4,479.39230625699963,111,Poligono_Nave_industrial_074,Zona_0
112,1,Inicio_Poligono_Nave_industrial_074,0,0.0,35.0,35.0,112,Poligono_Nave_industrial_074,Zona_0
112,2,2104101,93,115.75,82.05,396.05,112,Poligono_Nave_industrial_074,Zona_0
112,3,2104107,1,1.618588547499646,1.942306256999575,400.9923062569996,112,Poligono_Nave_industrial_074,Zona_0
112,4,Regreso_Poligono_Nave_industrial_074,0,110.1,78.4,479.39230625699963,112,Poligono_Nave_industrial_074,Zona_0
113,1,Inicio_Poligono_Nave_industrial_074,0,0.0,35.0,35.0,113,Poligono_Nave_industrial_074,Zona_0
113,2,2104101,54,115.75,82.05,279.05,113,Poligono_Nave_industrial_074,Zona_0
113,3,2104103,39,0.447774095863328,0.5373289150359937,396.587328915036,113,Poligono_Nave_industrial_074,Zona_0
113,4,Regreso_Poligono_Nave_industrial_074,0,115.63,82.51,479.097328915036,113,Poligono_Nave_industrial_074,Zona_0
114,1,Inicio_Poligono_Nave_industrial_074,0,0.0,35.0,35.0,114,Poligono_Nave_industrial_074,Zona_0
114,2,2104102,93,113.55,82.08,396.08,114,Poligono_Nave_industrial_074,Zona_0
114,3,2104107,1,1.8044669264769002,2.16536031177228,401.2453603117723,114,Poligono_Nave_industrial_074,Zona_0
114,4,Regreso_Poligono_Nave_industrial_074,0,110.1,78.4,479.64536031177227,114,Poligono_Nave_industrial_074,Zona_0
115,1,Inicio_Poligono_Nave_industrial_074,0,0.0,35.0,35.0,115,Poligono_Nave_industrial_074,Zona_0
115,2,2104102,45,113.55,82.08,252.07999999999998,115,Poligono_Nave_industrial_074,Zona_0
115,3,2104103,47,1.329836802065275,1.5958041624783301,394.6758041624783,115,Poligono_Nave_industrial_074,Zona_0
115,4,2104104,1,1.9269356390551986,2.312322766866238,399.98812692934456,115,Poligono_Nave_industrial_074,Zona_0
115,5,Regreso_Poligono_Nave_industrial_074,0,110.5,79.17,479.1581269293446,115,Poligono_Nave_industrial_074,Zona_0
116,1,Inicio_Poligono_Nave_industrial_074,0,0.0,35.0,35.0,116,Poligono_Nave_industrial_074,Zona_0
116,2,2104103,72,115.63,82.51,333.51,116,Poligono_Nave_industrial_074,Zona_0
116,3,2104104,21,1.9269356390551986,2.312322766866238,398.82232276686625,116,Poligono_Nave_industrial_074,Zona_0
116,4,Regreso_Poligono_Nave_industrial_074,0,110.5,79.17,477.99232276686627,116,Poligono_Nave_industrial_074,Zona_0
117,1,Inicio_Poligono_Nave_industrial_074,0,0.0,35.0,35.0,117,Poligono_Nave_industrial_074,Zona_0
117,2,2104104,95,110.5,79.17,399.17,117,Poligono_Nave_industrial_074,Zona_0
117,3,Regreso_Poligono_Nave_industrial_074,0,110.5,79.17,478.34000000000003,117,Poligono_Nave_industrial_074,Zona_0
118,1,Inicio_Poligono_Nave_industrial_074,0,0.0,35.0,35.0,118,Poligono_Nave_industrial_074,Zona_0
118,2,2104104,49,110.5,79.17,261.17,118,Poligono_Nave_industrial_074,Zona_0
118,3,2104105,46,0.30263294013245173,0.3631595281589421,399.533159528159,118,Poligono_Nave_industrial_074,Zona_0
118,4,Regreso_Poligono_Nave_industrial_074,0,110.15,78.47,478.003159528159,118,Poligono_Nave_industrial_074,Zona_0
119,1,Inicio_Poligono_Nave_industrial_074,0,0.0,35.0,35.0,119,Poligono_Nave_industrial_074,Zona_0
119,2,2104105,96,110.15,78.47,401.47,119,Poligono_Nave_industrial_074,Zona_0
119,3,Regreso_Poligono_Nave_industrial_074,0,110.15,78.47,479.94000000000005,119,Poligono_Nave_industrial_074,Zona_0
120,1,Inicio_Poligono_Nave_industrial_074,0,0.0,35.0,35.0,120,Poligono_Nave_industrial_074,Zona_0
120,2,2104105,24,110.15,78.47,185.47,120,Poligono_Nave_industrial_074,Zona_0
120,3,2104106,71,0.5457587378138197,0.6549104853765836,399.1249104853766,120,Poligono_Nave_industrial_074,Zona_0
120,4,Regreso_Poligono_Nave_industrial_074,0,110.16,78.43,477.5549104853766,120,Poligono_Nave_industrial_074,Zona_0
121,1,Inicio_Poligono_Nave_industrial_074,0,0.0,35.0,35.0,121,Poligono_Nave_industrial_074,Zona_0
121,2,2104106,15,110.16,78.43,158.43,121,Poligono_Nave_industrial_074,Zona_0
121,3,2104107,80,1.1262626759663037,1.3515152111595645,399.78151521115956,121,Poligono_Nave_industrial_074,Zona_0
121,4,Regreso_Poligono_Nave_industrial_074,0,110.1,78.4,478.18151521115954,121,Poligono_Nave_industrial_074,Zona_0
122,1,Inicio_Poligono_Nave_industrial_074,0,0.0,35.0,35.0,122,Poligono_Nave_industrial_074,Zona_0
122,2,2104107,96,110.1,78.4,401.4,122,Poligono_Nave_industrial_074,Zona_0
122,3,Regreso_Poligono_Nave_industrial_074,0,110.1,78.4,479.79999999999995,122,Poligono_Nave_industrial_074,Zona_0
123,1,Inicio_Poligono_Nave_industrial_074,0,0.0,35.0,35.0,123,Poligono_Nave_industrial_074,Zona_0
123,2,2104107,96,110.1,78.4,401.4,123,Poligono_Nave_industrial_074,Zona_0
123,3,Regreso_Poligono_Nave_industrial_074,0,110.1,78.4,479.79999999999995,123,Poligono_Nave_industrial_074,Zona_0
124,1,Inicio_Poligono_Nave_industrial_074,0,0.0,35.0,35.0,124,Poligono_Nave_industrial_074,Zona_0
124,2,2104201,15,149.76,107.36,187.36,124,Poligono_Nave_industrial_074,Zona_0
124,3,2104203,60,3.701016628049109,4.44121995365893,371.8012199536589,124,Poligono_Nave_industrial_074,Zona_0
124,4,Regreso_Poligono_Nave_industrial_074,0,153.85,107.53,479.3312199536589,124,Poligono_Nave_industrial_074,Zona_0
125,1,Inicio_Poligono_Nave_industrial_074,0,0.0,35.0,35.0,125,Poligono_Nave_industrial_074,Zona_0
125,2,2104202,34,153.9,107.58,244.57999999999998,125,Poligono_Nave_industrial_074,Zona_0
125,3,2104203,14,0.509848911402197,0.6118186936826364,287.19181869368265,125,Poligono_Nave_industrial_074,Zona_0
125,4,2104204,17,5.789086449828072,6.946903739793686,345.13872243347635,125,Poligono_Nave_industrial_074,Zona_0
125,5,2104402,9,3.212115201793443,3.854538242152132,375.99326067562845,125,Poligono_Nave_industrial_074,Zona_0
125,6,Regreso_Poligono_Nave_industrial_074,0,147.07,101.14,477.13326067562843,125,Poligono_Nave_industrial_074,Zona_0
126,1,Inicio_Poligono_Nave_industrial_074,0,0.0,35.0,35.0,126,Poligono_Nave_industrial_074,Zona_0
126,2,2104401,81,139.02,100.63,378.63,126,Poligono_Nave_industrial_074,Zona_0
126,3,Regreso_Poligono_Nave_industrial_074,0,139.02,100.63,479.26,126,Poligono_Nave_industrial_074,Zona_0
127,1,Inicio_Poligono_Nave_industrial_074,0,0.0,35.0,35.0,127,Poligono_Nave_industrial_074,Zona_0
127,2,2104401,21,139.02,100.63,198.63,127,Poligono_Nave_industrial_074,Zona_0
127,3,2104402,59,2.345735989776657,2.814883187731988,378.444883187732,127,Poligono_Nave_industrial_074,Zona_0
127,4,Regreso_Poligono_Nave_industrial_074,0,147.07,101.14,479.584883187732,127,Poligono_Nave_industrial_074,Zona_0
128,1,Inicio_Poligono_Nave_industrial_074,0,0.0,35.0,35.0,128,Poligono_Nave_industrial_074,Zona_0
128,2,2104402,2,147.07,101.14,142.14,128,Poligono_Nave_industrial_074,Zona_0
128,3,2104403,15,4.8514504757024195,5.821740570842903,192.9617405708429,128,Poligono_Nave_industrial_074,Zona_0
128,4,2106301,36,18.803736114602906,22.564483337523487,323.5262239083664,128,Poligono_Nave_industrial_074,Zona_0
128,5,2107602,3,10.139325732408292,12.167190878889949,344.6934147872563,128,Poligono_Nave_industrial_074,Zona_0
128,6,2107601,5,6.495828775807365,7.794994530968838,367.48840931822514,128,Poligono_Nave_industrial_074,Zona_0
128,7,Regreso_Poligono_Nave_industrial_074,0,141.04,110.2,477.6884093182251,128,Poligono_Nave_industrial_074,Zona_0
129,1,Inicio_Poligono_Nave_industrial_074,0,0.0,35.0,35.0,129,Poligono_Nave_industrial_074,Zona_0
129,2,2104601,31,100.11,80.0,208.0,129,Poligono_Nave_industrial_074,Zona_0
129,3,2105002,41,9.225539114037264,11.070646936844717,342.0706469368447,129,Poligono_Nave_industrial_074,Zona_0
129,4,2105001,20,2.168336433761436,2.602003720513723,404.6726506573584,129,Poligono_Nave_industrial_074,Zona_0
129,5,Regreso_Poligono_Nave_industrial_074,0,103.26,74.34,479.01265065735845,129,Poligono_Nave_industrial_074,Zona_0
130,1,Inicio_Poligono_Nave_industrial_074,0,0.0,35.0,35.0,130,Poligono_Nave_industrial_074,Zona_0
130,2,2105001,28,103.26,74.34,193.34,130,Poligono_Nave_industrial_074,Zona_0
130,3,2106401,36,2.062450568972217,2.4749406827666602,303.81494068276663,130,Poligono_Nave_industrial_074,Zona_0
130,4,2106402,24,6.2663516503156105,7.519621980378732,383.33456266314533,130,Poligono_Nave_industrial_074,Zona_0
130,5,Regreso_Poligono_Nave_industrial_074,0,107.61,94.18,477.51456266314534,130,Poligono_Nave_industrial_074,Zona_0
131,1,Inicio_Poligono_Nave_industrial_074,0,0.0,35.0,35.0,131,Poligono_Nave_industrial_074,Zona_0
131,2,2105003,80,119.34,101.98,376.98,131,Poligono_Nave_industrial_074,Zona_0
131,3,2105501,1,9.519780505955168,11.423736607146202,391.40373660714624,131,Poligono_Nave_industrial_074,Zona_0
131,4,Regreso_Poligono_Nave_industrial_074,0,113.47,88.14,479.54373660714623,131,Poligono_Nave_industrial_074,Zona_0
132,1,Inicio_Poligono_Nave_industrial_074,0,0.0,35.0,35.0,132,Poligono_Nave_industrial_074,Zona_0
132,2,2105003,24,119.34,101.98,208.98000000000002,132,Poligono_Nave_industrial_074,Zona_0
132,3,2105501,57,9.519780505955168,11.423736607146202,391.40373660714624,132,Poligono_Nave_industrial_074,Zona_0
132,4,Regreso_Poligono_Nave_industrial_074,0,113.47,88.14,479.54373660714623,132,Poligono_Nave_industrial_074,Zona_0
133,1,Inicio_Poligono_Nave_industrial_074,0,0.0,35.0,35.0,133,Poligono_Nave_industrial_074,Zona_0
133,2,2105303,13,96.63,81.45,155.45,133,Poligono_Nave_industrial_074,Zona_0
133,3,2107701,7,5.277900958421737,6.333481150106085,182.78348115010607,133,Poligono_Nave_industrial_074,Zona_0
133,4,2106101,2,12.792766260321327,15.351319512385594,204.13480066249167,133,Poligono_Nave_industrial_074,Zona_0
133,5,2106402,9,21.07980172925094,25.295762075101127,256.4305627375928,133,Poligono_Nave_industrial_074,Zona_0
133,6,2107001,31,12.23803336516746,14.685640038200953,364.1162027757938,133,Poligono_Nave_industrial_074,Zona_0
133,7,2107203,3,16.793646613315683,20.152375935978817,393.2685787117726,133,Poligono_Nave_industrial_074,Zona_0
133,8,2107202,1,0.5942747792644838,0.7131297351173805,396.98170844688997,133,Poligono_Nave_industrial_074,Zona_0
133,9,Regreso_Poligono_Nave_industrial_074,0,104.29,82.99,479.97170844689,133,Poligono_Nave_industrial_074,Zona_0
134,1,Inicio_Poligono_Nave_industrial_074,0,0.0,35.0,35.0,134,Poligono_Nave_industrial_074,Zona_0
134,2,2105501,62,113.47,88.14,309.14,134,Poligono_Nave_industrial_074,Zona_0
134,3,2106001,19,8.71916181844909,10.462994182138907,376.6029941821389,134,Poligono_Nave_industrial_074,Zona_0
134,4,Regreso_Poligono_Nave_industrial_074,0,132.25,101.46,478.0629941821389,134,Poligono_Nave_industrial_074,Zona_0
135,1,Inicio_Poligono_Nave_industrial_074,0,0.0,35.0,35.0,135,Poligono_Nave_industrial_074,Zona_0
135,2,2106001,80,132.25,101.46,376.46,135,Poligono_Nave_industrial_074,Zona_0
135,3,Regreso_Poligono_Nave_industrial_074,0,132.25,101.46,477.91999999999996,135,Poligono_Nave_industrial_074,Zona_0
136,1,Inicio_Poligono_Nave_industrial_074,0,0.0,35.0,35.0,136,Poligono_Nave_industrial_074,Zona_0
136,2,2106001,43,132.25,101.46,265.46,136,Poligono_Nave_industrial_074,Zona_0
136,3,2107001,16,32.51251764693337,39.01502117632005,352.47502117632,136,Poligono_Nave_industrial_074,Zona_0
136,4,2107203,7,16.793646613315683,20.152375935978817,393.6273971122988,136,Poligono_Nave_industrial_074,Zona_0
136,5,4104901,1,62.524985050582025,75.02998206069843,471.65737917299725,136,Poligono_Nave_industrial_074,Zona_0
136,6,Regreso_Poligono_Nave_industrial_074,0,5.25,6.92,478.57737917299727,136,Poligono_Nave_industrial_074,Zona_0
137,1,Inicio_Poligono_Nave_industrial_074,0,0.0,35.0,35.0,137,Poligono_Nave_industrial_074,Zona_0
137,2,2107201,5,104.79,83.62,133.62,137,Poligono_Nave_industrial_074,Zona_0
137,3,2107203,45,0.38137495451885584,0.457649945422627,269.07764994542265,137,Poligono_Nave_industrial_074,Zona_0
137,4,2107202,26,0.5942747792644838,0.7131297351173805,347.79077968054,137,Poligono_Nave_industrial_074,Zona_0
137,5,4103001,3,41.64594706029125,49.9751364723495,406.76591615288953,137,Poligono_Nave_industrial_074,Zona_0
137,6,4102501,8,2.855237270237445,3.426284724284934,434.19220087717446,137,Poligono_Nave_industrial_074,Zona_0
137,7,4102502,1,1.1329250959314487,1.3595101151177387,438.5517109922922,137,Poligono_Nave_industrial_074,Zona_0
137,8,Regreso_Poligono_Nave_industrial_074,0,52.41,41.14,479.6917109922922,137,Poligono_Nave_industrial_074,Zona_0
138,1,Inicio_Poligono_Nave_industrial_074,0,0.0,35.0,35.0,138,Poligono_Nave_industrial_074,Zona_0
138,2,2107601,6,141.04,110.2,163.2,138,Poligono_Nave_industrial_074,Zona_0
138,3,2107602,7,6.495828775807365,7.794994530968838,191.99499453096882,138,Poligono_Nave_industrial_074,Zona_0
138,4,4102502,9,78.91284080575555,94.69540896690665,313.6904034978755,138,Poligono_Nave_industrial_074,Zona_0
138,5,4102501,5,1.1329250959314487,1.3595101151177387,330.04991361299324,138,Poligono_Nave_industrial_074,Zona_0
138,6,4105101,33,3.27123819334747,3.925485832016964,432.9753994450102,138,Poligono_Nave_industrial_074,Zona_0
138,7,4104901,1,30.463524322150594,36.55622918658071,472.53162863159093,138,Poligono_Nave_industrial_074,Zona_0
138,8,Regreso_Poligono_Nave_industrial_074,0,5.25,6.92,479.45162863159095,138,Poligono_Nave_industrial_074,Zona_0
139,1,Inicio_Poligono_Nave_industrial_074,0,0.0,35.0,35.0,139,Poligono_Nave_industrial_074,Zona_0
139,2,4100201,12,93.98,106.0,177.0,139,Poligono_Nave_industrial_074,Zona_0
139,3,4108801,3,7.115686901966758,8.53882428236011,194.5388242823601,139,Poligono_Nave_industrial_074,Zona_0
139,4,4103302,10,11.885150024059989,14.262180028871986,238.8010043112321,139,Poligono_Nave_industrial_074,Zona_0
139,5,4103301,18,0.8717269030138988,1.0460722836166787,293.8470765948488,139,Poligono_Nave_industrial_074,Zona_0
139,6,4103304,6,2.6715047526827522,3.2058057032193026,315.0528822980681,139,Poligono_Nave_industrial_074,Zona_0
139,7,4103303,7,4.177894204365726,5.013473045238872,341.06635534330695,139,Poligono_Nave_industrial_074,Zona_0
139,8,4103201,14,14.007137324386232,16.808564789263478,399.8749201325704,139,Poligono_Nave_industrial_074,Zona_0
139,9,4109902,1,31.084579980965525,37.30149597715863,440.1764161097291,139,Poligono_Nave_industrial_074,Zona_0
139,10,Regreso_Poligono_Nave_industrial_074,0,34.76,39.8,479.9764161097291,139,Poligono_Nave_industrial_074,Zona_0
140,1,Inicio_Poligono_Nave_industrial_074,0,0.0,35.0,35.0,140,Poligono_Nave_industrial_074,Zona_0
140,2,4100301,28,29.55,39.98,158.98,140,Poligono_Nave_industrial_074,Zona_0
140,3,4106701,45,3.4535264197027766,4.144231703643332,298.1242317036433,140,Poligono_Nave_industrial_074,Zona_0
140,4,4104502,46,4.632014251568499,5.558417101882199,441.6826488055255,140,Poligono_Nave_industrial_074,Zona_0
140,5,4104501,6,4.069296785837687,4.883156143005224,464.56580494853074,140,Poligono_Nave_industrial_074,Zona_0
140,6,Regreso_Poligono_Nave_industrial_074,0,14.51,15.38,479.94580494853074,140,Poligono_Nave_industrial_074,Zona_0
141,1,Inicio_Poligono_Nave_industrial_074,0,0.0,35.0,35.0,141,Poligono_Nave_industrial_074,Zona_0
141,2,4100501,20,10.49,13.26,108.26,141,Poligono_Nave_industrial_074,Zona_0
141,3,4100502,92,0.7372202660674034,0.8846643192808841,385.1446643192809,141,Poligono_Nave_industrial_074,Zona_0
141,4,4108101,24,3.5206994584203786,4.224839350104455,461.3695036693853,141,Poligono_Nave_industrial_074,Zona_0
141,5,Regreso_Poligono_Nave_industrial_074,0,12.83,16.53,477.89950366938535,141,Poligono_Nave_industrial_074,Zona_0
142,1,Inicio_Poligono_Nave_industrial_074,0,0.0,35.0,35.0,142,Poligono_Nave_industrial_074,Zona_0
142,2,4100601,12,40.71,45.1,116.1,142,Poligono_Nave_industrial_074,Zona_0
142,3,4100602,14,0.4949406715552544,0.5939288058663053,158.6939288058663,142,Poligono_Nave_industrial_074,Zona_0
142,4,4109201,40,5.2172464708436195,6.260695765012343,284.95462457087865,142,Poligono_Nave_industrial_074,Zona_0
142,5,4109202,39,2.5754145885149997,3.0904975062179996,405.04512207709666,142,Poligono_Nave_industrial_074,Zona_0
142,6,4109902,7,4.932140213707859,5.918568256449431,431.9636903335461,142,Poligono_Nave_industrial_074,Zona_0
142,7,4109903,1,1.0516787327361783,1.262014479283414,436.2257048128295,142,Poligono_Nave_industrial_074,Zona_0
142,8,4102302,1,9.90040952366973,11.880491428403676,451.1061962412332,142,Poligono_Nave_industrial_074,Zona_0
142,9,Regreso_Poligono_Nave_industrial_074,0,23.98,27.72,478.8261962412332,142,Poligono_Nave_industrial_074,Zona_0
143,1,Inicio_Poligono_Nave_industrial_074,0,0.0,35.0,35.0,143,Poligono_Nave_industrial_074,Zona_0
143,2,4100701,41,10.05,12.95,170.95,143,Poligono_Nave_industrial_074,Zona_0
143,3,4100702,97,0.4053327756397063,0.4863993307676475,462.43639933076764,143,Poligono_Nave_industrial_074,Zona_0
143,4,Regreso_Poligono_Nave_industrial_074,0,11.37,15.0,477.43639933076764,143,Poligono_Nave_industrial_074,Zona_0
144,1,Inicio_Poligono_Nave_industrial_074,0,0.0,35.0,35.0,144,Poligono_Nave_industrial_074,Zona_0
144,2,4100702,12,11.37,15.0,86.0,144,Poligono_Nave_industrial_074,Zona_0
144,3,4108901,15,3.1954520210294013,3.8345424252352815,134.83454242523527,144,Poligono_Nave_industrial_074,Zona_0
144,4,4109601,82,3.3927833184433362,4.071339982132003,384.90588240736724,144,Poligono_Nave_industrial_074,Zona_0
144,5,4102801,20,1.0454505861608023,1.254540703392963,446.16042311076023,144,Poligono_Nave_industrial_074,Zona_0
144,6,4102101,3,1.8246833044353117,2.189619965322374,457.3500430760826,144,Poligono_Nave_industrial_074,Zona_0
144,7,Regreso_Poligono_Nave_industrial_074,0,22.31,21.6,478.95004307608264,144,Poligono_Nave_industrial_074,Zona_0
145,1,Inicio_Poligono_Nave_industrial_074,0,0.0,35.0,35.0,145,Poligono_Nave_industrial_074,Zona_0
145,2,4101001,68,42.18,41.82,280.82,145,Poligono_Nave_industrial_074,Zona_0
145,3,4104401,48,3.734790421836569,4.481748506203883,429.30174850620386,145,Poligono_Nave_industrial_074,Zona_0
145,4,4101602,4,3.298484852717459,3.958181823260951,445.2599303294648,145,Poligono_Nave_industrial_074,Zona_0
145,5,Regreso_Poligono_Nave_industrial_074,0,37.43,33.13,478.3899303294648,145,Poligono_Nave_industrial_074,Zona_0
146,1,Inicio_Poligono_Nave_industrial_074,0,0.0,35.0,35.0,146,Poligono_Nave_industrial_074,Zona_0
146,2,4101201,41,50.01,75.01,233.01,146,Poligono_Nave_industrial_074,Zona_0
146,3,4101501,22,4.382383018763382,5.258859622516058,304.26885962251606,146,Poligono_Nave_industrial_074,Zona_0
146,4,4101502,41,2.2934652048986304,2.7521582458783564,430.02101786839444,146,Poligono_Nave_industrial_074,Zona_0
146,5,4108702,3,4.0684461802108185,4.882135416252982,443.90315328464743,146,Poligono_Nave_industrial_074,Zona_0
146,6,4104901,1,21.115189139304764,25.338226967165717,472.24138025181315,146,Poligono_Nave_industrial_074,Zona_0
146,7,Regreso_Poligono_Nave_industrial_074,0,5.25,6.92,479.16138025181317,146,Poligono_Nave_industrial_074,Zona_0
147,1,Inicio_Poligono_Nave_industrial_074,0,0.0,35.0,35.0,147,Poligono_Nave_industrial_074,Zona_0
147,2,4101301,19,29.92,33.12,125.12,147,Poligono_Nave_industrial_074,Zona_0
147,3,4101302,31,0.7987623377776639,0.9585148053331967,219.0785148053332,147,Poligono_Nave_industrial_074,Zona_0
147,4,4104502,5,9.047187364610686,10.856624837532824,244.93513964286603,147,Poligono_Nave_industrial_074,Zona_0
147,5,4104501,6,4.069296785837687,4.883156143005224,267.81829578587127,147,Poligono_Nave_industrial_074,Zona_0
147,6,4104901,65,6.299001792468007,7.5588021509616095,470.3770979368329,147,Poligono_Nave_industrial_074,Zona_0
147,7,Regreso_Poligono_Nave_industrial_074,0,5.25,6.92,477.2970979368329,147,Poligono_Nave_industrial_074,Zona_0
148,1,Inicio_Poligono_Nave_industrial_074,0,0.0,35.0,35.0,148,Poligono_Nave_industrial_074,Zona_0
148,2,4101601,66,38.73,36.07,269.07,148,Poligono_Nave_industrial_074,Zona_0
148,3,4101602,42,1.1006625011941682,1.3207950014330019,396.390795001433,148,Poligono_Nave_industrial_074,Zona_0
148,4,4104401,10,3.298484852717459,3.958181823260951,430.3489768246939,148,Poligono_Nave_industrial_074,Zona_0
148,5,4105901,5,3.372943279342306,4.047531935210767,449.3965087599047,148,Poligono_Nave_industrial_074,Zona_0
148,6,Regreso_Poligono_Nave_industrial_074,0,30.54,28.55,477.9465087599047,148,Poligono_Nave_industrial_074,Zona_0
149,1,Inicio_Poligono_Nave_industrial_074,0,0.0,35.0,35.0,149,Poligono_Nave_industrial_074,Zona_0
149,2,4101701,129,28.97,27.52,449.52,149,Poligono_Nave_industrial_074,Zona_0
149,3,4102102,1,4.3096979118619485,5.1716374942343375,457.6916374942343,149,Poligono_Nave_industrial_074,Zona_0
149,4,Regreso_Poligono_Nave_industrial_074,0,22.54,21.81,479.50163749423433,149,Poligono_Nave_industrial_074,Zona_0
150,1,Inicio_Poligono_Nave_industrial_074,0,0.0,35.0,35.0,150,Poligono_Nave_industrial_074,Zona_0
150,2,4101701,129,28.97,27.52,449.52,150,Poligono_Nave_industrial_074,Zona_0
150,3,4102102,1,4.3096979118619485,5.1716374942343375,457.6916374942343,150,Poligono_Nave_industrial_074,Zona_0
150,4,Regreso_Poligono_Nave_industrial_074,0,22.54,21.81,479.50163749423433,150,Poligono_Nave_industrial_074,Zona_0
151,1,Inicio_Poligono_Nave_industrial_074,0,0.0,35.0,35.0,151,Poligono_Nave_industrial_074,Zona_0
151,2,4101801,109,24.69,28.46,390.46,151,Poligono_Nave_industrial_074,Zona_0
151,3,4110101,20,4.397723921443457,5.277268705732149,455.73726870573216,151,Poligono_Nave_industrial_074,Zona_0
151,4,Regreso_Poligono_Nave_industrial_074,0,18.57,21.89,477.62726870573215,151,Poligono_Nave_industrial_074,Zona_0
152,1,Inicio_Poligono_Nave_industrial_074,0,0.0,35.0,35.0,152,Poligono_Nave_industrial_074,Zona_0
152,2,4101901,59,11.46,24.18,236.18,152,Poligono_Nave_industrial_074,Zona_0
152,3,4110101,41,7.738616761571126,9.28634011388535,368.4663401138854,152,Poligono_Nave_industrial_074,Zona_0
152,4,4102301,26,4.345466603830099,5.214559924596119,451.6809000384815,152,Poligono_Nave_industrial_074,Zona_0
152,5,Regreso_Poligono_Nave_industrial_074,0,24.23,28.28,479.96090003848155,152,Poligono_Nave_industrial_074,Zona_0
153,1,Inicio_Poligono_Nave_industrial_074,0,0.0,35.0,35.0,153,Poligono_Nave_industrial_074,Zona_0
153,2,4102101,83,22.31,21.6,305.6,153,Poligono_Nave_industrial_074,Zona_0
153,3,4102102,50,0.3126767261092241,0.37521207133106893,455.9752120713311,153,Poligono_Nave_industrial_074,Zona_0
153,4,Regreso_Poligono_Nave_industrial_074,0,22.54,21.81,477.7852120713311,153,Poligono_Nave_industrial_074,Zona_0
154,1,Inicio_Poligono_Nave_industrial_074,0,0.0,35.0,35.0,154,Poligono_Nave_industrial_074,Zona_0
154,2,4102102,63,22.54,21.81,245.81,154,Poligono_Nave_industrial_074,Zona_0
154,3,4102103,29,1.4600963314385917,1.75211559772631,334.56211559772635,154,Poligono_Nave_industrial_074,Zona_0
154,4,4102104,22,0.7470912256066606,0.8965094707279927,401.45862506845435,154,Poligono_Nave_industrial_074,Zona_0
154,5,4109301,16,1.2261377457812537,1.4713652949375045,450.9299903633919,154,Poligono_Nave_industrial_074,Zona_0
154,6,Regreso_Poligono_Nave_industrial_074,0,27.24,26.43,477.3599903633919,154,Poligono_Nave_industrial_074,Zona_0
155,1,Inicio_Poligono_Nave_industrial_074,0,0.0,35.0,35.0,155,Poligono_Nave_industrial_074,Zona_0
155,2,4102201,16,82.91,68.32,151.32,155,Poligono_Nave_industrial_074,Zona_0
155,3,4102202,23,0.6668633837567716,0.8002360605081259,221.12023606050812,155,Poligono_Nave_industrial_074,Zona_0
155,4,4105501,43,13.237167356184756,15.884600827421707,366.00483688792986,155,Poligono_Nave_industrial_074,Zona_0
155,5,4105502,17,0.8104236936538046,0.9725084323845655,417.97734532031444,155,Poligono_Nave_industrial_074,Zona_0
155,6,4102302,1,25.660189071627492,30.792226885952992,451.7695722062674,155,Poligono_Nave_industrial_074,Zona_0
155,7,Regreso_Poligono_Nave_industrial_074,0,23.98,27.72,479.48957220626744,155,Poligono_Nave_industrial_074,Zona_0
156,1,Inicio_Poligono_Nave_industrial_074,0,0.0,35.0,35.0,156,Poligono_Nave_industrial_074,Zona_0
156,2,4102301,18,24.23,28.28,117.28,156,Poligono_Nave_industrial_074,Zona_0
156,3,4102302,35,2.0317151563213676,2.438058187585641,224.71805818758565,156,Poligono_Nave_industrial_074,Zona_0
156,4,4109903,13,9.90040952366973,11.880491428403676,275.5985496159893,156,Poligono_Nave_industrial_074,Zona_0
156,5,4109901,4,0.7139528878650904,0.8567434654381084,288.45529308142744,156,Poligono_Nave_industrial_074,Zona_0
156,6,4102406,38,12.672326931412226,15.20679231769467,417.66208539912213,156,Poligono_Nave_industrial_074,Zona_0
156,7,4102404,1,12.625234696234466,15.15028163548136,435.8123670346035,156,Poligono_Nave_industrial_074,Zona_0
156,8,Regreso_Poligono_Nave_industrial_074,0,48.39,42.64,478.45236703460347,156,Poligono_Nave_industrial_074,Zona_0
157,1,Inicio_Poligono_Nave_industrial_074,0,0.0,35.0,35.0,157,Poligono_Nave_industrial_074,Zona_0
157,2,4102401,15,49.24,44.04,124.03999999999999,157,Poligono_Nave_industrial_074,Zona_0
157,3,4102403,10,0.2655150382772477,0.31861804593269727,154.3586180459327,157,Poligono_Nave_industrial_074,Zona_0
157,4,4102404,83,0.4423132194147504,0.5307758632977004,403.8893939092304,157,Poligono_Nave_industrial_074,Zona_0
157,5,4102402,9,0.9316896565638176,1.1180275878765813,432.007421497107,157,Poligono_Nave_industrial_074,Zona_0
157,6,4102405,1,1.465593487369658,1.7587121848435898,436.7661336819506,157,Poligono_Nave_industrial_074,Zona_0
157,7,Regreso_Poligono_Nave_industrial_074,0,48.06,41.93,478.6961336819506,157,Poligono_Nave_industrial_074,Zona_0
158,1,Inicio_Poligono_Nave_industrial_074,0,0.0,35.0,35.0,158,Poligono_Nave_industrial_074,Zona_0
158,2,4102405,68,48.06,41.93,280.93,158,Poligono_Nave_industrial_074,Zona_0
158,3,4102406,35,13.600575307827494,16.320690369392995,402.250690369393,158,Poligono_Nave_industrial_074,Zona_0
158,4,4105503,1,10.641621587074749,12.769945904489697,418.0206362738827,158,Poligono_Nave_industrial_074,Zona_0
158,5,Regreso_Poligono_Nave_industrial_074,0,53.94,59.47,477.4906362738827,158,Poligono_Nave_industrial_074,Zona_0
159,1,Inicio_Poligono_Nave_industrial_074,0,0.0,35.0,35.0,159,Poligono_Nave_industrial_074,Zona_0
159,2,4102701,18,21.63,29.38,118.38,159,Poligono_Nave_industrial_074,Zona_0
159,3,4102702,23,0.5047613467627262,0.6057136161152714,187.98571361611528,159,Poligono_Nave_industrial_074,Zona_0
159,4,4104901,51,16.02386123475444,19.228633481705327,360.21434709782056,159,Poligono_Nave_industrial_074,Zona_0
159,5,4108101,31,8.152389481875206,9.782867378250247,462.9972144760708,159,Poligono_Nave_industrial_074,Zona_0
159,6,Regreso_Poligono_Nave_industrial_074,0,12.83,16.53,479.52721447607075,159,Poligono_Nave_industrial_074,Zona_0
160,1,Inicio_Poligono_Nave_industrial_074,0,0.0,35.0,35.0,160,Poligono_Nave_industrial_074,Zona_0
160,2,4102801,15,25.19,31.58,111.58,160,Poligono_Nave_industrial_074,Zona_0
160,3,4102901,113,2.262389299522904,2.714867159427485,453.2948671594275,160,Poligono_Nave_industrial_074,Zona_0
160,4,Regreso_Poligono_Nave_industrial_074,0,27.63,26.37,479.6648671594275,160,Poligono_Nave_industrial_074,Zona_0
161,1,Inicio_Poligono_Nave_industrial_074,0,0.0,35.0,35.0,161,Poligono_Nave_industrial_074,Zona_0
161,2,4102901,46,27.63,26.37,199.37,161,Poligono_Nave_industrial_074,Zona_0
161,3,4109301,84,1.5147606558909705,1.8177127870691647,453.18771278706913,161,Poligono_Nave_industrial_074,Zona_0
161,4,Regreso_Poligono_Nave_industrial_074,0,27.24,26.43,479.61771278706914,161,Poligono_Nave_industrial_074,Zona_0
162,1,Inicio_Poligono_Nave_industrial_074,0,0.0,35.0,35.0,162,Poligono_Nave_industrial_074,Zona_0
162,2,4103202,22,70.44,78.03,179.03,162,Poligono_Nave_industrial_074,Zona_0
162,3,4107301,17,16.378351066026962,19.654021279232353,249.68402127923235,162,Poligono_Nave_industrial_074,Zona_0
162,4,4105503,22,27.236727455117865,32.68407294614144,348.3680942253738,162,Poligono_Nave_industrial_074,Zona_0
162,5,4105502,23,0.47001603322821117,0.5640192398738534,417.93211346524765,162,Poligono_Nave_industrial_074,Zona_0
162,6,Regreso_Poligono_Nave_industrial_074,0,54.9,61.95,479.88211346524764,162,Poligono_Nave_industrial_074,Zona_0
163,1,Inicio_Poligono_Nave_industrial_074,0,0.0,35.0,35.0,163,Poligono_Nave_industrial_074,Zona_0
163,2,4104001,126,35.35,33.29,446.29,163,Poligono_Nave_industrial_074,Zona_0
163,3,Regreso_Poligono_Nave_industrial_074,0,35.35,33.29,479.58000000000004,163,Poligono_Nave_industrial_074,Zona_0
164,1,Inicio_Poligono_Nave_industrial_074,0,0.0,35.0,35.0,164,Poligono_Nave_industrial_074,Zona_0
164,2,4104001,85,35.35,33.29,323.29,164,Poligono_Nave_industrial_074,Zona_0
164,3,4109801,40,1.967637734988971,2.3611652819867652,445.6511652819868,164,Poligono_Nave_industrial_074,Zona_0
164,4,Regreso_Poligono_Nave_industrial_074,0,30.38,33.26,478.91116528198677,164,Poligono_Nave_industrial_074,Zona_0
165,1,Inicio_Poligono_Nave_industrial_074,0,0.0,35.0,35.0,165,Poligono_Nave_industrial_074,Zona_0
165,2,4104401,54,37.6,48.77,245.77,165,Poligono_Nave_industrial_074,Zona_0
165,3,4105901,67,3.372943279342306,4.047531935210767,450.8175319352108,165,Poligono_Nave_industrial_074,Zona_0
165,4,Regreso_Poligono_Nave_industrial_074,0,30.54,28.55,479.3675319352108,165,Poligono_Nave_industrial_074,Zona_0
166,1,Inicio_Poligono_Nave_industrial_074,0,0.0,35.0,35.0,166,Poligono_Nave_industrial_074,Zona_0
166,2,4104701,130,28.86,27.33,452.33,166,Poligono_Nave_industrial_074,Zona_0
166,3,Regreso_Poligono_Nave_industrial_074,0,28.86,27.33,479.65999999999997,166,Poligono_Nave_industrial_074,Zona_0
167,1,Inicio_Poligono_Nave_industrial_074,0,0.0,35.0,35.0,167,Poligono_Nave_industrial_074,Zona_0
167,2,4104701,20,28.86,27.33,122.33,167,Poligono_Nave_industrial_074,Zona_0
167,3,4109301,109,2.8025298994341536,3.3630358793209845,452.693035879321,167,Poligono_Nave_industrial_074,Zona_0
167,4,Regreso_Poligono_Nave_industrial_074,0,27.24,26.43,479.123035879321,167,Poligono_Nave_industrial_074,Zona_0
168,1,Inicio_Poligono_Nave_industrial_074,0,0.0,35.0,35.0,168,Poligono_Nave_industrial_074,Zona_0
168,2,4104801,7,96.83,107.49,163.49,168,Poligono_Nave_industrial_074,Zona_0
168,3,4104802,5,0.30054091994574217,0.3606491039348906,178.8506491039349,168,Poligono_Nave_industrial_074,Zona_0
168,4,4104803,7,0.9166768324805106,1.1000121989766125,200.9506613029115,168,Poligono_Nave_industrial_074,Zona_0
168,5,4106602,1,35.107901353271224,42.12948162392547,246.08014292683697,168,Poligono_Nave_industrial_074,Zona_0
168,6,4106601,6,3.220318994752293,3.8643827937027524,267.94452572053973,168,Poligono_Nave_industrial_074,Zona_0
168,7,4107802,2,16.744065398142116,20.09287847777054,294.03740419831024,168,Poligono_Nave_industrial_074,Zona_0
168,8,4107401,16,6.080001384072833,7.2960016608874,349.3334058591976,168,Poligono_Nave_industrial_074,Zona_0
168,9,4105502,16,16.58522527432056,19.902270329184674,417.2356761883823,168,Poligono_Nave_industrial_074,Zona_0
168,10,Regreso_Poligono_Nave_industrial_074,0,54.9,61.95,479.1856761883823,168,Poligono_Nave_industrial_074,Zona_0
169,1,Inicio_Poligono_Nave_industrial_074,0,0.0,35.0,35.0,169,Poligono_Nave_industrial_074,Zona_0
169,2,4105502,18,54.9,61.95,150.95,169,Poligono_Nave_industrial_074,Zona_0
169,3,4108102,86,41.765816080056865,50.11897929606824,459.0689792960682,169,Poligono_Nave_industrial_074,Zona_0
169,4,Regreso_Poligono_Nave_industrial_074,0,15.57,19.61,478.67897929606823,169,Poligono_Nave_industrial_074,Zona_0
170,1,Inicio_Poligono_Nave_industrial_074,0,0.0,35.0,35.0,170,Poligono_Nave_industrial_074,Zona_0
170,2,4105901,129,30.54,28.55,450.55,170,Poligono_Nave_industrial_074,Zona_0
170,3,Regreso_Poligono_Nave_industrial_074,0,30.54,28.55,479.1,170,Poligono_Nave_industrial_074,Zona_0
171,1,Inicio_Poligono_Nave_industrial_074,0,0.0,35.0,35.0,171,Poligono_Nave_industrial_074,Zona_0
171,2,4105901,129,30.54,28.55,450.55,171,Poligono_Nave_industrial_074,Zona_0
171,3,Regreso_Poligono_Nave_industrial_074,0,30.54,28.55,479.1,171,Poligono_Nave_industrial_074,Zona_0
172,1,Inicio_Poligono_Nave_industrial_074,0,0.0,35.0,35.0,172,Poligono_Nave_industrial_074,Zona_0
172,2,4105901,129,30.54,28.55,450.55,172,Poligono_Nave_industrial_074,Zona_0
172,3,Regreso_Poligono_Nave_industrial_074,0,30.54,28.55,479.1,172,Poligono_Nave_industrial_074,Zona_0
173,1,Inicio_Poligono_Nave_industrial_074,0,0.0,35.0,35.0,173,Poligono_Nave_industrial_074,Zona_0
173,2,4105901,87,30.54,28.55,324.55,173,Poligono_Nave_industrial_074,Zona_0
173,3,4108604,41,3.159044993261616,3.790853991913939,451.34085399191395,173,Poligono_Nave_industrial_074,Zona_0
173,4,4108603,1,0.17072798426050853,0.20487358111261023,454.54572757302657,173,Poligono_Nave_industrial_074,Zona_0
173,5,Regreso_Poligono_Nave_industrial_074,0,27.36,25.23,479.7757275730266,173,Poligono_Nave_industrial_074,Zona_0
174,1,Inicio_Poligono_Nave_industrial_074,0,0.0,35.0,35.0,174,Poligono_Nave_industrial_074,Zona_0
174,2,4106702,32,27.0,28.65,159.65,174,Poligono_Nave_industrial_074,Zona_0
174,3,4109801,18,2.511614344266674,3.013937213120009,216.66393721312002,174,Poligono_Nave_industrial_074,Zona_0
174,4,4108501,58,2.5214326425336213,3.0257191710403455,393.68965638416034,174,Poligono_Nave_industrial_074,Zona_0
174,5,4109401,15,5.33766604644492,6.405199255733904,445.09485563989426,174,Poligono_Nave_industrial_074,Zona_0
174,6,Regreso_Poligono_Nave_industrial_074,0,37.46,32.8,477.8948556398943,174,Poligono_Nave_industrial_074,Zona_0
175,1,Inicio_Poligono_Nave_industrial_074,0,0.0,35.0,35.0,175,Poligono_Nave_industrial_074,Zona_0
175,2,4107001,108,33.66,32.92,391.92,175,Poligono_Nave_industrial_074,Zona_0
175,3,4109111,16,4.602902995626971,5.523483594752366,445.44348359475237,175,Poligono_Nave_industrial_074,Zona_0
175,4,4108604,1,2.6861342923423095,3.2233611508107716,451.66684474556314,175,Poligono_Nave_industrial_074,Zona_0
175,5,Regreso_Poligono_Nave_industrial_074,0,27.91,26.07,477.73684474556313,175,Poligono_Nave_industrial_074,Zona_0
176,1,Inicio_Poligono_Nave_industrial_074,0,0.0,35.0,35.0,176,Poligono_Nave_industrial_074,Zona_0
176,2,4107501,114,59.43,50.21,427.21,176,Poligono_Nave_industrial_074,Zona_0
176,3,Regreso_Poligono_Nave_industrial_074,0,59.43,50.21,477.41999999999996,176,Poligono_Nave_industrial_074,Zona_0
177,1,Inicio_Poligono_Nave_industrial_074,0,0.0,35.0,35.0,177,Poligono_Nave_industrial_074,Zona_0
177,2,4107501,4,59.43,50.21,97.21000000000001,177,Poligono_Nave_industrial_074,Zona_0
177,3,4109701,20,5.881310266738427,7.057572320086113,164.26757232008612,177,Poligono_Nave_industrial_074,Zona_0
177,4,4109702,17,3.9608896873704915,4.75306762484459,220.0206399449307,177,Poligono_Nave_industrial_074,Zona_0
177,5,4108701,66,21.104913862891028,25.325896635469235,443.34653658039997,177,Poligono_Nave_industrial_074,Zona_0
177,6,Regreso_Poligono_Nave_industrial_074,0,32.98,35.65,478.99653658039995,177,Poligono_Nave_industrial_074,Zona_0
178,1,Inicio_Poligono_Nave_industrial_074,0,0.0,35.0,35.0,178,Poligono_Nave_industrial_074,Zona_0
178,2,4108101,45,12.83,16.53,186.53,178,Poligono_Nave_industrial_074,Zona_0
178,3,4108102,89,3.748264832896852,4.497917799476222,458.0279177994762,178,Poligono_Nave_industrial_074,Zona_0
178,4,Regreso_Poligono_Nave_industrial_074,0,15.57,19.61,477.6379177994762,178,Poligono_Nave_industrial_074,Zona_0
179,1,Inicio_Poligono_Nave_industrial_074,0,0.0,35.0,35.0,179,Poligono_Nave_industrial_074,Zona_0
179,2,4108102,98,15.57,19.61,348.61,179,Poligono_Nave_industrial_074,Zona_0
179,3,4108902,29,8.374459518901606,10.049351422681926,445.65935142268194,179,Poligono_Nave_industrial_074,Zona_0
179,4,4109102,2,3.188800296212521,3.826560355455025,455.48591177813694,179,Poligono_Nave_industrial_074,Zona_0
179,5,Regreso_Poligono_Nave_industrial_074,0,17.89,22.95,478.4359117781369,179,Poligono_Nave_industrial_074,Zona_0
180,1,Inicio_Poligono_Nave_industrial_074,0,0.0,35.0,35.0,180,Poligono_Nave_industrial_074,Zona_0
180,2,4108601,19,28.28,26.89,118.89,180,Poligono_Nave_industrial_074,Zona_0
180,3,4108602,50,0.5477325666364746,0.6572790799637696,269.54727907996374,180,Poligono_Nave_industrial_074,Zona_0
180,4,4108603,61,0.7701268754212474,0.9241522505054969,453.4714313304693,180,Poligono_Nave_industrial_074,Zona_0
180,5,Regreso_Poligono_Nave_industrial_074,0,27.36,25.23,478.7014313304693,180,Poligono_Nave_industrial_074,Zona_0
181,1,Inicio_Poligono_Nave_industrial_074,0,0.0,35.0,35.0,181,Poligono_Nave_industrial_074,Zona_0
181,2,4108603,18,27.36,25.23,114.23,181,Poligono_Nave_industrial_074,Zona_0
181,3,4108604,8,0.17072798426050853,0.20487358111261023,138.4348735811126,181,Poligono_Nave_industrial_074,Zona_0
181,4,4109301,104,2.362505456369018,2.8350065476428217,453.2698801287554,181,Poligono_Nave_industrial_074,Zona_0
181,5,Regreso_Poligono_Nave_industrial_074,0,27.24,26.43,479.6998801287554,181,Poligono_Nave_industrial_074,Zona_0
182,1,Inicio_Poligono_Nave_industrial_074,0,0.0,35.0,35.0,182,Poligono_Nave_industrial_074,Zona_0
182,2,4108701,1,32.98,35.65,73.65,182,Poligono_Nave_industrial_074,Zona_0
182,3,4108702,56,0.9067687519000222,1.0881225022800265,242.73812250228002,182,Poligono_Nave_industrial_074,Zona_0
182,4,4109401,42,3.651905057100948,4.382286068521138,373.12040857080115,182,Poligono_Nave_industrial_074,Zona_0
182,5,4109402,24,0.5982021867438247,0.7178426240925897,445.8382511948937,182,Poligono_Nave_industrial_074,Zona_0
182,6,Regreso_Poligono_Nave_industrial_074,0,36.85,32.09,477.92825119489373,182,Poligono_Nave_industrial_074,Zona_0
183,1,Inicio_Poligono_Nave_industrial_074,0,0.0,35.0,35.0,183,Poligono_Nave_industrial_074,Zona_0
183,2,4108902,32,22.15,33.97,164.97,183,Poligono_Nave_industrial_074,Zona_0
183,3,4109102,96,3.188800296212521,3.826560355455025,456.796560355455,183,Poligono_Nave_industrial_074,Zona_0
183,4,Regreso_Poligono_Nave_industrial_074,0,17.89,22.95,479.74656035545496,183,Poligono_Nave_industrial_074,Zona_0
184,1,Inicio_Poligono_Nave_industrial_074,0,0.0,35.0,35.0,184,Poligono_Nave_industrial_074,Zona_0
184,2,4109101,131,19.88,24.83,452.83,184,Poligono_Nave_industrial_074,Zona_0
184,3,Regreso_Poligono_Nave_industrial_074,0,19.88,24.83,477.65999999999997,184,Poligono_Nave_industrial_074,Zona_0
185,1,Inicio_Poligono_Nave_industrial_074,0,0.0,35.0,35.0,185,Poligono_Nave_industrial_074,Zona_0
185,2,4109101,131,19.88,24.83,452.83,185,Poligono_Nave_industrial_074,Zona_0
185,3,Regreso_Poligono_Nave_industrial_074,0,19.88,24.83,477.65999999999997,185,Poligono_Nave_industrial_074,Zona_0
186,1,Inicio_Poligono_Nave_industrial_074,0,0.0,35.0,35.0,186,Poligono_Nave_industrial_074,Zona_0
186,2,4109101,131,19.88,24.83,452.83,186,Poligono_Nave_industrial_074,Zona_0
186,3,Regreso_Poligono_Nave_industrial_074,0,19.88,24.83,477.65999999999997,186,Poligono_Nave_industrial_074,Zona_0
187,1,Inicio_Poligono_Nave_industrial_074,0,0.0,35.0,35.0,187,Poligono_Nave_industrial_074,Zona_0
187,2,4109101,131,19.88,24.83,452.83,187,Poligono_Nave_industrial_074,Zona_0
187,3,Regreso_Poligono_Nave_industrial_074,0,19.88,24.83,477.65999999999997,187,Poligono_Nave_industrial_074,Zona_0
188,1,Inicio_Poligono_Nave_industrial_074,0,0.0,35.0,35.0,188,Poligono_Nave_industrial_074,Zona_0
188,2,4109101,131,19.88,24.83,452.83,188,Poligono_Nave_industrial_074,Zona_0
188,3,Regreso_Poligono_Nave_industrial_074,0,19.88,24.83,477.65999999999997,188,Poligono_Nave_industrial_074,Zona_0
189,1,Inicio_Poligono_Nave_industrial_074,0,0.0,35.0,35.0,189,Poligono_Nave_industrial_074,Zona_0
189,2,4109101,102,19.88,24.83,365.83,189,Poligono_Nave_industrial_074,Zona_0
189,3,4109103,29,0.5153629536920847,0.6184355444305016,453.4484355444305,189,Poligono_Nave_industrial_074,Zona_0
189,4,Regreso_Poligono_Nave_industrial_074,0,19.38,24.54,477.9884355444305,189,Poligono_Nave_industrial_074,Zona_0
190,1,Inicio_Poligono_Nave_industrial_074,0,0.0,35.0,35.0,190,Poligono_Nave_industrial_074,Zona_0
190,2,4109102,133,17.89,22.95,456.95,190,Poligono_Nave_industrial_074,Zona_0
190,3,Regreso_Poligono_Nave_industrial_074,0,17.89,22.95,479.9,190,Poligono_Nave_industrial_074,Zona_0
191,1,Inicio_Poligono_Nave_industrial_074,0,0.0,35.0,35.0,191,Poligono_Nave_industrial_074,Zona_0
191,2,4109102,133,17.89,22.95,456.95,191,Poligono_Nave_industrial_074,Zona_0
191,3,Regreso_Poligono_Nave_industrial_074,0,17.89,22.95,479.9,191,Poligono_Nave_industrial_074,Zona_0
192,1,Inicio_Poligono_Nave_industrial_074,0,0.0,35.0,35.0,192,Poligono_Nave_industrial_074,Zona_0
192,2,4109102,133,17.89,22.95,456.95,192,Poligono_Nave_industrial_074,Zona_0
192,3,Regreso_Poligono_Nave_industrial_074,0,17.89,22.95,479.9,192,Poligono_Nave_industrial_074,Zona_0
193,1,Inicio_Poligono_Nave_industrial_074,0,0.0,35.0,35.0,193,Poligono_Nave_industrial_074,Zona_0
193,2,4109102,123,17.89,22.95,426.95,193,Poligono_Nave_industrial_074,Zona_0
193,3,4109103,8,1.7845532380864901,2.1414638857037884,453.0914638857038,193,Poligono_Nave_industrial_074,Zona_0
193,4,Regreso_Poligono_Nave_industrial_074,0,19.38,24.54,477.6314638857038,193,Poligono_Nave_industrial_074,Zona_0
194,1,Inicio_Poligono_Nave_industrial_074,0,0.0,35.0,35.0,194,Poligono_Nave_industrial_074,Zona_0
194,2,4109103,131,19.38,24.54,452.54,194,Poligono_Nave_industrial_074,Zona_0
194,3,Regreso_Poligono_Nave_industrial_074,0,19.38,24.54,477.08000000000004,194,Poligono_Nave_industrial_074,Zona_0
195,1,Inicio_Poligono_Nave_industrial_074,0,0.0,35.0,35.0,195,Poligono_Nave_industrial_074,Zona_0
195,2,4109103,131,19.38,24.54,452.54,195,Poligono_Nave_industrial_074,Zona_0
195,3,Regreso_Poligono_Nave_industrial_074,0,19.38,24.54,477.08000000000004,195,Poligono_Nave_industrial_074,Zona_0
196,1,Inicio_Poligono_Nave_industrial_074,0,0.0,35.0,35.0,196,Poligono_Nave_industrial_074,Zona_0
196,2,4109103,131,19.38,24.54,452.54,196,Poligono_Nave_industrial_074,Zona_0
196,3,Regreso_Poligono_Nave_industrial_074,0,19.38,24.54,477.08000000000004,196,Poligono_Nave_industrial_074,Zona_0
197,1,Inicio_Poligono_Nave_industrial_074,0,0.0,35.0,35.0,197,Poligono_Nave_industrial_074,Zona_0
197,2,4109103,131,19.38,24.54,452.54,197,Poligono_Nave_industrial_074,Zona_0
197,3,Regreso_Poligono_Nave_industrial_074,0,19.38,24.54,477.08000000000004,197,Poligono_Nave_industrial_074,Zona_0
198,1,Inicio_Poligono_Nave_industrial_074,0,0.0,35.0,35.0,198,Poligono_Nave_industrial_074,Zona_0
198,2,4109103,131,19.38,24.54,452.54,198,Poligono_Nave_industrial_074,Zona_0
198,3,Regreso_Poligono_Nave_industrial_074,0,19.38,24.54,477.08000000000004,198,Poligono_Nave_industrial_074,Zona_0
199,1,Inicio_Poligono_Nave_industrial_074,0,0.0,35.0,35.0,199,Poligono_Nave_industrial_074,Zona_0
199,2,4109103,18,19.38,24.54,113.53999999999999,199,Poligono_Nave_industrial_074,Zona_0
199,3,4109108,113,1.3475662256011771,1.6170794707214127,454.15707947072144,199,Poligono_Nave_industrial_074,Zona_0
199,4,Regreso_Poligono_Nave_industrial_074,0,19.67,23.93,478.08707947072145,199,Poligono_Nave_industrial_074,Zona_0
200,1,Inicio_Poligono_Nave_industrial_074,0,0.0,35.0,35.0,200,Poligono_Nave_industrial_074,Zona_0
200,2,4109104,131,20.32,25.3,453.3,200,Poligono_Nave_industrial_074,Zona_0
200,3,Regreso_Poligono_Nave_industrial_074,0,20.32,25.3,478.6,200,Poligono_Nave_industrial_074,Zona_0
201,1,Inicio_Poligono_Nave_industrial_074,0,0.0,35.0,35.0,201,Poligono_Nave_industrial_074,Zona_0
201,2,4109104,131,20.32,25.3,453.3,201,Poligono_Nave_industrial_074,Zona_0
201,3,Regreso_Poligono_Nave_industrial_074,0,20.32,25.3,478.6,201,Poligono_Nave_industrial_074,Zona_0
202,1,Inicio_Poligono_Nave_industrial_074,0,0.0,35.0,35.0,202,Poligono_Nave_industrial_074,Zona_0
202,2,4109104,131,20.32,25.3,453.3,202,Poligono_Nave_industrial_074,Zona_0
202,3,Regreso_Poligono_Nave_industrial_074,0,20.32,25.3,478.6,202,Poligono_Nave_industrial_074,Zona_0
203,1,Inicio_Poligono_Nave_industrial_074,0,0.0,35.0,35.0,203,Poligono_Nave_industrial_074,Zona_0
203,2,4109104,131,20.32,25.3,453.3,203,Poligono_Nave_industrial_074,Zona_0
203,3,Regreso_Poligono_Nave_industrial_074,0,20.32,25.3,478.6,203,Poligono_Nave_industrial_074,Zona_0
204,1,Inicio_Poligono_Nave_industrial_074,0,0.0,35.0,35.0,204,Poligono_Nave_industrial_074,Zona_0
204,2,4109104,131,20.32,25.3,453.3,204,Poligono_Nave_industrial_074,Zona_0
204,3,Regreso_Poligono_Nave_industrial_074,0,20.32,25.3,478.6,204,Poligono_Nave_industrial_074,Zona_0
205,1,Inicio_Poligono_Nave_industrial_074,0,0.0,35.0,35.0,205,Poligono_Nave_industrial_074,Zona_0
205,2,4109104,9,20.32,25.3,87.3,205,Poligono_Nave_industrial_074,Zona_0
205,3,4109108,122,1.0582661784996543,1.2699194141995853,454.5699194141996,205,Poligono_Nave_industrial_074,Zona_0
205,4,Regreso_Poligono_Nave_industrial_074,0,19.67,23.93,478.4999194141996,205,Poligono_Nave_industrial_074,Zona_0
206,1,Inicio_Poligono_Nave_industrial_074,0,0.0,35.0,35.0,206,Poligono_Nave_industrial_074,Zona_0
206,2,4109105,131,21.12,25.77,453.77,206,Poligono_Nave_industrial_074,Zona_0
206,3,Regreso_Poligono_Nave_industrial_074,0,21.12,25.77,479.53999999999996,206,Poligono_Nave_industrial_074,Zona_0
207,1,Inicio_Poligono_Nave_industrial_074,0,0.0,35.0,35.0,207,Poligono_Nave_industrial_074,Zona_0
207,2,4109105,131,21.12,25.77,453.77,207,Poligono_Nave_industrial_074,Zona_0
207,3,Regreso_Poligono_Nave_industrial_074,0,21.12,25.77,479.53999999999996,207,Poligono_Nave_industrial_074,Zona_0
208,1,Inicio_Poligono_Nave_industrial_074,0,0.0,35.0,35.0,208,Poligono_Nave_industrial_074,Zona_0
208,2,4109105,131,21.12,25.77,453.77,208,Poligono_Nave_industrial_074,Zona_0
208,3,Regreso_Poligono_Nave_industrial_074,0,21.12,25.77,479.53999999999996,208,Poligono_Nave_industrial_074,Zona_0
209,1,Inicio_Poligono_Nave_industrial_074,0,0.0,35.0,35.0,209,Poligono_Nave_industrial_074,Zona_0
209,2,4109105,131,21.12,25.77,453.77,209,Poligono_Nave_industrial_074,Zona_0
209,3,Regreso_Poligono_Nave_industrial_074,0,21.12,25.77,479.53999999999996,209,Poligono_Nave_industrial_074,Zona_0
210,1,Inicio_Poligono_Nave_industrial_074,0,0.0,35.0,35.0,210,Poligono_Nave_industrial_074,Zona_0
210,2,4109105,125,21.12,25.77,435.77,210,Poligono_Nave_industrial_074,Zona_0
210,3,4109108,6,1.6045294162420527,1.925435299490463,455.69543529949044,210,Poligono_Nave_industrial_074,Zona_0
210,4,Regreso_Poligono_Nave_industrial_074,0,19.67,23.93,479.62543529949045,210,Poligono_Nave_industrial_074,Zona_0
211,1,Inicio_Poligono_Nave_industrial_074,0,0.0,35.0,35.0,211,Poligono_Nave_industrial_074,Zona_0
211,2,4109106,131,20.04,25.87,453.87,211,Poligono_Nave_industrial_074,Zona_0
211,3,Regreso_Poligono_Nave_industrial_074,0,20.04,25.87,479.74,211,Poligono_Nave_industrial_074,Zona_0
212,1,Inicio_Poligono_Nave_industrial_074,0,0.0,35.0,35.0,212,Poligono_Nave_industrial_074,Zona_0
212,2,4109106,131,20.04,25.87,453.87,212,Poligono_Nave_industrial_074,Zona_0
212,3,Regreso_Poligono_Nave_industrial_074,0,20.04,25.87,479.74,212,Poligono_Nave_industrial_074,Zona_0
213,1,Inicio_Poligono_Nave_industrial_074,0,0.0,35.0,35.0,213,Poligono_Nave_industrial_074,Zona_0
213,2,4109106,131,20.04,25.87,453.87,213,Poligono_Nave_industrial_074,Zona_0
213,3,Regreso_Poligono_Nave_industrial_074,0,20.04,25.87,479.74,213,Poligono_Nave_industrial_074,Zona_0
214,1,Inicio_Poligono_Nave_industrial_074,0,0.0,35.0,35.0,214,Poligono_Nave_industrial_074,Zona_0
214,2,4109106,131,20.04,25.87,453.87,214,Poligono_Nave_industrial_074,Zona_0
214,3,Regreso_Poligono_Nave_industrial_074,0,20.04,25.87,479.74,214,Poligono_Nave_industrial_074,Zona_0
215,1,Inicio_Poligono_Nave_industrial_074,0,0.0,35.0,35.0,215,Poligono_Nave_industrial_074,Zona_0
215,2,4109106,5,20.04,25.87,75.87,215,Poligono_Nave_industrial_074,Zona_0
215,3,4109108,125,2.834672724194158,3.4016072690329895,454.271607269033,215,Poligono_Nave_industrial_074,Zona_0
215,4,Regreso_Poligono_Nave_industrial_074,0,19.67,23.93,478.201607269033,215,Poligono_Nave_industrial_074,Zona_0
216,1,Inicio_Poligono_Nave_industrial_074,0,0.0,35.0,35.0,216,Poligono_Nave_industrial_074,Zona_0
216,2,4109107,133,17.99,22.27,456.27,216,Poligono_Nave_industrial_074,Zona_0
216,3,Regreso_Poligono_Nave_industrial_074,0,17.99,22.27,478.53999999999996,216,Poligono_Nave_industrial_074,Zona_0
217,1,Inicio_Poligono_Nave_industrial_074,0,0.0,35.0,35.0,217,Poligono_Nave_industrial_074,Zona_0
217,2,4109107,133,17.99,22.27,456.27,217,Poligono_Nave_industrial_074,Zona_0
217,3,Regreso_Poligono_Nave_industrial_074,0,17.99,22.27,478.53999999999996,217,Poligono_Nave_industrial_074,Zona_0
218,1,Inicio_Poligono_Nave_industrial_074,0,0.0,35.0,35.0,218,Poligono_Nave_industrial_074,Zona_0
218,2,4109107,133,17.99,22.27,456.27,218,Poligono_Nave_industrial_074,Zona_0
218,3,Regreso_Poligono_Nave_industrial_074,0,17.99,22.27,478.53999999999996,218,Poligono_Nave_industrial_074,Zona_0
219,1,Inicio_Poligono_Nave_industrial_074,0,0.0,35.0,35.0,219,Poligono_Nave_industrial_074,Zona_0
219,2,4109107,133,17.99,22.27,456.27,219,Poligono_Nave_industrial_074,Zona_0
219,3,Regreso_Poligono_Nave_industrial_074,0,17.99,22.27,478.53999999999996,219,Poligono_Nave_industrial_074,Zona_0
220,1,Inicio_Poligono_Nave_industrial_074,0,0.0,35.0,35.0,220,Poligono_Nave_industrial_074,Zona_0
220,2,4109107,89,17.99,22.27,324.27,220,Poligono_Nave_industrial_074,Zona_0
220,3,4109108,43,1.7682486195992269,2.121898343519072,455.3918983435191,220,Poligono_Nave_industrial_074,Zona_0
220,4,Regreso_Poligono_Nave_industrial_074,0,19.67,23.93,479.3218983435191,220,Poligono_Nave_industrial_074,Zona_0
221,1,Inicio_Poligono_Nave_industrial_074,0,0.0,35.0,35.0,221,Poligono_Nave_industrial_074,Zona_0
221,2,4109108,132,19.67,23.93,454.93,221,Poligono_Nave_industrial_074,Zona_0
221,3,Regreso_Poligono_Nave_industrial_074,0,19.67,23.93,478.86,221,Poligono_Nave_industrial_074,Zona_0
222,1,Inicio_Poligono_Nave_industrial_074,0,0.0,35.0,35.0,222,Poligono_Nave_industrial_074,Zona_0
222,2,4109108,64,19.67,23.93,250.93,222,Poligono_Nave_industrial_074,Zona_0
222,3,4109109,63,5.2707318336277575,6.324878200353309,446.25487820035335,222,Poligono_Nave_industrial_074,Zona_0
222,4,Regreso_Poligono_Nave_industrial_074,0,24.92,31.63,477.88487820035334,222,Poligono_Nave_industrial_074,Zona_0
223,1,Inicio_Poligono_Nave_industrial_074,0,0.0,35.0,35.0,223,Poligono_Nave_industrial_074,Zona_0
223,2,4109109,127,24.92,31.63,447.63,223,Poligono_Nave_industrial_074,Zona_0
223,3,Regreso_Poligono_Nave_industrial_074,0,24.92,31.63,479.26,223,Poligono_Nave_industrial_074,Zona_0
224,1,Inicio_Poligono_Nave_industrial_074,0,0.0,35.0,35.0,224,Poligono_Nave_industrial_074,Zona_0
224,2,4109109,127,24.92,31.63,447.63,224,Poligono_Nave_industrial_074,Zona_0
224,3,Regreso_Poligono_Nave_industrial_074,0,24.92,31.63,479.26,224,Poligono_Nave_industrial_074,Zona_0
225,1,Inicio_Poligono_Nave_industrial_074,0,0.0,35.0,35.0,225,Poligono_Nave_industrial_074,Zona_0
225,2,4109109,127,24.92,31.63,447.63,225,Poligono_Nave_industrial_074,Zona_0
225,3,Regreso_Poligono_Nave_industrial_074,0,24.92,31.63,479.26,225,Poligono_Nave_industrial_074,Zona_0
226,1,Inicio_Poligono_Nave_industrial_074,0,0.0,35.0,35.0,226,Poligono_Nave_industrial_074,Zona_0
226,2,4109109,127,24.92,31.63,447.63,226,Poligono_Nave_industrial_074,Zona_0
226,3,Regreso_Poligono_Nave_industrial_074,0,24.92,31.63,479.26,226,Poligono_Nave_industrial_074,Zona_0
227,1,Inicio_Poligono_Nave_industrial_074,0,0.0,35.0,35.0,227,Poligono_Nave_industrial_074,Zona_0
227,2,4109109,127,24.92,31.63,447.63,227,Poligono_Nave_industrial_074,Zona_0
227,3,Regreso_Poligono_Nave_industrial_074,0,24.92,31.63,479.26,227,Poligono_Nave_industrial_074,Zona_0
228,1,Inicio_Poligono_Nave_industrial_074,0,0.0,35.0,35.0,228,Poligono_Nave_industrial_074,Zona_0
228,2,4109109,127,24.92,31.63,447.63,228,Poligono_Nave_industrial_074,Zona_0
228,3,Regreso_Poligono_Nave_industrial_074,0,24.92,31.63,479.26,228,Poligono_Nave_industrial_074,Zona_0
229,1,Inicio_Poligono_Nave_industrial_074,0,0.0,35.0,35.0,229,Poligono_Nave_industrial_074,Zona_0
229,2,4109109,127,24.92,31.63,447.63,229,Poligono_Nave_industrial_074,Zona_0
229,3,Regreso_Poligono_Nave_industrial_074,0,24.92,31.63,479.26,229,Poligono_Nave_industrial_074,Zona_0
230,1,Inicio_Poligono_Nave_industrial_074,0,0.0,35.0,35.0,230,Poligono_Nave_industrial_074,Zona_0
230,2,4109109,112,24.92,31.63,402.63,230,Poligono_Nave_industrial_074,Zona_0
230,3,4109111,10,9.60093993375131,11.521127920501572,444.15112792050155,230,Poligono_Nave_industrial_074,Zona_0
230,4,4109301,1,4.998574398356797,5.998289278028157,453.1494171985297,230,Poligono_Nave_industrial_074,Zona_0
230,5,Regreso_Poligono_Nave_industrial_074,0,27.24,26.43,479.5794171985297,230,Poligono_Nave_industrial_074,Zona_0
231,1,Inicio_Poligono_Nave_industrial_074,0,0.0,35.0,35.0,231,Poligono_Nave_industrial_074,Zona_0
231,2,4109111,125,31.76,33.66,443.65999999999997,231,Poligono_Nave_industrial_074,Zona_0
231,3,4109301,1,4.998574398356797,5.998289278028157,452.6582892780281,231,Poligono_Nave_industrial_074,Zona_0
231,4,Regreso_Poligono_Nave_industrial_074,0,27.24,26.43,479.0882892780281,231,Poligono_Nave_industrial_074,Zona_0
232,1,Inicio_Poligono_Nave_industrial_074,0,0.0,35.0,35.0,232,Poligono_Nave_industrial_074,Zona_0
232,2,4109111,125,31.76,33.66,443.65999999999997,232,Poligono_Nave_industrial_074,Zona_0
232,3,4109301,1,4.998574398356797,5.998289278028157,452.6582892780281,232,Poligono_Nave_industrial_074,Zona_0
232,4,Regreso_Poligono_Nave_industrial_074,0,27.24,26.43,479.0882892780281,232,Poligono_Nave_industrial_074,Zona_0
233,1,Inicio_Poligono_Nave_industrial_074,0,0.0,35.0,35.0,233,Poligono_Nave_industrial_074,Zona_0
233,2,4109111,110,31.76,33.66,398.65999999999997,233,Poligono_Nave_industrial_074,Zona_0
233,3,4109301,16,4.998574398356797,5.998289278028157,452.6582892780281,233,Poligono_Nave_industrial_074,Zona_0
233,4,Regreso_Poligono_Nave_industrial_074,0,27.24,26.43,479.0882892780281,233,Poligono_Nave_industrial_074,Zona_0
234,1,Inicio_Poligono_Nave_industrial_074,0,0.0,35.0,35.0,234,Poligono_Nave_industrial_074,Zona_0
234,2,4109301,5,27.24,26.43,76.43,234,Poligono_Nave_industrial_074,Zona_0
234,3,4109402,9,9.375369122618341,11.25044294714201,114.68044294714201,234,Poligono_Nave_industrial_074,Zona_0
234,4,Regreso_Poligono_Nave_industrial_074,0,36.85,32.09,146.77044294714202,234,Poligono_Nave_industrial_074,Zona_0
235,1,Inicio_Poligono_Industrial_043,0,0.0,35.0,35.0,235,Poligono_Industrial_043,Zona_1
235,2,1400201,24,128.92,102.57,209.57,235,Poligono_Industrial_043,Zona_1
235,3,1400202,31,1.3195125411866042,1.583415049423925,304.1534150494239,235,Poligono_Industrial_043,Zona_1
235,4,1404203,19,6.549007269800079,7.858808723760095,369.012223773184,235,Poligono_Industrial_043,Zona_1
235,5,Regreso_Poligono_Industrial_043,0,139.81,109.89,478.902223773184,235,Poligono_Industrial_043,Zona_1
236,1,Inicio_Poligono_Industrial_043,0,0.0,35.0,35.0,236,Poligono_Industrial_043,Zona_1
236,2,1400203,51,120.79,93.04,281.04,236,Poligono_Industrial_043,Zona_1
236,3,1405605,31,6.90491355036072,8.285896260432864,382.3258962604329,236,Poligono_Industrial_043,Zona_1
236,4,1405604,2,4.6804435328936655,5.616532239472399,393.9424284999053,236,Poligono_Industrial_043,Zona_1
236,5,Regreso_Poligono_Industrial_043,0,112.7,85.11,479.0524284999053,236,Poligono_Industrial_043,Zona_1
237,1,Inicio_Poligono_Industrial_043,0,0.0,35.0,35.0,237,Poligono_Industrial_043,Zona_1
237,2,1400401,12,179.74,140.89,211.89,237,Poligono_Industrial_043,Zona_1
237,3,1400402,6,2.071520509113101,2.485824610935721,232.3758246109357,237,Poligono_Industrial_043,Zona_1
237,4,1403101,5,10.74784178942998,12.897410147315977,260.27323475825165,237,Poligono_Industrial_043,Zona_1
237,5,1405504,13,5.228779735338653,6.274535682406384,305.54777044065804,237,Poligono_Industrial_043,Zona_1
237,6,1405501,10,7.011382061866342,8.413658474239611,343.9614289148976,237,Poligono_Industrial_043,Zona_1
237,7,1401501,1,9.998894914546518,11.998673897455824,358.96010281235345,237,Poligono_Industrial_043,Zona_1
237,8,Regreso_Poligono_Industrial_043,0,158.06,119.81,478.77010281235346,237,Poligono_Industrial_043,Zona_1
238,1,Inicio_Poligono_Industrial_043,0,0.0,35.0,35.0,238,Poligono_Industrial_043,Zona_1
238,2,1400701,31,169.79,134.24,262.24,238,Poligono_Industrial_043,Zona_1
238,3,1400704,12,0.36810129798651614,0.44172155758381937,298.68172155758384,238,Poligono_Industrial_043,Zona_1
238,4,1400702,11,0.39607927748825084,0.475295132985901,332.1570166905697,238,Poligono_Industrial_043,Zona_1
238,5,1400703,4,0.8202281597757168,0.9842737917308603,345.1412904823006,238,Poligono_Industrial_043,Zona_1
238,6,1402202,1,7.888626848462873,9.466352218155446,357.60764270045604,238,Poligono_Industrial_043,Zona_1
238,7,Regreso_Poligono_Industrial_043,0,160.06,121.15,478.757642700456,238,Poligono_Industrial_043,Zona_1
239,1,Inicio_Poligono_Industrial_043,0,0.0,35.0,35.0,239,Poligono_Industrial_043,Zona_1
239,2,1400703,58,171.36,134.07,343.07,239,Poligono_Industrial_043,Zona_1
239,3,1402202,2,7.888626848462873,9.466352218155446,358.53635221815546,239,Poligono_Industrial_043,Zona_1
239,4,Regreso_Poligono_Industrial_043,0,160.06,121.15,479.68635221815543,239,Poligono_Industrial_043,Zona_1
240,1,Inicio_Poligono_Industrial_043,0,0.0,35.0,35.0,240,Poligono_Industrial_043,Zona_1
240,2,1400703,24,171.36,134.07,241.07,240,Poligono_Industrial_043,Zona_1
240,3,1402202,8,7.888626848462873,9.466352218155446,274.53635221815546,240,Poligono_Industrial_043,Zona_1
240,4,1402201,25,0.8457655974832515,1.0149187169799019,350.55127093513534,240,Poligono_Industrial_043,Zona_1
240,5,1401301,1,10.783129075756994,12.939754890908393,366.4910258260437,240,Poligono_Industrial_043,Zona_1
240,6,Regreso_Poligono_Industrial_043,0,148.05,111.81,478.3010258260437,240,Poligono_Industrial_043,Zona_1
241,1,Inicio_Poligono_Industrial_043,0,0.0,35.0,35.0,241,Poligono_Industrial_043,Zona_1
241,2,1400705,8,182.07,143.12,202.12,241,Poligono_Industrial_043,Zona_1
241,3,1406301,7,11.096525449974335,13.315830539969202,236.4358305399692,241,Poligono_Industrial_043,Zona_1
241,4,1401402,11,10.69000234893301,12.828002818719613,282.2638333586888,241,Poligono_Industrial_043,Zona_1
241,5,1401401,11,8.128639943557367,9.75436793226884,325.0182012909577,241,Poligono_Industrial_043,Zona_1
241,6,1401202,4,6.015593941137683,7.21871272936522,344.2369140203229,241,Poligono_Industrial_043,Zona_1
241,7,Regreso_Poligono_Industrial_043,0,196.74,134.95,479.1869140203229,241,Poligono_Industrial_043,Zona_1
242,1,Inicio_Poligono_Industrial_043,0,0.0,35.0,35.0,242,Poligono_Industrial_043,Zona_1
242,2,1401001,12,155.2,115.13,186.13,242,Poligono_Industrial_043,Zona_1
242,3,1401002,19,0.4359046163263593,0.5230855395916312,243.65308553959164,242,Poligono_Industrial_043,Zona_1
242,4,1401003,10,2.4013021830717247,2.8815626196860697,276.5346481592777,242,Poligono_Industrial_043,Zona_1
242,5,1404801,11,4.724193509125741,5.669032210950889,315.2036803702286,242,Poligono_Industrial_043,Zona_1
242,6,1402401,10,9.423501225186909,11.30820147022429,356.5118818404529,242,Poligono_Industrial_043,Zona_1
242,7,1403805,3,14.674622547925537,17.609547057510643,383.12142889796354,242,Poligono_Industrial_043,Zona_1
242,8,Regreso_Poligono_Industrial_043,0,128.84,95.59,478.7114288979635,242,Poligono_Industrial_043,Zona_1
243,1,Inicio_Poligono_Industrial_043,0,0.0,35.0,35.0,243,Poligono_Industrial_043,Zona_1
243,2,1401201,16,195.25,133.84,216.84,243,Poligono_Industrial_043,Zona_1
243,3,1401204,13,0.5813852595072171,0.6976623114086605,256.53766231140867,243,Poligono_Industrial_043,Zona_1
243,4,1401202,10,1.0009510300142717,1.201141236017126,287.7388035474258,243,Poligono_Industrial_043,Zona_1
243,5,1401203,15,3.958684289608914,4.750421147530696,337.4892246949565,243,Poligono_Industrial_043,Zona_1
243,6,Regreso_Poligono_Industrial_043,0,193.82,139.73,477.21922469495644,243,Poligono_Industrial_043,Zona_1
244,1,Inicio_Poligono_Industrial_043,0,0.0,35.0,35.0,244,Poligono_Industrial_043,Zona_1
244,2,1401301,73,148.05,111.81,365.81,244,Poligono_Industrial_043,Zona_1
244,3,Regreso_Poligono_Industrial_043,0,148.05,111.81,477.62,244,Poligono_Industrial_043,Zona_1
245,1,Inicio_Poligono_Industrial_043,0,0.0,35.0,35.0,245,Poligono_Industrial_043,Zona_1
245,2,1401301,9,148.05,111.81,173.81,245,Poligono_Industrial_043,Zona_1
245,3,1401302,36,0.35668684846750626,0.4280242181610075,282.238024218161,245,Poligono_Industrial_043,Zona_1
245,4,1401303,28,0.3252917805551321,0.3903501366661585,366.62837435482714,245,Poligono_Industrial_043,Zona_1
245,5,Regreso_Poligono_Industrial_043,0,148.14,111.51,478.13837435482714,245,Poligono_Industrial_043,Zona_1
246,1,Inicio_Poligono_Industrial_043,0,0.0,35.0,35.0,246,Poligono_Industrial_043,Zona_1
246,2,1401303,7,148.14,111.51,167.51,246,Poligono_Industrial_043,Zona_1
246,3,1401304,15,1.9222502562642398,2.3067003075170875,214.81670030751707,246,Poligono_Industrial_043,Zona_1
246,4,1403803,49,8.765412067890482,10.51849448146858,372.33519478898563,246,Poligono_Industrial_043,Zona_1
246,5,Regreso_Poligono_Industrial_043,0,139.26,105.53,477.8651947889856,246,Poligono_Industrial_043,Zona_1
247,1,Inicio_Poligono_Industrial_043,0,0.0,35.0,35.0,247,Poligono_Industrial_043,Zona_1
247,2,1401501,17,158.06,119.81,205.81,247,Poligono_Industrial_043,Zona_1
247,3,1407501,5,7.270589716959875,8.72470766035185,229.53470766035184,247,Poligono_Industrial_043,Zona_1
247,4,1403901,22,8.93736232364332,10.724834788371984,306.25954244872383,247,Poligono_Industrial_043,Zona_1
247,5,1405501,7,14.041112052113453,16.84933446253614,344.10887691126,247,Poligono_Industrial_043,Zona_1
247,6,Regreso_Poligono_Industrial_043,0,169.96,133.17,477.27887691126,247,Poligono_Industrial_043,Zona_1
248,1,Inicio_Poligono_Industrial_043,0,0.0,35.0,35.0,248,Poligono_Industrial_043,Zona_1
248,2,1401701,87,125.77,82.8,378.8,248,Poligono_Industrial_043,Zona_1
248,3,1401702,4,3.36281701128773,4.035380413545276,394.8353804135453,248,Poligono_Industrial_043,Zona_1
248,4,Regreso_Poligono_Industrial_043,0,123.4,83.28,478.11538041354527,248,Poligono_Industrial_043,Zona_1
249,1,Inicio_Poligono_Industrial_043,0,0.0,35.0,35.0,249,Poligono_Industrial_043,Zona_1
249,2,1401702,18,123.4,83.28,172.28,249,Poligono_Industrial_043,Zona_1
249,3,1490201,11,5.990114582593417,7.1881374991121,212.46813749911212,249,Poligono_Industrial_043,Zona_1
249,4,1405901,8,5.620748616117295,6.744898339340754,243.21303583845287,249,Poligono_Industrial_043,Zona_1
249,5,1405701,43,1.3522658536283885,1.6227190243540663,373.83575486280694,249,Poligono_Industrial_043,Zona_1
249,6,1406501,2,4.8462570060695604,5.815508407283472,385.6512632700904,249,Poligono_Industrial_043,Zona_1
249,7,Regreso_Poligono_Industrial_043,0,136.98,94.23,479.8812632700904,249,Poligono_Industrial_043,Zona_1
250,1,Inicio_Poligono_Industrial_043,0,0.0,35.0,35.0,250,Poligono_Industrial_043,Zona_1
250,2,1401703,14,129.52,85.07,162.07,250,Poligono_Industrial_043,Zona_1
250,3,1406501,19,9.112015109624112,10.934418131548934,230.00441813154893,250,Poligono_Industrial_043,Zona_1
250,4,1405701,22,4.8462570060695604,5.815508407283472,301.8199265388324,250,Poligono_Industrial_043,Zona_1
250,5,1402701,21,7.90039928356968,9.480479140283617,374.300405679116,250,Poligono_Industrial_043,Zona_1
250,6,Regreso_Poligono_Industrial_043,0,154.95,102.83,477.130405679116,250,Poligono_Industrial_043,Zona_1
251,1,Inicio_Poligono_Industrial_043,0,0.0,35.0,35.0,251,Poligono_Industrial_043,Zona_1
251,2,1401901,9,160.74,127.72,189.72,251,Poligono_Industrial_043,Zona_1
251,3,1401904,18,0.3677241040319719,0.4412689248383663,244.16126892483837,251,Poligono_Industrial_043,Zona_1
251,4,1401902,15,0.4296080807219491,0.5155296968663389,289.67679862170473,251,Poligono_Industrial_043,Zona_1
251,5,1401905,9,0.7287059990791322,0.8744471988949587,317.5512458205997,251,Poligono_Industrial_043,Zona_1
251,6,1401903,10,1.2994687208987337,1.5593624650784805,349.1106082856782,251,Poligono_Industrial_043,Zona_1
251,7,Regreso_Poligono_Industrial_043,0,161.53,128.61,477.7206082856782,251,Poligono_Industrial_043,Zona_1
252,1,Inicio_Poligono_Industrial_043,0,0.0,35.0,35.0,252,Poligono_Industrial_043,Zona_1
252,2,1401903,1,161.53,128.61,166.61,252,Poligono_Industrial_043,Zona_1
252,3,1402501,9,5.0053915976004415,6.00646991712053,199.61646991712053,252,Poligono_Industrial_043,Zona_1
252,4,1402502,7,2.24925300201014,2.699103602412168,223.3155735195327,252,Poligono_Industrial_043,Zona_1
252,5,1402503,10,3.1324813167509413,3.75897758010113,257.0745510996338,252,Poligono_Industrial_043,Zona_1
252,6,1404102,17,7.448725217193776,8.938470260632531,317.01302136026635,252,Poligono_Industrial_043,Zona_1
252,7,1404101,16,5.394079805700058,6.47289576684007,371.4859171271064,252,Poligono_Industrial_043,Zona_1
252,8,Regreso_Poligono_Industrial_043,0,158.15,106.28,477.7659171271064,252,Poligono_Industrial_043,Zona_1
253,1,Inicio_Poligono_Industrial_043,0,0.0,35.0,35.0,253,Poligono_Industrial_043,Zona_1
253,2,1402402,9,153.09,124.43,186.43,253,Poligono_Industrial_043,Zona_1
253,3,1403804,20,9.63672353562356,11.56406824274827,257.9940682427483,253,Poligono_Industrial_043,Zona_1
253,4,1403805,10,7.8369637657503,9.40435651890036,297.3984247616487,253,Poligono_Industrial_043,Zona_1
253,5,1404501,24,5.451482185464382,6.541778622557258,375.940203384206,253,Poligono_Industrial_043,Zona_1
253,6,Regreso_Poligono_Industrial_043,0,128.32,103.41,479.350203384206,253,Poligono_Industrial_043,Zona_1
254,1,Inicio_Poligono_Industrial_043,0,0.0,35.0,35.0,254,Poligono_Industrial_043,Zona_1
254,2,1490101,9,157.03,111.62,173.62,254,Poligono_Industrial_043,Zona_1
254,3,1402701,23,1.8154313817937067,2.178517658152448,244.79851765815243,254,Poligono_Industrial_043,Zona_1
254,4,1402702,29,2.937895779990851,3.5254749359890214,335.3239925941415,254,Poligono_Industrial_043,Zona_1
254,5,1404002,9,12.88031413053718,15.456376956644615,377.7803695507861,254,Poligono_Industrial_043,Zona_1
254,6,Regreso_Poligono_Industrial_043,0,139.28,100.15,477.93036955078605,254,Poligono_Industrial_043,Zona_1
255,1,Inicio_Poligono_Industrial_043,0,0.0,35.0,35.0,255,Poligono_Industrial_043,Zona_1
255,2,1403002,13,121.93,97.99,171.99,255,Poligono_Industrial_043,Zona_1
255,3,4103902,50,12.108144377448674,14.52977325293841,336.5197732529384,255,Poligono_Industrial_043,Zona_1
255,4,4103901,23,0.7822865377214376,0.9387438452657251,406.45851709820414,255,Poligono_Industrial_043,Zona_1
255,5,4103904,1,0.7350152421531245,0.8820182905837495,410.3405353887879,255,Poligono_Industrial_043,Zona_1
255,6,Regreso_Poligono_Industrial_043,0,104.3,69.34,479.6805353887879,255,Poligono_Industrial_043,Zona_1
256,1,Inicio_Poligono_Industrial_043,0,0.0,35.0,35.0,256,Poligono_Industrial_043,Zona_1
256,2,1403701,15,184.0,134.18,214.18,256,Poligono_Industrial_043,Zona_1
256,3,1403702,5,3.104507847035873,3.725409416443047,232.90540941644306,256,Poligono_Industrial_043,Zona_1
256,4,1403703,7,6.988147050409386,8.385776460491263,262.2911858769343,256,Poligono_Industrial_043,Zona_1
256,5,1405804,13,7.486898167432374,8.984277800918848,310.27546367785317,256,Poligono_Industrial_043,Zona_1
256,6,1405801,14,0.39425387853992044,0.47310465424790454,352.74856833210106,256,Poligono_Industrial_043,Zona_1
256,7,1403803,1,13.54095212019999,16.249142544239987,371.99771087634105,256,Poligono_Industrial_043,Zona_1
256,8,Regreso_Poligono_Industrial_043,0,139.26,105.53,477.5277108763411,256,Poligono_Industrial_043,Zona_1
257,1,Inicio_Poligono_Industrial_043,0,0.0,35.0,35.0,257,Poligono_Industrial_043,Zona_1
257,2,1403801,77,139.12,106.41,372.40999999999997,257,Poligono_Industrial_043,Zona_1
257,3,Regreso_Poligono_Industrial_043,0,139.12,106.41,478.81999999999994,257,Poligono_Industrial_043,Zona_1
258,1,Inicio_Poligono_Industrial_043,0,0.0,35.0,35.0,258,Poligono_Industrial_043,Zona_1
258,2,1403801,2,139.12,106.41,147.41,258,Poligono_Industrial_043,Zona_1
258,3,1403802,75,0.35592270672246873,0.4271072480669625,372.83710724806696,258,Poligono_Industrial_043,Zona_1
258,4,Regreso_Poligono_Industrial_043,0,138.05,104.45,477.28710724806695,258,Poligono_Industrial_043,Zona_1
259,1,Inicio_Poligono_Industrial_043,0,0.0,35.0,35.0,259,Poligono_Industrial_043,Zona_1
259,2,1403802,57,138.05,104.45,310.45,259,Poligono_Industrial_043,Zona_1
259,3,1403803,20,1.1561946771174623,1.3874336125409548,371.83743361254096,259,Poligono_Industrial_043,Zona_1
259,4,Regreso_Poligono_Industrial_043,0,139.26,105.53,477.36743361254094,259,Poligono_Industrial_043,Zona_1
260,1,Inicio_Poligono_Industrial_043,0,0.0,35.0,35.0,260,Poligono_Industrial_043,Zona_1
260,2,1403803,53,139.26,105.53,299.53,260,Poligono_Industrial_043,Zona_1
260,3,1404401,17,11.520846127509644,13.825015353011572,364.35501535301154,260,Poligono_Industrial_043,Zona_1
260,4,1404501,2,4.701206647399769,5.641447976879723,375.99646332989124,260,Poligono_Industrial_043,Zona_1
260,5,Regreso_Poligono_Industrial_043,0,128.32,103.41,479.40646332989127,260,Poligono_Industrial_043,Zona_1
261,1,Inicio_Poligono_Industrial_043,0,0.0,35.0,35.0,261,Poligono_Industrial_043,Zona_1
261,2,1404001,16,138.52,102.79,185.79000000000002,261,Poligono_Industrial_043,Zona_1
261,3,1404002,12,1.3556159747882996,1.6267391697459597,223.416739169746,261,Poligono_Industrial_043,Zona_1
261,4,1406002,26,8.545441853958227,10.254530224749873,311.6712693944959,261,Poligono_Industrial_043,Zona_1
261,5,1406001,13,3.3037254753569982,3.9644705704283973,354.63573996492426,261,Poligono_Industrial_043,Zona_1
261,6,1405605,4,13.42215069868081,16.10658083841697,382.7423208033412,261,Poligono_Industrial_043,Zona_1
261,7,1405604,2,4.6804435328936655,5.616532239472399,394.3588530428136,261,Poligono_Industrial_043,Zona_1
261,8,Regreso_Poligono_Industrial_043,0,112.7,85.11,479.46885304281363,261,Poligono_Industrial_043,Zona_1
262,1,Inicio_Poligono_Industrial_043,0,0.0,35.0,35.0,262,Poligono_Industrial_043,Zona_1
262,2,1404201,23,140.04,110.09,214.09,262,Poligono_Industrial_043,Zona_1
262,3,1404203,49,0.26003163723614847,0.31203796468337813,361.40203796468336,262,Poligono_Industrial_043,Zona_1
262,4,1404202,2,0.6377923438835374,0.765350812660245,368.1673887773436,262,Poligono_Industrial_043,Zona_1
262,5,Regreso_Poligono_Industrial_043,0,140.38,110.56,478.7273887773436,262,Poligono_Industrial_043,Zona_1
263,1,Inicio_Poligono_Industrial_043,0,0.0,35.0,35.0,263,Poligono_Industrial_043,Zona_1
263,2,1404202,38,140.38,110.56,259.56,263,Poligono_Industrial_043,Zona_1
263,3,1404204,36,0.2784445520690648,0.3341334624828778,367.8941334624829,263,Poligono_Industrial_043,Zona_1
263,4,Regreso_Poligono_Industrial_043,0,140.7,111.14,479.0341334624829,263,Poligono_Industrial_043,Zona_1
264,1,Inicio_Poligono_Industrial_043,0,0.0,35.0,35.0,264,Poligono_Industrial_043,Zona_1
264,2,1404204,16,140.7,111.14,194.14,264,Poligono_Industrial_043,Zona_1
264,3,1404205,12,7.204902867855376,8.64588344142645,238.78588344142645,264,Poligono_Industrial_043,Zona_1
264,4,1404602,17,9.19803753895859,11.03764504675031,300.82352848817675,264,Poligono_Industrial_043,Zona_1
264,5,1404601,13,2.606925364896784,3.1283104378761406,342.9518389260529,264,Poligono_Industrial_043,Zona_1
264,6,1404501,2,22.844807498289594,27.41376899794751,376.3656079240004,264,Poligono_Industrial_043,Zona_1
264,7,Regreso_Poligono_Industrial_043,0,128.32,103.41,479.7756079240004,264,Poligono_Industrial_043,Zona_1
265,1,Inicio_Poligono_Industrial_043,0,0.0,35.0,35.0,265,Poligono_Industrial_043,Zona_1
265,2,1404501,1,128.32,103.41,141.41,265,Poligono_Industrial_043,Zona_1
265,3,1405605,20,13.671155678131154,16.40538681375738,217.81538681375739,265,Poligono_Industrial_043,Zona_1
265,4,1405604,57,4.6804435328936655,5.616532239472399,394.43191905322976,265,Poligono_Industrial_043,Zona_1
265,5,Regreso_Poligono_Industrial_043,0,112.7,85.11,479.5419190532298,265,Poligono_Industrial_043,Zona_1
266,1,Inicio_Poligono_Industrial_043,0,0.0,35.0,35.0,266,Poligono_Industrial_043,Zona_1
266,2,1404601,10,166.57,134.32,199.32,266,Poligono_Industrial_043,Zona_1
266,3,1405502,37,28.51389671815887,34.21667606179064,344.5366760617907,266,Poligono_Industrial_043,Zona_1
266,4,Regreso_Poligono_Industrial_043,0,169.56,134.0,478.5366760617907,266,Poligono_Industrial_043,Zona_1
267,1,Inicio_Poligono_Industrial_043,0,0.0,35.0,35.0,267,Poligono_Industrial_043,Zona_1
267,2,1405501,17,169.96,133.17,219.17,267,Poligono_Industrial_043,Zona_1
267,3,1405502,41,1.1231613662945554,1.3477936395534664,343.5177936395535,267,Poligono_Industrial_043,Zona_1
267,4,Regreso_Poligono_Industrial_043,0,169.56,134.0,477.5177936395535,267,Poligono_Industrial_043,Zona_1
268,1,Inicio_Poligono_Industrial_043,0,0.0,35.0,35.0,268,Poligono_Industrial_043,Zona_1
268,2,1405502,34,169.56,134.0,271.0,268,Poligono_Industrial_043,Zona_1
268,3,1405503,12,6.742285440901217,8.09074252908146,315.09074252908147,268,Poligono_Industrial_043,Zona_1
268,4,1405805,5,11.126409578488895,13.351691494186674,343.44243402326816,268,Poligono_Industrial_043,Zona_1
268,5,1405803,3,2.372755750623544,2.8473069007482525,355.2897409240164,268,Poligono_Industrial_043,Zona_1
268,6,Regreso_Poligono_Industrial_043,0,154.92,123.9,479.1897409240164,268,Poligono_Industrial_043,Zona_1
269,1,Inicio_Poligono_Industrial_043,0,0.0,35.0,35.0,269,Poligono_Industrial_043,Zona_1
269,2,1405601,27,106.68,80.81,196.81,269,Poligono_Industrial_043,Zona_1
269,3,1405602,33,2.441258607301605,2.9295103287619257,298.7395103287619,269,Poligono_Industrial_043,Zona_1
269,4,1405603,32,0.6122159866137066,0.7346591839364479,395.4741695126984,269,Poligono_Industrial_043,Zona_1
269,5,Regreso_Poligono_Industrial_043,0,110.56,84.24,479.7141695126984,269,Poligono_Industrial_043,Zona_1
270,1,Inicio_Poligono_Industrial_043,0,0.0,35.0,35.0,270,Poligono_Industrial_043,Zona_1
270,2,1405603,26,110.56,84.24,197.24,270,Poligono_Industrial_043,Zona_1
270,3,1405604,15,0.6106607625607218,0.7327929150728661,242.9727929150729,270,Poligono_Industrial_043,Zona_1
270,4,4105003,27,7.386938531866123,8.864326238239348,332.83711915331224,270,Poligono_Industrial_043,Zona_1
270,5,4105001,8,3.9644100306443883,4.757292036773267,361.5944111900855,270,Poligono_Industrial_043,Zona_1
270,6,4105002,6,3.3696150803807523,4.043538096456903,383.63794928654244,270,Poligono_Industrial_043,Zona_1
270,7,4106101,2,7.921717176655175,9.50606061198621,399.1440098985286,270,Poligono_Industrial_043,Zona_1
270,8,4108401,1,2.968774985519869,3.562529982623843,405.7065398811525,270,Poligono_Industrial_043,Zona_1
270,9,4108402,1,1.890170280153276,2.2682043361839312,410.9747442173364,270,Poligono_Industrial_043,Zona_1
270,10,Regreso_Poligono_Industrial_043,0,86.01,68.95,479.9247442173364,270,Poligono_Industrial_043,Zona_1
271,1,Inicio_Poligono_Industrial_043,0,0.0,35.0,35.0,271,Poligono_Industrial_043,Zona_1
271,2,1405801,6,155.73,125.97,178.97,271,Poligono_Industrial_043,Zona_1
271,3,1405802,7,0.2761132851222258,0.331335942146671,200.30133594214666,271,Poligono_Industrial_043,Zona_1
271,4,1405803,21,0.46166670594177506,0.5540000471301301,263.8553359892768,271,Poligono_Industrial_043,Zona_1
271,5,1405805,14,2.372755750623544,2.8473069007482525,308.70264289002506,271,Poligono_Industrial_043,Zona_1
271,6,4101401,15,29.40665867829772,35.28799041395727,388.99063330398235,271,Poligono_Industrial_043,Zona_1
271,7,Regreso_Poligono_Industrial_043,0,113.39,90.56,479.55063330398235,271,Poligono_Industrial_043,Zona_1
272,1,Inicio_Poligono_Industrial_043,0,0.0,35.0,35.0,272,Poligono_Industrial_043,Zona_1
272,2,1406601,30,205.9,139.02,264.02,272,Poligono_Industrial_043,Zona_1
272,3,1406602,24,3.9215161396118257,4.705819367534191,340.7258193675342,272,Poligono_Industrial_043,Zona_1
272,4,Regreso_Poligono_Industrial_043,0,207.4,138.54,479.26581936753416,272,Poligono_Industrial_043,Zona_1
273,1,Inicio_Poligono_Industrial_043,0,0.0,35.0,35.0,273,Poligono_Industrial_043,Zona_1
273,2,1406602,1,207.4,138.54,176.54,273,Poligono_Industrial_043,Zona_1
273,3,4101401,8,83.60070666167009,100.32084799400411,300.8608479940041,273,Poligono_Industrial_043,Zona_1
273,4,4102601,26,5.083914336268806,6.100697203522567,384.9615451975267,273,Poligono_Industrial_043,Zona_1
273,5,4102602,3,0.9834293328883355,1.1801151994660024,395.1416603969927,273,Poligono_Industrial_043,Zona_1
273,6,Regreso_Poligono_Industrial_043,0,107.14,81.87,477.0116603969927,273,Poligono_Industrial_043,Zona_1
274,1,Inicio_Poligono_Industrial_043,0,0.0,35.0,35.0,274,Poligono_Industrial_043,Zona_1
274,2,2104002,21,91.25,104.53,202.53,274,Poligono_Industrial_043,Zona_1
274,3,4190201,43,21.84541117037512,26.214493404450142,357.74449340445017,274,Poligono_Industrial_043,Zona_1
274,4,4107901,19,14.702189973518172,17.642627968221806,432.38712137267197,274,Poligono_Industrial_043,Zona_1
274,5,4109110,3,9.796957681034637,11.756349217241565,453.14347058991353,274,Poligono_Industrial_043,Zona_1
274,6,4103805,1,3.70410657159114,4.444927885909368,460.5883984758229,274,Poligono_Industrial_043,Zona_1
274,7,Regreso_Poligono_Industrial_043,0,24.55,17.45,478.0383984758229,274,Poligono_Industrial_043,Zona_1
275,1,Inicio_Poligono_Industrial_043,0,0.0,35.0,35.0,275,Poligono_Industrial_043,Zona_1
275,2,4100101,8,81.43,62.55,121.55,275,Poligono_Industrial_043,Zona_1
275,3,4100102,10,1.7774781960957524,2.1329738353149033,153.6829738353149,275,Poligono_Industrial_043,Zona_1
275,4,4104602,20,4.244389263998116,5.093267116797739,218.77624095211263,275,Poligono_Industrial_043,Zona_1
275,5,4104601,13,2.7800491688036484,3.336059002564378,261.112299954677,275,Poligono_Industrial_043,Zona_1
275,6,4104101,34,4.9784502414277485,5.974140289713298,369.0864402443903,275,Poligono_Industrial_043,Zona_1
275,7,4104104,13,0.8451647678841766,1.0141977214610118,409.1006379658513,275,Poligono_Industrial_043,Zona_1
275,8,Regreso_Poligono_Industrial_043,0,94.34,70.69,479.7906379658513,275,Poligono_Industrial_043,Zona_1
276,1,Inicio_Poligono_Industrial_043,0,0.0,35.0,35.0,276,Poligono_Industrial_043,Zona_1
276,2,4100401,36,24.99,21.87,164.87,276,Poligono_Industrial_043,Zona_1
276,3,4100404,97,1.1293534762675241,1.355224171521029,457.225224171521,276,Poligono_Industrial_043,Zona_1
276,4,Regreso_Poligono_Industrial_043,0,24.05,20.05,477.275224171521,276,Poligono_Industrial_043,Zona_1
277,1,Inicio_Poligono_Industrial_043,0,0.0,35.0,35.0,277,Poligono_Industrial_043,Zona_1
277,2,4100402,81,23.87,20.7,298.7,277,Poligono_Industrial_043,Zona_1
277,3,4100403,53,1.1880842428291578,1.4257010913949895,459.12570109139494,277,Poligono_Industrial_043,Zona_1
277,4,Regreso_Poligono_Industrial_043,0,23.94,20.07,479.19570109139494,277,Poligono_Industrial_043,Zona_1
278,1,Inicio_Poligono_Industrial_043,0,0.0,35.0,35.0,278,Poligono_Industrial_043,Zona_1
278,2,4100403,70,23.94,20.07,265.07,278,Poligono_Industrial_043,Zona_1
278,3,4100404,64,0.33603231556676616,0.40323877868011937,457.47323877868007,278,Poligono_Industrial_043,Zona_1
278,4,Regreso_Poligono_Industrial_043,0,24.05,20.05,477.5232387786801,278,Poligono_Industrial_043,Zona_1
279,1,Inicio_Poligono_Industrial_043,0,0.0,35.0,35.0,279,Poligono_Industrial_043,Zona_1
279,2,4100404,134,24.05,20.05,457.05,279,Poligono_Industrial_043,Zona_1
279,3,Regreso_Poligono_Industrial_043,0,24.05,20.05,477.1,279,Poligono_Industrial_043,Zona_1
280,1,Inicio_Poligono_Industrial_043,0,0.0,35.0,35.0,280,Poligono_Industrial_043,Zona_1
280,2,4100404,134,24.05,20.05,457.05,280,Poligono_Industrial_043,Zona_1
280,3,Regreso_Poligono_Industrial_043,0,24.05,20.05,477.1,280,Poligono_Industrial_043,Zona_1
281,1,Inicio_Poligono_Industrial_043,0,0.0,35.0,35.0,281,Poligono_Industrial_043,Zona_1
281,2,4100404,42,24.05,20.05,181.05,281,Poligono_Industrial_043,Zona_1
281,3,4105802,83,8.475494197489127,10.170593036986952,440.22059303698694,281,Poligono_Industrial_043,Zona_1
281,4,4105801,3,0.5293057993543984,0.635166959225278,449.8557599962122,281,Poligono_Industrial_043,Zona_1
281,5,Regreso_Poligono_Industrial_043,0,33.15,29.99,479.8457599962122,281,Poligono_Industrial_043,Zona_1
282,1,Inicio_Poligono_Industrial_043,0,0.0,35.0,35.0,282,Poligono_Industrial_043,Zona_1
282,2,4100801,11,74.9,79.67,147.67000000000002,282,Poligono_Industrial_043,Zona_1
282,3,4110001,8,6.54236762289871,7.850841147478452,179.52084114747848,282,Poligono_Industrial_043,Zona_1
282,4,4109001,32,8.036545797885177,9.643854957462212,285.1646961049407,282,Poligono_Industrial_043,Zona_1
282,5,4103702,18,8.128661703415098,9.754394044098117,348.91909014903877,282,Poligono_Industrial_043,Zona_1
282,6,4103701,15,3.2855028683794485,3.9426034420553386,397.8616935910941,282,Poligono_Industrial_043,Zona_1
282,7,Regreso_Poligono_Industrial_043,0,92.75,74.42,472.2816935910941,282,Poligono_Industrial_043,Zona_1
283,1,Inicio_Poligono_Industrial_043,0,0.0,35.0,35.0,283,Poligono_Industrial_043,Zona_1
283,2,4101101,48,28.98,27.96,206.96,283,Poligono_Industrial_043,Zona_1
283,3,4101102,31,0.7938918491955961,0.9526702190347152,300.91267021903474,283,Poligono_Industrial_043,Zona_1
283,4,4101103,43,1.0444831096115128,1.2533797315338153,431.16604995056855,283,Poligono_Industrial_043,Zona_1
283,5,4107101,2,5.335647747113468,6.402777296536161,443.5688272471047,283,Poligono_Industrial_043,Zona_1
283,6,Regreso_Poligono_Industrial_043,0,36.47,35.4,478.9688272471047,283,Poligono_Industrial_043,Zona_1
284,1,Inicio_Poligono_Industrial_043,0,0.0,35.0,35.0,284,Poligono_Industrial_043,Zona_1
284,2,4101104,42,25.39,46.71,207.71,284,Poligono_Industrial_043,Zona_1
284,3,4106301,30,11.646339208701358,13.97560705044163,311.6856070504416,284,Poligono_Industrial_043,Zona_1
284,4,4109502,52,5.786269601788252,6.943523522145902,474.62913057258754,284,Poligono_Industrial_043,Zona_1
284,5,Regreso_Poligono_Industrial_043,0,3.15,5.0,479.62913057258754,284,Poligono_Industrial_043,Zona_1
285,1,Inicio_Poligono_Industrial_043,0,0.0,35.0,35.0,285,Poligono_Industrial_043,Zona_1
285,2,4102001,38,34.28,29.36,178.36,285,Poligono_Industrial_043,Zona_1
285,3,4102002,90,1.3658731590597437,1.6390477908716925,449.9990477908717,285,Poligono_Industrial_043,Zona_1
285,4,Regreso_Poligono_Industrial_043,0,28.53,28.31,478.3090477908717,285,Poligono_Industrial_043,Zona_1
286,1,Inicio_Poligono_Industrial_043,0,0.0,35.0,35.0,286,Poligono_Industrial_043,Zona_1
286,2,4190101,29,101.37,97.06,219.06,286,Poligono_Industrial_043,Zona_1
286,3,4105601,40,6.657334154423006,7.988800985307607,347.0488009853076,286,Poligono_Industrial_043,Zona_1
286,4,4104202,17,10.89870049812498,13.078440597749974,411.1272415830576,286,Poligono_Industrial_043,Zona_1
286,5,4104201,3,0.3887551967281916,0.4665062360738299,420.5937478191314,286,Poligono_Industrial_043,Zona_1
286,6,Regreso_Poligono_Industrial_043,0,81.93,57.6,478.19374781913143,286,Poligono_Industrial_043,Zona_1
287,1,Inicio_Poligono_Industrial_043,0,0.0,35.0,35.0,287,Poligono_Industrial_043,Zona_1
287,2,4102602,14,107.14,81.87,158.87,287,Poligono_Industrial_043,Zona_1
287,3,4105401,8,5.722272868135053,6.866727441762064,189.73672744176207,287,Poligono_Industrial_043,Zona_1
287,4,4104103,21,5.357141299915535,6.428569559898642,259.16529700166075,287,Poligono_Industrial_043,Zona_1
287,5,4104102,23,0.4081841855362535,0.48982102264350424,328.6551180243043,287,Poligono_Industrial_043,Zona_1
287,6,4104104,21,0.7945827180526505,0.9534992616631806,392.60861728596745,287,Poligono_Industrial_043,Zona_1
287,7,4108402,1,12.557519298753888,15.069023158504667,410.6776404444721,287,Poligono_Industrial_043,Zona_1
287,8,Regreso_Poligono_Industrial_043,0,86.01,68.95,479.6276404444721,287,Poligono_Industrial_043,Zona_1
288,1,Inicio_Poligono_Industrial_043,0,0.0,35.0,35.0,288,Poligono_Industrial_043,Zona_1
288,2,4103401,118,47.06,44.04,433.04,288,Poligono_Industrial_043,Zona_1
288,3,4109110,4,8.404974233022157,10.085969079626588,455.1259690796266,288,Poligono_Industrial_043,Zona_1
288,4,Regreso_Poligono_Industrial_043,0,29.62,24.05,479.1759690796266,288,Poligono_Industrial_043,Zona_1
289,1,Inicio_Poligono_Industrial_043,0,0.0,35.0,35.0,289,Poligono_Industrial_043,Zona_1
289,2,4103401,28,47.06,44.04,163.04,289,Poligono_Industrial_043,Zona_1
289,3,4103403,79,0.34722849407266937,0.4166741928872032,400.4566741928872,289,Poligono_Industrial_043,Zona_1
289,4,4103402,6,0.7664440285152744,0.9197328342183293,419.37640702710553,289,Poligono_Industrial_043,Zona_1
289,5,4107901,4,0.7090282672518502,0.8508339207022202,432.22724094780773,289,Poligono_Industrial_043,Zona_1
289,6,4109110,3,9.796957681034637,11.756349217241565,452.9835901650493,289,Poligono_Industrial_043,Zona_1
289,7,4103805,1,3.70410657159114,4.444927885909368,460.42851805095864,289,Poligono_Industrial_043,Zona_1
289,8,Regreso_Poligono_Industrial_043,0,24.55,17.45,477.87851805095863,289,Poligono_Industrial_043,Zona_1
290,1,Inicio_Poligono_Industrial_043,0,0.0,35.0,35.0,290,Poligono_Industrial_043,Zona_1
290,2,4103402,27,43.69,58.51,174.51,290,Poligono_Industrial_043,Zona_1
290,3,4107901,71,0.7090282672518502,0.8508339207022202,388.36083392070225,290,Poligono_Industrial_043,Zona_1
290,4,4109110,18,9.796957681034637,11.756349217241565,454.1171831379438,290,Poligono_Industrial_043,Zona_1
290,5,4103805,1,3.70410657159114,4.444927885909368,461.56211102385316,290,Poligono_Industrial_043,Zona_1
290,6,Regreso_Poligono_Industrial_043,0,24.55,17.45,479.01211102385315,290,Poligono_Industrial_043,Zona_1
291,1,Inicio_Poligono_Industrial_043,0,0.0,35.0,35.0,291,Poligono_Industrial_043,Zona_1
291,2,4103501,10,50.75,61.6,126.6,291,Poligono_Industrial_043,Zona_1
291,3,1102403,9,7.326696315555154,8.792035578666184,162.3920355786662,291,Poligono_Industrial_043,Zona_1
291,4,1102401,5,4.154297810208324,4.985157372249988,182.3771929509162,291,Poligono_Industrial_043,Zona_1
291,5,1102402,11,2.8803426435685164,3.4564111722822197,218.83360412319843,291,Poligono_Industrial_043,Zona_1
291,6,1103601,7,4.000277819607021,4.800333383528425,244.63393750672685,291,Poligono_Industrial_043,Zona_1
291,7,1102404,41,4.506631913460207,5.407958296152248,373.04189580287914,291,Poligono_Industrial_043,Zona_1
291,8,1103401,1,5.734842033202547,6.881810439843056,382.9237062427222,291,Poligono_Industrial_043,Zona_1
291,9,1101801,6,11.323602738831834,13.5883232865982,414.5120295293204,291,Poligono_Industrial_043,Zona_1
291,10,1100501,1,6.702829992031913,8.043395990438295,425.55542551975867,291,Poligono_Industrial_043,Zona_1
291,11,Regreso_Poligono_Industrial_043,0,59.29,52.21,477.76542551975865,291,Poligono_Industrial_043,Zona_1
292,1,Inicio_Poligono_Industrial_043,0,0.0,35.0,35.0,292,Poligono_Industrial_043,Zona_1
292,2,4103601,17,19.7,17.67,103.67,292,Poligono_Industrial_043,Zona_1
292,3,4103602,21,0.41329187813953605,0.4959502537674433,167.16595025376745,292,Poligono_Industrial_043,Zona_1
292,4,4106403,14,11.377425822272581,13.652910986727097,222.81886124049453,292,Poligono_Industrial_043,Zona_1
292,5,4106402,28,1.4431269450661608,1.731752334079393,308.5506135745739,292,Poligono_Industrial_043,Zona_1
292,6,4106401,14,1.6370856799774907,1.9645028159729887,352.5151163905469,292,Poligono_Industrial_043,Zona_1
292,7,1102901,27,8.118181366804135,9.741817640164962,443.2569340307119,292,Poligono_Industrial_043,Zona_1
292,8,Regreso_Poligono_Industrial_043,0,41.09,36.21,479.46693403071185,292,Poligono_Industrial_043,Zona_1
293,1,Inicio_Poligono_Industrial_043,0,0.0,35.0,35.0,293,Poligono_Industrial_043,Zona_1
293,2,4190301,68,49.92,39.96,278.96000000000004,293,Poligono_Industrial_043,Zona_1
293,3,1102009,38,6.829532430426647,8.195438916511975,401.155438916512,293,Poligono_Industrial_043,Zona_1
293,4,1102005,3,12.15890150544177,14.590681806530124,424.74612072304217,293,Poligono_Industrial_043,Zona_1
293,5,Regreso_Poligono_Industrial_043,0,72.44,54.65,479.39612072304215,293,Poligono_Industrial_043,Zona_1
294,1,Inicio_Poligono_Industrial_043,0,0.0,35.0,35.0,294,Poligono_Industrial_043,Zona_1
294,2,4103801,94,22.48,17.65,334.65,294,Poligono_Industrial_043,Zona_1
294,3,4103802,41,0.5584081712034763,0.6700898054441715,458.3200898054441,294,Poligono_Industrial_043,Zona_1
294,4,Regreso_Poligono_Industrial_043,0,23.01,19.46,477.7800898054441,294,Poligono_Industrial_043,Zona_1
295,1,Inicio_Poligono_Industrial_043,0,0.0,35.0,35.0,295,Poligono_Industrial_043,Zona_1
295,2,4103802,116,23.01,19.46,402.46,295,Poligono_Industrial_043,Zona_1
295,3,4103804,19,0.4918847406485284,0.590261688778234,460.0502616887782,295,Poligono_Industrial_043,Zona_1
295,4,Regreso_Poligono_Industrial_043,0,23.4,18.91,478.96026168877825,295,Poligono_Industrial_043,Zona_1
296,1,Inicio_Poligono_Industrial_043,0,0.0,35.0,35.0,296,Poligono_Industrial_043,Zona_1
296,2,4103803,134,24.54,20.25,457.25,296,Poligono_Industrial_043,Zona_1
296,3,Regreso_Poligono_Industrial_043,0,24.54,20.25,477.5,296,Poligono_Industrial_043,Zona_1
297,1,Inicio_Poligono_Industrial_043,0,0.0,35.0,35.0,297,Poligono_Industrial_043,Zona_1
297,2,4103803,68,24.54,20.25,259.25,297,Poligono_Industrial_043,Zona_1
297,3,4103804,66,2.0791920817823533,2.495030498138824,459.7450304981388,297,Poligono_Industrial_043,Zona_1
297,4,Regreso_Poligono_Industrial_043,0,23.4,18.91,478.65503049813884,297,Poligono_Industrial_043,Zona_1
298,1,Inicio_Poligono_Industrial_043,0,0.0,35.0,35.0,298,Poligono_Industrial_043,Zona_1
298,2,4103804,135,23.4,18.91,458.91,298,Poligono_Industrial_043,Zona_1
298,3,Regreso_Poligono_Industrial_043,0,23.4,18.91,477.82000000000005,298,Poligono_Industrial_043,Zona_1
299,1,Inicio_Poligono_Industrial_043,0,0.0,35.0,35.0,299,Poligono_Industrial_043,Zona_1
299,2,4103804,135,23.4,18.91,458.91,299,Poligono_Industrial_043,Zona_1
299,3,Regreso_Poligono_Industrial_043,0,23.4,18.91,477.82000000000005,299,Poligono_Industrial_043,Zona_1
300,1,Inicio_Poligono_Industrial_043,0,0.0,35.0,35.0,300,Poligono_Industrial_043,Zona_1
300,2,4103804,48,23.4,18.91,197.91,300,Poligono_Industrial_043,Zona_1
300,3,4109110,83,5.621376656352818,6.745651987623382,453.6556519876234,300,Poligono_Industrial_043,Zona_1
300,4,4103805,1,3.70410657159114,4.444927885909368,461.10057987353275,300,Poligono_Industrial_043,Zona_1
300,5,Regreso_Poligono_Industrial_043,0,24.55,17.45,478.55057987353274,300,Poligono_Industrial_043,Zona_1
301,1,Inicio_Poligono_Industrial_043,0,0.0,35.0,35.0,301,Poligono_Industrial_043,Zona_1
301,2,4103805,136,24.55,17.45,460.45,301,Poligono_Industrial_043,Zona_1
301,3,Regreso_Poligono_Industrial_043,0,24.55,17.45,477.9,301,Poligono_Industrial_043,Zona_1
302,1,Inicio_Poligono_Industrial_043,0,0.0,35.0,35.0,302,Poligono_Industrial_043,Zona_1
302,2,4103805,136,24.55,17.45,460.45,302,Poligono_Industrial_043,Zona_1
302,3,Regreso_Poligono_Industrial_043,0,24.55,17.45,477.9,302,Poligono_Industrial_043,Zona_1
303,1,Inicio_Poligono_Industrial_043,0,0.0,35.0,35.0,303,Poligono_Industrial_043,Zona_1
303,2,4103805,136,24.55,17.45,460.45,303,Poligono_Industrial_043,Zona_1
303,3,Regreso_Poligono_Industrial_043,0,24.55,17.45,477.9,303,Poligono_Industrial_043,Zona_1
304,1,Inicio_Poligono_Industrial_043,0,0.0,35.0,35.0,304,Poligono_Industrial_043,Zona_1
304,2,4103805,136,24.55,17.45,460.45,304,Poligono_Industrial_043,Zona_1
304,3,Regreso_Poligono_Industrial_043,0,24.55,17.45,477.9,304,Poligono_Industrial_043,Zona_1
305,1,Inicio_Poligono_Industrial_043,0,0.0,35.0,35.0,305,Poligono_Industrial_043,Zona_1
305,2,4103805,24,24.55,17.45,124.45,305,Poligono_Industrial_043,Zona_1
305,3,4109110,109,3.70410657159114,4.444927885909368,455.89492788590934,305,Poligono_Industrial_043,Zona_1
305,4,Regreso_Poligono_Industrial_043,0,29.62,24.05,479.94492788590935,305,Poligono_Industrial_043,Zona_1
306,1,Inicio_Poligono_Industrial_043,0,0.0,35.0,35.0,306,Poligono_Industrial_043,Zona_1
306,2,4103901,82,105.22,71.02,352.02,306,Poligono_Industrial_043,Zona_1
306,3,4103905,18,0.33120996778448547,0.39745196134138255,406.4174519613414,306,Poligono_Industrial_043,Zona_1
306,4,4103904,1,0.6273861832372963,0.7528634198847556,410.17031538122615,306,Poligono_Industrial_043,Zona_1
306,5,Regreso_Poligono_Industrial_043,0,104.3,69.34,479.5103153812262,306,Poligono_Industrial_043,Zona_1
307,1,Inicio_Poligono_Industrial_043,0,0.0,35.0,35.0,307,Poligono_Industrial_043,Zona_1
307,2,4103903,79,104.11,68.93,340.93,307,Poligono_Industrial_043,Zona_1
307,3,4103904,22,0.7771061608117064,0.9325273929740476,407.8625273929741,307,Poligono_Industrial_043,Zona_1
307,4,Regreso_Poligono_Industrial_043,0,104.3,69.34,477.20252739297405,307,Poligono_Industrial_043,Zona_1
308,1,Inicio_Poligono_Industrial_043,0,0.0,35.0,35.0,308,Poligono_Industrial_043,Zona_1
308,2,4103904,40,104.3,69.34,224.34,308,Poligono_Industrial_043,Zona_1
308,3,4103905,11,0.6273861832372963,0.7528634198847556,258.09286341988474,308,Poligono_Industrial_043,Zona_1
308,4,4108401,16,22.653152732077732,27.18378327849328,333.27664669837804,308,Poligono_Industrial_043,Zona_1
308,5,4108402,8,1.890170280153276,2.2682043361839312,359.544851034562,308,Poligono_Industrial_043,Zona_1
308,6,4106101,11,4.858938581608508,5.83072629793021,398.3755773324922,308,Poligono_Industrial_043,Zona_1
308,7,Regreso_Poligono_Industrial_043,0,93.39,80.31,478.6855773324922,308,Poligono_Industrial_043,Zona_1
309,1,Inicio_Poligono_Industrial_043,0,0.0,35.0,35.0,309,Poligono_Industrial_043,Zona_1
309,2,4104201,6,81.93,57.6,110.6,309,Poligono_Industrial_043,Zona_1
309,3,4104203,34,1.7912365414528288,2.149483849743395,214.7494838497434,309,Poligono_Industrial_043,Zona_1
309,4,4106001,53,13.393645430078019,16.07237451609362,389.821858365837,309,Poligono_Industrial_043,Zona_1
309,5,4106003,15,1.1539653490196593,1.3847584188235913,436.2066167846606,309,Poligono_Industrial_043,Zona_1
309,6,Regreso_Poligono_Industrial_043,0,45.63,42.79,478.9966167846606,309,Poligono_Industrial_043,Zona_1
310,1,Inicio_Poligono_Industrial_043,0,0.0,35.0,35.0,310,Poligono_Industrial_043,Zona_1
310,2,4105002,14,107.77,95.26,172.26,310,Poligono_Industrial_043,Zona_1
310,3,4106101,7,7.921717176655175,9.50606061198621,202.7660606119862,310,Poligono_Industrial_043,Zona_1
310,4,4106801,26,17.984649248866237,21.581579098639484,302.3476397106257,310,Poligono_Industrial_043,Zona_1
310,5,4106803,25,1.172668596508402,1.4072023158100824,378.75484202643577,310,Poligono_Industrial_043,Zona_1
310,6,4106805,14,1.2517665033554046,1.5021198040264854,422.2569618304623,310,Poligono_Industrial_043,Zona_1
310,7,Regreso_Poligono_Industrial_043,0,70.59,56.46,478.71696183046225,310,Poligono_Industrial_043,Zona_1
311,1,Inicio_Poligono_Industrial_043,0,0.0,35.0,35.0,311,Poligono_Industrial_043,Zona_1
311,2,4105201,33,68.42,62.78,196.78,311,Poligono_Industrial_043,Zona_1
311,3,4106802,16,6.066118461993268,7.279342154391922,252.0593421543919,311,Poligono_Industrial_043,Zona_1
311,4,4106805,16,9.682024747897287,11.618429697476746,311.67777185186867,311,Poligono_Industrial_043,Zona_1
311,5,4106804,32,6.328767238636416,7.5945206863637,415.27229253823236,311,Poligono_Industrial_043,Zona_1
311,6,Regreso_Poligono_Industrial_043,0,76.32,61.96,477.23229253823234,311,Poligono_Industrial_043,Zona_1
312,1,Inicio_Poligono_Industrial_043,0,0.0,35.0,35.0,312,Poligono_Industrial_043,Zona_1
312,2,4105301,80,46.97,44.03,319.03,312,Poligono_Industrial_043,Zona_1
312,3,4105304,38,0.5327840080511033,0.6393408096613239,433.6693408096613,312,Poligono_Industrial_043,Zona_1
312,4,Regreso_Poligono_Industrial_043,0,46.31,44.92,478.58934080966134,312,Poligono_Industrial_043,Zona_1
313,1,Inicio_Poligono_Industrial_043,0,0.0,35.0,35.0,313,Poligono_Industrial_043,Zona_1
313,2,4105302,36,47.7,45.7,188.7,313,Poligono_Industrial_043,Zona_1
313,3,4105304,28,0.812411523408674,0.9748938280904087,273.6748938280904,313,Poligono_Industrial_043,Zona_1
313,4,4105303,48,0.8491039560760667,1.0189247472912801,418.69381857538167,313,Poligono_Industrial_043,Zona_1
313,5,4106904,3,29.1503948980792,34.98047387769504,462.6742924530767,313,Poligono_Industrial_043,Zona_1
313,6,Regreso_Poligono_Industrial_043,0,12.56,15.01,477.6842924530767,313,Poligono_Industrial_043,Zona_1
314,1,Inicio_Poligono_Industrial_043,0,0.0,35.0,35.0,314,Poligono_Industrial_043,Zona_1
314,2,4105801,36,33.15,29.99,172.99,314,Poligono_Industrial_043,Zona_1
314,3,4105803,91,0.6055193983921804,0.7266232780706164,446.71662327807064,314,Poligono_Industrial_043,Zona_1
314,4,Regreso_Poligono_Industrial_043,0,33.72,31.14,477.85662327807063,314,Poligono_Industrial_043,Zona_1
315,1,Inicio_Poligono_Industrial_043,0,0.0,35.0,35.0,315,Poligono_Industrial_043,Zona_1
315,2,4105803,20,33.72,31.14,126.14,315,Poligono_Industrial_043,Zona_1
315,3,4110201,63,2.386866972958118,2.8642403675497414,318.00424036754976,315,Poligono_Industrial_043,Zona_1
315,4,4110203,42,0.7281008240554687,0.8737209888665625,444.87796135641634,315,Poligono_Industrial_043,Zona_1
315,5,Regreso_Poligono_Industrial_043,0,38.62,34.66,479.5379613564163,315,Poligono_Industrial_043,Zona_1
316,1,Inicio_Poligono_Industrial_043,0,0.0,35.0,35.0,316,Poligono_Industrial_043,Zona_1
316,2,4106002,31,45.49,42.55,170.55,316,Poligono_Industrial_043,Zona_1
316,3,4106003,69,0.3694667368073255,0.4433600841687906,377.9933600841688,316,Poligono_Industrial_043,Zona_1
316,4,4107103,16,7.920800687092365,9.504960824510839,435.4983209086796,316,Poligono_Industrial_043,Zona_1
316,5,4107101,2,0.26209374391487994,0.3145124926978559,441.8128334013775,316,Poligono_Industrial_043,Zona_1
316,6,4107102,1,0.9827155691470626,1.179258682976475,445.99209208435394,316,Poligono_Industrial_043,Zona_1
316,7,Regreso_Poligono_Industrial_043,0,35.4,32.75,478.74209208435394,316,Poligono_Industrial_043,Zona_1
317,1,Inicio_Poligono_Industrial_043,0,0.0,35.0,35.0,317,Poligono_Industrial_043,Zona_1
317,2,4106201,21,94.82,75.2,173.2,317,Poligono_Industrial_043,Zona_1
317,3,4107201,43,9.969972210387251,11.963966652464702,314.1639666524647,317,Poligono_Industrial_043,Zona_1
317,4,4108201,23,10.148917762902718,12.178701315483261,395.34266796794793,317,Poligono_Industrial_043,Zona_1
317,5,Regreso_Poligono_Industrial_043,0,114.94,84.45,479.7926679679479,317,Poligono_Industrial_043,Zona_1
318,1,Inicio_Poligono_Industrial_043,0,0.0,35.0,35.0,318,Poligono_Industrial_043,Zona_1
318,2,4106501,61,35.55,35.46,253.46,318,Poligono_Industrial_043,Zona_1
318,3,4106502,63,0.44115669624159365,0.5293880354899124,442.9893880354899,318,Poligono_Industrial_043,Zona_1
318,4,Regreso_Poligono_Industrial_043,0,34.9,35.06,478.0493880354899,318,Poligono_Industrial_043,Zona_1
319,1,Inicio_Poligono_Industrial_043,0,0.0,35.0,35.0,319,Poligono_Industrial_043,Zona_1
319,2,4106502,11,34.9,35.06,103.06,319,Poligono_Industrial_043,Zona_1
319,3,4106504,33,0.4330735905112258,0.5196883086134709,202.57968830861347,319,Poligono_Industrial_043,Zona_1
319,4,4106503,51,0.5837726919867823,0.7005272303841388,356.2802155389976,319,Poligono_Industrial_043,Zona_1
319,5,4106505,11,2.333721820156279,2.8004661841875347,392.08068172318514,319,Poligono_Industrial_043,Zona_1
319,6,4107703,8,15.419921197072108,18.50390543648653,434.5845871596717,319,Poligono_Industrial_043,Zona_1
319,7,Regreso_Poligono_Industrial_043,0,52.66,44.94,479.5245871596717,319,Poligono_Industrial_043,Zona_1
320,1,Inicio_Poligono_Industrial_043,0,0.0,35.0,35.0,320,Poligono_Industrial_043,Zona_1
320,2,4106804,15,76.32,61.96,141.96,320,Poligono_Industrial_043,Zona_1
320,3,4107701,22,18.096577969448035,21.715893563337644,229.67589356333764,320,Poligono_Industrial_043,Zona_1
320,4,4107703,16,0.47765789423934396,0.5731894730872127,278.24908303642485,320,Poligono_Industrial_043,Zona_1
320,5,4107702,44,0.6013168690230578,0.7215802428276693,410.9706632792525,320,Poligono_Industrial_043,Zona_1
320,6,4107102,5,16.97097168915609,20.36516602698731,446.3358293062398,320,Poligono_Industrial_043,Zona_1
320,7,Regreso_Poligono_Industrial_043,0,35.4,32.75,479.0858293062398,320,Poligono_Industrial_043,Zona_1
321,1,Inicio_Poligono_Industrial_043,0,0.0,35.0,35.0,321,Poligono_Industrial_043,Zona_1
321,2,4106901,61,12.86,14.85,232.85,321,Poligono_Industrial_043,Zona_1
321,3,4106902,57,0.37340801122668216,0.4480896134720186,404.29808961347203,321,Poligono_Industrial_043,Zona_1
321,4,4106903,20,0.6158659336797219,0.7390391204156663,465.0371287338877,321,Poligono_Industrial_043,Zona_1
321,5,Regreso_Poligono_Industrial_043,0,12.23,14.02,479.0571287338877,321,Poligono_Industrial_043,Zona_1
322,1,Inicio_Poligono_Industrial_043,0,0.0,35.0,35.0,322,Poligono_Industrial_043,Zona_1
322,2,4106903,79,12.23,14.02,286.02,322,Poligono_Industrial_043,Zona_1
322,3,4106904,59,0.7424809398654604,0.8909771278385524,463.9109771278385,322,Poligono_Industrial_043,Zona_1
322,4,Regreso_Poligono_Industrial_043,0,12.56,15.01,478.9209771278385,322,Poligono_Industrial_043,Zona_1
323,1,Inicio_Poligono_Industrial_043,0,0.0,35.0,35.0,323,Poligono_Industrial_043,Zona_1
323,2,4106904,32,12.56,15.01,146.01,323,Poligono_Industrial_043,Zona_1
323,3,4109505,105,10.879895256088105,13.055874307305727,474.0658743073057,323,Poligono_Industrial_043,Zona_1
323,4,Regreso_Poligono_Industrial_043,0,3.74,5.0,479.0658743073057,323,Poligono_Industrial_043,Zona_1
324,1,Inicio_Poligono_Industrial_043,0,0.0,35.0,35.0,324,Poligono_Industrial_043,Zona_1
324,2,4190401,16,16.55,25.88,108.88,324,Poligono_Industrial_043,Zona_1
324,3,4109505,59,12.856326352182716,15.427591622619257,301.30759162261927,324,Poligono_Industrial_043,Zona_1
324,4,4109503,56,1.8431750615529225,2.211810073863507,471.51940169648276,324,Poligono_Industrial_043,Zona_1
324,5,4109502,1,0.37932203388703206,0.4551864406644385,474.9745881371472,324,Poligono_Industrial_043,Zona_1
324,6,Regreso_Poligono_Industrial_043,0,3.15,5.0,479.9745881371472,324,Poligono_Industrial_043,Zona_1
325,1,Inicio_Poligono_Industrial_043,0,0.0,35.0,35.0,325,Poligono_Industrial_043,Zona_1
325,2,4107101,12,36.47,35.4,106.4,325,Poligono_Industrial_043,Zona_1
325,3,4107102,18,0.9827155691470626,1.179258682976475,161.57925868297647,325,Poligono_Industrial_043,Zona_1
325,4,4110202,14,22.978427887562578,27.574113465075094,231.15337214805157,325,Poligono_Industrial_043,Zona_1
325,5,4110203,49,0.629570741123284,0.7554848893479409,378.9088570373995,325,Poligono_Industrial_043,Zona_1
325,6,4109504,22,23.019656926510713,27.623588311812853,472.53244534921237,325,Poligono_Industrial_043,Zona_1
325,7,Regreso_Poligono_Industrial_043,0,3.51,5.15,477.68244534921234,325,Poligono_Industrial_043,Zona_1
326,1,Inicio_Poligono_Industrial_043,0,0.0,35.0,35.0,326,Poligono_Industrial_043,Zona_1
326,2,4107601,17,67.3,70.0,156.0,326,Poligono_Industrial_043,Zona_1
326,3,1100201,38,9.18984580302558,11.027814963630696,281.0278149636307,326,Poligono_Industrial_043,Zona_1
326,4,1103401,21,5.812952188238267,6.975542625885921,351.0033575895166,326,Poligono_Industrial_043,Zona_1
326,5,1101801,9,11.323602738831834,13.5883232865982,391.5916808761148,326,Poligono_Industrial_043,Zona_1
326,6,1100501,9,6.702829992031913,8.043395990438295,426.6350768665531,326,Poligono_Industrial_043,Zona_1
326,7,Regreso_Poligono_Industrial_043,0,59.29,52.21,478.8450768665531,326,Poligono_Industrial_043,Zona_1
327,1,Inicio_Poligono_Industrial_043,0,0.0,35.0,35.0,327,Poligono_Industrial_043,Zona_1
327,2,4108201,12,114.94,84.45,155.45,327,Poligono_Industrial_043,Zona_1
327,3,1100501,24,65.94205947052892,79.1304713646347,306.5804713646347,327,Poligono_Industrial_043,Zona_1
327,4,1100502,8,2.657786762330796,3.1893441147969552,333.76981547943166,327,Poligono_Industrial_043,Zona_1
327,5,1104201,12,6.896182271286631,8.275418725543958,378.0452342049756,327,Poligono_Industrial_043,Zona_1
327,6,1101901,2,10.160660787367872,12.192792944841447,396.23802714981707,327,Poligono_Industrial_043,Zona_1
327,7,1101101,1,12.451205747275191,14.941446896730229,414.1794740465473,327,Poligono_Industrial_043,Zona_1
327,8,1102901,2,18.70581861012666,22.44698233215199,442.6264563786993,327,Poligono_Industrial_043,Zona_1
327,9,Regreso_Poligono_Industrial_043,0,41.09,36.21,478.83645637869927,327,Poligono_Industrial_043,Zona_1
328,1,Inicio_Poligono_Industrial_043,0,0.0,35.0,35.0,328,Poligono_Industrial_043,Zona_1
328,2,4109110,132,29.62,24.05,455.05,328,Poligono_Industrial_043,Zona_1
328,3,Regreso_Poligono_Industrial_043,0,29.62,24.05,479.1,328,Poligono_Industrial_043,Zona_1
329,1,Inicio_Poligono_Industrial_043,0,0.0,35.0,35.0,329,Poligono_Industrial_043,Zona_1
329,2,4109110,132,29.62,24.05,455.05,329,Poligono_Industrial_043,Zona_1
329,3,Regreso_Poligono_Industrial_043,0,29.62,24.05,479.1,329,Poligono_Industrial_043,Zona_1
330,1,Inicio_Poligono_Industrial_043,0,0.0,35.0,35.0,330,Poligono_Industrial_043,Zona_1
330,2,4109110,41,29.62,24.05,182.05,330,Poligono_Industrial_043,Zona_1
330,3,4109504,14,22.400886607949815,26.881063929539778,250.9310639295398,330,Poligono_Industrial_043,Zona_1
330,4,4109501,74,0.8158057676868546,0.9789669212242257,473.910030850764,330,Poligono_Industrial_043,Zona_1
330,5,Regreso_Poligono_Industrial_043,0,3.21,5.0,478.910030850764,330,Poligono_Industrial_043,Zona_1
331,1,Inicio_Poligono_Industrial_043,0,0.0,35.0,35.0,331,Poligono_Industrial_043,Zona_1
331,2,4109501,25,3.21,5.0,115.0,331,Poligono_Industrial_043,Zona_1
331,3,4109503,22,0.42459342210359685,0.5095121065243162,181.5095121065243,331,Poligono_Industrial_043,Zona_1
331,4,4109502,15,0.37932203388703206,0.4551864406644385,226.96469854718876,331,Poligono_Industrial_043,Zona_1
331,5,1101701,32,34.08568673502123,40.90282408202547,363.86752262921425,331,Poligono_Industrial_043,Zona_1
331,6,1101002,17,8.61419065175184,10.337028782102209,425.20455141131646,331,Poligono_Industrial_043,Zona_1
331,7,Regreso_Poligono_Industrial_043,0,61.19,54.14,479.34455141131644,331,Poligono_Industrial_043,Zona_1
332,1,Inicio_Poligono_Industrial_043,0,0.0,35.0,35.0,332,Poligono_Industrial_043,Zona_1
332,2,1100101,20,120.74,87.74,182.74,332,Poligono_Industrial_043,Zona_1
332,3,1100102,23,3.5878891603474705,4.305466992416965,256.045466992417,332,Poligono_Industrial_043,Zona_1
332,4,1102306,15,14.3153554868851,17.17842658426212,318.22389357667913,332,Poligono_Industrial_043,Zona_1
332,5,1190101,17,8.293523739269245,9.952228487123095,379.1761220638022,332,Poligono_Industrial_043,Zona_1
332,6,1102301,1,16.67214299715362,20.006571596584347,402.1826936603866,332,Poligono_Industrial_043,Zona_1
332,7,1102305,1,0.9932882150352567,1.191945858042308,406.37463951842886,332,Poligono_Industrial_043,Zona_1
332,8,Regreso_Poligono_Industrial_043,0,101.28,73.14,479.51463951842885,332,Poligono_Industrial_043,Zona_1
333,1,Inicio_Poligono_Industrial_043,0,0.0,35.0,35.0,333,Poligono_Industrial_043,Zona_1
333,2,1100301,13,83.97,94.32,168.32,333,Poligono_Industrial_043,Zona_1
333,3,1190201,37,14.784802914712492,17.74176349765499,297.06176349765497,333,Poligono_Industrial_043,Zona_1
333,4,1102501,30,11.055512012535102,13.266614415042122,400.3283779126971,333,Poligono_Industrial_043,Zona_1
333,5,Regreso_Poligono_Industrial_043,0,106.92,78.67,478.9983779126971,333,Poligono_Industrial_043,Zona_1
334,1,Inicio_Poligono_Industrial_043,0,0.0,35.0,35.0,334,Poligono_Industrial_043,Zona_1
334,2,1100401,71,166.03,114.52,362.52,334,Poligono_Industrial_043,Zona_1
334,3,Regreso_Poligono_Industrial_043,0,166.03,114.52,477.03999999999996,334,Poligono_Industrial_043,Zona_1
335,1,Inicio_Poligono_Industrial_043,0,0.0,35.0,35.0,335,Poligono_Industrial_043,Zona_1
335,2,1100401,71,166.03,114.52,362.52,335,Poligono_Industrial_043,Zona_1
335,3,Regreso_Poligono_Industrial_043,0,166.03,114.52,477.03999999999996,335,Poligono_Industrial_043,Zona_1
336,1,Inicio_Poligono_Industrial_043,0,0.0,35.0,35.0,336,Poligono_Industrial_043,Zona_1
336,2,1100401,71,166.03,114.52,362.52,336,Poligono_Industrial_043,Zona_1
336,3,Regreso_Poligono_Industrial_043,0,166.03,114.52,477.03999999999996,336,Poligono_Industrial_043,Zona_1
337,1,Inicio_Poligono_Industrial_043,0,0.0,35.0,35.0,337,Poligono_Industrial_043,Zona_1
337,2,1100401,71,166.03,114.52,362.52,337,Poligono_Industrial_043,Zona_1
337,3,Regreso_Poligono_Industrial_043,0,166.03,114.52,477.03999999999996,337,Poligono_Industrial_043,Zona_1
338,1,Inicio_Poligono_Industrial_043,0,0.0,35.0,35.0,338,Poligono_Industrial_043,Zona_1
338,2,1100401,65,166.03,114.52,344.52,338,Poligono_Industrial_043,Zona_1
338,3,1100404,6,0.21706176709442687,0.2604741205133122,362.7804741205133,338,Poligono_Industrial_043,Zona_1
338,4,Regreso_Poligono_Industrial_043,0,165.57,114.43,477.2104741205133,338,Poligono_Industrial_043,Zona_1
339,1,Inicio_Poligono_Industrial_043,0,0.0,35.0,35.0,339,Poligono_Industrial_043,Zona_1
339,2,1100402,71,166.3,115.99,363.99,339,Poligono_Industrial_043,Zona_1
339,3,Regreso_Poligono_Industrial_043,0,166.3,115.99,479.98,339,Poligono_Industrial_043,Zona_1
340,1,Inicio_Poligono_Industrial_043,0,0.0,35.0,35.0,340,Poligono_Industrial_043,Zona_1
340,2,1100402,71,166.3,115.99,363.99,340,Poligono_Industrial_043,Zona_1
340,3,Regreso_Poligono_Industrial_043,0,166.3,115.99,479.98,340,Poligono_Industrial_043,Zona_1
341,1,Inicio_Poligono_Industrial_043,0,0.0,35.0,35.0,341,Poligono_Industrial_043,Zona_1
341,2,1100402,71,166.3,115.99,363.99,341,Poligono_Industrial_043,Zona_1
341,3,Regreso_Poligono_Industrial_043,0,166.3,115.99,479.98,341,Poligono_Industrial_043,Zona_1
342,1,Inicio_Poligono_Industrial_043,0,0.0,35.0,35.0,342,Poligono_Industrial_043,Zona_1
342,2,1100402,71,166.3,115.99,363.99,342,Poligono_Industrial_043,Zona_1
342,3,Regreso_Poligono_Industrial_043,0,166.3,115.99,479.98,342,Poligono_Industrial_043,Zona_1
343,1,Inicio_Poligono_Industrial_043,0,0.0,35.0,35.0,343,Poligono_Industrial_043,Zona_1
343,2,1100402,11,166.3,115.99,183.99,343,Poligono_Industrial_043,Zona_1
343,3,1100404,60,1.1308608772397386,1.3570330526876864,365.3470330526877,343,Poligono_Industrial_043,Zona_1
343,4,Regreso_Poligono_Industrial_043,0,165.57,114.43,479.7770330526877,343,Poligono_Industrial_043,Zona_1
344,1,Inicio_Poligono_Industrial_043,0,0.0,35.0,35.0,344,Poligono_Industrial_043,Zona_1
344,2,1100403,71,166.17,115.06,363.06,344,Poligono_Industrial_043,Zona_1
344,3,Regreso_Poligono_Industrial_043,0,166.17,115.06,478.12,344,Poligono_Industrial_043,Zona_1
345,1,Inicio_Poligono_Industrial_043,0,0.0,35.0,35.0,345,Poligono_Industrial_043,Zona_1
345,2,1100403,71,166.17,115.06,363.06,345,Poligono_Industrial_043,Zona_1
345,3,Regreso_Poligono_Industrial_043,0,166.17,115.06,478.12,345,Poligono_Industrial_043,Zona_1
346,1,Inicio_Poligono_Industrial_043,0,0.0,35.0,35.0,346,Poligono_Industrial_043,Zona_1
346,2,1100403,26,166.17,115.06,228.06,346,Poligono_Industrial_043,Zona_1
346,3,1100404,45,0.2995653735789619,0.3594784482947543,363.41947844829474,346,Poligono_Industrial_043,Zona_1
346,4,Regreso_Poligono_Industrial_043,0,165.57,114.43,477.84947844829475,346,Poligono_Industrial_043,Zona_1
347,1,Inicio_Poligono_Industrial_043,0,0.0,35.0,35.0,347,Poligono_Industrial_043,Zona_1
347,2,1100404,72,165.57,114.43,365.43,347,Poligono_Industrial_043,Zona_1
347,3,Regreso_Poligono_Industrial_043,0,165.57,114.43,479.86,347,Poligono_Industrial_043,Zona_1
348,1,Inicio_Poligono_Industrial_043,0,0.0,35.0,35.0,348,Poligono_Industrial_043,Zona_1
348,2,1100404,72,165.57,114.43,365.43,348,Poligono_Industrial_043,Zona_1
348,3,Regreso_Poligono_Industrial_043,0,165.57,114.43,479.86,348,Poligono_Industrial_043,Zona_1
349,1,Inicio_Poligono_Industrial_043,0,0.0,35.0,35.0,349,Poligono_Industrial_043,Zona_1
349,2,1100404,72,165.57,114.43,365.43,349,Poligono_Industrial_043,Zona_1
349,3,Regreso_Poligono_Industrial_043,0,165.57,114.43,479.86,349,Poligono_Industrial_043,Zona_1
350,1,Inicio_Poligono_Industrial_043,0,0.0,35.0,35.0,350,Poligono_Industrial_043,Zona_1
350,2,1100404,16,165.57,114.43,197.43,350,Poligono_Industrial_043,Zona_1
350,3,1100802,19,5.855605013071896,7.026726015686275,261.4567260156863,350,Poligono_Industrial_043,Zona_1
350,4,1103304,33,3.1150416244812096,3.7380499493774515,364.19477596506374,350,Poligono_Industrial_043,Zona_1
350,5,Regreso_Poligono_Industrial_043,0,166.57,114.63,478.82477596506374,350,Poligono_Industrial_043,Zona_1
351,1,Inicio_Poligono_Industrial_043,0,0.0,35.0,35.0,351,Poligono_Industrial_043,Zona_1
351,2,1100601,45,63.15,62.35,232.35,351,Poligono_Industrial_043,Zona_1
351,3,1100602,62,0.277527196066289,0.3330326352795468,418.6830326352796,351,Poligono_Industrial_043,Zona_1
351,4,Regreso_Poligono_Industrial_043,0,62.24,60.17,478.8530326352796,351,Poligono_Industrial_043,Zona_1
352,1,Inicio_Poligono_Industrial_043,0,0.0,35.0,35.0,352,Poligono_Industrial_043,Zona_1
352,2,1100602,48,62.24,60.17,239.17000000000002,352,Poligono_Industrial_043,Zona_1
352,3,1100604,46,2.933178212523441,3.5198138550281293,380.68981385502815,352,Poligono_Industrial_043,Zona_1
352,4,1101002,12,6.659963083124507,7.991955699749408,424.6817695547776,352,Poligono_Industrial_043,Zona_1
352,5,Regreso_Poligono_Industrial_043,0,61.19,54.14,478.8217695547776,352,Poligono_Industrial_043,Zona_1
353,1,Inicio_Poligono_Industrial_043,0,0.0,35.0,35.0,353,Poligono_Industrial_043,Zona_1
353,2,1100603,42,63.87,61.43,222.43,353,Poligono_Industrial_043,Zona_1
353,3,1101002,1,9.280342868496776,11.136411442196131,236.56641144219614,353,Poligono_Industrial_043,Zona_1
353,4,1101001,21,0.3648568247467833,0.43782818969613996,300.0042396318923,353,Poligono_Industrial_043,Zona_1
353,5,1101003,7,6.425884024320765,7.711060829184918,328.7153004610772,353,Poligono_Industrial_043,Zona_1
353,6,1104102,32,4.532786096201125,5.43934331544135,430.1546437765186,353,Poligono_Industrial_043,Zona_1
353,7,Regreso_Poligono_Industrial_043,0,51.65,48.75,478.9046437765186,353,Poligono_Industrial_043,Zona_1
354,1,Inicio_Poligono_Industrial_043,0,0.0,35.0,35.0,354,Poligono_Industrial_043,Zona_1
354,2,1100701,51,148.87,108.28,296.28,354,Poligono_Industrial_043,Zona_1
354,3,1100702,24,0.352337002867611,0.4228044034411332,368.7028044034411,354,Poligono_Industrial_043,Zona_1
354,4,Regreso_Poligono_Industrial_043,0,149.3,108.97,477.6728044034411,354,Poligono_Industrial_043,Zona_1
355,1,Inicio_Poligono_Industrial_043,0,0.0,35.0,35.0,355,Poligono_Industrial_043,Zona_1
355,2,1100702,43,149.3,108.97,272.97,355,Poligono_Industrial_043,Zona_1
355,3,1100703,28,1.019171154315961,1.2230053851791531,358.19300538517916,355,Poligono_Industrial_043,Zona_1
355,4,1103902,2,8.706753556476215,10.448104267771459,374.6411096529506,355,Poligono_Industrial_043,Zona_1
355,5,1102301,1,22.633041466098874,27.15964975931865,404.80075941226926,355,Poligono_Industrial_043,Zona_1
355,6,Regreso_Poligono_Industrial_043,0,102.48,74.93,479.73075941226926,355,Poligono_Industrial_043,Zona_1
356,1,Inicio_Poligono_Industrial_043,0,0.0,35.0,35.0,356,Poligono_Industrial_043,Zona_1
356,2,1100704,24,152.26,134.22,241.22,356,Poligono_Industrial_043,Zona_1
356,3,1103902,40,10.984564019753538,13.181476823704246,374.40147682370423,356,Poligono_Industrial_043,Zona_1
356,4,1102301,1,22.633041466098874,27.15964975931865,404.5611265830229,356,Poligono_Industrial_043,Zona_1
356,5,Regreso_Poligono_Industrial_043,0,102.48,74.93,479.4911265830229,356,Poligono_Industrial_043,Zona_1
357,1,Inicio_Poligono_Industrial_043,0,0.0,35.0,35.0,357,Poligono_Industrial_043,Zona_1
357,2,1100801,80,147.37,101.94,376.94,357,Poligono_Industrial_043,Zona_1
357,3,Regreso_Poligono_Industrial_043,0,147.37,101.94,478.88,357,Poligono_Industrial_043,Zona_1
358,1,Inicio_Poligono_Industrial_043,0,0.0,35.0,35.0,358,Poligono_Industrial_043,Zona_1
358,2,1100801,80,147.37,101.94,376.94,358,Poligono_Industrial_043,Zona_1
358,3,Regreso_Poligono_Industrial_043,0,147.37,101.94,478.88,358,Poligono_Industrial_043,Zona_1
359,1,Inicio_Poligono_Industrial_043,0,0.0,35.0,35.0,359,Poligono_Industrial_043,Zona_1
359,2,1100801,14,147.37,101.94,178.94,359,Poligono_Industrial_043,Zona_1
359,3,1100803,56,10.615581828344459,12.73869819401335,359.67869819401335,359,Poligono_Industrial_043,Zona_1
359,4,Regreso_Poligono_Industrial_043,0,161.51,118.81,478.48869819401335,359,Poligono_Industrial_043,Zona_1
360,1,Inicio_Poligono_Industrial_043,0,0.0,35.0,35.0,360,Poligono_Industrial_043,Zona_1
360,2,1190101,44,122.98,99.98,266.98,360,Poligono_Industrial_043,Zona_1
360,3,1102301,3,16.67214299715362,20.006571596584347,295.9865715965844,360,Poligono_Industrial_043,Zona_1
360,4,1102303,6,0.3003628655834057,0.3604354387000868,314.3470070352845,360,Poligono_Industrial_043,Zona_1
360,5,1102302,7,0.27299557657693596,0.32759469189232315,335.6746017271768,360,Poligono_Industrial_043,Zona_1
360,6,1102304,7,0.5452676287092151,0.6543211544510581,357.3289228816279,360,Poligono_Industrial_043,Zona_1
360,7,1102305,16,0.639129534199222,0.7669554410390664,406.0958783226669,360,Poligono_Industrial_043,Zona_1
360,8,Regreso_Poligono_Industrial_043,0,101.28,73.14,479.2358783226669,360,Poligono_Industrial_043,Zona_1
361,1,Inicio_Poligono_Industrial_043,0,0.0,35.0,35.0,361,Poligono_Industrial_043,Zona_1
361,2,1100901,7,78.59,87.39,143.39,361,Poligono_Industrial_043,Zona_1
361,3,1103801,83,3.647591226652097,4.377109471982516,396.7671094719825,361,Poligono_Industrial_043,Zona_1
361,4,1101101,1,10.064221940199204,12.077066328239045,411.84417580022154,361,Poligono_Industrial_043,Zona_1
361,5,1102901,3,18.70581861012666,22.44698233215199,443.29115813237354,361,Poligono_Industrial_043,Zona_1
361,6,Regreso_Poligono_Industrial_043,0,41.09,36.21,479.5011581323735,361,Poligono_Industrial_043,Zona_1
362,1,Inicio_Poligono_Industrial_043,0,0.0,35.0,35.0,362,Poligono_Industrial_043,Zona_1
362,2,1101101,20,68.16,65.61,160.61,362,Poligono_Industrial_043,Zona_1
362,3,1102602,25,5.248436635967617,6.2981239631611405,241.90812396316116,362,Poligono_Industrial_043,Zona_1
362,4,1102601,20,0.4544652271254811,0.5453582725505773,302.45348223571176,362,Poligono_Industrial_043,Zona_1
362,5,1104102,38,11.321085346039919,13.585302415247902,430.03878465095966,362,Poligono_Industrial_043,Zona_1
362,6,Regreso_Poligono_Industrial_043,0,51.65,48.75,478.78878465095966,362,Poligono_Industrial_043,Zona_1
363,1,Inicio_Poligono_Industrial_043,0,0.0,35.0,35.0,363,Poligono_Industrial_043,Zona_1
363,2,1101201,59,103.23,77.01,289.01,363,Poligono_Industrial_043,Zona_1
363,3,1101203,37,0.20398239437268112,0.24477887324721734,400.25477887324723,363,Poligono_Industrial_043,Zona_1
363,4,1101206,1,0.6015587445479449,0.7218704934575338,403.97664936670475,363,Poligono_Industrial_043,Zona_1
363,5,Regreso_Poligono_Industrial_043,0,102.53,74.96,478.9366493667047,363,Poligono_Industrial_043,Zona_1
364,1,Inicio_Poligono_Industrial_043,0,0.0,35.0,35.0,364,Poligono_Industrial_043,Zona_1
364,2,1101202,57,103.26,77.7,283.7,364,Poligono_Industrial_043,Zona_1
364,3,1101203,20,0.1640972106368737,0.19691665276424844,343.8969166527642,364,Poligono_Industrial_043,Zona_1
364,4,1101205,19,0.3542710771900077,0.4251252926280093,401.32204194539224,364,Poligono_Industrial_043,Zona_1
364,5,1101206,1,0.2980574668065243,0.3576689601678292,404.67971090556006,364,Poligono_Industrial_043,Zona_1
364,6,Regreso_Poligono_Industrial_043,0,102.53,74.96,479.63971090556004,364,Poligono_Industrial_043,Zona_1
365,1,Inicio_Poligono_Industrial_043,0,0.0,35.0,35.0,365,Poligono_Industrial_043,Zona_1
365,2,1101204,33,103.39,78.14,212.14,365,Poligono_Industrial_043,Zona_1
365,3,1101205,20,0.33548850217894843,0.40258620261473815,272.5425862026147,365,Poligono_Industrial_043,Zona_1
365,4,1101206,35,0.2980574668065243,0.3576689601678292,377.9002551627825,365,Poligono_Industrial_043,Zona_1
365,5,1101207,9,0.7724272332160014,0.9269126798592017,405.8271678426417,365,Poligono_Industrial_043,Zona_1
365,6,Regreso_Poligono_Industrial_043,0,101.58,73.76,479.5871678426417,365,Poligono_Industrial_043,Zona_1
366,1,Inicio_Poligono_Industrial_043,0,0.0,35.0,35.0,366,Poligono_Industrial_043,Zona_1
366,2,1101207,18,101.58,73.76,162.76,366,Poligono_Industrial_043,Zona_1
366,3,1101208,81,0.7650106721654121,0.9180128065984945,406.6780128065985,366,Poligono_Industrial_043,Zona_1
366,4,Regreso_Poligono_Industrial_043,0,101.47,72.74,479.4180128065985,366,Poligono_Industrial_043,Zona_1
367,1,Inicio_Poligono_Industrial_043,0,0.0,35.0,35.0,367,Poligono_Industrial_043,Zona_1
367,2,1101208,99,101.47,72.74,404.74,367,Poligono_Industrial_043,Zona_1
367,3,Regreso_Poligono_Industrial_043,0,101.47,72.74,477.48,367,Poligono_Industrial_043,Zona_1
368,1,Inicio_Poligono_Industrial_043,0,0.0,35.0,35.0,368,Poligono_Industrial_043,Zona_1
368,2,1101208,97,101.47,72.74,398.74,368,Poligono_Industrial_043,Zona_1
368,3,1101209,2,1.166236808575326,1.3994841702903913,406.1394841702904,368,Poligono_Industrial_043,Zona_1
368,4,Regreso_Poligono_Industrial_043,0,101.15,72.77,478.9094841702904,368,Poligono_Industrial_043,Zona_1
369,1,Inicio_Poligono_Industrial_043,0,0.0,35.0,35.0,369,Poligono_Industrial_043,Zona_1
369,2,1101209,99,101.15,72.77,404.77,369,Poligono_Industrial_043,Zona_1
369,3,Regreso_Poligono_Industrial_043,0,101.15,72.77,477.53999999999996,369,Poligono_Industrial_043,Zona_1
370,1,Inicio_Poligono_Industrial_043,0,0.0,35.0,35.0,370,Poligono_Industrial_043,Zona_1
370,2,1101209,99,101.15,72.77,404.77,370,Poligono_Industrial_043,Zona_1
370,3,Regreso_Poligono_Industrial_043,0,101.15,72.77,477.53999999999996,370,Poligono_Industrial_043,Zona_1
371,1,Inicio_Poligono_Industrial_043,0,0.0,35.0,35.0,371,Poligono_Industrial_043,Zona_1
371,2,1101209,24,101.15,72.77,179.76999999999998,371,Poligono_Industrial_043,Zona_1
371,3,1101210,75,0.9296233182472802,1.1155479818967362,405.8855479818967,371,Poligono_Industrial_043,Zona_1
371,4,Regreso_Poligono_Industrial_043,0,101.93,74.06,479.9455479818967,371,Poligono_Industrial_043,Zona_1
372,1,Inicio_Poligono_Industrial_043,0,0.0,35.0,35.0,372,Poligono_Industrial_043,Zona_1
372,2,1101210,98,101.93,74.06,403.06,372,Poligono_Industrial_043,Zona_1
372,3,Regreso_Poligono_Industrial_043,0,101.93,74.06,477.12,372,Poligono_Industrial_043,Zona_1
373,1,Inicio_Poligono_Industrial_043,0,0.0,35.0,35.0,373,Poligono_Industrial_043,Zona_1
373,2,1101210,98,101.93,74.06,403.06,373,Poligono_Industrial_043,Zona_1
373,3,Regreso_Poligono_Industrial_043,0,101.93,74.06,477.12,373,Poligono_Industrial_043,Zona_1
374,1,Inicio_Poligono_Industrial_043,0,0.0,35.0,35.0,374,Poligono_Industrial_043,Zona_1
374,2,1101210,11,101.93,74.06,142.06,374,Poligono_Industrial_043,Zona_1
374,3,1102801,84,7.611229195596312,9.133475034715575,403.19347503471556,374,Poligono_Industrial_043,Zona_1
374,4,1102802,2,0.5335778954241297,0.6402934745089557,409.8337685092245,374,Poligono_Industrial_043,Zona_1
374,5,Regreso_Poligono_Industrial_043,0,93.75,68.13,477.9637685092245,374,Poligono_Industrial_043,Zona_1
375,1,Inicio_Poligono_Industrial_043,0,0.0,35.0,35.0,375,Poligono_Industrial_043,Zona_1
375,2,1101301,28,181.26,131.39,250.39,375,Poligono_Industrial_043,Zona_1
375,3,1102102,20,10.288637282990669,12.346364739588802,322.7363647395888,375,Poligono_Industrial_043,Zona_1
375,4,1102101,1,4.715299921184061,5.658359905420874,331.39472464500966,375,Poligono_Industrial_043,Zona_1
375,5,1102103,3,5.143454430387582,6.172145316465098,346.56686996147477,375,Poligono_Industrial_043,Zona_1
375,6,1103801,7,24.33306785849067,29.1996814301888,396.7665513916636,375,Poligono_Industrial_043,Zona_1
375,7,1102901,4,28.102822795390118,33.723387354468144,442.48993874613177,375,Poligono_Industrial_043,Zona_1
375,8,Regreso_Poligono_Industrial_043,0,41.09,36.21,478.69993874613175,375,Poligono_Industrial_043,Zona_1
376,1,Inicio_Poligono_Industrial_043,0,0.0,35.0,35.0,376,Poligono_Industrial_043,Zona_1
376,2,1101501,94,107.69,80.02,397.02,376,Poligono_Industrial_043,Zona_1
376,3,1101504,1,0.46353467110718416,0.556241605328621,400.5762416053286,376,Poligono_Industrial_043,Zona_1
376,4,Regreso_Poligono_Industrial_043,0,106.62,79.24,479.8162416053286,376,Poligono_Industrial_043,Zona_1
377,1,Inicio_Poligono_Industrial_043,0,0.0,35.0,35.0,377,Poligono_Industrial_043,Zona_1
377,2,1101501,56,107.69,80.02,283.02,377,Poligono_Industrial_043,Zona_1
377,3,1101504,39,0.46353467110718416,0.556241605328621,400.5762416053286,377,Poligono_Industrial_043,Zona_1
377,4,Regreso_Poligono_Industrial_043,0,106.62,79.24,479.8162416053286,377,Poligono_Industrial_043,Zona_1
378,1,Inicio_Poligono_Industrial_043,0,0.0,35.0,35.0,378,Poligono_Industrial_043,Zona_1
378,2,1101502,79,108.89,82.61,354.61,378,Poligono_Industrial_043,Zona_1
378,3,1101503,14,0.6220972667598266,0.7465167201117919,397.3565167201118,378,Poligono_Industrial_043,Zona_1
378,4,Regreso_Poligono_Industrial_043,0,108.13,80.84,478.19651672011184,378,Poligono_Industrial_043,Zona_1
379,1,Inicio_Poligono_Industrial_043,0,0.0,35.0,35.0,379,Poligono_Industrial_043,Zona_1
379,2,1101503,67,108.13,80.84,316.84000000000003,379,Poligono_Industrial_043,Zona_1
379,3,1101504,27,0.91754222192663,1.1010506663119561,398.941050666312,379,Poligono_Industrial_043,Zona_1
379,4,Regreso_Poligono_Industrial_043,0,106.62,79.24,478.181050666312,379,Poligono_Industrial_043,Zona_1
380,1,Inicio_Poligono_Industrial_043,0,0.0,35.0,35.0,380,Poligono_Industrial_043,Zona_1
380,2,1101504,95,106.62,79.24,399.24,380,Poligono_Industrial_043,Zona_1
380,3,Regreso_Poligono_Industrial_043,0,106.62,79.24,478.48,380,Poligono_Industrial_043,Zona_1
381,1,Inicio_Poligono_Industrial_043,0,0.0,35.0,35.0,381,Poligono_Industrial_043,Zona_1
381,2,1101504,31,106.62,79.24,207.24,381,Poligono_Industrial_043,Zona_1
381,3,1103106,62,6.506039762107262,7.807247714528714,401.04724771452874,381,Poligono_Industrial_043,Zona_1
381,4,Regreso_Poligono_Industrial_043,0,105.12,78.04,479.08724771452876,381,Poligono_Industrial_043,Zona_1
382,1,Inicio_Poligono_Industrial_043,0,0.0,35.0,35.0,382,Poligono_Industrial_043,Zona_1
382,2,1101505,85,120.1,94.52,384.52,382,Poligono_Industrial_043,Zona_1
382,3,1103104,1,13.052962666281811,15.663555199538173,403.18355519953815,382,Poligono_Industrial_043,Zona_1
382,4,Regreso_Poligono_Industrial_043,0,103.93,76.65,479.8335551995382,382,Poligono_Industrial_043,Zona_1
383,1,Inicio_Poligono_Industrial_043,0,0.0,35.0,35.0,383,Poligono_Industrial_043,Zona_1
383,2,1101505,85,120.1,94.52,384.52,383,Poligono_Industrial_043,Zona_1
383,3,1103104,1,13.052962666281811,15.663555199538173,403.18355519953815,383,Poligono_Industrial_043,Zona_1
383,4,Regreso_Poligono_Industrial_043,0,103.93,76.65,479.8335551995382,383,Poligono_Industrial_043,Zona_1
384,1,Inicio_Poligono_Industrial_043,0,0.0,35.0,35.0,384,Poligono_Industrial_043,Zona_1
384,2,1101505,85,120.1,94.52,384.52,384,Poligono_Industrial_043,Zona_1
384,3,1103104,1,13.052962666281811,15.663555199538173,403.18355519953815,384,Poligono_Industrial_043,Zona_1
384,4,Regreso_Poligono_Industrial_043,0,103.93,76.65,479.8335551995382,384,Poligono_Industrial_043,Zona_1
385,1,Inicio_Poligono_Industrial_043,0,0.0,35.0,35.0,385,Poligono_Industrial_043,Zona_1
385,2,1101505,43,120.1,94.52,258.52,385,Poligono_Industrial_043,Zona_1
385,3,1101402,38,10.35288619333759,12.423463432005107,384.9434634320051,385,Poligono_Industrial_043,Zona_1
385,4,Regreso_Poligono_Industrial_043,0,126.6,93.4,478.34346343200514,385,Poligono_Industrial_043,Zona_1
386,1,Inicio_Poligono_Industrial_043,0,0.0,35.0,35.0,386,Poligono_Industrial_043,Zona_1
386,2,1101601,15,107.1,80.07,160.07,386,Poligono_Industrial_043,Zona_1
386,3,1101602,63,0.3473981953231064,0.4168778343877277,349.4868778343877,386,Poligono_Industrial_043,Zona_1
386,4,1101603,15,3.2882336625315625,3.9458803950378747,398.4327582294256,386,Poligono_Industrial_043,Zona_1
386,5,Regreso_Poligono_Industrial_043,0,105.07,79.71,478.14275822942557,386,Poligono_Industrial_043,Zona_1
387,1,Inicio_Poligono_Industrial_043,0,0.0,35.0,35.0,387,Poligono_Industrial_043,Zona_1
387,2,1101603,49,105.07,79.71,261.71,387,Poligono_Industrial_043,Zona_1
387,3,1103202,45,6.377989587559311,7.653587505071174,404.36358750507117,387,Poligono_Industrial_043,Zona_1
387,4,Regreso_Poligono_Industrial_043,0,100.12,75.63,479.99358750507116,387,Poligono_Industrial_043,Zona_1
388,1,Inicio_Poligono_Industrial_043,0,0.0,35.0,35.0,388,Poligono_Industrial_043,Zona_1
388,2,1101401,84,127.11,95.2,382.2,388,Poligono_Industrial_043,Zona_1
388,3,1101402,1,0.6952204264661506,0.8342645117593807,386.0342645117594,388,Poligono_Industrial_043,Zona_1
388,4,Regreso_Poligono_Industrial_043,0,126.6,93.4,479.43426451175935,388,Poligono_Industrial_043,Zona_1
389,1,Inicio_Poligono_Industrial_043,0,0.0,35.0,35.0,389,Poligono_Industrial_043,Zona_1
389,2,1101401,8,127.11,95.2,154.2,389,Poligono_Industrial_043,Zona_1
389,3,1101403,52,0.43242093410846966,0.5189051209301636,310.7189051209301,389,Poligono_Industrial_043,Zona_1
389,4,1101402,24,0.9271267125990728,1.1125520551188874,383.831457176049,389,Poligono_Industrial_043,Zona_1
389,5,Regreso_Poligono_Industrial_043,0,126.6,93.4,477.23145717604905,389,Poligono_Industrial_043,Zona_1
390,1,Inicio_Poligono_Industrial_043,0,0.0,35.0,35.0,390,Poligono_Industrial_043,Zona_1
390,2,1101402,4,126.6,93.4,140.4,390,Poligono_Industrial_043,Zona_1
390,3,1103903,41,5.819569469156384,6.983483362987662,270.3834833629877,390,Poligono_Industrial_043,Zona_1
390,4,1103901,9,6.7773341265912,8.13280095190944,305.5162843148971,390,Poligono_Industrial_043,Zona_1
390,5,1103902,9,5.041109230064485,6.049331076077382,338.5656153909745,390,Poligono_Industrial_043,Zona_1
390,6,1102305,13,23.56742360511644,28.280908326139727,405.8465237171142,390,Poligono_Industrial_043,Zona_1
390,7,Regreso_Poligono_Industrial_043,0,101.28,73.14,478.9865237171142,390,Poligono_Industrial_043,Zona_1
391,1,Inicio_Poligono_Industrial_043,0,0.0,35.0,35.0,391,Poligono_Industrial_043,Zona_1
391,2,1101901,15,85.57,81.42,161.42000000000002,391,Poligono_Industrial_043,Zona_1
391,3,1104001,5,8.211687227031073,9.854024672437287,186.2740246724373,391,Poligono_Industrial_043,Zona_1
391,4,1103801,55,6.9769739132043735,8.372368695845248,359.64639336828253,391,Poligono_Industrial_043,Zona_1
391,5,1104102,1,26.936278486853457,32.323534184224144,394.96992755250665,391,Poligono_Industrial_043,Zona_1
391,6,1104101,11,0.576816492465542,0.6921797909586505,428.6621073434653,391,Poligono_Industrial_043,Zona_1
391,7,Regreso_Poligono_Industrial_043,0,52.13,49.25,477.9121073434653,391,Poligono_Industrial_043,Zona_1
392,1,Inicio_Poligono_Industrial_043,0,0.0,35.0,35.0,392,Poligono_Industrial_043,Zona_1
392,2,1102001,40,74.75,60.84,215.84,392,Poligono_Industrial_043,Zona_1
392,3,1102002,69,0.8506383653790529,1.0207660384548636,423.86076603845487,392,Poligono_Industrial_043,Zona_1
392,4,Regreso_Poligono_Industrial_043,0,72.4,55.2,479.06076603845486,392,Poligono_Industrial_043,Zona_1
393,1,Inicio_Poligono_Industrial_043,0,0.0,35.0,35.0,393,Poligono_Industrial_043,Zona_1
393,2,1102002,111,72.4,55.2,423.2,393,Poligono_Industrial_043,Zona_1
393,3,Regreso_Poligono_Industrial_043,0,72.4,55.2,478.4,393,Poligono_Industrial_043,Zona_1
394,1,Inicio_Poligono_Industrial_043,0,0.0,35.0,35.0,394,Poligono_Industrial_043,Zona_1
394,2,1102002,72,72.4,55.2,306.2,394,Poligono_Industrial_043,Zona_1
394,3,1102004,39,0.976951716469757,1.1723420597637084,424.3723420597637,394,Poligono_Industrial_043,Zona_1
394,4,Regreso_Poligono_Industrial_043,0,70.96,53.02,477.3923420597637,394,Poligono_Industrial_043,Zona_1
395,1,Inicio_Poligono_Industrial_043,0,0.0,35.0,35.0,395,Poligono_Industrial_043,Zona_1
395,2,1102003,108,75.55,59.91,418.90999999999997,395,Poligono_Industrial_043,Zona_1
395,3,1102005,1,2.5104966326476297,3.0125959591771556,424.9225959591771,395,Poligono_Industrial_043,Zona_1
395,4,Regreso_Poligono_Industrial_043,0,72.44,54.65,479.5725959591771,395,Poligono_Industrial_043,Zona_1
396,1,Inicio_Poligono_Industrial_043,0,0.0,35.0,35.0,396,Poligono_Industrial_043,Zona_1
396,2,1102003,46,75.55,59.91,232.91,396,Poligono_Industrial_043,Zona_1
396,3,1102007,62,1.3201864001919763,1.5842236802303717,420.49422368023033,396,Poligono_Industrial_043,Zona_1
396,4,1102006,1,2.179594999517054,2.6155139994204646,426.1097376796508,396,Poligono_Industrial_043,Zona_1
396,5,Regreso_Poligono_Industrial_043,0,71.45,53.65,479.75973767965075,396,Poligono_Industrial_043,Zona_1
397,1,Inicio_Poligono_Industrial_043,0,0.0,35.0,35.0,397,Poligono_Industrial_043,Zona_1
397,2,1102004,112,70.96,53.02,424.02,397,Poligono_Industrial_043,Zona_1
397,3,Regreso_Poligono_Industrial_043,0,70.96,53.02,477.03999999999996,397,Poligono_Industrial_043,Zona_1
398,1,Inicio_Poligono_Industrial_043,0,0.0,35.0,35.0,398,Poligono_Industrial_043,Zona_1
398,2,1102004,112,70.96,53.02,424.02,398,Poligono_Industrial_043,Zona_1
398,3,Regreso_Poligono_Industrial_043,0,70.96,53.02,477.03999999999996,398,Poligono_Industrial_043,Zona_1
399,1,Inicio_Poligono_Industrial_043,0,0.0,35.0,35.0,399,Poligono_Industrial_043,Zona_1
399,2,1102004,38,70.96,53.02,202.02,399,Poligono_Industrial_043,Zona_1
399,3,1102006,74,0.6561751417064892,0.787410170047787,424.8074101700478,399,Poligono_Industrial_043,Zona_1
399,4,Regreso_Poligono_Industrial_043,0,71.45,53.65,478.45741017004775,399,Poligono_Industrial_043,Zona_1
400,1,Inicio_Poligono_Industrial_043,0,0.0,35.0,35.0,400,Poligono_Industrial_043,Zona_1
400,2,1102005,111,72.44,54.65,422.65,400,Poligono_Industrial_043,Zona_1
400,3,Regreso_Poligono_Industrial_043,0,72.44,54.65,477.29999999999995,400,Poligono_Industrial_043,Zona_1
401,1,Inicio_Poligono_Industrial_043,0,0.0,35.0,35.0,401,Poligono_Industrial_043,Zona_1
401,2,1102006,112,71.45,53.65,424.65,401,Poligono_Industrial_043,Zona_1
401,3,Regreso_Poligono_Industrial_043,0,71.45,53.65,478.29999999999995,401,Poligono_Industrial_043,Zona_1
402,1,Inicio_Poligono_Industrial_043,0,0.0,35.0,35.0,402,Poligono_Industrial_043,Zona_1
402,2,1102006,112,71.45,53.65,424.65,402,Poligono_Industrial_043,Zona_1
402,3,Regreso_Poligono_Industrial_043,0,71.45,53.65,478.29999999999995,402,Poligono_Industrial_043,Zona_1
403,1,Inicio_Poligono_Industrial_043,0,0.0,35.0,35.0,403,Poligono_Industrial_043,Zona_1
403,2,1102006,112,71.45,53.65,424.65,403,Poligono_Industrial_043,Zona_1
403,3,Regreso_Poligono_Industrial_043,0,71.45,53.65,478.29999999999995,403,Poligono_Industrial_043,Zona_1
404,1,Inicio_Poligono_Industrial_043,0,0.0,35.0,35.0,404,Poligono_Industrial_043,Zona_1
404,2,1102006,112,71.45,53.65,424.65,404,Poligono_Industrial_043,Zona_1
404,3,Regreso_Poligono_Industrial_043,0,71.45,53.65,478.29999999999995,404,Poligono_Industrial_043,Zona_1
405,1,Inicio_Poligono_Industrial_043,0,0.0,35.0,35.0,405,Poligono_Industrial_043,Zona_1
405,2,1102006,110,71.45,53.65,418.65,405,Poligono_Industrial_043,Zona_1
405,3,Regreso_Poligono_Industrial_043,0,71.45,53.65,472.29999999999995,405,Poligono_Industrial_043,Zona_1
406,1,Inicio_Poligono_Industrial_043,0,0.0,35.0,35.0,406,Poligono_Industrial_043,Zona_1
406,2,1102007,109,74.14,58.16,420.15999999999997,406,Poligono_Industrial_043,Zona_1
406,3,Regreso_Poligono_Industrial_043,0,74.14,58.16,478.31999999999994,406,Poligono_Industrial_043,Zona_1
407,1,Inicio_Poligono_Industrial_043,0,0.0,35.0,35.0,407,Poligono_Industrial_043,Zona_1
407,2,1102007,49,74.14,58.16,240.16,407,Poligono_Industrial_043,Zona_1
407,3,1102008,29,3.0309461161812545,3.6371353394175054,330.79713533941754,407,Poligono_Industrial_043,Zona_1
407,4,1102010,25,6.80720301196267,8.168643614355204,413.96577895377277,407,Poligono_Industrial_043,Zona_1
407,5,Regreso_Poligono_Industrial_043,0,79.94,65.13,479.09577895377276,407,Poligono_Industrial_043,Zona_1
408,1,Inicio_Poligono_Industrial_043,0,0.0,35.0,35.0,408,Poligono_Industrial_043,Zona_1
408,2,1102009,96,62.78,77.99,400.99,408,Poligono_Industrial_043,Zona_1
408,3,Regreso_Poligono_Industrial_043,0,62.78,77.99,478.98,408,Poligono_Industrial_043,Zona_1
409,1,Inicio_Poligono_Industrial_043,0,0.0,35.0,35.0,409,Poligono_Industrial_043,Zona_1
409,2,1102009,5,62.78,77.99,127.99,409,Poligono_Industrial_043,Zona_1
409,3,1103701,66,9.408212265888787,11.289854719066545,337.2798547190665,409,Poligono_Industrial_043,Zona_1
409,4,1103201,14,19.95247322641068,23.94296787169282,403.22282259075934,409,Poligono_Industrial_043,Zona_1
409,5,Regreso_Poligono_Industrial_043,0,99.35,74.06,477.28282259075934,409,Poligono_Industrial_043,Zona_1
410,1,Inicio_Poligono_Industrial_043,0,0.0,35.0,35.0,410,Poligono_Industrial_043,Zona_1
410,2,1102010,1,79.94,65.13,103.13,410,Poligono_Industrial_043,Zona_1
410,3,1102704,68,9.7748213091313,11.72978557095756,318.85978557095757,410,Poligono_Industrial_043,Zona_1
410,4,1102701,29,3.8735923466941427,4.648310816032971,410.50809638699053,410,Poligono_Industrial_043,Zona_1
410,5,Regreso_Poligono_Industrial_043,0,90.5,67.98,478.48809638699055,410,Poligono_Industrial_043,Zona_1
411,1,Inicio_Poligono_Industrial_043,0,0.0,35.0,35.0,411,Poligono_Industrial_043,Zona_1
411,2,1102101,23,196.8,146.3,250.3,411,Poligono_Industrial_043,Zona_1
411,3,1102103,10,5.143454430387582,6.172145316465098,286.4721453164651,411,Poligono_Industrial_043,Zona_1
411,4,1190301,9,12.285331586286077,14.742397903543292,328.2145432200084,411,Poligono_Industrial_043,Zona_1
411,5,1103305,2,7.010916878134188,8.413100253761026,342.6276434737694,411,Poligono_Industrial_043,Zona_1
411,6,1103302,1,11.079197715211569,13.295037258253883,358.9226807320233,411,Poligono_Industrial_043,Zona_1
411,7,Regreso_Poligono_Industrial_043,0,171.34,118.71,477.6326807320233,411,Poligono_Industrial_043,Zona_1
412,1,Inicio_Poligono_Industrial_043,0,0.0,35.0,35.0,412,Poligono_Industrial_043,Zona_1
412,2,1102201,65,176.08,124.69,354.69,412,Poligono_Industrial_043,Zona_1
412,3,Regreso_Poligono_Industrial_043,0,176.08,124.69,479.38,412,Poligono_Industrial_043,Zona_1
413,1,Inicio_Poligono_Industrial_043,0,0.0,35.0,35.0,413,Poligono_Industrial_043,Zona_1
413,2,1102201,9,176.08,124.69,186.69,413,Poligono_Industrial_043,Zona_1
413,3,1102203,56,0.25803882558579877,0.3096465907029585,354.9996465907029,413,Poligono_Industrial_043,Zona_1
413,4,Regreso_Poligono_Industrial_043,0,175.74,123.94,478.9396465907029,413,Poligono_Industrial_043,Zona_1
414,1,Inicio_Poligono_Industrial_043,0,0.0,35.0,35.0,414,Poligono_Industrial_043,Zona_1
414,2,1102202,64,176.55,125.08,352.08,414,Poligono_Industrial_043,Zona_1
414,3,1102203,1,0.7182915848766478,0.8619499018519774,355.94194990185196,414,Poligono_Industrial_043,Zona_1
414,4,Regreso_Poligono_Industrial_043,0,175.74,123.94,479.88194990185195,414,Poligono_Industrial_043,Zona_1
415,1,Inicio_Poligono_Industrial_043,0,0.0,35.0,35.0,415,Poligono_Industrial_043,Zona_1
415,2,1102202,33,176.55,125.08,259.08,415,Poligono_Industrial_043,Zona_1
415,3,1102203,32,0.7182915848766478,0.8619499018519774,355.94194990185196,415,Poligono_Industrial_043,Zona_1
415,4,Regreso_Poligono_Industrial_043,0,175.74,123.94,479.88194990185195,415,Poligono_Industrial_043,Zona_1
416,1,Inicio_Poligono_Industrial_043,0,0.0,35.0,35.0,416,Poligono_Industrial_043,Zona_1
416,2,1102203,56,175.74,123.94,326.94,416,Poligono_Industrial_043,Zona_1
416,3,1102204,9,0.521780984726463,0.6261371816717556,354.56613718167176,416,Poligono_Industrial_043,Zona_1
416,4,Regreso_Poligono_Industrial_043,0,175.53,124.04,478.6061371816718,416,Poligono_Industrial_043,Zona_1
417,1,Inicio_Poligono_Industrial_043,0,0.0,35.0,35.0,417,Poligono_Industrial_043,Zona_1
417,2,1102204,38,175.53,124.04,273.04,417,Poligono_Industrial_043,Zona_1
417,3,1102205,27,0.7934731233831842,0.952167748059821,354.99216774805984,417,Poligono_Industrial_043,Zona_1
417,4,1103303,1,1.3467016446337867,1.6160419735605442,359.60820972162037,417,Poligono_Industrial_043,Zona_1
417,5,Regreso_Poligono_Industrial_043,0,173.09,120.3,479.9082097216204,417,Poligono_Industrial_043,Zona_1
418,1,Inicio_Poligono_Industrial_043,0,0.0,35.0,35.0,418,Poligono_Industrial_043,Zona_1
418,2,1102205,18,174.57,122.24,211.24,418,Poligono_Industrial_043,Zona_1
418,3,1103303,39,1.3467016446337867,1.6160419735605442,329.85604197356054,418,Poligono_Industrial_043,Zona_1
418,4,1102206,6,3.260582412734647,3.9126988952815767,351.7687408688421,418,Poligono_Industrial_043,Zona_1
418,5,1103301,1,5.38668834360062,6.464026012320744,361.23276688116283,418,Poligono_Industrial_043,Zona_1
418,6,Regreso_Poligono_Industrial_043,0,169.84,117.45,478.6827668811628,418,Poligono_Industrial_043,Zona_1
419,1,Inicio_Poligono_Industrial_043,0,0.0,35.0,35.0,419,Poligono_Industrial_043,Zona_1
419,2,1102206,36,176.69,125.79,268.79,419,Poligono_Industrial_043,Zona_1
419,3,1102207,27,1.3451438806764346,1.6141726568117214,351.40417265681174,419,Poligono_Industrial_043,Zona_1
419,4,1103301,1,4.403313506695425,5.28397620803451,359.68814886484626,419,Poligono_Industrial_043,Zona_1
419,5,Regreso_Poligono_Industrial_043,0,169.84,117.45,477.13814886484624,419,Poligono_Industrial_043,Zona_1
420,1,Inicio_Poligono_Industrial_043,0,0.0,35.0,35.0,420,Poligono_Industrial_043,Zona_1
420,2,1102207,63,177.53,127.56,351.56,420,Poligono_Industrial_043,Zona_1
420,3,1103301,1,4.403313506695425,5.28397620803451,359.8439762080345,420,Poligono_Industrial_043,Zona_1
420,4,Regreso_Poligono_Industrial_043,0,169.84,117.45,477.2939762080345,420,Poligono_Industrial_043,Zona_1
421,1,Inicio_Poligono_Industrial_043,0,0.0,35.0,35.0,421,Poligono_Industrial_043,Zona_1
421,2,1102207,4,177.53,127.56,174.56,421,Poligono_Industrial_043,Zona_1
421,3,1103301,30,4.403313506695425,5.28397620803451,269.8439762080345,421,Poligono_Industrial_043,Zona_1
421,4,1103302,30,0.5912948605352608,0.709553832642313,360.55353004067683,421,Poligono_Industrial_043,Zona_1
421,5,Regreso_Poligono_Industrial_043,0,171.34,118.71,479.2635300406768,421,Poligono_Industrial_043,Zona_1
422,1,Inicio_Poligono_Industrial_043,0,0.0,35.0,35.0,422,Poligono_Industrial_043,Zona_1
422,2,1102305,29,101.28,73.14,195.14,422,Poligono_Industrial_043,Zona_1
422,3,1102501,16,8.78033433393877,10.536401200726525,253.6764012007265,422,Poligono_Industrial_043,Zona_1
422,4,1102804,42,20.287316838090423,24.344780205708506,404.021181406435,422,Poligono_Industrial_043,Zona_1
422,5,Regreso_Poligono_Industrial_043,0,99.96,74.11,478.131181406435,422,Poligono_Industrial_043,Zona_1
423,1,Inicio_Poligono_Industrial_043,0,0.0,35.0,35.0,423,Poligono_Industrial_043,Zona_1
423,2,1102701,103,90.5,67.98,411.98,423,Poligono_Industrial_043,Zona_1
423,3,Regreso_Poligono_Industrial_043,0,90.5,67.98,479.96000000000004,423,Poligono_Industrial_043,Zona_1
424,1,Inicio_Poligono_Industrial_043,0,0.0,35.0,35.0,424,Poligono_Industrial_043,Zona_1
424,2,1102701,103,90.5,67.98,411.98,424,Poligono_Industrial_043,Zona_1
424,3,Regreso_Poligono_Industrial_043,0,90.5,67.98,479.96000000000004,424,Poligono_Industrial_043,Zona_1
425,1,Inicio_Poligono_Industrial_043,0,0.0,35.0,35.0,425,Poligono_Industrial_043,Zona_1
425,2,1102701,103,90.5,67.98,411.98,425,Poligono_Industrial_043,Zona_1
425,3,Regreso_Poligono_Industrial_043,0,90.5,67.98,479.96000000000004,425,Poligono_Industrial_043,Zona_1
426,1,Inicio_Poligono_Industrial_043,0,0.0,35.0,35.0,426,Poligono_Industrial_043,Zona_1
426,2,1102701,2,90.5,67.98,108.98,426,Poligono_Industrial_043,Zona_1
426,3,1102703,99,1.1131423559226925,1.335770827107231,407.31577082710726,426,Poligono_Industrial_043,Zona_1
426,4,Regreso_Poligono_Industrial_043,0,95.8,71.11,478.42577082710727,426,Poligono_Industrial_043,Zona_1
427,1,Inicio_Poligono_Industrial_043,0,0.0,35.0,35.0,427,Poligono_Industrial_043,Zona_1
427,2,1102702,99,98.2,72.92,404.92,427,Poligono_Industrial_043,Zona_1
427,3,Regreso_Poligono_Industrial_043,0,98.2,72.92,477.84000000000003,427,Poligono_Industrial_043,Zona_1
428,1,Inicio_Poligono_Industrial_043,0,0.0,35.0,35.0,428,Poligono_Industrial_043,Zona_1
428,2,1102702,99,98.2,72.92,404.92,428,Poligono_Industrial_043,Zona_1
428,3,Regreso_Poligono_Industrial_043,0,98.2,72.92,477.84000000000003,428,Poligono_Industrial_043,Zona_1
429,1,Inicio_Poligono_Industrial_043,0,0.0,35.0,35.0,429,Poligono_Industrial_043,Zona_1
429,2,1102702,31,98.2,72.92,200.92000000000002,429,Poligono_Industrial_043,Zona_1
429,3,1102703,67,3.538716268079371,4.246459521695246,406.1664595216953,429,Poligono_Industrial_043,Zona_1
429,4,Regreso_Poligono_Industrial_043,0,95.8,71.11,477.2764595216953,429,Poligono_Industrial_043,Zona_1
430,1,Inicio_Poligono_Industrial_043,0,0.0,35.0,35.0,430,Poligono_Industrial_043,Zona_1
430,2,1102703,60,95.8,71.11,286.11,430,Poligono_Industrial_043,Zona_1
430,3,1102802,22,9.473838833345503,11.368606600014605,363.4786066000146,430,Poligono_Industrial_043,Zona_1
430,4,1102803,16,0.4212157304749225,0.5054588765699071,411.9840654765845,430,Poligono_Industrial_043,Zona_1
430,5,Regreso_Poligono_Industrial_043,0,93.89,67.74,479.7240654765845,430,Poligono_Industrial_043,Zona_1
431,1,Inicio_Poligono_Industrial_043,0,0.0,35.0,35.0,431,Poligono_Industrial_043,Zona_1
431,2,1102803,98,93.89,67.74,396.74,431,Poligono_Industrial_043,Zona_1
431,3,Regreso_Poligono_Industrial_043,0,93.89,67.74,464.48,431,Poligono_Industrial_043,Zona_1
432,1,Inicio_Poligono_Industrial_043,0,0.0,35.0,35.0,432,Poligono_Industrial_043,Zona_1
432,2,1102804,98,99.96,74.11,403.11,432,Poligono_Industrial_043,Zona_1
432,3,Regreso_Poligono_Industrial_043,0,99.96,74.11,477.22,432,Poligono_Industrial_043,Zona_1
433,1,Inicio_Poligono_Industrial_043,0,0.0,35.0,35.0,433,Poligono_Industrial_043,Zona_1
433,2,1102804,49,99.96,74.11,256.11,433,Poligono_Industrial_043,Zona_1
433,3,1103101,46,8.092202281384436,9.710642737661324,403.82064273766133,433,Poligono_Industrial_043,Zona_1
433,4,Regreso_Poligono_Industrial_043,0,103.0,75.05,478.87064273766134,433,Poligono_Industrial_043,Zona_1
434,1,Inicio_Poligono_Industrial_043,0,0.0,35.0,35.0,434,Poligono_Industrial_043,Zona_1
434,2,1102901,19,41.09,36.21,128.21,434,Poligono_Industrial_043,Zona_1
434,3,1104101,21,10.471692512178743,12.566031014614492,203.7760310146145,434,Poligono_Industrial_043,Zona_1
434,4,1190301,13,61.83646439180716,74.2037572701686,316.97978828478307,434,Poligono_Industrial_043,Zona_1
434,5,1103305,6,7.010916878134188,8.413100253761026,343.39288853854407,434,Poligono_Industrial_043,Zona_1
434,6,1103302,1,11.079197715211569,13.295037258253883,359.68792579679797,434,Poligono_Industrial_043,Zona_1
434,7,Regreso_Poligono_Industrial_043,0,171.34,118.71,478.39792579679795,434,Poligono_Industrial_043,Zona_1
435,1,Inicio_Poligono_Industrial_043,0,0.0,35.0,35.0,435,Poligono_Industrial_043,Zona_1
435,2,1103001,90,105.97,87.11,392.11,435,Poligono_Industrial_043,Zona_1
435,3,Regreso_Poligono_Industrial_043,0,105.97,87.11,479.22,435,Poligono_Industrial_043,Zona_1
436,1,Inicio_Poligono_Industrial_043,0,0.0,35.0,35.0,436,Poligono_Industrial_043,Zona_1
436,2,1103001,4,105.97,87.11,134.11,436,Poligono_Industrial_043,Zona_1
436,3,1103003,86,0.4367860962301748,0.5241433154762097,392.63414331547625,436,Poligono_Industrial_043,Zona_1
436,4,Regreso_Poligono_Industrial_043,0,105.71,86.09,478.7241433154762,436,Poligono_Industrial_043,Zona_1
437,1,Inicio_Poligono_Industrial_043,0,0.0,35.0,35.0,437,Poligono_Industrial_043,Zona_1
437,2,1103002,56,105.35,85.3,288.3,437,Poligono_Industrial_043,Zona_1
437,3,1103003,35,0.4201778180583257,0.5042133816699909,393.80421338167,437,Poligono_Industrial_043,Zona_1
437,4,Regreso_Poligono_Industrial_043,0,105.71,86.09,479.89421338167006,437,Poligono_Industrial_043,Zona_1
438,1,Inicio_Poligono_Industrial_043,0,0.0,35.0,35.0,438,Poligono_Industrial_043,Zona_1
438,2,1103003,16,105.71,86.09,169.09,438,Poligono_Industrial_043,Zona_1
438,3,1103202,22,16.979236942568434,20.37508433108212,255.46508433108212,438,Poligono_Industrial_043,Zona_1
438,4,1103204,30,0.4511481319864084,0.5413777583836901,346.0064620894658,438,Poligono_Industrial_043,Zona_1
438,5,1103203,18,0.23474569826945602,0.2816948379233472,400.28815692738914,438,Poligono_Industrial_043,Zona_1
438,6,1103201,1,1.1552448588849424,1.3862938306619308,404.6744507580511,438,Poligono_Industrial_043,Zona_1
438,7,Regreso_Poligono_Industrial_043,0,99.35,74.06,478.7344507580511,438,Poligono_Industrial_043,Zona_1
439,1,Inicio_Poligono_Industrial_043,0,0.0,35.0,35.0,439,Poligono_Industrial_043,Zona_1
439,2,1103101,98,103.0,75.05,404.05,439,Poligono_Industrial_043,Zona_1
439,3,Regreso_Poligono_Industrial_043,0,103.0,75.05,479.1,439,Poligono_Industrial_043,Zona_1
440,1,Inicio_Poligono_Industrial_043,0,0.0,35.0,35.0,440,Poligono_Industrial_043,Zona_1
440,2,1103101,54,103.0,75.05,272.05,440,Poligono_Industrial_043,Zona_1
440,3,1103102,9,1.019671597503058,1.2236059170036695,300.2736059170037,440,Poligono_Industrial_043,Zona_1
440,4,1103104,34,0.5514243424846832,0.6617092109816198,402.9353151279853,440,Poligono_Industrial_043,Zona_1
440,5,Regreso_Poligono_Industrial_043,0,103.93,76.65,479.58531512798527,440,Poligono_Industrial_043,Zona_1
441,1,Inicio_Poligono_Industrial_043,0,0.0,35.0,35.0,441,Poligono_Industrial_043,Zona_1
441,2,1103103,73,103.95,76.03,330.03,441,Poligono_Industrial_043,Zona_1
441,3,1103104,24,0.6790051549697974,0.8148061859637569,402.84480618596376,441,Poligono_Industrial_043,Zona_1
441,4,Regreso_Poligono_Industrial_043,0,103.93,76.65,479.49480618596374,441,Poligono_Industrial_043,Zona_1
442,1,Inicio_Poligono_Industrial_043,0,0.0,35.0,35.0,442,Poligono_Industrial_043,Zona_1
442,2,1103104,12,103.93,76.65,147.65,442,Poligono_Industrial_043,Zona_1
442,3,1103106,84,0.5647412713096115,0.6776895255715338,400.32768952557154,442,Poligono_Industrial_043,Zona_1
442,4,Regreso_Poligono_Industrial_043,0,105.12,78.04,478.36768952557156,442,Poligono_Industrial_043,Zona_1
443,1,Inicio_Poligono_Industrial_043,0,0.0,35.0,35.0,443,Poligono_Industrial_043,Zona_1
443,2,1103105,96,105.03,77.8,400.8,443,Poligono_Industrial_043,Zona_1
443,3,Regreso_Poligono_Industrial_043,0,105.03,77.8,478.6,443,Poligono_Industrial_043,Zona_1
444,1,Inicio_Poligono_Industrial_043,0,0.0,35.0,35.0,444,Poligono_Industrial_043,Zona_1
444,2,1103105,9,105.03,77.8,139.8,444,Poligono_Industrial_043,Zona_1
444,3,1103106,87,0.321945666207136,0.3863347994485632,401.18633479944856,444,Poligono_Industrial_043,Zona_1
444,4,Regreso_Poligono_Industrial_043,0,105.12,78.04,479.2263347994486,444,Poligono_Industrial_043,Zona_1
445,1,Inicio_Poligono_Industrial_043,0,0.0,35.0,35.0,445,Poligono_Industrial_043,Zona_1
445,2,1103106,96,105.12,78.04,401.04,445,Poligono_Industrial_043,Zona_1
445,3,Regreso_Poligono_Industrial_043,0,105.12,78.04,479.08000000000004,445,Poligono_Industrial_043,Zona_1
446,1,Inicio_Poligono_Industrial_043,0,0.0,35.0,35.0,446,Poligono_Industrial_043,Zona_1
446,2,1103106,95,105.12,78.04,398.04,446,Poligono_Industrial_043,Zona_1
446,3,Regreso_Poligono_Industrial_043,0,105.12,78.04,476.08000000000004,446,Poligono_Industrial_043,Zona_1
447,1,Inicio_Poligono_Industrial_043,0,0.0,35.0,35.0,447,Poligono_Industrial_043,Zona_1
447,2,1103302,63,171.34,118.71,342.71,447,Poligono_Industrial_043,Zona_1
447,3,1103304,6,3.0274848617876406,3.632981834145169,364.3429818341451,447,Poligono_Industrial_043,Zona_1
447,4,Regreso_Poligono_Industrial_043,0,166.57,114.63,478.9729818341451,447,Poligono_Industrial_043,Zona_1
448,1,Inicio_Poligono_Industrial_043,0,0.0,35.0,35.0,448,Poligono_Industrial_043,Zona_1
448,2,1103304,10,166.57,114.63,179.63,448,Poligono_Industrial_043,Zona_1
448,3,1103305,49,13.15676484336031,15.788117812032374,342.4181178120324,448,Poligono_Industrial_043,Zona_1
448,4,Regreso_Poligono_Industrial_043,0,186.86,135.72,478.1381178120324,448,Poligono_Industrial_043,Zona_1
449,1,Inicio_Poligono_Industrial_043,0,0.0,35.0,35.0,449,Poligono_Industrial_043,Zona_1
449,2,1103305,54,186.86,135.72,332.72,449,Poligono_Industrial_043,Zona_1
449,3,Regreso_Poligono_Industrial_043,0,186.86,135.72,468.44000000000005,449,Poligono_Industrial_043,Zona_1
450,1,Inicio_Poligono_Industrial_043,0,0.0,35.0,35.0,450,Poligono_Industrial_043,Zona_1
450,2,1103201,98,99.35,74.06,403.06,450,Poligono_Industrial_043,Zona_1
450,3,Regreso_Poligono_Industrial_043,0,99.35,74.06,477.12,450,Poligono_Industrial_043,Zona_1
451,1,Inicio_Poligono_Industrial_043,0,0.0,35.0,35.0,451,Poligono_Industrial_043,Zona_1
451,2,1103201,80,99.35,74.06,349.06,451,Poligono_Industrial_043,Zona_1
451,3,1103205,17,1.135294381120285,1.3623532573443418,401.42235325734435,451,Poligono_Industrial_043,Zona_1
451,4,Regreso_Poligono_Industrial_043,0,101.5,78.44,479.86235325734435,451,Poligono_Industrial_043,Zona_1
452,1,Inicio_Poligono_Industrial_043,0,0.0,35.0,35.0,452,Poligono_Industrial_043,Zona_1
452,2,1103203,48,101.17,77.3,256.3,452,Poligono_Industrial_043,Zona_1
452,3,1103205,48,0.5182668197312027,0.6219201836774432,400.92192018367746,452,Poligono_Industrial_043,Zona_1
452,4,Regreso_Poligono_Industrial_043,0,101.5,78.44,479.36192018367746,452,Poligono_Industrial_043,Zona_1
453,1,Inicio_Poligono_Industrial_043,0,0.0,35.0,35.0,453,Poligono_Industrial_043,Zona_1
453,2,1103205,91,101.5,78.44,386.44,453,Poligono_Industrial_043,Zona_1
453,3,Regreso_Poligono_Industrial_043,0,101.5,78.44,464.88,453,Poligono_Industrial_043,Zona_1
454,1,Inicio_Poligono_Industrial_043,0,0.0,35.0,35.0,454,Poligono_Industrial_043,Zona_1
454,2,1103501,59,188.07,133.99,345.99,454,Poligono_Industrial_043,Zona_1
454,3,Regreso_Poligono_Industrial_043,0,188.07,133.99,479.98,454,Poligono_Industrial_043,Zona_1
455,1,Inicio_Poligono_Industrial_043,0,0.0,35.0,35.0,455,Poligono_Industrial_043,Zona_1
455,2,1103501,59,188.07,133.99,345.99,455,Poligono_Industrial_043,Zona_1
455,3,Regreso_Poligono_Industrial_043,0,188.07,133.99,479.98,455,Poligono_Industrial_043,Zona_1
456,1,Inicio_Poligono_Industrial_043,0,0.0,35.0,35.0,456,Poligono_Industrial_043,Zona_1
456,2,1103501,17,188.07,133.99,219.99,456,Poligono_Industrial_043,Zona_1
456,3,1103502,35,6.688065894531649,8.025679073437978,333.015679073438,456,Poligono_Industrial_043,Zona_1
456,4,Regreso_Poligono_Industrial_043,0,190.54,146.75,479.765679073438,456,Poligono_Industrial_043,Zona_1
457,1,Inicio_Poligono_Industrial_043,0,0.0,35.0,35.0,457,Poligono_Industrial_043,Zona_1
457,2,1103502,4,190.54,146.75,193.75,457,Poligono_Industrial_043,Zona_1
457,3,Regreso_Poligono_Industrial_043,0,190.54,146.75,340.5,457,Poligono_Industrial_043,Zona_1
