id_camion,orden_parada,nodo_ine,paquetes,km_tramo,tiempo_tramo_min,tiempo_acumulado_min,Id_Transportista,Centro_Origen
1,1,Inicio_DQA4,0,0.0,40.0,40.0,1,DQA4
1,2,1400101,32,176.9,128.02,264.02,1,DQA4
1,3,1405001,15,7.059308086572126,8.47116970388655,317.49116970388656,1,DQA4
1,4,1405002,11,3.4887755153949525,4.1865306184739435,354.6777003223605,1,DQA4
1,5,Regreso_DQA4,0,176.17,124.98,479.65770032236054,1,DQA4
2,1,Inicio_DQA4,0,0.0,40.0,40.0,2,DQA4
2,2,1400201,24,145.44,111.9,223.9,2,DQA4
2,3,1400202,31,1.3195125411866042,1.583415049423925,318.4834150494239,2,DQA4
2,4,1404203,15,6.549007269800079,7.858808723760095,371.342223773184,2,DQA4
2,5,Regreso_DQA4,0,139.51,108.15,479.49222377318404,2,DQA4
3,1,Inicio_DQA4,0,0.0,40.0,40.0,3,DQA4
3,2,1400203,51,141.67,107.13,300.13,3,DQA4
3,3,1405605,20,6.90491355036072,8.285896260432864,368.4158962604329,3,DQA4
3,4,1405604,2,4.6804435328936655,5.616532239472399,380.0324284999053,3,DQA4
3,5,Regreso_DQA4,0,133.58,99.2,479.23242849990527,3,DQA4
4,1,Inicio_DQA4,0,0.0,40.0,40.0,4,DQA4
4,2,1400301,13,211.48,158.61,237.61,4,DQA4
4,3,1400601,15,6.837552013721063,8.205062416465275,290.8150624164653,4,DQA4
4,4,1405402,6,5.790069790649425,6.94808374877931,315.7631461652446,4,DQA4
4,5,Regreso_DQA4,0,219.15,164.16,479.9231461652446,4,DQA4
5,1,Inicio_DQA4,0,0.0,40.0,40.0,5,DQA4
5,2,1400401,12,200.62,150.47,226.47,5,DQA4
5,3,1400402,6,2.071520509113101,2.485824610935721,246.95582461093574,5,DQA4
5,4,1403101,5,10.74784178942998,12.897410147315977,274.8532347582517,5,DQA4
5,5,1405504,13,5.228779735338653,6.274535682406384,320.1277704406581,5,DQA4
5,6,1405501,1,7.011382061866342,8.413658474239611,331.54142891489766,5,DQA4
5,7,Regreso_DQA4,0,190.84,147.26,478.80142891489766,5,DQA4
6,1,Inicio_DQA4,0,0.0,40.0,40.0,6,DQA4
6,2,1400501,65,115.92,116.05,351.05,6,DQA4
6,3,1403301,5,7.580702989000205,9.096843586800246,375.1468435868003,6,DQA4
6,4,1401703,4,6.498841588865975,7.79860990663917,394.94545349343946,6,DQA4
6,5,Regreso_DQA4,0,116.73,82.21,477.15545349343944,6,DQA4
7,1,Inicio_DQA4,0,0.0,40.0,40.0,7,DQA4
7,2,1400701,31,178.68,139.79,272.78999999999996,7,DQA4
7,3,1400704,12,0.36810129798651614,0.44172155758381937,309.2317215575838,7,DQA4
7,4,1400702,10,0.39607927748825084,0.475295132985901,339.7070166905697,7,DQA4
7,5,Regreso_DQA4,0,177.74,139.02,478.7270166905697,7,DQA4
8,1,Inicio_DQA4,0,0.0,40.0,40.0,8,DQA4
8,2,1400702,1,177.74,139.02,182.02,8,DQA4
8,3,1400703,52,0.8202281597757168,0.9842737917308603,339.00427379173084,8,DQA4
8,4,Regreso_DQA4,0,178.72,139.59,478.59427379173087,8,DQA4
9,1,Inicio_DQA4,0,0.0,40.0,40.0,9,DQA4
9,2,1400703,34,178.72,139.59,281.59000000000003,9,DQA4
9,3,1402202,11,7.888626848462873,9.466352218155446,324.0563522181555,9,DQA4
9,4,1402201,6,0.8457655974832515,1.0149187169799019,343.0712709351354,9,DQA4
9,5,Regreso_DQA4,0,179.29,134.87,477.9412709351354,9,DQA4
10,1,Inicio_DQA4,0,0.0,40.0,40.0,10,DQA4
10,2,1400705,8,188.62,146.68,210.68,10,DQA4
10,3,1406301,7,11.096525449974335,13.315830539969202,244.9958305399692,10,DQA4
10,4,1401402,11,10.69000234893301,12.828002818719613,290.82383335868883,10,DQA4
10,5,1401401,11,8.128639943557367,9.75436793226884,333.5782012909577,10,DQA4
10,6,1401202,2,6.015593941137683,7.21871272936522,346.7969140203229,10,DQA4
10,7,Regreso_DQA4,0,183.96,132.09,478.88691402032293,10,DQA4
11,1,Inicio_DQA4,0,0.0,40.0,40.0,11,DQA4
11,2,1400801,5,243.88,182.91,237.91,11,DQA4
11,3,1400804,8,0.4757664824284305,0.5709197789141166,262.4809197789141,11,DQA4
11,4,1400802,6,0.5503246031476925,0.660389523777231,281.1413093026913,11,DQA4
11,5,1400803,4,2.092404298104657,2.5108851577255886,295.65219446041687,11,DQA4
11,6,Regreso_DQA4,0,245.77,184.33,479.98219446041685,11,DQA4
12,1,Inicio_DQA4,0,0.0,40.0,40.0,12,DQA4
12,2,1400803,1,245.77,184.33,227.33,12,DQA4
12,3,1403503,21,10.342264507118482,12.41071740854218,302.7407174085422,12,DQA4
12,4,Regreso_DQA4,0,234.74,176.06,478.8007174085422,12,DQA4
13,1,Inicio_DQA4,0,0.0,40.0,40.0,13,DQA4
13,2,1400901,10,212.45,153.57,223.57,13,DQA4
13,3,1400902,6,0.32648764122173635,0.3917851694660836,241.96178516946608,13,DQA4
13,4,1400903,7,2.1591918249451125,2.591030189934135,265.5528153594002,13,DQA4
13,5,1405202,16,7.623724565423459,9.14846947850815,322.70128483790836,13,DQA4
13,6,1405203,1,1.9449104917783275,2.333892590133993,328.03517742804235,13,DQA4
13,7,Regreso_DQA4,0,198.29,149.52,477.5551774280424,13,DQA4
14,1,Inicio_DQA4,0,0.0,40.0,40.0,14,DQA4
14,2,1401001,12,176.08,129.22,205.22,14,DQA4
14,3,1401002,19,0.4359046163263593,0.5230855395916312,262.7430855395916,14,DQA4
14,4,1401003,10,2.4013021830717247,2.8815626196860697,295.6246481592777,14,DQA4
14,5,1404801,11,4.724193509125741,5.669032210950889,334.29368037022857,14,DQA4
14,6,4101401,9,10.349431631262606,12.419317957515126,373.7129983277437,14,DQA4
14,7,4102602,1,6.003511534385785,7.204213841262942,383.9172121690067,14,DQA4
14,8,Regreso_DQA4,0,128.02,95.96,479.87721216900667,14,DQA4
15,1,Inicio_DQA4,0,0.0,40.0,40.0,15,DQA4
15,2,1401101,5,202.69,152.02,207.02,15,DQA4
15,3,1406401,3,7.861980049568664,9.434376059482396,225.4543760594824,15,DQA4
15,4,1403201,3,11.438359712153966,13.726031654584759,248.18040771406714,15,DQA4
15,5,1405204,2,7.237467271209646,8.684960725451576,262.8653684395187,15,DQA4
15,6,1405203,18,1.286491212070788,1.5437894544849455,318.40915789400367,15,DQA4
15,7,1405201,2,2.8346392680693207,3.401567121683185,327.81072501568684,15,DQA4
15,8,4105502,1,72.5624284136659,87.07491409639908,417.8856391120859,15,DQA4
15,9,Regreso_DQA4,0,63.66,60.28,478.16563911208596,15,DQA4
16,1,Inicio_DQA4,0,0.0,40.0,40.0,16,DQA4
16,2,1401201,16,182.46,130.98,218.98,16,DQA4
16,3,1401204,13,0.5813852595072171,0.6976623114086605,258.67766231140865,16,DQA4
16,4,1401202,12,1.0009510300142717,1.201141236017126,295.8788035474258,16,DQA4
16,5,1401203,14,3.958684289608914,4.750421147530696,342.62922469495646,16,DQA4
16,6,1401801,2,8.932123325425353,10.718547990510425,359.3477726854669,16,DQA4
16,7,Regreso_DQA4,0,170.22,119.47,478.81777268546693,16,DQA4
17,1,Inicio_DQA4,0,0.0,40.0,40.0,17,DQA4
17,2,1401203,1,181.03,136.87,179.87,17,DQA4
17,3,1401801,9,8.932123325425353,10.718547990510425,217.58854799051042,17,DQA4
17,4,1401802,29,0.5936594953920697,0.7123913944704837,305.3009393849809,17,DQA4
17,5,1406701,17,4.5532262444244465,5.463871493309336,361.76481087829023,17,DQA4
17,6,Regreso_DQA4,0,167.51,117.63,479.39481087829023,17,DQA4
18,1,Inicio_DQA4,0,0.0,40.0,40.0,18,DQA4
18,2,1401301,62,168.93,125.9,351.9,18,DQA4
18,3,Regreso_DQA4,0,168.93,125.9,477.79999999999995,18,DQA4
19,1,Inicio_DQA4,0,0.0,40.0,40.0,19,DQA4
19,2,1401301,21,168.93,125.9,228.9,19,DQA4
19,3,1401302,36,0.35668684846750626,0.4280242181610075,337.32802421816103,19,DQA4
19,4,1401303,5,0.3252917805551321,0.3903501366661585,352.7183743548272,19,DQA4
19,5,Regreso_DQA4,0,169.02,125.6,478.31837435482714,19,DQA4
20,1,Inicio_DQA4,0,0.0,40.0,40.0,20,DQA4
20,2,1401303,30,169.02,125.6,255.6,20,DQA4
20,3,1401304,15,1.9222502562642398,2.3067003075170875,302.9067003075171,20,DQA4
20,4,1403803,15,8.765412067890482,10.51849448146858,358.42519478898566,20,DQA4
20,5,Regreso_DQA4,0,160.14,119.62,478.04519478898567,20,DQA4
21,1,Inicio_DQA4,0,0.0,40.0,40.0,21,DQA4
21,2,1401501,18,178.94,133.9,227.9,21,DQA4
21,3,1407501,5,7.270589716959875,8.72470766035185,251.62470766035185,21,DQA4
21,4,1402201,19,4.357731010843217,5.229277213011861,313.8539848733637,21,DQA4
21,5,1404601,5,8.625839644673906,10.351007573608687,339.20499244697237,21,DQA4
21,6,1404205,2,11.566967673631991,13.880361208358389,359.0853536553308,21,DQA4
21,7,1404201,1,6.930772160760278,8.316926592912333,370.40228024824313,21,DQA4
21,8,Regreso_DQA4,0,139.75,108.35,478.7522802482431,21,DQA4
22,1,Inicio_DQA4,0,0.0,40.0,40.0,22,DQA4
22,2,1401601,11,222.11,155.15,228.15,22,DQA4
22,3,1402001,3,17.872215080784084,21.4466580969409,258.5966580969409,22,DQA4
22,4,1406904,9,11.404128605728188,13.684954326873825,299.28161242381475,22,DQA4
22,5,1406901,3,6.278207082311757,7.533848498774108,315.81546092258884,22,DQA4
22,6,Regreso_DQA4,0,217.11,162.83,478.6454609225889,22,DQA4
23,1,Inicio_DQA4,0,0.0,40.0,40.0,23,DQA4
23,2,1401701,87,112.98,79.93,380.93,23,DQA4
23,3,1401702,4,3.36281701128773,4.035380413545276,396.9653804135453,23,DQA4
23,4,Regreso_DQA4,0,110.61,80.41,477.37538041354526,23,DQA4
24,1,Inicio_DQA4,0,0.0,40.0,40.0,24,DQA4
24,2,1401702,18,110.61,80.41,174.41,24,DQA4
24,3,1490201,11,5.990114582593417,7.1881374991121,214.5981374991121,24,DQA4
24,4,1405901,8,5.620748616117295,6.744898339340754,245.34303583845286,24,DQA4
24,5,1405701,43,1.3522658536283885,1.6227190243540663,375.96575486280693,24,DQA4
24,6,1406501,2,4.8462570060695604,5.815508407283472,387.7812632700904,24,DQA4
24,7,Regreso_DQA4,0,124.19,91.36,479.1412632700904,24,DQA4
25,1,Inicio_DQA4,0,0.0,40.0,40.0,25,DQA4
25,2,1401703,10,116.73,82.21,152.20999999999998,25,DQA4
25,3,1403301,9,6.498841588865975,7.79860990663917,187.00860990663915,25,DQA4
25,4,1406501,19,12.108476108383863,14.530171330060636,258.5387812366998,25,DQA4
25,5,1405701,22,4.8462570060695604,5.815508407283472,330.35428964398324,25,DQA4
25,6,1402701,13,7.90039928356968,9.480479140283617,378.8347687842669,25,DQA4
25,7,Regreso_DQA4,0,142.16,99.97,478.8047687842669,25,DQA4
26,1,Inicio_DQA4,0,0.0,40.0,40.0,26,DQA4
26,2,1401901,9,159.86,125.74,192.74,26,DQA4
26,3,1401904,18,0.3677241040319719,0.4412689248383663,247.18126892483838,26,DQA4
26,4,1401902,15,0.4296080807219491,0.5155296968663389,292.6967986217047,26,DQA4
26,5,1401905,9,0.7287059990791322,0.8744471988949587,320.5712458205997,26,DQA4
26,6,1401903,10,1.2994687208987337,1.5593624650784805,352.1306082856782,26,DQA4
26,7,Regreso_DQA4,0,160.65,126.63,478.7606082856782,26,DQA4
27,1,Inicio_DQA4,0,0.0,40.0,40.0,27,DQA4
27,2,1401903,1,160.65,126.63,169.63,27,DQA4
27,3,1402501,9,5.0053915976004415,6.00646991712053,202.6364699171205,27,DQA4
27,4,1402502,7,2.24925300201014,2.699103602412168,226.3355735195327,27,DQA4
27,5,1402503,10,3.1324813167509413,3.75897758010113,260.0945510996338,27,DQA4
27,6,1404102,17,7.448725217193776,8.938470260632531,320.03302136026633,27,DQA4
27,7,1404101,16,5.394079805700058,6.47289576684007,374.5059171271064,27,DQA4
27,8,Regreso_DQA4,0,145.36,103.42,477.9259171271064,27,DQA4
28,1,Inicio_DQA4,0,0.0,40.0,40.0,28,DQA4
28,2,1402101,76,145.61,105.54,373.54,28,DQA4
28,3,Regreso_DQA4,0,145.61,105.54,479.08000000000004,28,DQA4
29,1,Inicio_DQA4,0,0.0,40.0,40.0,29,DQA4
29,2,1402101,76,145.61,105.54,373.54,29,DQA4
29,3,Regreso_DQA4,0,145.61,105.54,479.08000000000004,29,DQA4
30,1,Inicio_DQA4,0,0.0,40.0,40.0,30,DQA4
30,2,1402101,76,145.61,105.54,373.54,30,DQA4
30,3,Regreso_DQA4,0,145.61,105.54,479.08000000000004,30,DQA4
31,1,Inicio_DQA4,0,0.0,40.0,40.0,31,DQA4
31,2,1402101,76,145.61,105.54,373.54,31,DQA4
31,3,Regreso_DQA4,0,145.61,105.54,479.08000000000004,31,DQA4
32,1,Inicio_DQA4,0,0.0,40.0,40.0,32,DQA4
32,2,1402101,76,145.61,105.54,373.54,32,DQA4
32,3,Regreso_DQA4,0,145.61,105.54,479.08000000000004,32,DQA4
33,1,Inicio_DQA4,0,0.0,40.0,40.0,33,DQA4
33,2,1402101,74,145.61,105.54,367.54,33,DQA4
33,3,1402103,1,0.39891101657701344,0.4786932198924161,371.01869321989244,33,DQA4
33,4,1402104,1,0.39134688494899694,0.46961626193879635,374.48830948183127,33,DQA4
33,5,Regreso_DQA4,0,144.91,104.8,479.2883094818313,33,DQA4
34,1,Inicio_DQA4,0,0.0,40.0,40.0,34,DQA4
34,2,1402102,77,144.96,104.07,375.07,34,DQA4
34,3,Regreso_DQA4,0,144.96,104.07,479.14,34,DQA4
35,1,Inicio_DQA4,0,0.0,40.0,40.0,35,DQA4
35,2,1402102,77,144.96,104.07,375.07,35,DQA4
35,3,Regreso_DQA4,0,144.96,104.07,479.14,35,DQA4
36,1,Inicio_DQA4,0,0.0,40.0,40.0,36,DQA4
36,2,1402102,77,144.96,104.07,375.07,36,DQA4
36,3,Regreso_DQA4,0,144.96,104.07,479.14,36,DQA4
37,1,Inicio_DQA4,0,0.0,40.0,40.0,37,DQA4
37,2,1402102,77,144.96,104.07,375.07,37,DQA4
37,3,Regreso_DQA4,0,144.96,104.07,479.14,37,DQA4
38,1,Inicio_DQA4,0,0.0,40.0,40.0,38,DQA4
38,2,1402102,77,144.96,104.07,375.07,38,DQA4
38,3,Regreso_DQA4,0,144.96,104.07,479.14,38,DQA4
39,1,Inicio_DQA4,0,0.0,40.0,40.0,39,DQA4
39,2,1402102,77,144.96,104.07,375.07,39,DQA4
39,3,Regreso_DQA4,0,144.96,104.07,479.14,39,DQA4
40,1,Inicio_DQA4,0,0.0,40.0,40.0,40,DQA4
40,2,1402102,15,144.96,104.07,189.07,40,DQA4
40,3,1402104,56,0.5127857683148918,0.6153429219778701,357.68534292197785,40,DQA4
40,4,1402105,6,0.23880068368274085,0.286560820419289,375.97190374239716,40,DQA4
40,5,Regreso_DQA4,0,144.26,102.39,478.36190374239715,40,DQA4
41,1,Inicio_DQA4,0,0.0,40.0,40.0,41,DQA4
41,2,1402103,32,145.37,106.1,242.1,41,DQA4
41,3,1402108,38,0.2927644824015422,0.35131737888185066,356.45131737888187,41,DQA4
41,4,1402107,5,0.39542133411580865,0.47450560093897043,371.92582297982085,41,DQA4
41,5,1402110,1,0.6553581038513013,0.7864297246215616,375.7122527044424,41,DQA4
41,6,Regreso_DQA4,0,144.24,103.03,478.7422527044424,41,DQA4
42,1,Inicio_DQA4,0,0.0,40.0,40.0,42,DQA4
42,2,1402105,78,144.26,102.39,376.39,42,DQA4
42,3,Regreso_DQA4,0,144.26,102.39,478.78,42,DQA4
43,1,Inicio_DQA4,0,0.0,40.0,40.0,43,DQA4
43,2,1402105,78,144.26,102.39,376.39,43,DQA4
43,3,Regreso_DQA4,0,144.26,102.39,478.78,43,DQA4
44,1,Inicio_DQA4,0,0.0,40.0,40.0,44,DQA4
44,2,1402105,78,144.26,102.39,376.39,44,DQA4
44,3,Regreso_DQA4,0,144.26,102.39,478.78,44,DQA4
45,1,Inicio_DQA4,0,0.0,40.0,40.0,45,DQA4
45,2,1402105,43,144.26,102.39,271.39,45,DQA4
45,3,1402107,33,0.852351890281904,1.0228222683382846,371.4128222683383,45,DQA4
45,4,1402106,1,0.2962067131267151,0.3554480557520581,374.76827032409034,45,DQA4
45,5,Regreso_DQA4,0,145.12,105.11,479.87827032409035,45,DQA4
46,1,Inicio_DQA4,0,0.0,40.0,40.0,46,DQA4
46,2,1402106,76,145.12,105.11,373.11,46,DQA4
46,3,1402110,1,0.46829010257786824,0.5619481230934419,376.67194812309344,46,DQA4
46,4,Regreso_DQA4,0,144.24,103.03,479.7019481230934,46,DQA4
47,1,Inicio_DQA4,0,0.0,40.0,40.0,47,DQA4
47,2,1402106,76,145.12,105.11,373.11,47,DQA4
47,3,1402110,1,0.46829010257786824,0.5619481230934419,376.67194812309344,47,DQA4
47,4,Regreso_DQA4,0,144.24,103.03,479.7019481230934,47,DQA4
48,1,Inicio_DQA4,0,0.0,40.0,40.0,48,DQA4
48,2,1402106,76,145.12,105.11,373.11,48,DQA4
48,3,1402110,1,0.46829010257786824,0.5619481230934419,376.67194812309344,48,DQA4
48,4,Regreso_DQA4,0,144.24,103.03,479.7019481230934,48,DQA4
49,1,Inicio_DQA4,0,0.0,40.0,40.0,49,DQA4
49,2,1402106,76,145.12,105.11,373.11,49,DQA4
49,3,1402110,1,0.46829010257786824,0.5619481230934419,376.67194812309344,49,DQA4
49,4,Regreso_DQA4,0,144.24,103.03,479.7019481230934,49,DQA4
50,1,Inicio_DQA4,0,0.0,40.0,40.0,50,DQA4
50,2,1402106,76,145.12,105.11,373.11,50,DQA4
50,3,1402110,1,0.46829010257786824,0.5619481230934419,376.67194812309344,50,DQA4
50,4,Regreso_DQA4,0,144.24,103.03,479.7019481230934,50,DQA4
51,1,Inicio_DQA4,0,0.0,40.0,40.0,51,DQA4
51,2,1402106,76,145.12,105.11,373.11,51,DQA4
51,3,1402110,1,0.46829010257786824,0.5619481230934419,376.67194812309344,51,DQA4
51,4,Regreso_DQA4,0,144.24,103.03,479.7019481230934,51,DQA4
52,1,Inicio_DQA4,0,0.0,40.0,40.0,52,DQA4
52,2,1402106,76,145.12,105.11,373.11,52,DQA4
52,3,1402110,1,0.46829010257786824,0.5619481230934419,376.67194812309344,52,DQA4
52,4,Regreso_DQA4,0,144.24,103.03,479.7019481230934,52,DQA4
53,1,Inicio_DQA4,0,0.0,40.0,40.0,53,DQA4
53,2,1402106,76,145.12,105.11,373.11,53,DQA4
53,3,1402110,1,0.46829010257786824,0.5619481230934419,376.67194812309344,53,DQA4
53,4,Regreso_DQA4,0,144.24,103.03,479.7019481230934,53,DQA4
54,1,Inicio_DQA4,0,0.0,40.0,40.0,54,DQA4
54,2,1402106,76,145.12,105.11,373.11,54,DQA4
54,3,1402110,1,0.46829010257786824,0.5619481230934419,376.67194812309344,54,DQA4
54,4,Regreso_DQA4,0,144.24,103.03,479.7019481230934,54,DQA4
55,1,Inicio_DQA4,0,0.0,40.0,40.0,55,DQA4
55,2,1402106,76,145.12,105.11,373.11,55,DQA4
55,3,1402110,1,0.46829010257786824,0.5619481230934419,376.67194812309344,55,DQA4
55,4,Regreso_DQA4,0,144.24,103.03,479.7019481230934,55,DQA4
56,1,Inicio_DQA4,0,0.0,40.0,40.0,56,DQA4
56,2,1402106,76,145.12,105.11,373.11,56,DQA4
56,3,1402110,1,0.46829010257786824,0.5619481230934419,376.67194812309344,56,DQA4
56,4,Regreso_DQA4,0,144.24,103.03,479.7019481230934,56,DQA4
57,1,Inicio_DQA4,0,0.0,40.0,40.0,57,DQA4
57,2,1402106,14,145.12,105.11,187.11,57,DQA4
57,3,1402107,26,0.2962067131267151,0.3554480557520581,265.46544805575206,57,DQA4
57,4,1402110,36,0.6553581038513013,0.7864297246215616,374.2518777803736,57,DQA4
57,5,Regreso_DQA4,0,144.24,103.03,477.28187778037363,57,DQA4
58,1,Inicio_DQA4,0,0.0,40.0,40.0,58,DQA4
58,2,1402109,77,143.8,104.08,375.08,58,DQA4
58,3,Regreso_DQA4,0,143.8,104.08,479.15999999999997,58,DQA4
59,1,Inicio_DQA4,0,0.0,40.0,40.0,59,DQA4
59,2,1402109,77,143.8,104.08,375.08,59,DQA4
59,3,Regreso_DQA4,0,143.8,104.08,479.15999999999997,59,DQA4
60,1,Inicio_DQA4,0,0.0,40.0,40.0,60,DQA4
60,2,1402109,77,143.8,104.08,375.08,60,DQA4
60,3,Regreso_DQA4,0,143.8,104.08,479.15999999999997,60,DQA4
61,1,Inicio_DQA4,0,0.0,40.0,40.0,61,DQA4
61,2,1402109,77,143.8,104.08,375.08,61,DQA4
61,3,Regreso_DQA4,0,143.8,104.08,479.15999999999997,61,DQA4
62,1,Inicio_DQA4,0,0.0,40.0,40.0,62,DQA4
62,2,1402109,6,143.8,104.08,162.07999999999998,62,DQA4
62,3,1402110,71,0.5967552193831763,0.7161062632598116,375.7961062632598,62,DQA4
62,4,Regreso_DQA4,0,144.24,103.03,478.8261062632598,62,DQA4
63,1,Inicio_DQA4,0,0.0,40.0,40.0,63,DQA4
63,2,1402110,77,144.24,103.03,374.03,63,DQA4
63,3,Regreso_DQA4,0,144.24,103.03,477.05999999999995,63,DQA4
64,1,Inicio_DQA4,0,0.0,40.0,40.0,64,DQA4
64,2,1402110,77,144.24,103.03,374.03,64,DQA4
64,3,Regreso_DQA4,0,144.24,103.03,477.05999999999995,64,DQA4
65,1,Inicio_DQA4,0,0.0,40.0,40.0,65,DQA4
65,2,1402110,77,144.24,103.03,374.03,65,DQA4
65,3,Regreso_DQA4,0,144.24,103.03,477.05999999999995,65,DQA4
66,1,Inicio_DQA4,0,0.0,40.0,40.0,66,DQA4
66,2,1402110,77,144.24,103.03,374.03,66,DQA4
66,3,Regreso_DQA4,0,144.24,103.03,477.05999999999995,66,DQA4
67,1,Inicio_DQA4,0,0.0,40.0,40.0,67,DQA4
67,2,1402110,77,144.24,103.03,374.03,67,DQA4
67,3,Regreso_DQA4,0,144.24,103.03,477.05999999999995,67,DQA4
68,1,Inicio_DQA4,0,0.0,40.0,40.0,68,DQA4
68,2,1402110,77,144.24,103.03,374.03,68,DQA4
68,3,Regreso_DQA4,0,144.24,103.03,477.05999999999995,68,DQA4
69,1,Inicio_DQA4,0,0.0,40.0,40.0,69,DQA4
69,2,1402110,21,144.24,103.03,206.03,69,DQA4
69,3,1406702,19,20.941119870598868,25.12934384471864,288.15934384471865,69,DQA4
69,4,1406701,10,2.369495751123362,2.843394901348034,321.0027387460667,69,DQA4
69,5,1404303,3,15.69378040952466,18.832536491429593,348.8352752374963,69,DQA4
69,6,Regreso_DQA4,0,185.54,130.72,479.5552752374963,69,DQA4
70,1,Inicio_DQA4,0,0.0,40.0,40.0,70,DQA4
70,2,1402301,13,229.21,171.91,250.91,70,DQA4
70,3,1402302,9,5.770503782094085,6.924604538512902,284.8346045385129,70,DQA4
70,4,1405403,7,6.2216660045137635,7.465999205416517,313.3006037439294,70,DQA4
70,5,1406801,1,27.383666479936338,32.860399775923604,349.161003519853,70,DQA4
70,6,Regreso_DQA4,0,179.6,129.96,479.12100351985305,70,DQA4
71,1,Inicio_DQA4,0,0.0,40.0,40.0,71,DQA4
71,2,1402401,10,174.22,135.82,205.82,71,DQA4
71,3,1402402,9,3.306718746353291,3.968062495623949,236.78806249562393,71,DQA4
71,4,1403804,20,9.63672353562356,11.56406824274827,308.35213073837224,71,DQA4
71,5,1403805,13,7.8369637657503,9.40435651890036,356.7564872572726,71,DQA4
71,6,1405604,1,16.307691634268785,19.56922996112254,379.32571721839514,71,DQA4
71,7,Regreso_DQA4,0,133.58,99.2,478.52571721839513,71,DQA4
72,1,Inicio_DQA4,0,0.0,40.0,40.0,72,DQA4
72,2,1402601,7,191.17,137.67,198.67,72,DQA4
72,3,1402603,8,0.4340202985842882,0.5208243583011458,223.19082435830114,72,DQA4
72,4,1402602,6,7.732700243144562,9.279240291773474,250.47006465007462,72,DQA4
72,5,1407101,8,9.938691409356906,11.926429691228288,286.3964943413029,72,DQA4
72,6,1402904,7,15.414230507315132,18.49707660877816,325.8935709500811,72,DQA4
72,7,4108801,1,36.82833628332457,44.19400353998948,373.08757449007055,72,DQA4
72,8,4109202,1,42.348973041861775,50.81876765023413,426.9063421403047,72,DQA4
72,9,4101801,1,14.07260237055916,16.88712284467099,446.7934649849757,72,DQA4
72,10,Regreso_DQA4,0,29.91,33.08,479.87346498497567,72,DQA4
73,1,Inicio_DQA4,0,0.0,40.0,40.0,73,DQA4
73,2,1490101,9,144.24,108.76,175.76,73,DQA4
73,3,1402701,31,1.8154313817937067,2.178517658152448,270.9385176581524,73,DQA4
73,4,1402702,29,2.937895779990851,3.5254749359890214,361.4639925941415,73,DQA4
73,5,1404002,1,12.88031413053718,15.456376956644615,379.92036955078606,73,DQA4
73,6,Regreso_DQA4,0,126.5,97.29,477.2103695507861,73,DQA4
74,1,Inicio_DQA4,0,0.0,40.0,40.0,74,DQA4
74,2,1402703,17,112.14,91.0,182.0,74,DQA4
74,3,1403001,64,4.3257882266774255,5.19094587201291,379.1909458720129,74,DQA4
74,4,4103902,3,16.98645148570141,20.383741782841692,408.5746876548546,74,DQA4
74,5,4103903,1,1.4380796443505395,1.7256955732206474,413.30038322807525,74,DQA4
74,6,Regreso_DQA4,0,91.32,66.06,479.36038322807525,74,DQA4
75,1,Inicio_DQA4,0,0.0,40.0,40.0,75,DQA4
75,2,1402801,3,222.64,164.55,213.55,75,DQA4
75,3,1407002,5,3.2257147896102167,3.8708577475322596,232.42085774753227,75,DQA4
75,4,1407001,6,7.003666074233387,8.404399289080065,258.82525703661236,75,DQA4
75,5,1407201,8,14.193005049333292,17.03160605919995,299.8568630958123,75,DQA4
75,6,1407402,4,3.1932524646300484,3.831902957556058,315.68876605336834,75,DQA4
75,7,Regreso_DQA4,0,225.12,162.0,477.68876605336834,75,DQA4
76,1,Inicio_DQA4,0,0.0,40.0,40.0,76,DQA4
76,2,1402901,8,189.01,146.8,210.8,76,DQA4
76,3,1402903,6,6.876544855519596,8.251853826623513,237.05185382662353,76,DQA4
76,4,1402902,10,9.554360368300669,11.465232441960802,278.5170862685843,76,DQA4
76,5,1405201,12,11.417044364359029,13.700453237230835,328.2175395058151,76,DQA4
76,6,4105502,1,72.5624284136659,87.07491409639908,418.2924536022142,76,DQA4
76,7,Regreso_DQA4,0,63.66,60.28,478.5724536022142,76,DQA4
77,1,Inicio_DQA4,0,0.0,40.0,40.0,77,DQA4
77,2,1403001,7,117.28,98.72,159.72,77,DQA4
77,3,1403002,13,5.090265837899673,6.108319005479607,204.8283190054796,77,DQA4
77,4,4103902,47,12.108144377448674,14.52977325293841,360.358092258418,77,DQA4
77,5,4103901,16,0.7822865377214376,0.9387438452657251,409.29683610368375,77,DQA4
77,6,4103904,1,0.7350152421531245,0.8820182905837495,413.1788543942675,77,DQA4
77,7,Regreso_DQA4,0,91.52,66.48,479.6588543942675,77,DQA4
78,1,Inicio_DQA4,0,0.0,40.0,40.0,78,DQA4
78,2,1403401,3,240.1,180.07,229.07,78,DQA4
78,3,1406201,8,9.532686845971448,11.439224215165737,264.5092242151657,78,DQA4
78,4,1406202,1,3.1138716280594654,3.7366459536713585,271.2458701688371,78,DQA4
78,5,1405101,7,9.19168462785003,11.030021553420037,303.27589172225714,78,DQA4
78,6,1406801,1,34.693438273290795,41.632125927948955,347.9080176502061,78,DQA4
78,7,Regreso_DQA4,0,179.6,129.96,477.86801765020607,78,DQA4
79,1,Inicio_DQA4,0,0.0,40.0,40.0,79,DQA4
79,2,1403501,7,220.0,165.0,226.0,79,DQA4
79,3,1403502,4,9.527178457974228,11.432614149569073,249.43261414956908,79,DQA4
79,4,1403503,3,0.3995714614274178,0.4794857537129013,258.91209990328196,79,DQA4
79,5,1403504,11,6.790704513936494,8.148845416723793,300.06094532000577,79,DQA4
79,6,1407402,2,9.835526568981125,11.80263188277735,317.8635772027831,79,DQA4
79,7,Regreso_DQA4,0,225.12,162.0,479.8635772027831,79,DQA4
80,1,Inicio_DQA4,0,0.0,40.0,40.0,80,DQA4
80,2,1403504,2,237.4,178.05,224.05,80,DQA4
80,3,1407402,3,9.835526568981125,11.80263188277735,244.85263188277736,80,DQA4
80,4,1407401,11,6.686660986049974,8.023993183259968,285.8766250660373,80,DQA4
80,5,1406101,3,9.564674699518243,11.47760963942189,306.3542347054592,80,DQA4
80,6,Regreso_DQA4,0,241.1,172.8,479.1542347054592,80,DQA4
81,1,Inicio_DQA4,0,0.0,40.0,40.0,81,DQA4
81,2,1403601,16,99.3,102.34,190.34,81,DQA4
81,3,1403602,22,0.6606976138985836,0.7928371366783004,257.1328371366783,81,DQA4
81,4,1405302,30,11.554941336745584,13.865929604094699,360.998766740773,81,DQA4
81,5,1405301,3,4.018732034492891,4.822478441391469,374.8212451821645,81,DQA4
81,6,4103903,1,29.683366002357012,35.620039202828416,413.4412843849929,81,DQA4
81,7,Regreso_DQA4,0,91.32,66.06,479.5012843849929,81,DQA4
82,1,Inicio_DQA4,0,0.0,40.0,40.0,82,DQA4
82,2,1403701,15,204.88,148.27,233.27,82,DQA4
82,3,1403702,5,3.104507847035873,3.725409416443047,251.99540941644307,82,DQA4
82,4,1403703,7,6.988147050409386,8.385776460491263,281.38118587693435,82,DQA4
82,5,1405804,13,7.486898167432374,8.984277800918848,329.3654636778532,82,DQA4
82,6,1405801,3,0.39425387853992044,0.47310465424790454,338.8385683321011,82,DQA4
82,7,1403803,1,13.54095212019999,16.249142544239987,358.0877108763411,82,DQA4
82,8,Regreso_DQA4,0,160.14,119.62,477.7077108763411,82,DQA4
83,1,Inicio_DQA4,0,0.0,40.0,40.0,83,DQA4
83,2,1403801,66,160.0,120.5,358.5,83,DQA4
83,3,Regreso_DQA4,0,160.0,120.5,479.0,83,DQA4
84,1,Inicio_DQA4,0,0.0,40.0,40.0,84,DQA4
84,2,1403801,13,160.0,120.5,199.5,84,DQA4
84,3,1403802,53,0.35592270672246873,0.4271072480669625,358.92710724806693,84,DQA4
84,4,Regreso_DQA4,0,158.93,118.54,477.46710724806695,84,DQA4
85,1,Inicio_DQA4,0,0.0,40.0,40.0,85,DQA4
85,2,1403802,67,158.93,118.54,359.54,85,DQA4
85,3,Regreso_DQA4,0,158.93,118.54,478.08000000000004,85,DQA4
86,1,Inicio_DQA4,0,0.0,40.0,40.0,86,DQA4
86,2,1403802,12,158.93,118.54,194.54000000000002,86,DQA4
86,3,1403803,54,1.1561946771174623,1.3874336125409548,357.927433612541,86,DQA4
86,4,Regreso_DQA4,0,160.14,119.62,477.547433612541,86,DQA4
87,1,Inicio_DQA4,0,0.0,40.0,40.0,87,DQA4
87,2,1403803,53,160.14,119.62,318.62,87,DQA4
87,3,1404401,10,11.520846127509644,13.825015353011572,362.44501535301157,87,DQA4
87,4,Regreso_DQA4,0,153.82,116.6,479.04501535301154,87,DQA4
88,1,Inicio_DQA4,0,0.0,40.0,40.0,88,DQA4
88,2,1403901,22,194.72,148.49,254.49,88,DQA4
88,3,1405501,20,14.041112052113453,16.84933446253614,331.33933446253616,88,DQA4
88,4,Regreso_DQA4,0,190.84,147.26,478.59933446253615,88,DQA4
89,1,Inicio_DQA4,0,0.0,40.0,40.0,89,DQA4
89,2,1404001,16,125.73,99.93,187.93,89,DQA4
89,3,1404002,20,1.3556159747882996,1.6267391697459597,249.55673916974598,89,DQA4
89,4,1406002,26,8.545441853958227,10.254530224749873,337.81126939449587,89,DQA4
89,5,1406001,10,3.3037254753569982,3.9644705704283973,371.77573996492424,89,DQA4
89,6,4103905,5,19.930737958340632,23.91688555000876,410.692625514933,89,DQA4
89,7,Regreso_DQA4,0,92.72,68.78,479.47262551493304,89,DQA4
90,1,Inicio_DQA4,0,0.0,40.0,40.0,90,DQA4
90,2,1404201,22,139.75,108.35,214.35,90,DQA4
90,3,1404203,52,0.26003163723614847,0.31203796468337813,370.66203796468335,90,DQA4
90,4,Regreso_DQA4,0,139.51,108.15,478.8120379646833,90,DQA4
91,1,Inicio_DQA4,0,0.0,40.0,40.0,91,DQA4
91,2,1404202,40,140.08,108.83,268.83,91,DQA4
91,3,1404204,33,0.2784445520690648,0.3341334624828778,368.1641334624829,91,DQA4
91,4,Regreso_DQA4,0,140.41,109.4,477.5641334624829,91,DQA4
92,1,Inicio_DQA4,0,0.0,40.0,40.0,92,DQA4
92,2,1404203,1,139.51,108.15,151.15,92,DQA4
92,3,1404204,19,0.7738448114651776,0.9286137737582132,209.0786137737582,92,DQA4
92,4,1404205,10,7.204902867855376,8.64588344142645,247.72449721518467,92,DQA4
92,5,1404602,17,9.19803753895859,11.03764504675031,309.76214226193497,92,DQA4
92,6,1404601,9,2.606925364896784,3.1283104378761406,339.89045269981114,92,DQA4
92,7,4103905,1,55.920075863475844,67.10409103617101,409.9945437359821,92,DQA4
92,8,Regreso_DQA4,0,92.72,68.78,478.7745437359821,92,DQA4
93,1,Inicio_DQA4,0,0.0,40.0,40.0,93,DQA4
93,2,1404301,14,185.65,130.89,212.89,93,DQA4
93,3,1404303,10,0.2512038711133238,0.3014446453359886,243.19144464533596,93,DQA4
93,4,1406601,30,7.228350465615168,8.674020558738201,341.86546520407416,93,DQA4
93,5,Regreso_DQA4,0,193.11,136.16,478.0254652040742,93,DQA4
94,1,Inicio_DQA4,0,0.0,40.0,40.0,94,DQA4
94,2,1404302,9,208.74,154.49,221.49,94,DQA4
94,3,1404304,26,14.627301287502185,17.55276154500262,317.04276154500263,94,DQA4
94,4,Regreso_DQA4,0,214.66,161.0,478.04276154500263,94,DQA4
95,1,Inicio_DQA4,0,0.0,40.0,40.0,95,DQA4
95,2,1404304,15,214.66,161.0,246.0,95,DQA4
95,3,1406903,13,18.911911716653627,22.69429405998435,307.6942940599844,95,DQA4
95,4,1404701,3,16.830079251867982,20.19609510224158,336.890389162226,95,DQA4
95,5,Regreso_DQA4,0,175.18,142.43,479.320389162226,95,DQA4
96,1,Inicio_DQA4,0,0.0,40.0,40.0,96,DQA4
96,2,1404401,7,153.82,116.6,177.6,96,DQA4
96,3,1404501,29,4.701206647399769,5.641447976879723,270.2414479768797,96,DQA4
96,4,1405605,28,13.671155678131154,16.40538681375738,370.6468347906371,96,DQA4
96,5,1405604,1,4.6804435328936655,5.616532239472399,379.2633670301095,96,DQA4
96,6,Regreso_DQA4,0,133.58,99.2,478.4633670301095,96,DQA4
97,1,Inicio_DQA4,0,0.0,40.0,40.0,97,DQA4
97,2,1404601,9,163.28,138.33,205.33,97,DQA4
97,3,1405502,31,28.51389671815887,34.21667606179064,332.54667606179066,97,DQA4
97,4,Regreso_DQA4,0,190.44,147.23,479.7766760617907,97,DQA4
98,1,Inicio_DQA4,0,0.0,40.0,40.0,98,DQA4
98,2,1404701,17,175.18,142.43,233.43,98,DQA4
98,3,1406801,3,14.148174293626962,16.977809152352354,259.40780915235234,98,DQA4
98,4,1407301,11,9.172333814996211,11.006800577995454,303.4146097303478,98,DQA4
98,5,1407302,5,8.544682831946268,10.253619398335521,328.6682291286833,98,DQA4
98,6,1405301,5,24.54173193108945,29.45007831730734,373.1183074459907,98,DQA4
98,7,4103901,1,29.01601706377326,34.81922047652791,410.9375279225186,98,DQA4
98,8,Regreso_DQA4,0,92.43,68.15,479.0875279225186,98,DQA4
99,1,Inicio_DQA4,0,0.0,40.0,40.0,99,DQA4
99,2,1404901,60,90.35,88.69,308.69,99,DQA4
99,3,1404902,27,0.5005838349728738,0.6007006019674486,390.29070060196744,99,DQA4
99,4,4105601,3,18.992902142551017,22.79148257106122,422.0821831730287,99,DQA4
99,5,Regreso_DQA4,0,76.0,57.23,479.3121831730287,99,DQA4
100,1,Inicio_DQA4,0,0.0,40.0,40.0,100,DQA4
100,2,1404902,1,89.93,88.38,131.38,100,DQA4
100,3,1404903,77,0.28121373434859837,0.33745648121831806,362.7174564812183,100,DQA4
100,4,4107401,8,8.218794181397666,9.862553017677198,396.5800094988955,100,DQA4
100,5,4105502,1,16.58522527432056,19.902270329184674,419.48227982808015,100,DQA4
100,6,Regreso_DQA4,0,63.66,60.28,479.7622798280802,100,DQA4
101,1,Inicio_DQA4,0,0.0,40.0,40.0,101,DQA4
101,2,1405102,5,230.37,172.78,227.78,101,DQA4
101,3,1405401,26,7.394975977083341,8.87397117250001,314.6539711725,101,DQA4
101,4,Regreso_DQA4,0,220.33,165.25,479.9039711725,101,DQA4
102,1,Inicio_DQA4,0,0.0,40.0,40.0,102,DQA4
102,2,1405201,28,200.0,150.0,274.0,102,DQA4
102,3,1405202,7,2.356478377011624,2.827774052413949,297.82777405241393,102,DQA4
102,4,4100201,5,42.412979977277665,50.8955759727332,363.7233500251471,102,DQA4
102,5,4103301,1,19.785790829034454,23.742948994841345,390.46629901998847,102,DQA4
102,6,4102302,1,32.14754330500409,38.57705196600491,432.04335098599336,102,DQA4
102,7,4101801,1,9.659003693970536,11.590804432764642,446.634155418758,102,DQA4
102,8,Regreso_DQA4,0,29.91,33.08,479.71415541875797,102,DQA4
103,1,Inicio_DQA4,0,0.0,40.0,40.0,103,DQA4
103,2,1405301,23,136.05,104.43,213.43,103,DQA4
103,3,4107401,21,24.414114033053824,29.29693683966459,305.72693683966463,103,DQA4
103,4,4107801,6,5.489151899393311,6.5869822792719726,330.3139191189366,103,DQA4
103,5,4107802,18,0.591362194965651,0.7096346339587812,385.0235537528954,103,DQA4
103,6,4105502,4,18.422272652014787,22.106727182417746,419.1302809353131,103,DQA4
103,7,Regreso_DQA4,0,63.66,60.28,479.41028093531315,103,DQA4
104,1,Inicio_DQA4,0,0.0,40.0,40.0,104,DQA4
104,2,1405401,29,220.33,165.25,292.25,104,DQA4
104,3,1405403,7,1.008085461349211,1.209702553619053,314.4597025536191,104,DQA4
104,4,Regreso_DQA4,0,220.2,165.15,479.60970255361906,104,DQA4
105,1,Inicio_DQA4,0,0.0,40.0,40.0,105,DQA4
105,2,1405402,37,219.15,164.16,315.15999999999997,105,DQA4
105,3,Regreso_DQA4,0,219.15,164.16,479.31999999999994,105,DQA4
106,1,Inicio_DQA4,0,0.0,40.0,40.0,106,DQA4
106,2,1405402,18,219.15,164.16,258.15999999999997,106,DQA4
106,3,1405403,5,1.1132944125092072,1.3359532950110486,274.495953295011,106,DQA4
106,4,1405404,4,14.336742786602386,17.20409134392286,303.7000446389339,106,DQA4
106,5,4103905,2,83.6292706504908,100.35512478058895,410.0551694195228,106,DQA4
106,6,Regreso_DQA4,0,92.72,68.78,478.8351694195228,106,DQA4
107,1,Inicio_DQA4,0,0.0,40.0,40.0,107,DQA4
107,2,1405404,25,231.31,173.48,288.48,107,DQA4
107,3,1406902,2,9.252472772481834,11.102967326978202,305.58296732697823,107,DQA4
107,4,4103905,1,85.24906992101837,102.29888390522204,410.8818512322003,107,DQA4
107,5,Regreso_DQA4,0,92.72,68.78,479.6618512322003,107,DQA4
108,1,Inicio_DQA4,0,0.0,40.0,40.0,108,DQA4
108,2,1405501,13,190.84,147.26,226.26,108,DQA4
108,3,1405502,35,1.1231613662945554,1.3477936395534664,332.60779363955345,108,DQA4
108,4,Regreso_DQA4,0,190.44,147.23,479.8377936395534,108,DQA4
109,1,Inicio_DQA4,0,0.0,40.0,40.0,109,DQA4
109,2,1405502,46,190.44,147.23,325.23,109,DQA4
109,3,Regreso_DQA4,0,190.44,147.23,472.46000000000004,109,DQA4
110,1,Inicio_DQA4,0,0.0,40.0,40.0,110,DQA4
110,2,1405503,12,193.56,148.15,224.15,110,DQA4
110,3,1405805,19,11.126409578488895,13.351691494186674,294.5016914941867,110,DQA4
110,4,1405803,14,2.372755750623544,2.8473069007482525,339.34899839493494,110,DQA4
110,5,4102602,1,34.627073270356405,41.55248792442769,383.9014863193626,110,DQA4
110,6,Regreso_DQA4,0,128.02,95.96,479.8614863193626,110,DQA4
111,1,Inicio_DQA4,0,0.0,40.0,40.0,111,DQA4
111,2,1405601,27,127.56,94.9,215.9,111,DQA4
111,3,1405602,33,2.441258607301605,2.9295103287619257,317.8295103287619,111,DQA4
111,4,1405603,21,0.6122159866137066,0.7346591839364479,381.56416951269836,111,DQA4
111,5,Regreso_DQA4,0,131.44,98.33,479.89416951269834,111,DQA4
112,1,Inicio_DQA4,0,0.0,40.0,40.0,112,DQA4
112,2,1405603,37,131.44,98.33,249.32999999999998,112,DQA4
112,3,1405604,43,0.6106607625607218,0.7327929150728661,379.06279291507286,112,DQA4
112,4,Regreso_DQA4,0,133.58,99.2,478.26279291507285,112,DQA4
113,1,Inicio_DQA4,0,0.0,40.0,40.0,113,DQA4
113,2,1405604,29,133.58,99.2,226.2,113,DQA4
113,3,1405605,7,4.6804435328936655,5.616532239472399,252.8165322394724,113,DQA4
113,4,4105003,27,10.62180700618676,12.746168407424113,346.5627006468965,113,DQA4
113,5,4105001,8,3.9644100306443883,4.757292036773267,375.31999268366974,113,DQA4
113,6,4104104,3,7.2715887153489716,8.725906458418766,393.0458991420885,113,DQA4
113,7,Regreso_DQA4,0,115.22,84.79,477.8358991420885,113,DQA4
114,1,Inicio_DQA4,0,0.0,40.0,40.0,114,DQA4
114,2,1405801,17,176.61,140.06,231.06,114,DQA4
114,3,1405802,7,0.2761132851222258,0.331335942146671,252.39133594214667,114,DQA4
114,4,1405803,10,0.46166670594177506,0.5540000471301301,282.9453359892768,114,DQA4
114,5,4101401,14,28.635415490879346,34.362498589055214,359.30783457833206,114,DQA4
114,6,4102601,5,5.083914336268806,6.100697203522567,380.4085317818546,114,DQA4
114,7,Regreso_DQA4,0,129.15,97.28,477.68853178185464,114,DQA4
115,1,Inicio_DQA4,0,0.0,40.0,40.0,115,DQA4
115,2,1406101,2,241.1,172.8,218.8,115,DQA4
115,3,1406901,17,39.128356012496624,46.954027214995946,316.754027214996,115,DQA4
115,4,Regreso_DQA4,0,217.11,162.83,479.584027214996,115,DQA4
116,1,Inicio_DQA4,0,0.0,40.0,40.0,116,DQA4
116,2,1406001,3,122.24,105.55,154.55,116,DQA4
116,3,4105002,20,15.830581114438052,18.996697337325664,233.54669733732567,116,DQA4
116,4,4106101,20,7.921717176655175,9.50606061198621,303.05275794931185,116,DQA4
116,5,4108401,17,2.968774985519869,3.562529982623843,357.6152879319357,116,DQA4
116,6,4108402,10,1.890170280153276,2.2682043361839312,389.88349226811965,116,DQA4
116,7,Regreso_DQA4,0,106.89,83.04,472.9234922681197,116,DQA4
117,1,Inicio_DQA4,0,0.0,40.0,40.0,117,DQA4
117,2,1406602,25,194.61,135.68,250.68,117,DQA4
117,3,4103905,19,85.16020421151345,102.19224505381614,409.87224505381613,117,DQA4
117,4,Regreso_DQA4,0,92.72,68.78,478.65224505381616,117,DQA4
118,1,Inicio_DQA4,0,0.0,40.0,40.0,118,DQA4
118,2,1406902,21,230.89,173.17,276.16999999999996,118,DQA4
118,3,1406904,1,14.240289105620077,17.08834692674409,296.258346926744,118,DQA4
118,4,Regreso_DQA4,0,240.83,180.62,476.87834692674403,118,DQA4
119,1,Inicio_DQA4,0,0.0,40.0,40.0,119,DQA4
119,2,1407302,7,198.14,149.47,210.47,119,DQA4
119,3,4106602,7,40.09944864004526,48.119338368054315,279.5893383680543,119,DQA4
119,4,4106601,6,3.220318994752293,3.8643827937027524,301.4537211617571,119,DQA4
119,5,4103304,8,13.705483151754597,16.446579782105516,341.9003009438626,119,DQA4
119,6,4103301,15,2.6715047526827522,3.2058057032193026,390.1061066470819,119,DQA4
119,7,4102302,1,32.14754330500409,38.57705196600491,431.6831586130868,119,DQA4
119,8,4101801,1,9.659003693970536,11.590804432764642,446.2739630458514,119,DQA4
119,9,Regreso_DQA4,0,29.91,33.08,479.3539630458514,119,DQA4
120,1,Inicio_DQA4,0,0.0,40.0,40.0,120,DQA4
120,2,2100101,7,111.35,105.66,166.66,120,DQA4
120,3,2104501,3,4.3320000222808375,5.198400026737005,180.858400026737,120,DQA4
120,4,2104801,4,5.469030306718086,6.562836368061703,199.4212363947987,120,DQA4
120,5,2103301,7,3.444574472233368,4.133489366680042,224.55472576147875,120,DQA4
120,6,2102201,2,3.2251969207194273,3.870236304863313,234.42496206634206,120,DQA4
120,7,2103401,11,4.38610013587557,5.263320163050684,272.68828222939277,120,DQA4
120,8,2107101,2,3.2627613899847634,3.915313667981716,282.6035958973745,120,DQA4
120,9,2102601,3,4.151473222825534,4.981767867390642,296.58536376476513,120,DQA4
120,10,2100702,8,6.181128211412118,7.417353853694541,328.00271761845966,120,DQA4
120,11,2100703,24,4.381224394247657,5.257469273097188,405.2601868915568,120,DQA4
120,12,Regreso_DQA4,0,90.78,74.62,479.88018689155683,120,DQA4
121,1,Inicio_DQA4,0,0.0,40.0,40.0,121,DQA4
121,2,2100201,96,102.63,75.09,403.09000000000003,121,DQA4
121,3,Regreso_DQA4,0,102.63,75.09,478.18000000000006,121,DQA4
122,1,Inicio_DQA4,0,0.0,40.0,40.0,122,DQA4
122,2,2100201,24,102.63,75.09,187.09,122,DQA4
122,3,2100202,71,3.98442067934485,4.78130481521382,404.8713048152138,122,DQA4
122,4,2104108,1,2.3346959919779473,2.8016351903735366,410.67294000558735,122,DQA4
122,5,Regreso_DQA4,0,95.34,67.89,478.56294000558734,122,DQA4
123,1,Inicio_DQA4,0,0.0,40.0,40.0,123,DQA4
123,2,2100202,83,100.89,74.82,363.82,123,DQA4
123,3,2104108,15,2.3346959919779473,2.8016351903735366,411.6216351903735,123,DQA4
123,4,Regreso_DQA4,0,95.34,67.89,479.5116351903735,123,DQA4
124,1,Inicio_DQA4,0,0.0,40.0,40.0,124,DQA4
124,2,2100301,8,146.24,131.83,195.83,124,DQA4
124,3,2103701,5,8.599350024725052,10.319220029670062,221.14922002967006,124,DQA4
124,4,2106501,4,8.042737221092134,9.651284665310559,242.80050469498062,124,DQA4
124,5,2106601,6,7.38050516289301,8.856606195471612,269.65711089045226,124,DQA4
124,6,2107301,24,9.626282478792788,11.551538974551347,353.2086498650036,124,DQA4
124,7,2104201,7,8.676140139172334,10.4113681670068,384.6200180320104,124,DQA4
124,8,Regreso_DQA4,0,133.28,95.09,479.71001803201045,124,DQA4
125,1,Inicio_DQA4,0,0.0,40.0,40.0,125,DQA4
125,2,2100401,10,124.92,122.41,192.41,125,DQA4
125,3,2102502,12,4.099636339400535,4.919563607280641,233.32956360728065,125,DQA4
125,4,2102501,28,4.90856981235498,5.890283774825976,323.21984738210665,125,DQA4
125,5,2104301,19,7.541686754454896,9.050024105345875,389.2698714874525,125,DQA4
125,6,Regreso_DQA4,0,109.96,90.39,479.6598714874525,125,DQA4
126,1,Inicio_DQA4,0,0.0,40.0,40.0,126,DQA4
126,2,2100402,7,120.43,120.21,181.20999999999998,126,DQA4
126,3,2106701,5,9.04392096408352,10.852705156900225,207.0627051569002,126,DQA4
126,4,2104301,2,6.3557855538153145,7.626942664578377,220.68964782147856,126,DQA4
126,5,2105101,3,7.509886095150555,9.011863314180665,238.70151113565922,126,DQA4
126,6,2102801,3,9.965737036548392,11.95888444385807,259.6603955795173,126,DQA4
126,7,2102701,1,9.083194413385526,10.899833296062631,273.5602288755799,126,DQA4
126,8,2102901,8,5.905502599137232,7.086603118964677,304.6468319945446,126,DQA4
126,9,2102902,6,5.943028904993149,7.131634685991778,329.7784666805364,126,DQA4
126,10,2103901,3,8.914783730112923,10.697740476135507,349.4762071566719,126,DQA4
126,11,2102001,3,6.318437660904732,7.5821251930856794,366.05833234975756,126,DQA4
126,12,2102401,5,6.803245724117465,8.16389486894096,389.22222721869855,126,DQA4
126,13,2105901,3,5.16162950416732,6.193955405000784,404.41618262369934,126,DQA4
126,14,2103801,1,6.793538513860199,8.15224621663224,415.5684288403316,126,DQA4
126,15,Regreso_DQA4,0,77.38,62.98,478.5484288403316,126,DQA4
127,1,Inicio_DQA4,0,0.0,40.0,40.0,127,DQA4
127,2,2100501,73,72.94,61.83,320.83,127,DQA4
127,3,2100503,34,3.8452361767284398,4.614283412074128,427.4442834120741,127,DQA4
127,4,2103001,1,11.806130963659525,14.16735715639143,444.61164056846553,127,DQA4
127,5,Regreso_DQA4,0,41.84,34.58,479.1916405684655,127,DQA4
128,1,Inicio_DQA4,0,0.0,40.0,40.0,128,DQA4
128,2,2100502,33,74.95,82.91,221.91,128,DQA4
128,3,2106102,28,4.662430493615283,5.59491659233834,311.5049165923383,128,DQA4
128,4,2106101,31,3.5225598019679434,4.227071762361533,408.73198835469987,128,DQA4
128,5,2101401,4,4.966902963490216,5.960283556188259,426.6922719108881,128,DQA4
128,6,Regreso_DQA4,0,68.94,50.8,477.4922719108881,128,DQA4
129,1,Inicio_DQA4,0,0.0,40.0,40.0,129,DQA4
129,2,2100503,71,57.33,50.52,303.52,129,DQA4
129,3,2104001,16,7.372030437615152,8.84643652513818,360.36643652513817,129,DQA4
129,4,2103001,17,4.962838227633536,5.955405873160243,417.32184239829843,129,DQA4
129,5,2104701,5,3.728862073005064,4.474634487606076,436.7964768859045,129,DQA4
129,6,4102502,1,8.237635538845376,9.885162646614452,449.68163953251894,129,DQA4
129,7,Regreso_DQA4,0,35.93,28.87,478.55163953251895,129,DQA4
130,1,Inicio_DQA4,0,0.0,40.0,40.0,130,DQA4
130,2,2100601,18,129.08,97.72,191.72,130,DQA4
130,3,2100602,15,5.674821657726833,6.809785989272199,243.5297859892722,130,DQA4
130,4,2107501,3,9.379749000322525,11.25569880038703,263.7854847896592,130,DQA4
130,5,2102301,18,9.916545267382343,11.899854320858811,329.68533911051804,130,DQA4
130,6,2101501,6,10.39760318500268,12.477123822003215,360.16246293252124,130,DQA4
130,7,2107201,1,37.587171721819345,45.104606066183216,408.2670689987045,130,DQA4
130,8,Regreso_DQA4,0,88.31,71.36,479.6270689987045,130,DQA4
131,1,Inicio_DQA4,0,0.0,40.0,40.0,131,DQA4
131,2,2100701,17,90.25,74.51,165.51,131,DQA4
131,3,2100703,32,0.8820452582627974,1.058454309915357,262.56845430991535,131,DQA4
131,4,2103801,9,12.480938153449946,14.977125784139934,304.5455800940553,131,DQA4
131,5,2107901,6,7.45546562163372,8.946558745960463,331.4921388400158,131,DQA4
131,6,2106901,18,13.915480246757287,16.698576296108744,402.19071513612454,131,DQA4
131,7,4108301,4,14.967574686366557,17.96108962363987,432.1518047597644,131,DQA4
131,8,Regreso_DQA4,0,53.19,46.56,478.7118047597644,131,DQA4
132,1,Inicio_DQA4,0,0.0,40.0,40.0,132,DQA4
132,2,2100801,11,130.98,125.25,198.25,132,DQA4
132,3,2100802,8,11.323741931214808,13.58849031745777,235.83849031745777,132,DQA4
132,4,2100803,6,10.599807005076073,12.719768406091287,266.55825872354905,132,DQA4
132,5,2106201,13,13.796214323390549,16.555457188068658,322.1137159116177,132,DQA4
132,6,2106801,5,14.339592202756402,17.207510643307682,354.3212265549254,132,DQA4
132,7,Regreso_DQA4,0,141.18,122.98,477.3012265549254,132,DQA4
133,1,Inicio_DQA4,0,0.0,40.0,40.0,133,DQA4
133,2,2100901,6,98.83,83.7,141.7,133,DQA4
133,3,2101601,9,9.235791748508715,11.082950098210457,179.78295009821045,133,DQA4
133,4,4108001,11,16.056150683218217,19.267380819861863,232.05033091807232,133,DQA4
133,5,4100901,11,10.19576601904359,12.234919222852309,277.28525014092463,133,DQA4
133,6,4108301,8,16.16930261536973,19.403163138443674,320.6884132793683,133,DQA4
133,7,4104301,7,13.051522135645387,15.661826562774465,357.3502398421428,133,DQA4
133,8,4104501,23,13.29322492400521,15.951869908806252,442.30210975094906,133,DQA4
133,9,4104901,2,6.299001792468007,7.5588021509616095,455.86091190191064,133,DQA4
133,10,Regreso_DQA4,0,25.34,23.7,479.56091190191063,133,DQA4
134,1,Inicio_DQA4,0,0.0,40.0,40.0,134,DQA4
134,2,2101001,81,142.38,97.51,380.51,134,DQA4
134,3,Regreso_DQA4,0,142.38,97.51,478.02,134,DQA4
135,1,Inicio_DQA4,0,0.0,40.0,40.0,135,DQA4
135,2,2101001,2,142.38,97.51,143.51,135,DQA4
135,3,2101002,48,0.3776336480393865,0.4531603776472638,287.9631603776472,135,DQA4
135,4,2101003,26,4.080614718142985,4.896737661771582,370.8598980394188,135,DQA4
135,5,2104202,2,4.445245350235012,5.334294420282014,382.1941924597008,135,DQA4
135,6,Regreso_DQA4,0,137.42,95.31,477.5041924597008,135,DQA4
136,1,Inicio_DQA4,0,0.0,40.0,40.0,136,DQA4
136,2,2101003,30,145.69,106.82,236.82,136,DQA4
136,3,2104202,47,4.445245350235012,5.334294420282014,383.154294420282,136,DQA4
136,4,Regreso_DQA4,0,137.42,95.31,478.464294420282,136,DQA4
137,1,Inicio_DQA4,0,0.0,40.0,40.0,137,DQA4
137,2,2101101,38,81.79,72.36,226.36,137,DQA4
137,3,2107002,27,6.789043907568878,8.146852689082655,315.5068526890827,137,DQA4
137,4,2106402,26,3.455572210545764,4.146686652654917,397.6535393417376,137,DQA4
137,5,2105001,3,6.991612626588458,8.389935151906151,415.04347449364377,137,DQA4
137,6,Regreso_DQA4,0,86.78,62.07,477.11347449364376,137,DQA4
138,1,Inicio_DQA4,0,0.0,40.0,40.0,138,DQA4
138,2,2101201,3,90.42,104.08,153.07999999999998,138,DQA4
138,3,2107802,11,10.033067492877391,12.039680991452869,198.11968099145287,138,DQA4
138,4,2104901,28,9.028899803475978,10.834679764171174,292.95436075562407,138,DQA4
138,5,2104902,7,1.2084011939494743,1.4500814327393692,315.4044421883634,138,DQA4
138,6,2105201,16,2.5057650293358984,3.006918035203078,366.4113602235665,138,DQA4
138,7,2105202,6,3.054149768027072,3.6649797216324864,388.076339945199,138,DQA4
138,8,2105203,1,4.111612411735287,4.933934894082344,396.01027483928135,138,DQA4
138,9,4105701,1,7.050321400897076,8.460385681076492,407.47066052035785,138,DQA4
138,10,4103101,2,12.443156427826812,14.931787713392175,428.40244823375,138,DQA4
138,11,Regreso_DQA4,0,59.56,49.92,478.32244823375004,138,DQA4
139,1,Inicio_DQA4,0,0.0,40.0,40.0,139,DQA4
139,2,2101301,25,58.39,45.3,160.3,139,DQA4
139,3,2101302,24,0.486521633210099,0.5838259598521188,232.88382595985212,139,DQA4
139,4,2101304,20,0.6059703420408874,0.7271644104490649,293.6109903703012,139,DQA4
139,5,2101305,18,0.32807321136509643,0.3936878536381157,348.0046782239393,139,DQA4
139,6,2101303,27,2.8745127371431383,3.449415284571766,432.4540935085111,139,DQA4
139,7,Regreso_DQA4,0,63.95,46.71,479.1640935085111,139,DQA4
140,1,Inicio_DQA4,0,0.0,40.0,40.0,140,DQA4
140,2,2101303,6,63.95,46.71,104.71000000000001,140,DQA4
140,3,2107702,12,4.29919799153459,5.159037589841508,145.86903758984153,140,DQA4
140,4,2105302,15,4.7358641680645155,5.683037001677419,196.55207459151893,140,DQA4
140,5,2105301,9,1.8801265951582076,2.256151914189849,225.80822650570877,140,DQA4
140,6,2101401,44,3.384052825592853,4.0608633907114235,361.8690898964202,140,DQA4
140,7,2107701,7,10.024713141147453,12.029655769376943,394.89874566579715,140,DQA4
140,8,2105303,3,5.277900958421737,6.333481150106085,410.23222681590323,140,DQA4
140,9,2105401,1,11.029490016213774,13.23538801945653,426.46761483535977,140,DQA4
140,10,Regreso_DQA4,0,63.67,51.04,477.5076148353598,140,DQA4
141,1,Inicio_DQA4,0,0.0,40.0,40.0,141,DQA4
141,2,2101701,26,107.51,89.54,207.54000000000002,141,DQA4
141,3,2101702,1,1.822554652883053,2.1870655834596637,212.72706558345968,141,DQA4
141,4,2190201,10,5.667304335444002,6.800765202532802,249.52783078599248,141,DQA4
141,5,2107801,14,11.459262294594865,13.751114753513837,305.2789455395063,141,DQA4
141,6,2107201,30,9.069766705766295,10.883720046919555,406.1626655864259,141,DQA4
141,7,Regreso_DQA4,0,88.31,71.36,477.5226655864259,141,DQA4
142,1,Inicio_DQA4,0,0.0,40.0,40.0,142,DQA4
142,2,2101801,10,92.89,94.6,164.6,142,DQA4
142,3,2101802,9,2.5541489454640005,3.0649787345568007,194.6649787345568,142,DQA4
142,4,2105202,8,8.3843916400548,10.061269968065758,228.72624870262257,142,DQA4
142,5,2105203,14,4.111612411735287,4.933934894082344,275.6601835967049,142,DQA4
142,6,4105701,2,7.050321400897076,8.460385681076492,290.1205692777814,142,DQA4
142,7,4103101,10,12.443156427826812,14.931787713392175,335.05235699117355,142,DQA4
142,8,2103601,2,18.969457988923413,22.763349586708095,363.81570657788166,142,DQA4
142,9,2101901,7,6.502504641706903,7.803005570048283,392.61871214792995,142,DQA4
142,10,Regreso_DQA4,0,91.73,78.05,470.66871214792997,142,DQA4
143,1,Inicio_DQA4,0,0.0,40.0,40.0,143,DQA4
143,2,2102101,72,116.29,83.18,339.18,143,DQA4
143,3,2102102,19,0.3648643523485278,0.4378372228182334,396.61783722281825,143,DQA4
143,4,Regreso_DQA4,0,116.58,82.86,479.47783722281827,143,DQA4
144,1,Inicio_DQA4,0,0.0,40.0,40.0,144,DQA4
144,2,2102102,91,116.58,82.86,395.86,144,DQA4
144,3,Regreso_DQA4,0,116.58,82.86,478.72,144,DQA4
145,1,Inicio_DQA4,0,0.0,40.0,40.0,145,DQA4
145,2,2102102,5,116.58,82.86,137.86,145,DQA4
145,3,2104403,77,2.9558368413021783,3.5470042095626138,372.4070042095626,145,DQA4
145,4,2104401,5,2.549177669909591,3.059013203891509,390.4660174134541,145,DQA4
145,5,Regreso_DQA4,0,122.54,88.36,478.8260174134541,145,DQA4
146,1,Inicio_DQA4,0,0.0,40.0,40.0,146,DQA4
146,2,2103101,10,142.37,130.23,200.23,146,DQA4
146,3,2106801,4,45.625268031935526,54.75032163832263,266.9803216383226,146,DQA4
146,4,2105701,10,11.364620517187879,13.637544620625455,310.6178662589481,146,DQA4
146,5,2105801,6,12.436201335377909,14.923441602453492,343.5413078614016,146,DQA4
146,6,2105802,5,5.1094258754518975,6.131311050542277,364.67261891194386,146,DQA4
146,7,Regreso_DQA4,0,144.92,112.82,477.49261891194385,146,DQA4
147,1,Inicio_DQA4,0,0.0,40.0,40.0,147,DQA4
147,2,2103201,20,61.08,75.26,175.26,147,DQA4
147,3,2105601,16,7.307533813953967,8.769040576744759,232.02904057674476,147,DQA4
147,4,2104702,10,6.305793280928819,7.566951937114583,269.59599251385936,147,DQA4
147,5,2107401,25,2.4617347254609325,2.9540816705531188,347.5500741844125,147,DQA4
147,6,2104701,3,5.019225029450823,6.023070035340987,362.5731442197535,147,DQA4
147,7,2105602,11,4.323029536603305,5.187635443923965,400.76077966367745,147,DQA4
147,8,4103001,5,6.3155788735756335,7.57869464829076,423.3394743119682,147,DQA4
147,9,4102501,6,2.855237270237445,3.426284724284934,444.76575903625314,147,DQA4
147,10,4102502,1,1.1329250959314487,1.3595101151177387,449.1252691513709,147,DQA4
147,11,Regreso_DQA4,0,35.93,28.87,477.9952691513709,147,DQA4
148,1,Inicio_DQA4,0,0.0,40.0,40.0,148,DQA4
148,2,2103501,50,103.79,88.22,278.22,148,DQA4
148,3,2103502,42,5.6311876244504475,6.757425149340537,410.97742514934055,148,DQA4
148,4,Regreso_DQA4,0,97.74,68.94,479.91742514934054,148,DQA4
149,1,Inicio_DQA4,0,0.0,40.0,40.0,149,DQA4
149,2,2103502,19,97.74,68.94,165.94,149,DQA4
149,3,2104108,78,8.829764558461966,10.595717470154359,410.5357174701544,149,DQA4
149,4,Regreso_DQA4,0,95.34,67.89,478.4257174701544,149,DQA4
150,1,Inicio_DQA4,0,0.0,40.0,40.0,150,DQA4
150,2,2104002,21,62.88,86.01,189.01,150,DQA4
150,3,4109702,17,12.226660045913707,14.67199205509645,254.68199205509643,150,DQA4
150,4,4109701,20,3.9608896873704915,4.75306762484459,319.435059679941,150,DQA4
150,5,4107501,38,5.881310266738427,7.057572320086113,440.49263200002713,150,DQA4
150,6,4105101,1,5.436174366585862,6.523409239903034,450.0160412399302,150,DQA4
150,7,Regreso_DQA4,0,33.9,29.61,479.6260412399302,150,DQA4
151,1,Inicio_DQA4,0,0.0,40.0,40.0,151,DQA4
151,2,2104101,100,99.27,69.78,409.78,151,DQA4
151,3,Regreso_DQA4,0,99.27,69.78,479.55999999999995,151,DQA4
152,1,Inicio_DQA4,0,0.0,40.0,40.0,152,DQA4
152,2,2104101,100,99.27,69.78,409.78,152,DQA4
152,3,Regreso_DQA4,0,99.27,69.78,479.55999999999995,152,DQA4
153,1,Inicio_DQA4,0,0.0,40.0,40.0,153,DQA4
153,2,2104101,40,99.27,69.78,229.78,153,DQA4
153,3,2104103,59,0.447774095863328,0.5373289150359937,407.317328915036,153,DQA4
153,4,2104104,1,1.9269356390551986,2.312322766866238,412.62965168190226,153,DQA4
153,5,Regreso_DQA4,0,94.02,66.9,479.52965168190224,153,DQA4
154,1,Inicio_DQA4,0,0.0,40.0,40.0,154,DQA4
154,2,2104102,100,97.07,69.81,409.81,154,DQA4
154,3,Regreso_DQA4,0,97.07,69.81,479.62,154,DQA4
155,1,Inicio_DQA4,0,0.0,40.0,40.0,155,DQA4
155,2,2104102,46,97.07,69.81,247.81,155,DQA4
155,3,2104103,53,1.329836802065275,1.5958041624783301,408.4058041624783,155,DQA4
155,4,2104107,1,2.001816025410626,2.402179230492751,413.8079833929711,155,DQA4
155,5,Regreso_DQA4,0,93.62,66.13,479.9379833929711,155,DQA4
156,1,Inicio_DQA4,0,0.0,40.0,40.0,156,DQA4
156,2,2104103,46,99.15,70.23,248.23000000000002,156,DQA4
156,3,2104104,54,1.9269356390551986,2.312322766866238,412.5423227668663,156,DQA4
156,4,Regreso_DQA4,0,94.02,66.9,479.44232276686625,156,DQA4
157,1,Inicio_DQA4,0,0.0,40.0,40.0,157,DQA4
157,2,2104104,102,94.02,66.9,412.9,157,DQA4
157,3,Regreso_DQA4,0,94.02,66.9,479.79999999999995,157,DQA4
158,1,Inicio_DQA4,0,0.0,40.0,40.0,158,DQA4
158,2,2104104,9,94.02,66.9,133.9,158,DQA4
158,3,2104105,93,0.30263294013245173,0.3631595281589421,413.2631595281589,158,DQA4
158,4,Regreso_DQA4,0,93.67,66.2,479.4631595281589,158,DQA4
159,1,Inicio_DQA4,0,0.0,40.0,40.0,159,DQA4
159,2,2104105,73,93.67,66.2,325.2,159,DQA4
159,3,2104106,29,0.5457587378138197,0.6549104853765836,412.8549104853766,159,DQA4
159,4,Regreso_DQA4,0,93.68,66.16,479.0149104853766,159,DQA4
160,1,Inicio_DQA4,0,0.0,40.0,40.0,160,DQA4
160,2,2104106,57,93.68,66.16,277.15999999999997,160,DQA4
160,3,2104107,45,1.1262626759663037,1.3515152111595645,413.5115152111595,160,DQA4
160,4,Regreso_DQA4,0,93.62,66.13,479.6415152111595,160,DQA4
161,1,Inicio_DQA4,0,0.0,40.0,40.0,161,DQA4
161,2,2104107,102,93.62,66.13,412.13,161,DQA4
161,3,Regreso_DQA4,0,93.62,66.13,478.26,161,DQA4
162,1,Inicio_DQA4,0,0.0,40.0,40.0,162,DQA4
162,2,2104107,102,93.62,66.13,412.13,162,DQA4
162,3,Regreso_DQA4,0,93.62,66.13,478.26,162,DQA4
163,1,Inicio_DQA4,0,0.0,40.0,40.0,163,DQA4
163,2,2104107,26,93.62,66.13,184.13,163,DQA4
163,3,2104108,47,3.91613965226968,4.699367582723616,329.82936758272365,163,DQA4
163,4,2105501,21,8.679622413160683,10.415546895792819,403.2449144785165,163,DQA4
163,5,2105002,1,6.975632156943483,8.37075858833218,414.6156730668487,163,DQA4
163,6,Regreso_DQA4,0,89.12,64.25,478.8656730668487,163,DQA4
164,1,Inicio_DQA4,0,0.0,40.0,40.0,164,DQA4
164,2,2104201,10,133.28,95.09,165.09,164,DQA4
164,3,2104203,71,3.701016628049109,4.44121995365893,382.53121995365893,164,DQA4
164,4,Regreso_DQA4,0,137.38,95.26,477.7912199536589,164,DQA4
165,1,Inicio_DQA4,0,0.0,40.0,40.0,165,DQA4
165,2,2104202,15,137.42,95.31,180.31,165,DQA4
165,3,2104203,3,0.509848911402197,0.6118186936826364,189.92181869368264,165,DQA4
165,4,2104204,17,5.789086449828072,6.946903739793686,247.8687224334763,165,DQA4
165,5,2104402,46,3.212115201793443,3.854538242152132,389.72326067562847,165,DQA4
165,6,Regreso_DQA4,0,130.59,88.87,478.59326067562847,165,DQA4
166,1,Inicio_DQA4,0,0.0,40.0,40.0,166,DQA4
166,2,2104401,87,122.54,88.36,389.36,166,DQA4
166,3,Regreso_DQA4,0,122.54,88.36,477.72,166,DQA4
167,1,Inicio_DQA4,0,0.0,40.0,40.0,167,DQA4
167,2,2104401,10,122.54,88.36,158.36,167,DQA4
167,3,2104402,24,2.345735989776657,2.814883187731988,233.174883187732,167,DQA4
167,4,2107602,10,20.75461599477853,24.905539193734235,288.08042238146624,167,DQA4
167,5,2107601,16,6.495828775807365,7.794994530968838,343.87541691243507,167,DQA4
167,6,2106301,12,10.628582200405058,12.75429864048607,392.62971555292114,167,DQA4
167,7,Regreso_DQA4,0,115.2,84.63,477.25971555292114,167,DQA4
168,1,Inicio_DQA4,0,0.0,40.0,40.0,168,DQA4
168,2,2104601,31,83.63,67.73,200.73000000000002,168,DQA4
168,3,2105002,40,9.225539114037264,11.070646936844717,331.8006469368447,168,DQA4
168,4,2105001,27,2.168336433761436,2.602003720513723,415.40265065735844,168,DQA4
168,5,Regreso_DQA4,0,86.78,62.07,477.47265065735843,168,DQA4
169,1,Inicio_DQA4,0,0.0,40.0,40.0,169,DQA4
169,2,2105001,22,86.78,62.07,168.07,169,DQA4
169,3,2106401,36,2.062450568972217,2.4749406827666602,278.54494068276665,169,DQA4
169,4,2106402,26,6.2663516503156105,7.519621980378732,364.06456266314535,169,DQA4
169,5,2105501,8,13.239498688231183,15.88739842587742,403.9519610890228,169,DQA4
169,6,Regreso_DQA4,0,96.99,75.87,479.8219610890228,169,DQA4
170,1,Inicio_DQA4,0,0.0,40.0,40.0,170,DQA4
170,2,2105003,86,102.86,89.71,387.71,170,DQA4
170,3,2105501,1,9.519780505955168,11.423736607146202,402.1337366071462,170,DQA4
170,4,Regreso_DQA4,0,96.99,75.87,478.0037366071462,170,DQA4
171,1,Inicio_DQA4,0,0.0,40.0,40.0,171,DQA4
171,2,2105003,18,102.86,89.71,183.70999999999998,171,DQA4
171,3,2105501,69,9.519780505955168,11.423736607146202,402.13373660714615,171,DQA4
171,4,Regreso_DQA4,0,96.99,75.87,478.00373660714615,171,DQA4
172,1,Inicio_DQA4,0,0.0,40.0,40.0,172,DQA4
172,2,2105303,10,80.15,69.18,139.18,172,DQA4
172,3,2105401,91,11.029490016213774,13.23538801945653,425.41538801945654,172,DQA4
172,4,Regreso_DQA4,0,63.67,51.04,476.45538801945656,172,DQA4
173,1,Inicio_DQA4,0,0.0,40.0,40.0,173,DQA4
173,2,2105501,21,96.99,75.87,178.87,173,DQA4
173,3,2106001,67,8.71916181844909,10.462994182138907,390.3329941821389,173,DQA4
173,4,Regreso_DQA4,0,115.77,89.19,479.5229941821389,173,DQA4
174,1,Inicio_DQA4,0,0.0,40.0,40.0,174,DQA4
174,2,2105801,3,152.43,134.28,183.28,174,DQA4
174,3,2105802,13,5.1094258754518975,6.131311050542277,228.41131105054228,174,DQA4
174,4,2106301,24,24.97526594077992,29.970319128935905,330.3816301794782,174,DQA4
174,5,2107001,7,19.665021817033917,23.5980261804407,374.97965635991886,174,DQA4
174,6,2107203,4,16.793646613315683,20.152375935978817,407.13203229589766,174,DQA4
174,7,Regreso_DQA4,0,88.6,72.05,479.18203229589767,174,DQA4
175,1,Inicio_DQA4,0,0.0,40.0,40.0,175,DQA4
175,2,2106001,75,115.77,89.19,354.19,175,DQA4
175,3,4102502,8,59.007462890279626,70.80895546833555,448.99895546833557,175,DQA4
175,4,Regreso_DQA4,0,35.93,28.87,477.86895546833557,175,DQA4
176,1,Inicio_DQA4,0,0.0,40.0,40.0,176,DQA4
176,2,2107001,40,109.93,103.54,263.54,176,DQA4
176,3,2107203,41,16.793646613315683,20.152375935978817,406.6923759359788,176,DQA4
176,4,Regreso_DQA4,0,88.6,72.05,478.7423759359788,176,DQA4
177,1,Inicio_DQA4,0,0.0,40.0,40.0,177,DQA4
177,2,2107201,7,88.31,71.36,132.36,177,DQA4
177,3,2107203,10,0.38137495451885584,0.457649945422627,162.81764994542263,177,DQA4
177,4,2107202,27,0.5942747792644838,0.7131297351173805,244.53077968054,177,DQA4
177,5,4101301,21,43.06686558549796,51.68023870259755,359.21101838313757,177,DQA4
177,6,4101302,26,0.7987623377776639,0.9585148053331967,438.1695331884708,177,DQA4
177,7,Regreso_DQA4,0,41.96,39.96,478.12953318847076,177,DQA4
178,1,Inicio_DQA4,0,0.0,40.0,40.0,178,DQA4
178,2,4100101,8,102.31,76.64,140.64,178,DQA4
178,3,4100102,10,1.7774781960957524,2.1329738353149033,172.77297383531487,178,DQA4
178,4,4104602,20,4.244389263998116,5.093267116797739,237.8662409521126,178,DQA4
178,5,4104601,13,2.7800491688036484,3.336059002564378,280.20229995467696,178,DQA4
178,6,4104101,34,4.9784502414277485,5.974140289713298,388.1764402443903,178,DQA4
178,7,4104104,2,0.8451647678841766,1.0141977214610118,395.1906379658513,178,DQA4
178,8,Regreso_DQA4,0,115.22,84.79,479.9806379658513,178,DQA4
179,1,Inicio_DQA4,0,0.0,40.0,40.0,179,DQA4
179,2,4100201,8,112.3,116.02,180.01999999999998,179,DQA4
179,3,4108801,4,7.115686901966758,8.53882428236011,200.5588242823601,179,DQA4
179,4,4103302,10,11.885150024059989,14.262180028871986,244.8210043112321,179,DQA4
179,5,4103301,3,0.8717269030138988,1.0460722836166787,254.86707659484875,179,DQA4
179,6,4103303,7,3.1467474180630135,3.7760969016756167,279.64317349652435,179,DQA4
179,7,4103201,14,14.007137324386232,16.808564789263478,338.4517382857878,179,DQA4
179,8,4103202,14,0.6561298011035358,0.7873557613242429,381.2390940471121,179,DQA4
179,9,4102302,3,34.87181246063542,41.8461749527625,432.0852689998746,179,DQA4
179,10,4101801,1,9.659003693970536,11.590804432764642,446.6760734326392,179,DQA4
179,11,Regreso_DQA4,0,29.91,33.08,479.7560734326392,179,DQA4
180,1,Inicio_DQA4,0,0.0,40.0,40.0,180,DQA4
180,2,4100301,28,26.18,40.92,164.92000000000002,180,DQA4
180,3,4106701,45,3.4535264197027766,4.144231703643332,304.0642317036434,180,DQA4
180,4,4104502,40,4.632014251568499,5.558417101882199,429.62264880552556,180,DQA4
180,5,4104901,4,10.352468760457247,12.422962512548697,454.04561131807424,180,DQA4
180,6,Regreso_DQA4,0,25.34,23.7,477.7456113180742,180,DQA4
181,1,Inicio_DQA4,0,0.0,40.0,40.0,181,DQA4
181,2,4100401,36,23.9,25.38,173.38,181,DQA4
181,3,4100404,93,1.1293534762675241,1.355224171521029,453.735224171521,181,DQA4
181,4,4109105,1,13.38257361432089,16.059088337185067,472.79431250870607,181,DQA4
181,5,Regreso_DQA4,0,5.32,7.09,479.88431250870605,181,DQA4
182,1,Inicio_DQA4,0,0.0,40.0,40.0,182,DQA4
182,2,4100402,81,21.67,26.01,309.01,182,DQA4
182,3,4100403,47,1.1880842428291578,1.4257010913949895,451.435701091395,182,DQA4
182,4,4100404,1,0.33603231556676616,0.40323877868011937,454.83893987007514,182,DQA4
182,5,Regreso_DQA4,0,22.23,24.49,479.32893987007515,182,DQA4
183,1,Inicio_DQA4,0,0.0,40.0,40.0,183,DQA4
183,2,4100403,76,22.9,25.76,293.76,183,DQA4
183,3,4100404,53,0.33603231556676616,0.40323877868011937,453.1632387786801,183,DQA4
183,4,4109105,1,13.38257361432089,16.059088337185067,472.2223271158652,183,DQA4
183,5,Regreso_DQA4,0,5.32,7.09,479.3123271158652,183,DQA4
184,1,Inicio_DQA4,0,0.0,40.0,40.0,184,DQA4
184,2,4100404,130,22.23,24.49,454.49,184,DQA4
184,3,Regreso_DQA4,0,22.23,24.49,478.98,184,DQA4
185,1,Inicio_DQA4,0,0.0,40.0,40.0,185,DQA4
185,2,4100404,130,22.23,24.49,454.49,185,DQA4
185,3,Regreso_DQA4,0,22.23,24.49,478.98,185,DQA4
186,1,Inicio_DQA4,0,0.0,40.0,40.0,186,DQA4
186,2,4100404,64,22.23,24.49,256.49,186,DQA4
186,3,4109109,65,7.88440500464376,9.461286005572513,460.9512860055725,186,DQA4
186,4,4109108,1,5.2707318336277575,6.324878200353309,470.2761642059258,186,DQA4
186,5,Regreso_DQA4,0,6.72,8.77,479.0461642059258,186,DQA4
187,1,Inicio_DQA4,0,0.0,40.0,40.0,187,DQA4
187,2,4100501,20,23.86,27.32,127.32,187,DQA4
187,3,4100502,92,0.7372202660674034,0.8846643192808841,404.2046643192809,187,DQA4
187,4,4108101,15,3.5206994584203786,4.224839350104455,453.4295036693853,187,DQA4
187,5,4100701,1,3.631523365171154,4.357828038205385,460.78733170759074,187,DQA4
187,6,Regreso_DQA4,0,17.51,18.27,479.0573317075907,187,DQA4
188,1,Inicio_DQA4,0,0.0,40.0,40.0,188,DQA4
188,2,4100601,12,56.76,58.74,134.74,188,DQA4
188,3,4100602,14,0.4949406715552544,0.5939288058663053,177.33392880586632,188,DQA4
188,4,4109201,40,5.2172464708436195,6.260695765012343,303.59462457087864,188,DQA4
188,5,4109202,38,2.5754145885149997,3.0904975062179996,420.68512207709665,188,DQA4
188,6,4110101,1,12.280216942286973,14.736260330744367,438.421382407841,188,DQA4
188,7,4101801,1,4.397723921443457,5.277268705732149,446.69865111357313,188,DQA4
188,8,Regreso_DQA4,0,29.91,33.08,479.7786511135731,188,DQA4
189,1,Inicio_DQA4,0,0.0,40.0,40.0,189,DQA4
189,2,4100701,40,17.51,18.27,178.27,189,DQA4
189,3,4100702,93,0.4053327756397063,0.4863993307676475,457.75639933076764,189,DQA4
189,4,4109105,1,9.690276919744434,11.62833230369332,472.38473163446093,189,DQA4
189,5,Regreso_DQA4,0,5.32,7.09,479.4747316344609,189,DQA4
190,1,Inicio_DQA4,0,0.0,40.0,40.0,190,DQA4
190,2,4100702,16,18.24,19.82,107.82,190,DQA4
190,3,4108901,15,3.1954520210294013,3.8345424252352815,156.65454242523526,190,DQA4
190,4,4109601,82,3.3927833184433362,4.071339982132003,406.7258824073673,190,DQA4
190,5,4102801,16,1.0454505861608023,1.254540703392963,455.9804231107603,190,DQA4
190,6,4102101,2,1.8246833044353117,2.189619965322374,464.17004307608266,190,DQA4
190,7,4102102,1,0.3126767261092241,0.37521207133106893,467.54525514741374,190,DQA4
190,8,Regreso_DQA4,0,8.52,12.37,479.91525514741375,190,DQA4
191,1,Inicio_DQA4,0,0.0,40.0,40.0,191,DQA4
191,2,4100801,11,106.4,100.14,173.14,191,DQA4
191,3,4110001,8,6.54236762289871,7.850841147478452,204.99084114747845,191,DQA4
191,4,4109001,32,8.036545797885177,9.643854957462212,310.63469610494064,191,DQA4
191,5,4103702,18,8.128661703415098,9.754394044098117,374.3890901490388,191,DQA4
191,6,4103701,4,3.2855028683794485,3.9426034420553386,390.3316935910941,191,DQA4
191,7,Regreso_DQA4,0,113.63,88.51,478.8416935910941,191,DQA4
192,1,Inicio_DQA4,0,0.0,40.0,40.0,192,DQA4
192,2,4101001,68,19.17,27.01,271.01,192,DQA4
192,3,4104401,56,3.734790421836569,4.481748506203883,443.49174850620386,192,DQA4
192,4,4101602,3,3.298484852717459,3.958181823260951,456.4499303294648,192,DQA4
192,5,4105901,1,6.382104281407954,7.658525137689544,467.10845546715433,192,DQA4
192,6,Regreso_DQA4,0,9.91,12.21,479.3184554671543,192,DQA4
193,1,Inicio_DQA4,0,0.0,40.0,40.0,193,DQA4
193,2,4101101,48,49.86,42.05,226.05,193,DQA4
193,3,4101102,31,0.7938918491955961,0.9526702190347152,320.0026702190347,193,DQA4
193,4,4101103,37,1.0444831096115128,1.2533797315338153,432.2560499505685,193,DQA4
193,5,Regreso_DQA4,0,52.45,44.99,477.24604995056853,193,DQA4
194,1,Inicio_DQA4,0,0.0,40.0,40.0,194,DQA4
194,2,4101103,6,52.45,44.99,102.99000000000001,194,DQA4
194,3,4107101,16,5.335647747113468,6.402777296536161,157.39277729653617,194,DQA4
194,4,4107103,16,0.26209374391487994,0.3145124926978559,205.70728978923404,194,DQA4
194,5,4107102,24,0.9986090663281759,1.198330879593811,278.90562066882785,194,DQA4
194,6,4106002,31,7.998029692212963,9.597635630655555,381.5032562994834,194,DQA4
194,7,4106003,13,0.3694667368073255,0.4433600841687906,420.94661638365216,194,DQA4
194,8,Regreso_DQA4,0,66.51,56.88,477.82661638365215,194,DQA4
195,1,Inicio_DQA4,0,0.0,40.0,40.0,195,DQA4
195,2,4101104,42,57.81,74.11,240.11,195,DQA4
195,3,4106301,30,11.646339208701358,13.97560705044163,344.08560705044164,195,DQA4
195,4,4109502,32,5.786269601788252,6.943523522145902,447.0291305725875,195,DQA4
195,5,Regreso_DQA4,0,33.2,31.2,478.2291305725875,195,DQA4
196,1,Inicio_DQA4,0,0.0,40.0,40.0,196,DQA4
196,2,4101201,41,33.54,57.4,220.4,196,DQA4
196,3,4101501,22,4.382383018763382,5.258859622516058,291.65885962251605,196,DQA4
196,4,4101502,41,2.2934652048986304,2.7521582458783564,417.4110178683944,196,DQA4
196,5,4108702,10,4.0684461802108185,4.882135416252982,452.2931532846474,196,DQA4
196,6,Regreso_DQA4,0,27.34,25.38,477.6731532846474,196,DQA4
197,1,Inicio_DQA4,0,0.0,40.0,40.0,197,DQA4
197,2,4101302,5,41.96,39.96,94.96000000000001,197,DQA4
197,3,4104502,11,9.047187364610686,10.856624837532824,138.81662483753283,197,DQA4
197,4,4104901,101,10.352468760457247,12.422962512548697,454.2395873500815,197,DQA4
197,5,Regreso_DQA4,0,25.34,23.7,477.93958735008147,197,DQA4
198,1,Inicio_DQA4,0,0.0,40.0,40.0,198,DQA4
198,2,4101601,66,22.25,23.8,261.8,198,DQA4
198,3,4101602,43,1.1006625011941682,1.3207950014330019,392.120795001433,198,DQA4
198,4,4104401,15,3.298484852717459,3.958181823260951,441.07897682469394,198,DQA4
198,5,4105901,7,3.372943279342306,4.047531935210767,466.1265087599047,198,DQA4
198,6,Regreso_DQA4,0,9.91,12.21,478.3365087599047,198,DQA4
199,1,Inicio_DQA4,0,0.0,40.0,40.0,199,DQA4
199,2,4101701,136,12.49,15.25,463.25,199,DQA4
199,3,4108603,1,3.431390470597951,4.117668564717541,470.3676685647175,199,DQA4
199,4,Regreso_DQA4,0,6.73,8.88,479.2476685647175,199,DQA4
200,1,Inicio_DQA4,0,0.0,40.0,40.0,200,DQA4
200,2,4101701,122,12.49,15.25,421.25,200,DQA4
200,3,4104701,13,1.6775362726909762,2.013043527229171,462.2630435272292,200,DQA4
200,4,4108603,1,4.846006321803829,5.815207586164594,471.0782511133938,200,DQA4
200,5,Regreso_DQA4,0,6.73,8.88,479.95825111339377,200,DQA4
201,1,Inicio_DQA4,0,0.0,40.0,40.0,201,DQA4
201,2,4101801,104,29.91,33.08,385.08,201,DQA4
201,3,4110101,16,4.397723921443457,5.277268705732149,438.3572687057321,201,DQA4
201,4,4109108,1,23.932995675840267,28.71959481100832,470.07686351674045,201,DQA4
201,5,Regreso_DQA4,0,6.72,8.77,478.8468635167404,201,DQA4
202,1,Inicio_DQA4,0,0.0,40.0,40.0,202,DQA4
202,2,4101901,59,37.65,51.62,268.62,202,DQA4
202,3,4110101,44,7.738616761571126,9.28634011388535,409.90634011388534,202,DQA4
202,4,4102301,5,4.345466603830099,5.214559924596119,430.12090003848147,202,DQA4
202,5,4108102,1,17.717315265616115,21.260778318739337,454.3816783572208,202,DQA4
202,6,4109107,1,8.384094433225755,10.060913319870906,467.4425916770917,202,DQA4
202,7,Regreso_DQA4,0,9.06,12.31,479.7525916770917,202,DQA4
203,1,Inicio_DQA4,0,0.0,40.0,40.0,203,DQA4
203,2,4102001,38,52.19,39.88,193.88,203,DQA4
203,3,4102002,80,1.3658731590597437,1.6390477908716925,435.5190477908717,203,DQA4
203,4,Regreso_DQA4,0,53.78,41.9,477.4190477908717,203,DQA4
204,1,Inicio_DQA4,0,0.0,40.0,40.0,204,DQA4
204,2,4102002,10,53.78,41.9,111.9,204,DQA4
204,3,4105303,48,14.104620588810048,16.925544706572058,272.82554470657203,204,DQA4
204,4,4105301,50,0.6590585992993453,0.7908703191592144,423.61641502573127,204,DQA4
204,5,Regreso_DQA4,0,64.87,54.55,478.1664150257313,204,DQA4
205,1,Inicio_DQA4,0,0.0,40.0,40.0,205,DQA4
205,2,4102101,84,10.88,13.51,305.51,205,DQA4
205,3,4102102,53,0.3126767261092241,0.37521207133106893,464.88521207133107,205,DQA4
205,4,Regreso_DQA4,0,8.52,12.37,477.2552120713311,205,DQA4
206,1,Inicio_DQA4,0,0.0,40.0,40.0,206,DQA4
206,2,4102102,61,8.52,12.37,235.37,206,DQA4
206,3,4102103,29,1.4600963314385917,1.75211559772631,324.1221155977263,206,DQA4
206,4,4102104,22,0.7470912256066606,0.8965094707279927,391.0186250684543,206,DQA4
206,5,4109301,25,1.2261377457812537,1.4713652949375045,467.4899903633918,206,DQA4
206,6,Regreso_DQA4,0,7.91,11.84,479.3299903633918,206,DQA4
207,1,Inicio_DQA4,0,0.0,40.0,40.0,207,DQA4
207,2,4102201,16,73.49,58.99,146.99,207,DQA4
207,3,4102202,23,0.6668633837567716,0.8002360605081259,216.79023606050814,207,DQA4
207,4,4104202,17,13.236683279793667,15.884019935752402,283.6742559962605,207,DQA4
207,5,4104201,9,0.3887551967281916,0.4665062360738299,311.14076223233434,207,DQA4
207,6,4104203,34,1.7912365414528288,2.149483849743395,415.2902460820777,207,DQA4
207,7,Regreso_DQA4,0,71.49,62.59,477.88024608207775,207,DQA4
208,1,Inicio_DQA4,0,0.0,40.0,40.0,208,DQA4
208,2,4102301,39,42.54,48.27,205.27,208,DQA4
208,3,4102302,37,2.0317151563213676,2.438058187585641,318.70805818758566,208,DQA4
208,4,4109902,12,9.347081327143776,11.216497592572532,365.9245557801582,208,DQA4
208,5,4109903,14,1.0516787327361783,1.262014479283414,409.1865702594416,208,DQA4
208,6,4109901,2,0.7139528878650904,0.8567434654381084,416.04331372487974,208,DQA4
208,7,4102404,1,22.048144328505273,26.45777319420633,445.50108691908605,208,DQA4
208,8,Regreso_DQA4,0,38.96,33.31,478.81108691908605,208,DQA4
209,1,Inicio_DQA4,0,0.0,40.0,40.0,209,DQA4
209,2,4190101,29,88.58,94.2,221.2,209,DQA4
209,3,4105601,37,6.657334154423006,7.988800985307607,340.1888009853076,209,DQA4
209,4,4103903,18,14.342340099531912,17.210808119438294,411.3996091047459,209,DQA4
209,5,Regreso_DQA4,0,91.32,66.06,477.4596091047459,209,DQA4
210,1,Inicio_DQA4,0,0.0,40.0,40.0,210,DQA4
210,2,4102401,15,39.81,34.71,119.71000000000001,210,DQA4
210,3,4102403,10,0.2655150382772477,0.31861804593269727,150.02861804593272,210,DQA4
210,4,4102404,83,0.4423132194147504,0.5307758632977004,399.5593939092304,210,DQA4
210,5,4102402,9,0.9316896565638176,1.1180275878765813,427.67742149710693,210,DQA4
210,6,4102405,5,1.465593487369658,1.7587121848435898,444.43613368195054,210,DQA4
210,7,Regreso_DQA4,0,38.64,32.6,477.03613368195056,210,DQA4
211,1,Inicio_DQA4,0,0.0,40.0,40.0,211,DQA4
211,2,4102405,64,38.64,32.6,264.6,211,DQA4
211,3,4110202,14,10.255319783997445,12.306383740796933,318.90638374079697,211,DQA4
211,4,4110203,41,0.629570741123284,0.7554848893479409,442.6618686301449,211,DQA4
211,5,Regreso_DQA4,0,34.01,35.95,478.6118686301449,211,DQA4
212,1,Inicio_DQA4,0,0.0,40.0,40.0,212,DQA4
212,2,4102406,73,56.67,54.89,313.89,212,DQA4
212,3,4105501,31,10.066419097040018,12.079702916448023,418.969702916448,212,DQA4
212,4,Regreso_DQA4,0,63.35,59.98,478.949702916448,212,DQA4
213,1,Inicio_DQA4,0,0.0,40.0,40.0,213,DQA4
213,2,4102501,7,36.9,32.7,93.7,213,DQA4
213,3,4102502,1,1.1329250959314487,1.3595101151177387,98.05951011511775,213,DQA4
213,4,4105101,32,3.263320993538527,3.915985192246232,197.97549530736399,213,DQA4
213,5,4107501,79,5.436174366585862,6.523409239903034,441.498904547267,213,DQA4
213,6,Regreso_DQA4,0,42.95,37.94,479.438904547267,213,DQA4
214,1,Inicio_DQA4,0,0.0,40.0,40.0,214,DQA4
214,2,4102601,21,129.15,97.28,200.28,214,DQA4
214,3,4102602,15,0.9834293328883355,1.1801151994660024,246.460115199466,214,DQA4
214,4,4105401,8,5.722272868135053,6.866727441762064,277.32684264122804,214,DQA4
214,5,4104103,21,5.357141299915535,6.428569559898642,346.75541220112666,214,DQA4
214,6,4104102,15,0.4081841855362535,0.48982102264350424,392.2452332237702,214,DQA4
214,7,Regreso_DQA4,0,114.6,86.43,478.6752332237702,214,DQA4
215,1,Inicio_DQA4,0,0.0,40.0,40.0,215,DQA4
215,2,4102701,18,47.82,53.04,147.04,215,DQA4
215,3,4102702,23,0.5047613467627262,0.6057136161152714,216.64571361611524,215,DQA4
215,4,4104901,16,16.02386123475444,19.228633481705327,283.8743470978206,215,DQA4
215,5,4108101,54,8.152389481875206,9.782867378250247,455.65721447607086,215,DQA4
215,6,Regreso_DQA4,0,20.23,24.1,479.7572144760709,215,DQA4
216,1,Inicio_DQA4,0,0.0,40.0,40.0,216,DQA4
216,2,4102801,19,11.32,22.2,119.2,216,DQA4
216,3,4102901,114,2.262389299522904,2.714867159427485,463.9148671594275,216,DQA4
216,4,Regreso_DQA4,0,9.5,14.07,477.9848671594275,216,DQA4
217,1,Inicio_DQA4,0,0.0,40.0,40.0,217,DQA4
217,2,4102901,45,9.5,14.07,189.07,217,DQA4
217,3,4109301,92,1.5147606558909705,1.8177127870691647,466.8877127870692,217,DQA4
217,4,Regreso_DQA4,0,7.91,11.84,478.72771278706915,217,DQA4
218,1,Inicio_DQA4,0,0.0,40.0,40.0,218,DQA4
218,2,4103202,8,88.75,98.02,162.01999999999998,218,DQA4
218,3,4107301,17,16.378351066026962,19.654021279232353,232.67402127923233,218,DQA4
218,4,4109901,12,15.392747376420566,18.47129685170468,287.145318130937,218,DQA4
218,5,4105503,29,16.105662836845188,19.326795404214227,393.47211353515127,218,DQA4
218,6,4105502,8,0.47001603322821117,0.5640192398738534,418.0361327750251,218,DQA4
218,7,Regreso_DQA4,0,63.66,60.28,478.31613277502515,218,DQA4
219,1,Inicio_DQA4,0,0.0,40.0,40.0,219,DQA4
219,2,4103401,132,15.76,20.67,456.67,219,DQA4
219,3,4105901,1,6.398240967679498,7.677889161215397,467.3478891612154,219,DQA4
219,4,Regreso_DQA4,0,9.91,12.21,479.55788916121537,219,DQA4
220,1,Inicio_DQA4,0,0.0,40.0,40.0,220,DQA4
220,2,4103401,14,15.76,20.67,102.67,220,DQA4
220,3,4103403,79,0.34722849407266937,0.4166741928872032,340.0866741928872,220,DQA4
220,4,4103402,33,0.7664440285152744,0.9197328342183293,440.0064070271055,220,DQA4
220,5,4107901,5,0.7090282672518502,0.8508339207022202,455.8572409478077,220,DQA4
220,6,4109111,1,9.246756985051523,11.096108382061827,469.9533493298695,220,DQA4
220,7,Regreso_DQA4,0,4.39,9.54,479.49334932986955,220,DQA4
221,1,Inicio_DQA4,0,0.0,40.0,40.0,221,DQA4
221,2,4103501,10,88.02,89.96,159.95999999999998,221,DQA4
221,3,1102403,9,7.326696315555154,8.792035578666184,195.75203557866615,221,DQA4
221,4,1102401,5,4.154297810208324,4.985157372249988,215.73719295091615,221,DQA4
221,5,1102402,11,2.8803426435685164,3.4564111722822197,252.19360412319838,221,DQA4
221,6,1103601,7,4.000277819607021,4.800333383528425,277.9939375067268,221,DQA4
221,7,1102404,32,4.506631913460207,5.407958296152248,379.40189580287904,221,DQA4
221,8,1100501,1,11.833562475664037,14.200274970796844,396.6021707736759,221,DQA4
221,9,Regreso_DQA4,0,92.6,81.69,478.2921707736759,221,DQA4
222,1,Inicio_DQA4,0,0.0,40.0,40.0,222,DQA4
222,2,4103601,17,53.01,47.14,138.14,222,DQA4
222,3,4103602,21,0.41329187813953605,0.4959502537674433,201.63595025376742,222,DQA4
222,4,4106403,14,11.377425822272581,13.652910986727097,257.2888612404945,222,DQA4
222,5,4106402,28,1.4431269450661608,1.731752334079393,343.0206135745739,222,DQA4
222,6,4106401,14,1.6370856799774907,1.9645028159729887,386.98511639054686,222,DQA4
222,7,1102901,5,8.118181366804135,9.741817640164962,411.72693403071185,222,DQA4
222,8,Regreso_DQA4,0,74.4,65.68,477.40693403071185,222,DQA4
223,1,Inicio_DQA4,0,0.0,40.0,40.0,223,DQA4
223,2,4103701,11,113.63,88.51,161.51,223,DQA4
223,3,4106201,21,4.607262298720157,5.528714758464187,230.03871475846418,223,DQA4
223,4,4107201,43,9.969972210387251,11.963966652464702,371.00268141092886,223,DQA4
223,5,4104102,3,10.026774010850758,12.032128813020911,392.03481022394976,223,DQA4
223,6,Regreso_DQA4,0,114.6,86.43,478.46481022394977,223,DQA4
224,1,Inicio_DQA4,0,0.0,40.0,40.0,224,DQA4
224,2,4190301,68,67.82,50.48,294.48,224,DQA4
224,3,1102009,29,6.829532430426647,8.195438916511975,389.675438916512,224,DQA4
224,4,1102005,3,12.15890150544177,14.590681806530124,413.26612072304215,224,DQA4
224,5,Regreso_DQA4,0,90.35,65.18,478.44612072304216,224,DQA4
225,1,Inicio_DQA4,0,0.0,40.0,40.0,225,DQA4
225,2,4103801,94,17.23,18.89,340.89,225,DQA4
225,3,4103802,39,0.5584081712034763,0.6700898054441715,458.56008980544414,225,DQA4
225,4,4103804,1,0.4918847406485284,0.590261688778234,462.1503514942224,225,DQA4
225,5,Regreso_DQA4,0,16.13,17.6,479.7503514942224,225,DQA4
226,1,Inicio_DQA4,0,0.0,40.0,40.0,226,DQA4
226,2,4103802,118,16.82,19.05,413.05,226,DQA4
226,3,4103804,16,0.4918847406485284,0.590261688778234,461.64026168877825,226,DQA4
226,4,Regreso_DQA4,0,16.13,17.6,479.2402616887783,226,DQA4
227,1,Inicio_DQA4,0,0.0,40.0,40.0,227,DQA4
227,2,4103803,133,20.95,19.68,458.68,227,DQA4
227,3,Regreso_DQA4,0,20.95,19.68,478.36,227,DQA4
228,1,Inicio_DQA4,0,0.0,40.0,40.0,228,DQA4
228,2,4103803,69,20.95,19.68,266.68,228,DQA4
228,3,4103804,64,2.0791920817823533,2.495030498138824,461.1750304981388,228,DQA4
228,4,Regreso_DQA4,0,16.13,17.6,478.77503049813885,228,DQA4
229,1,Inicio_DQA4,0,0.0,40.0,40.0,229,DQA4
229,2,4103804,134,16.13,17.6,459.6,229,DQA4
229,3,Regreso_DQA4,0,16.13,17.6,477.20000000000005,229,DQA4
230,1,Inicio_DQA4,0,0.0,40.0,40.0,230,DQA4
230,2,4103804,134,16.13,17.6,459.6,230,DQA4
230,3,Regreso_DQA4,0,16.13,17.6,477.20000000000005,230,DQA4
231,1,Inicio_DQA4,0,0.0,40.0,40.0,231,DQA4
231,2,4103804,54,16.13,17.6,219.6,231,DQA4
231,3,4109110,80,5.621376656352818,6.745651987623382,466.34565198762334,231,DQA4
231,4,Regreso_DQA4,0,8.09,11.07,477.41565198762333,231,DQA4
232,1,Inicio_DQA4,0,0.0,40.0,40.0,232,DQA4
232,2,4103805,137,10.06,14.43,465.43,232,DQA4
232,3,Regreso_DQA4,0,10.06,14.43,479.86,232,DQA4
233,1,Inicio_DQA4,0,0.0,40.0,40.0,233,DQA4
233,2,4103805,137,10.06,14.43,465.43,233,DQA4
233,3,Regreso_DQA4,0,10.06,14.43,479.86,233,DQA4
234,1,Inicio_DQA4,0,0.0,40.0,40.0,234,DQA4
234,2,4103805,137,10.06,14.43,465.43,234,DQA4
234,3,Regreso_DQA4,0,10.06,14.43,479.86,234,DQA4
235,1,Inicio_DQA4,0,0.0,40.0,40.0,235,DQA4
235,2,4103805,137,10.06,14.43,465.43,235,DQA4
235,3,Regreso_DQA4,0,10.06,14.43,479.86,235,DQA4
236,1,Inicio_DQA4,0,0.0,40.0,40.0,236,DQA4
236,2,4103805,24,10.06,14.43,126.43,236,DQA4
236,3,4109110,112,3.70410657159114,4.444927885909368,466.87492788590936,236,DQA4
236,4,Regreso_DQA4,0,8.09,11.07,477.94492788590935,236,DQA4
237,1,Inicio_DQA4,0,0.0,40.0,40.0,237,DQA4
237,2,4103901,88,92.43,68.15,372.15,237,DQA4
237,3,4103905,1,0.33120996778448547,0.39745196134138255,375.5474519613414,237,DQA4
237,4,4103904,12,0.6273861832372963,0.7528634198847556,412.30031538122614,237,DQA4
237,5,Regreso_DQA4,0,91.52,66.48,478.78031538122616,237,DQA4
238,1,Inicio_DQA4,0,0.0,40.0,40.0,238,DQA4
238,2,4103903,59,91.32,66.06,283.06,238,DQA4
238,3,4103904,43,0.7771061608117064,0.9325273929740476,412.992527392974,238,DQA4
238,4,Regreso_DQA4,0,91.52,66.48,479.47252739297403,238,DQA4
239,1,Inicio_DQA4,0,0.0,40.0,40.0,239,DQA4
239,2,4103904,8,91.52,66.48,130.48000000000002,239,DQA4
239,3,4105201,33,24.66753537847251,29.60104245416701,259.081042454167,239,DQA4
239,4,4106802,16,6.066118461993268,7.279342154391922,314.36038460855895,239,DQA4
239,5,4106801,26,9.596104263675418,11.515325116410501,403.87570972496945,239,DQA4
239,6,4106803,1,1.172668596508402,1.4072023158100824,408.28291204077954,239,DQA4
239,7,Regreso_DQA4,0,92.38,71.09,479.3729120407795,239,DQA4
240,1,Inicio_DQA4,0,0.0,40.0,40.0,240,DQA4
240,2,4104001,132,18.87,21.02,457.02,240,DQA4
240,3,4108603,1,8.636012080982876,10.36321449717945,470.38321449717944,240,DQA4
240,4,Regreso_DQA4,0,6.73,8.88,479.26321449717943,240,DQA4
241,1,Inicio_DQA4,0,0.0,40.0,40.0,241,DQA4
241,2,4104001,79,18.87,21.02,298.02,241,DQA4
241,3,4109801,51,1.967637734988971,2.3611652819867652,453.38116528198674,241,DQA4
241,4,4109402,1,3.09236341798928,3.7108361015871356,460.09200138357386,241,DQA4
241,5,Regreso_DQA4,0,20.38,19.82,479.91200138357385,241,DQA4
242,1,Inicio_DQA4,0,0.0,40.0,40.0,242,DQA4
242,2,4104102,5,114.6,86.43,141.43,242,DQA4
242,3,4104104,29,0.7945827180526505,0.9534992616631806,229.3834992616632,242,DQA4
242,4,4108201,35,14.65560925242147,17.586731102905762,351.9702303645689,242,DQA4
242,5,4106803,7,29.078736428883317,34.894483714659984,407.8647140792289,242,DQA4
242,6,Regreso_DQA4,0,92.38,71.09,478.9547140792289,242,DQA4
243,1,Inicio_DQA4,0,0.0,40.0,40.0,243,DQA4
243,2,4104401,41,21.12,36.5,199.5,243,DQA4
243,3,4105901,88,3.372943279342306,4.047531935210767,467.54753193521077,243,DQA4
243,4,Regreso_DQA4,0,9.91,12.21,479.75753193521075,243,DQA4
244,1,Inicio_DQA4,0,0.0,40.0,40.0,244,DQA4
244,2,4104701,136,12.38,15.06,463.06,244,DQA4
244,3,Regreso_DQA4,0,12.38,15.06,478.12,244,DQA4
245,1,Inicio_DQA4,0,0.0,40.0,40.0,245,DQA4
245,2,4104701,1,12.38,15.06,58.06,245,DQA4
245,3,4109301,135,2.8025298994341536,3.3630358793209845,466.423035879321,245,DQA4
245,4,Regreso_DQA4,0,7.91,11.84,478.26303587932097,245,DQA4
246,1,Inicio_DQA4,0,0.0,40.0,40.0,246,DQA4
246,2,4104801,7,151.42,123.81,184.81,246,DQA4
246,3,4104802,5,0.30054091994574217,0.3606491039348906,200.1706491039349,246,DQA4
246,4,4104803,7,0.9166768324805106,1.1000121989766125,222.2706613029115,246,DQA4
246,5,4105502,43,55.06516846152366,66.0782021538284,417.3488634567399,246,DQA4
246,6,Regreso_DQA4,0,63.66,60.28,477.62886345673985,246,DQA4
247,1,Inicio_DQA4,0,0.0,40.0,40.0,247,DQA4
247,2,4190201,43,38.27,53.01,222.01,247,DQA4
247,3,4107901,72,14.702189973518172,17.642627968221806,455.6526279682218,247,DQA4
247,4,4109111,1,9.246756985051523,11.096108382061827,469.7487363502836,247,DQA4
247,5,Regreso_DQA4,0,4.39,9.54,479.2887363502836,247,DQA4
248,1,Inicio_DQA4,0,0.0,40.0,40.0,248,DQA4
248,2,4105301,30,64.87,54.55,184.55,248,DQA4
248,3,4105304,66,0.5327840080511033,0.6393408096613239,383.1893408096613,248,DQA4
248,4,4105302,13,0.812411523408674,0.9748938280904087,423.1642346377517,248,DQA4
248,5,Regreso_DQA4,0,65.6,56.22,479.38423463775166,248,DQA4
249,1,Inicio_DQA4,0,0.0,40.0,40.0,249,DQA4
249,2,4105302,23,65.6,56.22,165.22,249,DQA4
249,3,1103701,66,8.421364298876174,10.10563715865141,373.3256371586514,249,DQA4
249,4,1102009,2,9.408212265888787,11.289854719066545,390.61549187771794,249,DQA4
249,5,1102005,3,12.15890150544177,14.590681806530124,414.2061736842481,249,DQA4
249,6,Regreso_DQA4,0,90.35,65.18,479.3861736842481,249,DQA4
250,1,Inicio_DQA4,0,0.0,40.0,40.0,250,DQA4
250,2,4105501,12,63.35,59.98,135.98,250,DQA4
250,3,4105502,17,0.8104236936538046,0.9725084323845655,187.95250843238455,250,DQA4
250,4,4110203,50,33.99828339288482,40.79794007146178,378.7504485038463,250,DQA4
250,5,4110201,21,0.7281008240554687,0.8737209888665625,442.6241694927129,250,DQA4
250,6,Regreso_DQA4,0,31.7,36.86,479.4841694927129,250,DQA4
251,1,Inicio_DQA4,0,0.0,40.0,40.0,251,DQA4
251,2,4105801,39,28.53,31.27,188.27,251,DQA4
251,3,4105802,83,0.5293057993543984,0.635166959225278,437.9051669592253,251,DQA4
251,4,4105803,2,0.8605317690992355,1.0326381229190826,444.9378050821444,251,DQA4
251,5,4109105,1,20.624044270145063,24.748853124174076,472.6866582063185,251,DQA4
251,6,Regreso_DQA4,0,5.32,7.09,479.7766582063185,251,DQA4
252,1,Inicio_DQA4,0,0.0,40.0,40.0,252,DQA4
252,2,4105803,109,29.11,32.42,399.42,252,DQA4
252,3,4110201,13,2.386866972958118,2.8642403675497414,441.2842403675497,252,DQA4
252,4,4109108,1,21.756840051238658,26.108208061486387,470.3924484290361,252,DQA4
252,5,Regreso_DQA4,0,6.72,8.77,479.1624484290361,252,DQA4
253,1,Inicio_DQA4,0,0.0,40.0,40.0,253,DQA4
253,2,4105901,138,9.91,12.21,466.21,253,DQA4
253,3,Regreso_DQA4,0,9.91,12.21,478.41999999999996,253,DQA4
254,1,Inicio_DQA4,0,0.0,40.0,40.0,254,DQA4
254,2,4105901,138,9.91,12.21,466.21,254,DQA4
254,3,Regreso_DQA4,0,9.91,12.21,478.41999999999996,254,DQA4
255,1,Inicio_DQA4,0,0.0,40.0,40.0,255,DQA4
255,2,4105901,138,9.91,12.21,466.21,255,DQA4
255,3,Regreso_DQA4,0,9.91,12.21,478.41999999999996,255,DQA4
256,1,Inicio_DQA4,0,0.0,40.0,40.0,256,DQA4
256,2,4105901,35,9.91,12.21,157.21,256,DQA4
256,3,4108604,50,3.159044993261616,3.790853991913939,311.0008539919139,256,DQA4
256,4,4108603,53,0.17072798426050853,0.20487358111261023,470.20572757302654,256,DQA4
256,5,Regreso_DQA4,0,6.73,8.88,479.08572757302653,256,DQA4
257,1,Inicio_DQA4,0,0.0,40.0,40.0,257,DQA4
257,2,4106001,53,67.81,64.34,263.34000000000003,257,DQA4
257,3,4106003,52,1.1539653490196593,1.3847584188235913,420.7247584188236,257,DQA4
257,4,Regreso_DQA4,0,66.51,56.88,477.6047584188236,257,DQA4
258,1,Inicio_DQA4,0,0.0,40.0,40.0,258,DQA4
258,2,4106003,19,66.51,56.88,153.88,258,DQA4
258,3,4107702,44,14.980087028497161,17.976104434196593,303.8561044341966,258,DQA4
258,4,4107703,24,0.6013168690230578,0.7215802428276693,376.57768467702425,258,DQA4
258,5,4107701,14,0.47765789423934396,0.5731894730872127,419.15087415011146,258,DQA4
258,6,Regreso_DQA4,0,74.52,59.82,478.97087415011146,258,DQA4
259,1,Inicio_DQA4,0,0.0,40.0,40.0,259,DQA4
259,2,4106501,61,67.55,56.52,279.52,259,DQA4
259,3,4106502,47,0.44115669624159365,0.5293880354899124,421.04938803548987,259,DQA4
259,4,Regreso_DQA4,0,68.41,57.98,479.0293880354899,259,DQA4
260,1,Inicio_DQA4,0,0.0,40.0,40.0,260,DQA4
260,2,4106502,27,68.41,57.98,178.98,260,DQA4
260,3,4106504,33,0.4330735905112258,0.5196883086134709,278.4996883086135,260,DQA4
260,4,4106503,47,0.5837726919867823,0.7005272303841388,420.2002155389976,260,DQA4
260,5,Regreso_DQA4,0,67.93,56.91,477.11021553899764,260,DQA4
261,1,Inicio_DQA4,0,0.0,40.0,40.0,261,DQA4
261,2,4106503,4,67.93,56.91,108.91,261,DQA4
261,3,4106505,11,2.333721820156279,2.8004661841875347,144.71046618418754,261,DQA4
261,4,4107701,8,15.895778265660024,19.074933918792027,187.78540010297957,261,DQA4
261,5,4106805,30,16.832895986379626,20.19947518365555,297.9848752866351,261,DQA4
261,6,4106803,17,1.2517665033554046,1.5021198040264854,350.4869950906616,261,DQA4
261,7,4106804,15,6.43515452466829,7.722185429601948,403.20918052026354,261,DQA4
261,8,Regreso_DQA4,0,97.2,76.05,479.25918052026356,261,DQA4
262,1,Inicio_DQA4,0,0.0,40.0,40.0,262,DQA4
262,2,4106702,32,23.63,29.59,165.59,262,DQA4
262,3,4109801,7,2.511614344266674,3.013937213120009,189.60393721312002,262,DQA4
262,4,4108501,58,2.5214326425336213,3.0257191710403455,366.6296563841604,262,DQA4
262,5,4109401,28,5.33766604644492,6.405199255733904,457.0348556398943,262,DQA4
262,6,Regreso_DQA4,0,20.98,20.52,477.5548556398943,262,DQA4
263,1,Inicio_DQA4,0,0.0,40.0,40.0,263,DQA4
263,2,4106804,32,97.2,76.05,212.05,263,DQA4
263,3,4107601,17,24.941263777965624,29.92951653355875,292.97951653355875,263,DQA4
263,4,1100201,19,9.18984580302558,11.027814963630696,361.00733149718945,263,DQA4
263,5,1102404,2,9.630962051588245,11.557154461905894,378.56448595909535,263,DQA4
263,6,1100501,1,11.833562475664037,14.200274970796844,395.7647609298922,263,DQA4
263,7,Regreso_DQA4,0,92.6,81.69,477.4547609298922,263,DQA4
264,1,Inicio_DQA4,0,0.0,40.0,40.0,264,DQA4
264,2,4106901,61,28.89,25.88,248.88,264,DQA4
264,3,4106902,57,0.37340801122668216,0.4480896134720186,420.328089613472,264,DQA4
264,4,4106903,11,0.6158659336797219,0.7390391204156663,454.06712873388767,264,DQA4
264,5,Regreso_DQA4,0,30.08,25.62,479.6871287338877,264,DQA4
265,1,Inicio_DQA4,0,0.0,40.0,40.0,265,DQA4
265,2,4106903,88,30.08,25.62,329.62,265,DQA4
265,3,4106904,40,0.7424809398654604,0.8909771278385524,450.51097712783854,265,DQA4
265,4,Regreso_DQA4,0,30.41,26.61,477.12097712783856,265,DQA4
266,1,Inicio_DQA4,0,0.0,40.0,40.0,266,DQA4
266,2,4106904,54,30.41,26.61,228.61,266,DQA4
266,3,4109505,68,10.879895256088105,13.055874307305727,445.6658743073057,266,DQA4
266,4,Regreso_DQA4,0,34.49,32.34,478.0058743073057,266,DQA4
267,1,Inicio_DQA4,0,0.0,40.0,40.0,267,DQA4
267,2,4190401,16,50.67,55.15,143.15,267,DQA4
267,3,4109505,96,12.856326352182716,15.427591622619257,446.57759162261925,267,DQA4
267,4,Regreso_DQA4,0,34.49,32.34,478.9175916226193,267,DQA4
268,1,Inicio_DQA4,0,0.0,40.0,40.0,268,DQA4
268,2,4107001,108,13.03,16.58,380.58,268,DQA4
268,3,4109111,28,4.602902995626971,5.523483594752366,470.10348359475233,268,DQA4
268,4,Regreso_DQA4,0,4.39,9.54,479.64348359475235,268,DQA4
269,1,Inicio_DQA4,0,0.0,40.0,40.0,269,DQA4
269,2,4107501,1,42.95,37.94,80.94,269,DQA4
269,3,4108701,67,13.110998513420428,15.733198216104512,297.67319821610454,269,DQA4
269,4,4108702,49,0.9067687519000222,1.0881225022800265,445.7613207183846,269,DQA4
269,5,4109401,3,3.651905057100948,4.382286068521138,459.1436067869057,269,DQA4
269,6,Regreso_DQA4,0,20.98,20.52,479.6636067869057,269,DQA4
270,1,Inicio_DQA4,0,0.0,40.0,40.0,270,DQA4
270,2,4107901,17,18.16,23.16,114.16,270,DQA4
270,3,4109111,115,9.246756985051523,11.096108382061827,470.2561083820618,270,DQA4
270,4,Regreso_DQA4,0,4.39,9.54,479.79610838206185,270,DQA4
271,1,Inicio_DQA4,0,0.0,40.0,40.0,271,DQA4
271,2,4108101,31,20.23,24.1,157.1,271,DQA4
271,3,4108102,98,3.748264832896852,4.497917799476222,455.59791779947625,271,DQA4
271,4,4109108,1,10.145426535229985,12.174511842275983,470.77242964175224,271,DQA4
271,5,Regreso_DQA4,0,6.72,8.77,479.5424296417522,271,DQA4
272,1,Inicio_DQA4,0,0.0,40.0,40.0,272,DQA4
272,2,4108102,130,18.97,23.65,453.65,272,DQA4
272,3,4109107,1,8.384094433225755,10.060913319870906,466.7109133198709,272,DQA4
272,4,Regreso_DQA4,0,9.06,12.31,479.0209133198709,272,DQA4
273,1,Inicio_DQA4,0,0.0,40.0,40.0,273,DQA4
273,2,4108102,44,18.97,23.65,195.65,273,DQA4
273,3,4108902,61,8.374459518901606,10.049351422681926,388.69935142268196,273,DQA4
273,4,4109102,24,3.188800296212521,3.826560355455025,464.525911778137,273,DQA4
273,5,4109101,1,1.2936296730275176,1.5523556076330212,469.07826738577006,273,DQA4
273,6,Regreso_DQA4,0,6.3,10.37,479.44826738577007,273,DQA4
274,1,Inicio_DQA4,0,0.0,40.0,40.0,274,DQA4
274,2,4108601,19,7.65,10.55,107.55,274,DQA4
274,3,4108602,50,0.5477325666364746,0.6572790799637696,258.20727907996377,274,DQA4
274,4,4108603,24,0.7701268754212474,0.9241522505054969,331.13143133046924,274,DQA4
274,5,4109301,44,2.2015501830215873,2.641860219625905,465.7732915500951,274,DQA4
274,6,Regreso_DQA4,0,7.91,11.84,477.6132915500951,274,DQA4
275,1,Inicio_DQA4,0,0.0,40.0,40.0,275,DQA4
275,2,4109101,139,6.3,10.37,467.37,275,DQA4
275,3,4109105,1,1.9057201216995028,2.2868641460394032,472.6568641460394,275,DQA4
275,4,Regreso_DQA4,0,5.32,7.09,479.7468641460394,275,DQA4
276,1,Inicio_DQA4,0,0.0,40.0,40.0,276,DQA4
276,2,4109101,139,6.3,10.37,467.37,276,DQA4
276,3,4109105,1,1.9057201216995028,2.2868641460394032,472.6568641460394,276,DQA4
276,4,Regreso_DQA4,0,5.32,7.09,479.7468641460394,276,DQA4
277,1,Inicio_DQA4,0,0.0,40.0,40.0,277,DQA4
277,2,4109101,139,6.3,10.37,467.37,277,DQA4
277,3,4109105,1,1.9057201216995028,2.2868641460394032,472.6568641460394,277,DQA4
277,4,Regreso_DQA4,0,5.32,7.09,479.7468641460394,277,DQA4
278,1,Inicio_DQA4,0,0.0,40.0,40.0,278,DQA4
278,2,4109101,139,6.3,10.37,467.37,278,DQA4
278,3,4109105,1,1.9057201216995028,2.2868641460394032,472.6568641460394,278,DQA4
278,4,Regreso_DQA4,0,5.32,7.09,479.7468641460394,278,DQA4
279,1,Inicio_DQA4,0,0.0,40.0,40.0,279,DQA4
279,2,4109101,139,6.3,10.37,467.37,279,DQA4
279,3,4109105,1,1.9057201216995028,2.2868641460394032,472.6568641460394,279,DQA4
279,4,Regreso_DQA4,0,5.32,7.09,479.7468641460394,279,DQA4
280,1,Inicio_DQA4,0,0.0,40.0,40.0,280,DQA4
280,2,4109101,61,6.3,10.37,233.37,280,DQA4
280,3,4109103,78,0.5153629536920847,0.6184355444305016,467.9884355444305,280,DQA4
280,4,4109105,1,1.4414282235269733,1.729713868232368,472.71814941266285,280,DQA4
280,5,Regreso_DQA4,0,5.32,7.09,479.80814941266283,280,DQA4
281,1,Inicio_DQA4,0,0.0,40.0,40.0,281,DQA4
281,2,4109102,137,8.88,13.34,464.34,281,DQA4
281,3,4109103,1,1.7845532380864901,2.1414638857037884,469.48146388570376,281,DQA4
281,4,Regreso_DQA4,0,6.15,9.41,478.8914638857038,281,DQA4
282,1,Inicio_DQA4,0,0.0,40.0,40.0,282,DQA4
282,2,4109102,137,8.88,13.34,464.34,282,DQA4
282,3,4109103,1,1.7845532380864901,2.1414638857037884,469.48146388570376,282,DQA4
282,4,Regreso_DQA4,0,6.15,9.41,478.8914638857038,282,DQA4
283,1,Inicio_DQA4,0,0.0,40.0,40.0,283,DQA4
283,2,4109102,137,8.88,13.34,464.34,283,DQA4
283,3,4109103,1,1.7845532380864901,2.1414638857037884,469.48146388570376,283,DQA4
283,4,Regreso_DQA4,0,6.15,9.41,478.8914638857038,283,DQA4
284,1,Inicio_DQA4,0,0.0,40.0,40.0,284,DQA4
284,2,4109102,137,8.88,13.34,464.34,284,DQA4
284,3,4109103,1,1.7845532380864901,2.1414638857037884,469.48146388570376,284,DQA4
284,4,Regreso_DQA4,0,6.15,9.41,478.8914638857038,284,DQA4
285,1,Inicio_DQA4,0,0.0,40.0,40.0,285,DQA4
285,2,4109102,48,8.88,13.34,197.34,285,DQA4
285,3,4109103,90,1.7845532380864901,2.1414638857037884,469.48146388570376,285,DQA4
285,4,Regreso_DQA4,0,6.15,9.41,478.8914638857038,285,DQA4
286,1,Inicio_DQA4,0,0.0,40.0,40.0,286,DQA4
286,2,4109103,140,6.15,9.41,469.41,286,DQA4
286,3,Regreso_DQA4,0,6.15,9.41,478.82000000000005,286,DQA4
287,1,Inicio_DQA4,0,0.0,40.0,40.0,287,DQA4
287,2,4109103,140,6.15,9.41,469.41,287,DQA4
287,3,Regreso_DQA4,0,6.15,9.41,478.82000000000005,287,DQA4
288,1,Inicio_DQA4,0,0.0,40.0,40.0,288,DQA4
288,2,4109103,140,6.15,9.41,469.41,288,DQA4
288,3,Regreso_DQA4,0,6.15,9.41,478.82000000000005,288,DQA4
289,1,Inicio_DQA4,0,0.0,40.0,40.0,289,DQA4
289,2,4109103,118,6.15,9.41,403.41,289,DQA4
289,3,4109108,22,1.3475662256011771,1.6170794707214127,471.02707947072145,289,DQA4
289,4,Regreso_DQA4,0,6.72,8.77,479.7970794707214,289,DQA4
290,1,Inicio_DQA4,0,0.0,40.0,40.0,290,DQA4
290,2,4109104,139,7.99,11.23,468.23,290,DQA4
290,3,Regreso_DQA4,0,7.99,11.23,479.46000000000004,290,DQA4
291,1,Inicio_DQA4,0,0.0,40.0,40.0,291,DQA4
291,2,4109104,139,7.99,11.23,468.23,291,DQA4
291,3,Regreso_DQA4,0,7.99,11.23,479.46000000000004,291,DQA4
292,1,Inicio_DQA4,0,0.0,40.0,40.0,292,DQA4
292,2,4109104,139,7.99,11.23,468.23,292,DQA4
292,3,Regreso_DQA4,0,7.99,11.23,479.46000000000004,292,DQA4
293,1,Inicio_DQA4,0,0.0,40.0,40.0,293,DQA4
293,2,4109104,139,7.99,11.23,468.23,293,DQA4
293,3,Regreso_DQA4,0,7.99,11.23,479.46000000000004,293,DQA4
294,1,Inicio_DQA4,0,0.0,40.0,40.0,294,DQA4
294,2,4109104,108,7.99,11.23,375.23,294,DQA4
294,3,4109108,31,1.0582661784996543,1.2699194141995853,469.4999194141996,294,DQA4
294,4,Regreso_DQA4,0,6.72,8.77,478.2699194141996,294,DQA4
295,1,Inicio_DQA4,0,0.0,40.0,40.0,295,DQA4
295,2,4109105,140,5.32,7.09,467.09,295,DQA4
295,3,Regreso_DQA4,0,5.32,7.09,474.17999999999995,295,DQA4
296,1,Inicio_DQA4,0,0.0,40.0,40.0,296,DQA4
296,2,4109105,140,5.32,7.09,467.09,296,DQA4
296,3,Regreso_DQA4,0,5.32,7.09,474.17999999999995,296,DQA4
297,1,Inicio_DQA4,0,0.0,40.0,40.0,297,DQA4
297,2,4109105,140,5.32,7.09,467.09,297,DQA4
297,3,Regreso_DQA4,0,5.32,7.09,474.17999999999995,297,DQA4
298,1,Inicio_DQA4,0,0.0,40.0,40.0,298,DQA4
298,2,4109105,140,5.32,7.09,467.09,298,DQA4
298,3,Regreso_DQA4,0,5.32,7.09,474.17999999999995,298,DQA4
299,1,Inicio_DQA4,0,0.0,40.0,40.0,299,DQA4
299,2,4109105,79,5.32,7.09,284.09000000000003,299,DQA4
299,3,4109108,61,1.6045294162420527,1.925435299490463,469.0154352994905,299,DQA4
299,4,Regreso_DQA4,0,6.72,8.77,477.7854352994905,299,DQA4
300,1,Inicio_DQA4,0,0.0,40.0,40.0,300,DQA4
300,2,4109106,140,6.18,9.81,469.81,300,DQA4
300,3,Regreso_DQA4,0,6.18,9.81,479.62,300,DQA4
301,1,Inicio_DQA4,0,0.0,40.0,40.0,301,DQA4
301,2,4109106,140,6.18,9.81,469.81,301,DQA4
301,3,Regreso_DQA4,0,6.18,9.81,479.62,301,DQA4
302,1,Inicio_DQA4,0,0.0,40.0,40.0,302,DQA4
302,2,4109106,140,6.18,9.81,469.81,302,DQA4
302,3,Regreso_DQA4,0,6.18,9.81,479.62,302,DQA4
303,1,Inicio_DQA4,0,0.0,40.0,40.0,303,DQA4
303,2,4109106,109,6.18,9.81,376.81,303,DQA4
303,3,4109108,30,2.834672724194158,3.4016072690329895,470.211607269033,303,DQA4
303,4,Regreso_DQA4,0,6.72,8.77,478.98160726903296,303,DQA4
304,1,Inicio_DQA4,0,0.0,40.0,40.0,304,DQA4
304,2,4109107,138,9.06,12.31,466.31,304,DQA4
304,3,Regreso_DQA4,0,9.06,12.31,478.62,304,DQA4
305,1,Inicio_DQA4,0,0.0,40.0,40.0,305,DQA4
305,2,4109107,138,9.06,12.31,466.31,305,DQA4
305,3,Regreso_DQA4,0,9.06,12.31,478.62,305,DQA4
306,1,Inicio_DQA4,0,0.0,40.0,40.0,306,DQA4
306,2,4109107,138,9.06,12.31,466.31,306,DQA4
306,3,Regreso_DQA4,0,9.06,12.31,478.62,306,DQA4
307,1,Inicio_DQA4,0,0.0,40.0,40.0,307,DQA4
307,2,4109107,138,9.06,12.31,466.31,307,DQA4
307,3,Regreso_DQA4,0,9.06,12.31,478.62,307,DQA4
308,1,Inicio_DQA4,0,0.0,40.0,40.0,308,DQA4
308,2,4109107,67,9.06,12.31,253.31,308,DQA4
308,3,4109108,71,1.7682486195992269,2.121898343519072,468.43189834351904,308,DQA4
308,4,Regreso_DQA4,0,6.72,8.77,477.201898343519,308,DQA4
309,1,Inicio_DQA4,0,0.0,40.0,40.0,309,DQA4
309,2,4109108,140,6.72,8.77,468.77,309,DQA4
309,3,Regreso_DQA4,0,6.72,8.77,477.53999999999996,309,DQA4
310,1,Inicio_DQA4,0,0.0,40.0,40.0,310,DQA4
310,2,4109108,140,6.72,8.77,468.77,310,DQA4
310,3,Regreso_DQA4,0,6.72,8.77,477.53999999999996,310,DQA4
311,1,Inicio_DQA4,0,0.0,40.0,40.0,311,DQA4
311,2,4109108,106,6.72,8.77,366.77,311,DQA4
311,3,4109109,30,5.2707318336277575,6.324878200353309,463.09487820035326,311,DQA4
311,4,Regreso_DQA4,0,13.95,16.8,479.8948782003533,311,DQA4
312,1,Inicio_DQA4,0,0.0,40.0,40.0,312,DQA4
312,2,4109109,135,13.95,16.8,461.8,312,DQA4
312,3,Regreso_DQA4,0,13.95,16.8,478.6,312,DQA4
313,1,Inicio_DQA4,0,0.0,40.0,40.0,313,DQA4
313,2,4109109,135,13.95,16.8,461.8,313,DQA4
313,3,Regreso_DQA4,0,13.95,16.8,478.6,313,DQA4
314,1,Inicio_DQA4,0,0.0,40.0,40.0,314,DQA4
314,2,4109109,135,13.95,16.8,461.8,314,DQA4
314,3,Regreso_DQA4,0,13.95,16.8,478.6,314,DQA4
315,1,Inicio_DQA4,0,0.0,40.0,40.0,315,DQA4
315,2,4109109,135,13.95,16.8,461.8,315,DQA4
315,3,Regreso_DQA4,0,13.95,16.8,478.6,315,DQA4
316,1,Inicio_DQA4,0,0.0,40.0,40.0,316,DQA4
316,2,4109109,135,13.95,16.8,461.8,316,DQA4
316,3,Regreso_DQA4,0,13.95,16.8,478.6,316,DQA4
317,1,Inicio_DQA4,0,0.0,40.0,40.0,317,DQA4
317,2,4109109,135,13.95,16.8,461.8,317,DQA4
317,3,Regreso_DQA4,0,13.95,16.8,478.6,317,DQA4
318,1,Inicio_DQA4,0,0.0,40.0,40.0,318,DQA4
318,2,4109109,135,13.95,16.8,461.8,318,DQA4
318,3,Regreso_DQA4,0,13.95,16.8,478.6,318,DQA4
319,1,Inicio_DQA4,0,0.0,40.0,40.0,319,DQA4
319,2,4109109,24,13.95,16.8,128.8,319,DQA4
319,3,4109110,110,8.218946135060545,9.862735362072655,468.6627353620727,319,DQA4
319,4,Regreso_DQA4,0,8.09,11.07,479.7327353620727,319,DQA4
320,1,Inicio_DQA4,0,0.0,40.0,40.0,320,DQA4
320,2,4109110,139,8.09,11.07,468.07,320,DQA4
320,3,Regreso_DQA4,0,8.09,11.07,479.14,320,DQA4
321,1,Inicio_DQA4,0,0.0,40.0,40.0,321,DQA4
321,2,4109110,84,8.09,11.07,303.07,321,DQA4
321,3,4109111,54,3.984271983506822,4.781126380208186,469.85112638020814,321,DQA4
321,4,Regreso_DQA4,0,4.39,9.54,479.39112638020816,321,DQA4
322,1,Inicio_DQA4,0,0.0,40.0,40.0,322,DQA4
322,2,4109111,140,4.39,9.54,469.54,322,DQA4
322,3,Regreso_DQA4,0,4.39,9.54,479.08000000000004,322,DQA4
323,1,Inicio_DQA4,0,0.0,40.0,40.0,323,DQA4
323,2,4109111,47,4.39,9.54,190.54,323,DQA4
323,3,4109301,41,4.998574398356797,5.998289278028157,319.5382892780282,323,DQA4
323,4,4109402,32,9.375369122618341,11.25044294714201,426.7887322251702,323,DQA4
323,5,4109401,10,0.5982021867438247,0.7178426240925897,457.5065748492628,323,DQA4
323,6,Regreso_DQA4,0,20.98,20.52,478.0265748492628,323,DQA4
324,1,Inicio_DQA4,0,0.0,40.0,40.0,324,DQA4
324,2,4109401,16,20.98,20.52,108.52,324,DQA4
324,3,4110201,29,38.56281995764234,46.27538394917081,241.7953839491708,324,DQA4
324,4,4109504,36,22.294023702999915,26.7528284435999,376.54821239277067,324,DQA4
324,5,4109501,24,0.8158057676868546,0.9789669212242257,449.5271793139949,324,DQA4
324,6,Regreso_DQA4,0,32.69,30.11,479.6371793139949,324,DQA4
325,1,Inicio_DQA4,0,0.0,40.0,40.0,325,DQA4
325,2,4109501,75,32.69,30.11,295.11,325,DQA4
325,3,4109503,50,0.42459342210359685,0.5095121065243162,445.6195121065243,325,DQA4
325,4,Regreso_DQA4,0,33.43,31.93,477.54951210652433,325,DQA4
326,1,Inicio_DQA4,0,0.0,40.0,40.0,326,DQA4
326,2,4109502,36,33.2,31.2,179.2,326,DQA4
326,3,4109503,28,0.37932203388703206,0.4551864406644385,263.6551864406644,326,DQA4
326,4,1101701,32,34.09242970986129,40.910915651833555,400.566102092498,326,DQA4
326,5,Regreso_DQA4,0,76.19,64.97,465.536102092498,326,DQA4
327,1,Inicio_DQA4,0,0.0,40.0,40.0,327,DQA4
327,2,1100101,20,138.65,98.27,198.26999999999998,327,DQA4
327,3,1100102,23,3.5878891603474705,4.305466992416965,271.575466992417,327,DQA4
327,4,1102306,15,14.3153554868851,17.17842658426212,333.7538935766791,327,DQA4
327,5,1190101,8,8.293523739269245,9.952228487123095,367.7061220638022,327,DQA4
327,6,1102301,2,16.67214299715362,20.006571596584347,393.71269366038655,327,DQA4
327,7,Regreso_DQA4,0,120.39,85.46,479.1726936603865,327,DQA4
328,1,Inicio_DQA4,0,0.0,40.0,40.0,328,DQA4
328,2,1100201,19,125.13,118.99,215.99,328,DQA4
328,3,1103401,22,5.812952188238267,6.975542625885921,288.9655426258859,328,DQA4
328,4,1102404,7,5.734842033202547,6.881810439843056,316.84735306572895,328,DQA4
328,5,1101801,15,8.02020741515992,9.624248898191905,371.4716019639209,328,DQA4
328,6,1100501,6,6.702829992031913,8.043395990438295,397.51499795435916,328,DQA4
328,7,Regreso_DQA4,0,92.6,81.69,479.20499795435916,328,DQA4
329,1,Inicio_DQA4,0,0.0,40.0,40.0,329,DQA4
329,2,1100301,13,112.33,115.16,194.16,329,DQA4
329,3,1190201,37,14.784802914712492,17.74176349765499,322.901763497655,329,DQA4
329,4,1102501,18,11.055512012535102,13.266614415042122,390.1683779126971,329,DQA4
329,5,Regreso_DQA4,0,124.83,89.19,479.3583779126971,329,DQA4
330,1,Inicio_DQA4,0,0.0,40.0,40.0,330,DQA4
330,2,1100401,63,183.94,125.04,354.04,330,DQA4
330,3,Regreso_DQA4,0,183.94,125.04,479.08000000000004,330,DQA4
331,1,Inicio_DQA4,0,0.0,40.0,40.0,331,DQA4
331,2,1100401,63,183.94,125.04,354.04,331,DQA4
331,3,Regreso_DQA4,0,183.94,125.04,479.08000000000004,331,DQA4
332,1,Inicio_DQA4,0,0.0,40.0,40.0,332,DQA4
332,2,1100401,63,183.94,125.04,354.04,332,DQA4
332,3,Regreso_DQA4,0,183.94,125.04,479.08000000000004,332,DQA4
333,1,Inicio_DQA4,0,0.0,40.0,40.0,333,DQA4
333,2,1100401,63,183.94,125.04,354.04,333,DQA4
333,3,Regreso_DQA4,0,183.94,125.04,479.08000000000004,333,DQA4
334,1,Inicio_DQA4,0,0.0,40.0,40.0,334,DQA4
334,2,1100401,63,183.94,125.04,354.04,334,DQA4
334,3,Regreso_DQA4,0,183.94,125.04,479.08000000000004,334,DQA4
335,1,Inicio_DQA4,0,0.0,40.0,40.0,335,DQA4
335,2,1100401,34,183.94,125.04,267.04,335,DQA4
335,3,1100404,29,0.21706176709442687,0.2604741205133122,354.30047412051334,335,DQA4
335,4,Regreso_DQA4,0,183.48,124.96,479.2604741205133,335,DQA4
336,1,Inicio_DQA4,0,0.0,40.0,40.0,336,DQA4
336,2,1100402,62,184.21,126.52,352.52,336,DQA4
336,3,Regreso_DQA4,0,184.21,126.52,479.03999999999996,336,DQA4
337,1,Inicio_DQA4,0,0.0,40.0,40.0,337,DQA4
337,2,1100402,62,184.21,126.52,352.52,337,DQA4
337,3,Regreso_DQA4,0,184.21,126.52,479.03999999999996,337,DQA4
338,1,Inicio_DQA4,0,0.0,40.0,40.0,338,DQA4
338,2,1100402,62,184.21,126.52,352.52,338,DQA4
338,3,Regreso_DQA4,0,184.21,126.52,479.03999999999996,338,DQA4
339,1,Inicio_DQA4,0,0.0,40.0,40.0,339,DQA4
339,2,1100402,62,184.21,126.52,352.52,339,DQA4
339,3,Regreso_DQA4,0,184.21,126.52,479.03999999999996,339,DQA4
340,1,Inicio_DQA4,0,0.0,40.0,40.0,340,DQA4
340,2,1100402,47,184.21,126.52,307.52,340,DQA4
340,3,1100404,15,1.1308608772397386,1.3570330526876864,353.8770330526877,340,DQA4
340,4,Regreso_DQA4,0,183.48,124.96,478.8370330526877,340,DQA4
341,1,Inicio_DQA4,0,0.0,40.0,40.0,341,DQA4
341,2,1100403,62,184.08,125.59,351.59000000000003,341,DQA4
341,3,1100404,1,0.2995653735789619,0.3594784482947543,354.94947844829477,341,DQA4
341,4,Regreso_DQA4,0,183.48,124.96,479.90947844829475,341,DQA4
342,1,Inicio_DQA4,0,0.0,40.0,40.0,342,DQA4
342,2,1100403,62,184.08,125.59,351.59000000000003,342,DQA4
342,3,1100404,1,0.2995653735789619,0.3594784482947543,354.94947844829477,342,DQA4
342,4,Regreso_DQA4,0,183.48,124.96,479.90947844829475,342,DQA4
343,1,Inicio_DQA4,0,0.0,40.0,40.0,343,DQA4
343,2,1100403,44,184.08,125.59,297.59000000000003,343,DQA4
343,3,1100404,19,0.2995653735789619,0.3594784482947543,354.94947844829477,343,DQA4
343,4,Regreso_DQA4,0,183.48,124.96,479.90947844829475,343,DQA4
344,1,Inicio_DQA4,0,0.0,40.0,40.0,344,DQA4
344,2,1100404,63,183.48,124.96,353.96,344,DQA4
344,3,Regreso_DQA4,0,183.48,124.96,478.91999999999996,344,DQA4
345,1,Inicio_DQA4,0,0.0,40.0,40.0,345,DQA4
345,2,1100404,63,183.48,124.96,353.96,345,DQA4
345,3,Regreso_DQA4,0,183.48,124.96,478.91999999999996,345,DQA4
346,1,Inicio_DQA4,0,0.0,40.0,40.0,346,DQA4
346,2,1100404,63,183.48,124.96,353.96,346,DQA4
346,3,Regreso_DQA4,0,183.48,124.96,478.91999999999996,346,DQA4
347,1,Inicio_DQA4,0,0.0,40.0,40.0,347,DQA4
347,2,1100404,63,183.48,124.96,353.96,347,DQA4
347,3,Regreso_DQA4,0,183.48,124.96,478.91999999999996,347,DQA4
348,1,Inicio_DQA4,0,0.0,40.0,40.0,348,DQA4
348,2,1100404,26,183.48,124.96,242.95999999999998,348,DQA4
348,3,1100802,19,5.855605013071896,7.026726015686275,306.98672601568626,348,DQA4
348,4,1103304,14,3.1150416244812096,3.7380499493774515,352.7247759650637,348,DQA4
348,5,Regreso_DQA4,0,184.48,125.15,477.8747759650637,348,DQA4
349,1,Inicio_DQA4,0,0.0,40.0,40.0,349,DQA4
349,2,1100501,26,92.6,81.69,199.69,349,DQA4
349,3,1100502,8,2.657786762330796,3.1893441147969552,226.87934411479696,349,DQA4
349,4,1104201,12,6.896182271286631,8.275418725543958,271.15476284034094,349,DQA4
349,5,1101901,17,10.160660787367872,12.192792944841447,334.3475557851824,349,DQA4
349,6,1104001,4,8.211687227031073,9.854024672437287,356.2015804576197,349,DQA4
349,7,1103801,3,6.9769739132043735,8.372368695845248,373.5739491534649,349,DQA4
349,8,1101101,1,10.064221940199204,12.077066328239045,388.65101548170395,349,DQA4
349,9,1102901,1,18.70581861012666,22.44698233215199,414.09799781385595,349,DQA4
349,10,Regreso_DQA4,0,74.4,65.68,479.77799781385596,349,DQA4
350,1,Inicio_DQA4,0,0.0,40.0,40.0,350,DQA4
350,2,1100601,45,113.36,82.49,257.49,350,DQA4
350,3,1100602,47,0.277527196066289,0.3330326352795468,398.82303263527956,350,DQA4
350,4,Regreso_DQA4,0,90.6,81.02,479.84303263527954,350,DQA4
351,1,Inicio_DQA4,0,0.0,40.0,40.0,351,DQA4
351,2,1100602,63,90.6,81.02,310.02,351,DQA4
351,3,1100604,26,2.933178212523441,3.5198138550281293,391.5398138550281,351,DQA4
351,4,1101002,1,6.659963083124507,7.991955699749408,402.5317695547775,351,DQA4
351,5,Regreso_DQA4,0,89.55,74.98,477.5117695547775,351,DQA4
352,1,Inicio_DQA4,0,0.0,40.0,40.0,352,DQA4
352,2,1100603,42,112.03,79.41,245.41,352,DQA4
352,3,1100604,20,7.61336355032838,9.136036260394055,314.54603626039403,352,DQA4
352,4,1101002,27,6.659963083124507,7.991955699749408,403.5379919601435,352,DQA4
352,5,Regreso_DQA4,0,89.55,74.98,478.5179919601435,352,DQA4
353,1,Inicio_DQA4,0,0.0,40.0,40.0,353,DQA4
353,2,1100701,51,166.78,118.8,311.8,353,DQA4
353,3,1100702,16,0.352337002867611,0.4228044034411332,360.22280440344116,353,DQA4
353,4,Regreso_DQA4,0,167.21,119.49,479.71280440344117,353,DQA4
354,1,Inicio_DQA4,0,0.0,40.0,40.0,354,DQA4
354,2,1100702,51,167.21,119.49,312.49,354,DQA4
354,3,1100703,15,1.019171154315961,1.2230053851791531,358.71300538517914,354,DQA4
354,4,Regreso_DQA4,0,167.62,119.96,478.6730053851791,354,DQA4
355,1,Inicio_DQA4,0,0.0,40.0,40.0,355,DQA4
355,2,1100703,13,167.62,119.96,198.95999999999998,355,DQA4
355,3,1100704,24,5.011222504833083,6.0134670057997,276.97346700579965,355,DQA4
355,4,1103902,24,10.984564019753538,13.181476823704246,362.1549438295039,355,DQA4
355,5,1102301,1,22.633041466098874,27.15964975931865,392.31459358882256,355,DQA4
355,6,Regreso_DQA4,0,120.39,85.46,477.77459358882254,355,DQA4
356,1,Inicio_DQA4,0,0.0,40.0,40.0,356,DQA4
356,2,1100801,71,165.27,112.47,365.47,356,DQA4
356,3,Regreso_DQA4,0,165.27,112.47,477.94000000000005,356,DQA4
357,1,Inicio_DQA4,0,0.0,40.0,40.0,357,DQA4
357,2,1100801,71,165.27,112.47,365.47,357,DQA4
357,3,Regreso_DQA4,0,165.27,112.47,477.94000000000005,357,DQA4
358,1,Inicio_DQA4,0,0.0,40.0,40.0,358,DQA4
358,2,1100801,32,165.27,112.47,248.47,358,DQA4
358,3,1100803,29,10.615581828344459,12.73869819401335,348.2086981940133,358,DQA4
358,4,Regreso_DQA4,0,179.42,129.33,477.53869819401336,358,DQA4
359,1,Inicio_DQA4,0,0.0,40.0,40.0,359,DQA4
359,2,1100803,27,179.42,129.33,250.33,359,DQA4
359,3,1103304,33,4.077533839591022,4.893040607509227,354.22304060750923,359,DQA4
359,4,Regreso_DQA4,0,184.48,125.15,479.3730406075092,359,DQA4
360,1,Inicio_DQA4,0,0.0,40.0,40.0,360,DQA4
360,2,1190101,53,140.89,110.51,309.51,360,DQA4
360,3,1102301,3,16.67214299715362,20.006571596584347,338.51657159658436,360,DQA4
360,4,1102303,6,0.3003628655834057,0.3604354387000868,356.87700703528446,360,DQA4
360,5,1102302,7,0.27299557657693596,0.32759469189232315,378.2046017271768,360,DQA4
360,6,1102304,5,0.5452676287092151,0.6543211544510581,393.85892288162785,360,DQA4
360,7,Regreso_DQA4,0,119.93,85.14,478.99892288162783,360,DQA4
361,1,Inicio_DQA4,0,0.0,40.0,40.0,361,DQA4
361,2,1100901,7,112.41,111.12,172.12,361,DQA4
361,3,1103801,66,3.647591226652097,4.377109471982516,374.4971094719825,361,DQA4
361,4,1101101,1,10.064221940199204,12.077066328239045,389.57417580022155,361,DQA4
361,5,Regreso_DQA4,0,101.98,89.34,478.9141758002215,361,DQA4
362,1,Inicio_DQA4,0,0.0,40.0,40.0,362,DQA4
362,2,1101001,21,88.75,74.48,177.48000000000002,362,DQA4
362,3,1101002,2,0.3648568247467833,0.43782818969613996,183.91782818969617,362,DQA4
362,4,1101003,7,6.746707992754078,8.096049591304894,213.01387778100107,362,DQA4
362,5,1104102,63,4.532786096201125,5.43934331544135,407.45322109644246,362,DQA4
362,6,Regreso_DQA4,0,83.92,70.88,478.33322109644246,362,DQA4
363,1,Inicio_DQA4,0,0.0,40.0,40.0,363,DQA4
363,2,1101101,20,101.98,89.34,189.34,363,DQA4
363,3,1102602,25,5.248436635967617,6.2981239631611405,270.63812396316115,363,DQA4
363,4,1102601,20,0.4544652271254811,0.5453582725505773,331.1834822357117,363,DQA4
363,5,1104102,8,11.321085346039919,13.585302415247902,368.7687846509596,363,DQA4
363,6,1104101,12,0.576816492465542,0.6921797909586505,405.46096444191824,363,DQA4
363,7,Regreso_DQA4,0,84.59,71.89,477.3509644419182,363,DQA4
364,1,Inicio_DQA4,0,0.0,40.0,40.0,364,DQA4
364,2,1101201,59,121.14,87.54,304.54,364,DQA4
364,3,1101203,29,0.20398239437268112,0.24477887324721734,391.7847788732472,364,DQA4
364,4,Regreso_DQA4,0,121.17,88.05,479.8347788732472,364,DQA4
365,1,Inicio_DQA4,0,0.0,40.0,40.0,365,DQA4
365,2,1101202,57,121.16,88.23,299.23,365,DQA4
365,3,1101203,28,0.1640972106368737,0.19691665276424844,383.42691665276425,365,DQA4
365,4,1101205,2,0.3542710771900077,0.4251252926280093,389.8520419453923,365,DQA4
365,5,1101206,1,0.2980574668065243,0.3576689601678292,393.2097109055601,365,DQA4
365,6,Regreso_DQA4,0,120.44,85.48,478.6897109055601,365,DQA4
366,1,Inicio_DQA4,0,0.0,40.0,40.0,366,DQA4
366,2,1101204,33,121.29,88.66,227.66,366,DQA4
366,3,1101205,37,0.33548850217894843,0.40258620261473815,339.06258620261474,366,DQA4
366,4,1101206,18,0.2980574668065243,0.3576689601678292,393.42025516278255,366,DQA4
366,5,Regreso_DQA4,0,120.44,85.48,478.90025516278257,366,DQA4
367,1,Inicio_DQA4,0,0.0,40.0,40.0,367,DQA4
367,2,1101206,18,120.44,85.48,179.48000000000002,367,DQA4
367,3,1101207,27,0.7724272332160014,0.9269126798592017,261.4069126798592,367,DQA4
367,4,1101208,44,0.7650106721654121,0.9180128065984945,394.3249254864577,367,DQA4
367,5,Regreso_DQA4,0,119.38,83.26,477.5849254864577,367,DQA4
368,1,Inicio_DQA4,0,0.0,40.0,40.0,368,DQA4
368,2,1101208,91,119.38,83.26,396.26,368,DQA4
368,3,Regreso_DQA4,0,119.38,83.26,479.52,368,DQA4
369,1,Inicio_DQA4,0,0.0,40.0,40.0,369,DQA4
369,2,1101208,91,119.38,83.26,396.26,369,DQA4
369,3,Regreso_DQA4,0,119.38,83.26,479.52,369,DQA4
370,1,Inicio_DQA4,0,0.0,40.0,40.0,370,DQA4
370,2,1101208,51,119.38,83.26,276.26,370,DQA4
370,3,1101209,39,1.166236808575326,1.3994841702903913,394.6594841702904,370,DQA4
370,4,Regreso_DQA4,0,119.06,83.3,477.9594841702904,370,DQA4
371,1,Inicio_DQA4,0,0.0,40.0,40.0,371,DQA4
371,2,1101209,91,119.06,83.3,396.3,371,DQA4
371,3,Regreso_DQA4,0,119.06,83.3,479.6,371,DQA4
372,1,Inicio_DQA4,0,0.0,40.0,40.0,372,DQA4
372,2,1101209,91,119.06,83.3,396.3,372,DQA4
372,3,Regreso_DQA4,0,119.06,83.3,479.6,372,DQA4
373,1,Inicio_DQA4,0,0.0,40.0,40.0,373,DQA4
373,2,1101209,3,119.06,83.3,132.3,373,DQA4
373,3,1101210,87,0.9296233182472802,1.1155479818967362,394.41554798189674,373,DQA4
373,4,Regreso_DQA4,0,119.84,84.58,478.9955479818967,373,DQA4
374,1,Inicio_DQA4,0,0.0,40.0,40.0,374,DQA4
374,2,1101210,90,119.84,84.58,394.58,374,DQA4
374,3,Regreso_DQA4,0,119.84,84.58,479.15999999999997,374,DQA4
375,1,Inicio_DQA4,0,0.0,40.0,40.0,375,DQA4
375,2,1101210,90,119.84,84.58,394.58,375,DQA4
375,3,Regreso_DQA4,0,119.84,84.58,479.15999999999997,375,DQA4
376,1,Inicio_DQA4,0,0.0,40.0,40.0,376,DQA4
376,2,1101210,15,119.84,84.58,169.57999999999998,376,DQA4
376,3,1102801,74,7.611229195596312,9.133475034715575,400.71347503471554,376,DQA4
376,4,Regreso_DQA4,0,111.44,77.5,478.21347503471554,376,DQA4
377,1,Inicio_DQA4,0,0.0,40.0,40.0,377,DQA4
377,2,1101301,28,199.16,141.91,265.90999999999997,377,DQA4
377,3,1102102,15,10.288637282990669,12.346364739588802,323.2563647395888,377,DQA4
377,4,1103304,2,20.948310902861053,25.137973083433263,354.39433782302206,377,DQA4
377,5,Regreso_DQA4,0,184.48,125.15,479.54433782302203,377,DQA4
378,1,Inicio_DQA4,0,0.0,40.0,40.0,378,DQA4
378,2,1101501,86,125.6,90.55,388.55,378,DQA4
378,3,Regreso_DQA4,0,125.6,90.55,479.1,378,DQA4
379,1,Inicio_DQA4,0,0.0,40.0,40.0,379,DQA4
379,2,1101501,64,125.6,90.55,322.55,379,DQA4
379,3,1101504,22,0.46353467110718416,0.556241605328621,389.10624160532865,379,DQA4
379,4,Regreso_DQA4,0,124.53,89.76,478.86624160532864,379,DQA4
380,1,Inicio_DQA4,0,0.0,40.0,40.0,380,DQA4
380,2,1101502,79,126.8,93.13,370.13,380,DQA4
380,3,1101503,5,0.6220972667598266,0.7465167201117919,385.8765167201118,380,DQA4
380,4,1101504,1,0.91754222192663,1.1010506663119561,389.97756738642374,380,DQA4
380,5,Regreso_DQA4,0,124.53,89.76,479.73756738642373,380,DQA4
381,1,Inicio_DQA4,0,0.0,40.0,40.0,381,DQA4
381,2,1101503,76,126.03,91.36,359.36,381,DQA4
381,3,1101504,9,0.91754222192663,1.1010506663119561,387.46105066631196,381,DQA4
381,4,Regreso_DQA4,0,124.53,89.76,477.22105066631195,381,DQA4
382,1,Inicio_DQA4,0,0.0,40.0,40.0,382,DQA4
382,2,1101504,86,124.53,89.76,387.76,382,DQA4
382,3,Regreso_DQA4,0,124.53,89.76,477.52,382,DQA4
383,1,Inicio_DQA4,0,0.0,40.0,40.0,383,DQA4
383,2,1101504,75,124.53,89.76,354.76,383,DQA4
383,3,1103106,9,6.506039762107262,7.807247714528714,389.5672477145287,383,DQA4
383,4,1103102,1,1.1133062041301256,1.3359674449561507,393.9032151594849,383,DQA4
383,5,Regreso_DQA4,0,121.23,85.53,479.4332151594849,383,DQA4
384,1,Inicio_DQA4,0,0.0,40.0,40.0,384,DQA4
384,2,1101505,76,138.01,105.05,373.05,384,DQA4
384,3,1103106,1,12.641650546608538,15.169980655930246,391.21998065593027,384,DQA4
384,4,Regreso_DQA4,0,123.03,88.57,479.78998065593026,384,DQA4
385,1,Inicio_DQA4,0,0.0,40.0,40.0,385,DQA4
385,2,1101505,76,138.01,105.05,373.05,385,DQA4
385,3,1103106,1,12.641650546608538,15.169980655930246,391.21998065593027,385,DQA4
385,4,Regreso_DQA4,0,123.03,88.57,479.78998065593026,385,DQA4
386,1,Inicio_DQA4,0,0.0,40.0,40.0,386,DQA4
386,2,1101505,76,138.01,105.05,373.05,386,DQA4
386,3,1103106,1,12.641650546608538,15.169980655930246,391.21998065593027,386,DQA4
386,4,Regreso_DQA4,0,123.03,88.57,479.78998065593026,386,DQA4
387,1,Inicio_DQA4,0,0.0,40.0,40.0,387,DQA4
387,2,1101505,70,138.01,105.05,355.05,387,DQA4
387,3,1101402,2,10.35288619333759,12.423463432005107,373.47346343200513,387,DQA4
387,4,Regreso_DQA4,0,144.5,103.93,477.40346343200514,387,DQA4
388,1,Inicio_DQA4,0,0.0,40.0,40.0,388,DQA4
388,2,1101601,15,125.0,90.59,175.59,388,DQA4
388,3,1101602,63,0.3473981953231064,0.4168778343877277,365.00687783438775,388,DQA4
388,4,1101603,6,3.2882336625315625,3.9458803950378747,386.9527582294256,388,DQA4
388,5,Regreso_DQA4,0,122.97,90.23,477.18275822942564,388,DQA4
389,1,Inicio_DQA4,0,0.0,40.0,40.0,389,DQA4
389,2,1101603,58,122.97,90.23,304.23,389,DQA4
389,3,1103202,27,6.377989587559311,7.653587505071174,392.8835875050712,389,DQA4
389,4,Regreso_DQA4,0,118.02,86.15,479.0335875050712,389,DQA4
390,1,Inicio_DQA4,0,0.0,40.0,40.0,390,DQA4
390,2,1101401,76,145.01,105.72,373.72,390,DQA4
390,3,Regreso_DQA4,0,145.01,105.72,479.44000000000005,390,DQA4
391,1,Inicio_DQA4,0,0.0,40.0,40.0,391,DQA4
391,2,1101401,16,145.01,105.72,193.72,391,DQA4
391,3,1101403,52,0.43242093410846966,0.5189051209301636,350.23890512093016,391,DQA4
391,4,1101402,8,0.9271267125990728,1.1125520551188874,375.35145717604905,391,DQA4
391,5,Regreso_DQA4,0,144.5,103.93,479.28145717604906,391,DQA4
392,1,Inicio_DQA4,0,0.0,40.0,40.0,392,DQA4
392,2,1101402,57,144.5,103.93,314.93,392,DQA4
392,3,1103903,14,5.819569469156384,6.983483362987662,363.9134833629877,392,DQA4
392,4,Regreso_DQA4,0,150.72,114.58,478.49348336298766,392,DQA4
393,1,Inicio_DQA4,0,0.0,40.0,40.0,393,DQA4
393,2,1102001,40,92.66,71.37,231.37,393,DQA4
393,3,1102002,60,0.8506383653790529,1.0207660384548636,412.3907660384549,393,DQA4
393,4,Regreso_DQA4,0,90.3,65.72,478.1107660384549,393,DQA4
394,1,Inicio_DQA4,0,0.0,40.0,40.0,394,DQA4
394,2,1102002,102,90.3,65.72,411.72,394,DQA4
394,3,1102004,1,0.976951716469757,1.1723420597637084,415.89234205976373,394,DQA4
394,4,Regreso_DQA4,0,88.87,63.54,479.43234205976376,394,DQA4
395,1,Inicio_DQA4,0,0.0,40.0,40.0,395,DQA4
395,2,1102002,90,90.3,65.72,375.72,395,DQA4
395,3,1102004,13,0.976951716469757,1.1723420597637084,415.89234205976373,395,DQA4
395,4,Regreso_DQA4,0,88.87,63.54,479.43234205976376,395,DQA4
396,1,Inicio_DQA4,0,0.0,40.0,40.0,396,DQA4
396,2,1102003,99,93.45,70.44,407.44,396,DQA4
396,3,1102005,1,2.5104966326476297,3.0125959591771556,413.45259595917713,396,DQA4
396,4,Regreso_DQA4,0,90.35,65.18,478.63259595917714,396,DQA4
397,1,Inicio_DQA4,0,0.0,40.0,40.0,397,DQA4
397,2,1102003,55,93.45,70.44,275.44,397,DQA4
397,3,1102007,44,1.3201864001919763,1.5842236802303717,409.02422368023036,397,DQA4
397,4,1102006,1,2.179594999517054,2.6155139994204646,414.6397376796508,397,DQA4
397,5,Regreso_DQA4,0,89.35,64.17,478.8097376796508,397,DQA4
398,1,Inicio_DQA4,0,0.0,40.0,40.0,398,DQA4
398,2,1102004,104,88.87,63.54,415.54,398,DQA4
398,3,Regreso_DQA4,0,88.87,63.54,479.08000000000004,398,DQA4
399,1,Inicio_DQA4,0,0.0,40.0,40.0,399,DQA4
399,2,1102004,104,88.87,63.54,415.54,399,DQA4
399,3,Regreso_DQA4,0,88.87,63.54,479.08000000000004,399,DQA4
400,1,Inicio_DQA4,0,0.0,40.0,40.0,400,DQA4
400,2,1102004,79,88.87,63.54,340.54,400,DQA4
400,3,1102006,24,0.6561751417064892,0.787410170047787,413.3274101700478,400,DQA4
400,4,Regreso_DQA4,0,89.35,64.17,477.49741017004783,400,DQA4
401,1,Inicio_DQA4,0,0.0,40.0,40.0,401,DQA4
401,2,1102005,103,90.35,65.18,414.18,401,DQA4
401,3,Regreso_DQA4,0,90.35,65.18,479.36,401,DQA4
402,1,Inicio_DQA4,0,0.0,40.0,40.0,402,DQA4
402,2,1102005,5,90.35,65.18,120.18,402,DQA4
402,3,1102006,97,2.4214133709697556,2.905696045163707,414.08569604516373,402,DQA4
402,4,Regreso_DQA4,0,89.35,64.17,478.25569604516375,402,DQA4
403,1,Inicio_DQA4,0,0.0,40.0,40.0,403,DQA4
403,2,1102006,103,89.35,64.17,413.17,403,DQA4
403,3,Regreso_DQA4,0,89.35,64.17,477.34000000000003,403,DQA4
404,1,Inicio_DQA4,0,0.0,40.0,40.0,404,DQA4
404,2,1102006,103,89.35,64.17,413.17,404,DQA4
404,3,Regreso_DQA4,0,89.35,64.17,477.34000000000003,404,DQA4
405,1,Inicio_DQA4,0,0.0,40.0,40.0,405,DQA4
405,2,1102006,103,89.35,64.17,413.17,405,DQA4
405,3,Regreso_DQA4,0,89.35,64.17,477.34000000000003,405,DQA4
406,1,Inicio_DQA4,0,0.0,40.0,40.0,406,DQA4
406,2,1102006,103,89.35,64.17,413.17,406,DQA4
406,3,Regreso_DQA4,0,89.35,64.17,477.34000000000003,406,DQA4
407,1,Inicio_DQA4,0,0.0,40.0,40.0,407,DQA4
407,2,1102006,99,89.35,64.17,401.17,407,DQA4
407,3,1102007,2,2.179594999517054,2.6155139994204646,409.78551399942046,407,DQA4
407,4,Regreso_DQA4,0,92.04,68.69,478.47551399942046,407,DQA4
408,1,Inicio_DQA4,0,0.0,40.0,40.0,408,DQA4
408,2,1102007,100,92.04,68.69,408.69,408,DQA4
408,3,Regreso_DQA4,0,92.04,68.69,477.38,408,DQA4
409,1,Inicio_DQA4,0,0.0,40.0,40.0,409,DQA4
409,2,1102007,74,92.04,68.69,330.69,409,DQA4
409,3,1102008,25,3.0309461161812545,3.6371353394175054,409.3271353394175,409,DQA4
409,4,Regreso_DQA4,0,94.98,68.38,477.7071353394175,409,DQA4
410,1,Inicio_DQA4,0,0.0,40.0,40.0,410,DQA4
410,2,1102008,4,94.98,68.38,120.38,410,DQA4
410,3,1102010,26,6.80720301196267,8.168643614355204,206.5486436143552,410,DQA4
410,4,1102704,49,9.7748213091313,11.72978557095756,365.2784291853128,410,DQA4
410,5,1102701,10,3.8735923466941427,4.648310816032971,399.92674000134576,410,DQA4
410,6,Regreso_DQA4,0,108.41,78.5,478.42674000134576,410,DQA4
411,1,Inicio_DQA4,0,0.0,40.0,40.0,411,DQA4
411,2,1102009,87,80.68,88.51,389.51,411,DQA4
411,3,Regreso_DQA4,0,80.68,88.51,478.02,411,DQA4
412,1,Inicio_DQA4,0,0.0,40.0,40.0,412,DQA4
412,2,1102009,21,80.68,88.51,191.51,412,DQA4
412,3,1103201,58,23.504332978285245,28.205199573942295,393.7151995739423,412,DQA4
412,4,Regreso_DQA4,0,117.25,84.58,478.2951995739423,412,DQA4
413,1,Inicio_DQA4,0,0.0,40.0,40.0,413,DQA4
413,2,1102101,24,214.71,156.82,268.82,413,DQA4
413,3,1102102,5,4.715299921184061,5.658359905420874,289.47835990542086,413,DQA4
413,4,1190301,7,6.530517930499386,7.836621516599262,318.31498142202014,413,DQA4
413,5,1103305,2,7.010916878134188,8.413100253761026,332.72808167578114,413,DQA4
413,6,1103302,1,11.079197715211569,13.295037258253883,349.02311893403504,413,DQA4
413,7,Regreso_DQA4,0,189.24,129.23,478.253118934035,413,DQA4
414,1,Inicio_DQA4,0,0.0,40.0,40.0,414,DQA4
414,2,1102103,13,219.87,162.45,241.45,414,DQA4
414,3,1190301,15,12.285331586286077,14.742397903543292,301.1923979035433,414,DQA4
414,4,1103305,8,7.010916878134188,8.413100253761026,333.6054981573043,414,DQA4
414,5,1103302,1,11.079197715211569,13.295037258253883,349.9005354155582,414,DQA4
414,6,Regreso_DQA4,0,189.24,129.23,479.13053541555814,414,DQA4
415,1,Inicio_DQA4,0,0.0,40.0,40.0,415,DQA4
415,2,1102201,56,193.98,135.22,343.22,415,DQA4
415,3,Regreso_DQA4,0,193.98,135.22,478.44000000000005,415,DQA4
416,1,Inicio_DQA4,0,0.0,40.0,40.0,416,DQA4
416,2,1102201,18,193.98,135.22,229.22,416,DQA4
416,3,1102203,38,0.25803882558579877,0.3096465907029585,343.52964659070295,416,DQA4
416,4,Regreso_DQA4,0,193.65,134.46,477.98964659070293,416,DQA4
417,1,Inicio_DQA4,0,0.0,40.0,40.0,417,DQA4
417,2,1102202,56,194.45,135.6,343.6,417,DQA4
417,3,Regreso_DQA4,0,194.45,135.6,479.20000000000005,417,DQA4
418,1,Inicio_DQA4,0,0.0,40.0,40.0,418,DQA4
418,2,1102202,41,194.45,135.6,298.6,418,DQA4
418,3,1102203,15,0.7182915848766478,0.8619499018519774,344.461949901852,418,DQA4
418,4,Regreso_DQA4,0,193.65,134.46,478.92194990185203,418,DQA4
419,1,Inicio_DQA4,0,0.0,40.0,40.0,419,DQA4
419,2,1102203,57,193.65,134.46,345.46000000000004,419,DQA4
419,3,Regreso_DQA4,0,193.65,134.46,479.9200000000001,419,DQA4
420,1,Inicio_DQA4,0,0.0,40.0,40.0,420,DQA4
420,2,1102203,35,193.65,134.46,279.46000000000004,420,DQA4
420,3,1102204,21,0.521780984726463,0.6261371816717556,343.0861371816718,420,DQA4
420,4,1102205,1,0.7934731233831842,0.952167748059821,347.0383049297316,420,DQA4
420,5,Regreso_DQA4,0,192.48,132.76,479.7983049297316,420,DQA4
421,1,Inicio_DQA4,0,0.0,40.0,40.0,421,DQA4
421,2,1102204,26,193.44,134.56,252.56,421,DQA4
421,3,1102205,31,0.7934731233831842,0.952167748059821,346.5121677480598,421,DQA4
421,4,Regreso_DQA4,0,192.48,132.76,479.2721677480598,421,DQA4
422,1,Inicio_DQA4,0,0.0,40.0,40.0,422,DQA4
422,2,1102205,13,192.48,132.76,211.76,422,DQA4
422,3,1103303,40,1.3467016446337867,1.6160419735605442,333.3760419735605,422,DQA4
422,4,1102206,2,3.260582412734647,3.9126988952815767,343.28874086884207,422,DQA4
422,5,Regreso_DQA4,0,194.59,136.31,479.59874086884207,422,DQA4
423,1,Inicio_DQA4,0,0.0,40.0,40.0,423,DQA4
423,2,1102206,40,194.59,136.31,296.31,423,DQA4
423,3,1102207,14,1.3451438806764346,1.6141726568117214,339.9241726568117,423,DQA4
423,4,1103301,2,4.403313506695425,5.28397620803451,351.20814886484624,423,DQA4
423,5,Regreso_DQA4,0,187.74,127.97,479.1781488648462,423,DQA4
424,1,Inicio_DQA4,0,0.0,40.0,40.0,424,DQA4
424,2,1102207,54,195.44,138.08,340.08000000000004,424,DQA4
424,3,1103301,2,4.403313506695425,5.28397620803451,351.36397620803456,424,DQA4
424,4,Regreso_DQA4,0,187.74,127.97,479.3339762080345,424,DQA4
425,1,Inicio_DQA4,0,0.0,40.0,40.0,425,DQA4
425,2,1102207,26,195.44,138.08,256.08000000000004,425,DQA4
425,3,1103301,29,4.403313506695425,5.28397620803451,348.36397620803456,425,DQA4
425,4,Regreso_DQA4,0,187.74,127.97,476.3339762080345,425,DQA4
426,1,Inicio_DQA4,0,0.0,40.0,40.0,426,DQA4
426,2,1102304,2,119.93,85.14,131.14,426,DQA4
426,3,1102305,59,0.639129534199222,0.7669554410390664,308.90695544103903,426,DQA4
426,4,1102501,23,8.78033433393877,10.536401200726525,388.44335664176555,426,DQA4
426,5,Regreso_DQA4,0,124.83,89.19,477.63335664176554,426,DQA4
427,1,Inicio_DQA4,0,0.0,40.0,40.0,427,DQA4
427,2,1102501,5,124.83,89.19,144.19,427,DQA4
427,3,1102804,75,20.287316838090423,24.344780205708506,393.5347802057085,427,DQA4
427,4,Regreso_DQA4,0,117.87,84.63,478.1647802057085,427,DQA4
428,1,Inicio_DQA4,0,0.0,40.0,40.0,428,DQA4
428,2,1102701,94,108.41,78.5,400.5,428,DQA4
428,3,Regreso_DQA4,0,108.41,78.5,479.0,428,DQA4
429,1,Inicio_DQA4,0,0.0,40.0,40.0,429,DQA4
429,2,1102701,94,108.41,78.5,400.5,429,DQA4
429,3,Regreso_DQA4,0,108.41,78.5,479.0,429,DQA4
430,1,Inicio_DQA4,0,0.0,40.0,40.0,430,DQA4
430,2,1102701,94,108.41,78.5,400.5,430,DQA4
430,3,Regreso_DQA4,0,108.41,78.5,479.0,430,DQA4
431,1,Inicio_DQA4,0,0.0,40.0,40.0,431,DQA4
431,2,1102701,48,108.41,78.5,262.5,431,DQA4
431,3,1102703,44,1.1131423559226925,1.335770827107231,395.83577082710724,431,DQA4
431,4,Regreso_DQA4,0,113.7,81.63,477.46577082710724,431,DQA4
432,1,Inicio_DQA4,0,0.0,40.0,40.0,432,DQA4
432,2,1102702,91,116.1,83.44,396.44,432,DQA4
432,3,Regreso_DQA4,0,116.1,83.44,479.88,432,DQA4
433,1,Inicio_DQA4,0,0.0,40.0,40.0,433,DQA4
433,2,1102702,91,116.1,83.44,396.44,433,DQA4
433,3,Regreso_DQA4,0,116.1,83.44,479.88,433,DQA4
434,1,Inicio_DQA4,0,0.0,40.0,40.0,434,DQA4
434,2,1102702,47,116.1,83.44,264.44,434,DQA4
434,3,1102703,43,3.538716268079371,4.246459521695246,397.68645952169527,434,DQA4
434,4,Regreso_DQA4,0,113.7,81.63,479.31645952169526,434,DQA4
435,1,Inicio_DQA4,0,0.0,40.0,40.0,435,DQA4
435,2,1102703,92,113.7,81.63,397.63,435,DQA4
435,3,Regreso_DQA4,0,113.7,81.63,479.26,435,DQA4
436,1,Inicio_DQA4,0,0.0,40.0,40.0,436,DQA4
436,2,1102703,47,113.7,81.63,262.63,436,DQA4
436,3,1102704,19,4.630975263764765,5.557170316517718,325.1871703165177,436,DQA4
436,4,1102803,23,6.030019936829485,7.236023924195382,401.4231942407131,436,DQA4
436,5,Regreso_DQA4,0,111.8,78.26,479.6831942407131,436,DQA4
437,1,Inicio_DQA4,0,0.0,40.0,40.0,437,DQA4
437,2,1102801,10,111.44,77.5,147.5,437,DQA4
437,3,1102802,24,0.5335778954241297,0.6402934745089557,220.14029347450895,437,DQA4
437,4,1102803,60,0.4212157304749225,0.5054588765699071,400.64575235107884,437,DQA4
437,5,Regreso_DQA4,0,111.8,78.26,478.90575235107883,437,DQA4
438,1,Inicio_DQA4,0,0.0,40.0,40.0,438,DQA4
438,2,1102803,31,111.8,78.26,211.26,438,DQA4
438,3,1103101,58,6.238814621413327,7.486577545695992,392.74657754569597,438,DQA4
438,4,Regreso_DQA4,0,120.9,85.57,478.31657754569596,438,DQA4
439,1,Inicio_DQA4,0,0.0,40.0,40.0,439,DQA4
439,2,1102804,90,117.87,84.63,394.63,439,DQA4
439,3,Regreso_DQA4,0,117.87,84.63,479.26,439,DQA4
440,1,Inicio_DQA4,0,0.0,40.0,40.0,440,DQA4
440,2,1102804,24,117.87,84.63,196.63,440,DQA4
440,3,1103101,62,8.092202281384436,9.710642737661324,392.3406427376613,440,DQA4
440,4,Regreso_DQA4,0,120.9,85.57,477.9106427376613,440,DQA4
441,1,Inicio_DQA4,0,0.0,40.0,40.0,441,DQA4
441,2,1102901,49,74.4,65.68,252.68,441,DQA4
441,3,1104101,20,10.471692512178743,12.566031014614492,325.2460310146145,441,DQA4
441,4,1103801,5,27.36721430301665,32.84065716361998,373.0866881782345,441,DQA4
441,5,Regreso_DQA4,0,114.28,104.27,477.3566881782345,441,DQA4
442,1,Inicio_DQA4,0,0.0,40.0,40.0,442,DQA4
442,2,1103001,81,123.88,97.64,380.64,442,DQA4
442,3,Regreso_DQA4,0,123.88,97.64,478.28,442,DQA4
443,1,Inicio_DQA4,0,0.0,40.0,40.0,443,DQA4
443,2,1103001,13,123.88,97.64,176.64,443,DQA4
443,3,1103003,68,0.4367860962301748,0.5241433154762097,381.16414331547617,443,DQA4
443,4,Regreso_DQA4,0,123.62,96.61,477.7741433154762,443,DQA4
444,1,Inicio_DQA4,0,0.0,40.0,40.0,444,DQA4
444,2,1103002,56,123.26,95.82,303.82,444,DQA4
444,3,1103003,26,0.4201778180583257,0.5042133816699909,382.32421338167,444,DQA4
444,4,Regreso_DQA4,0,123.62,96.61,478.93421338167,444,DQA4
445,1,Inicio_DQA4,0,0.0,40.0,40.0,445,DQA4
445,2,1103003,43,123.62,96.61,265.61,445,DQA4
445,3,1103202,35,16.979236942568434,20.37508433108212,390.98508433108213,445,DQA4
445,4,1103201,1,1.0256477672801854,1.2307773207362225,395.21586165181833,445,DQA4
445,5,Regreso_DQA4,0,117.25,84.58,479.7958616518183,445,DQA4
446,1,Inicio_DQA4,0,0.0,40.0,40.0,446,DQA4
446,2,1103101,78,120.9,85.57,359.57,446,DQA4
446,3,1103102,8,1.019671597503058,1.2236059170036695,384.7936059170037,446,DQA4
446,4,1103104,2,0.5514243424846832,0.6617092109816198,391.4553151279853,446,DQA4
446,5,Regreso_DQA4,0,121.84,87.17,478.6253151279853,446,DQA4
447,1,Inicio_DQA4,0,0.0,40.0,40.0,447,DQA4
447,2,1103103,73,121.85,86.56,345.56,447,DQA4
447,3,1103104,15,0.6790051549697974,0.8148061859637569,391.37480618596373,447,DQA4
447,4,Regreso_DQA4,0,121.84,87.17,478.54480618596375,447,DQA4
448,1,Inicio_DQA4,0,0.0,40.0,40.0,448,DQA4
448,2,1103104,56,121.84,87.17,295.17,448,DQA4
448,3,1103106,31,0.5647412713096115,0.6776895255715338,388.8476895255716,448,DQA4
448,4,Regreso_DQA4,0,123.03,88.57,477.4176895255716,448,DQA4
449,1,Inicio_DQA4,0,0.0,40.0,40.0,449,DQA4
449,2,1103105,87,122.94,88.32,389.32,449,DQA4
449,3,Regreso_DQA4,0,122.94,88.32,477.64,449,DQA4
450,1,Inicio_DQA4,0,0.0,40.0,40.0,450,DQA4
450,2,1103105,18,122.94,88.32,182.32,450,DQA4
450,3,1103106,69,0.321945666207136,0.3863347994485632,389.70633479944854,450,DQA4
450,4,Regreso_DQA4,0,123.03,88.57,478.27633479944853,450,DQA4
451,1,Inicio_DQA4,0,0.0,40.0,40.0,451,DQA4
451,2,1103106,87,123.03,88.57,389.57,451,DQA4
451,3,Regreso_DQA4,0,123.03,88.57,478.14,451,DQA4
452,1,Inicio_DQA4,0,0.0,40.0,40.0,452,DQA4
452,2,1103106,87,123.03,88.57,389.57,452,DQA4
452,3,Regreso_DQA4,0,123.03,88.57,478.14,452,DQA4
453,1,Inicio_DQA4,0,0.0,40.0,40.0,453,DQA4
453,2,1103106,87,123.03,88.57,389.57,453,DQA4
453,3,Regreso_DQA4,0,123.03,88.57,478.14,453,DQA4
454,1,Inicio_DQA4,0,0.0,40.0,40.0,454,DQA4
454,2,1103106,51,123.03,88.57,281.57,454,DQA4
454,3,1103901,9,26.434682183332036,31.721618619998445,340.2916186199984,454,DQA4
454,4,1103902,6,5.041109230064485,6.049331076077382,364.3409496960758,454,DQA4
454,5,Regreso_DQA4,0,159.98,115.31,479.6509496960758,454,DQA4
455,1,Inicio_DQA4,0,0.0,40.0,40.0,455,DQA4
455,2,1103302,60,189.24,129.23,349.23,455,DQA4
455,3,Regreso_DQA4,0,189.24,129.23,478.46000000000004,455,DQA4
456,1,Inicio_DQA4,0,0.0,40.0,40.0,456,DQA4
456,2,1103302,33,189.24,129.23,268.23,456,DQA4
456,3,1103305,17,11.079197715211569,13.295037258253883,332.5250372582539,456,DQA4
456,4,Regreso_DQA4,0,204.77,146.25,478.7750372582539,456,DQA4
457,1,Inicio_DQA4,0,0.0,40.0,40.0,457,DQA4
457,2,1103305,49,204.77,146.25,333.25,457,DQA4
457,3,Regreso_DQA4,0,204.77,146.25,479.5,457,DQA4
458,1,Inicio_DQA4,0,0.0,40.0,40.0,458,DQA4
458,2,1103305,35,204.77,146.25,291.25,458,DQA4
458,3,1104001,1,42.87487167538694,51.449846010464334,345.69984601046434,458,DQA4
458,4,1103801,7,6.9769739132043735,8.372368695845248,375.0722147063096,458,DQA4
458,5,Regreso_DQA4,0,114.28,104.27,479.34221470630956,458,DQA4
459,1,Inicio_DQA4,0,0.0,40.0,40.0,459,DQA4
459,2,1103201,90,117.25,84.58,394.58,459,DQA4
459,3,Regreso_DQA4,0,117.25,84.58,479.15999999999997,459,DQA4
460,1,Inicio_DQA4,0,0.0,40.0,40.0,460,DQA4
460,2,1103201,44,117.25,84.58,256.58,460,DQA4
460,3,1103204,30,0.9841654539894031,1.1809985447872837,347.7609985447873,460,DQA4
460,4,1103203,14,0.23474569826945602,0.2816948379233472,390.04269338271064,460,DQA4
460,5,1103202,1,0.6581593237902112,0.7897911885482535,393.8324845712589,460,DQA4
460,6,Regreso_DQA4,0,118.02,86.15,479.98248457125885,460,DQA4
461,1,Inicio_DQA4,0,0.0,40.0,40.0,461,DQA4
461,2,1103202,4,118.02,86.15,138.15,461,DQA4
461,3,1103203,52,0.6581593237902112,0.7897911885482535,294.93979118854827,461,DQA4
461,4,1103205,31,0.5182668197312027,0.6219201836774432,388.5617113722257,461,DQA4
461,5,Regreso_DQA4,0,119.41,88.96,477.5217113722257,461,DQA4
462,1,Inicio_DQA4,0,0.0,40.0,40.0,462,DQA4
462,2,1103205,87,119.41,88.96,389.96,462,DQA4
462,3,Regreso_DQA4,0,119.41,88.96,478.91999999999996,462,DQA4
463,1,Inicio_DQA4,0,0.0,40.0,40.0,463,DQA4
463,2,1103205,38,119.41,88.96,242.95999999999998,463,DQA4
463,3,1103903,14,66.17326101611937,79.40791321934324,364.3679132193432,463,DQA4
463,4,Regreso_DQA4,0,150.72,114.58,478.9479132193432,463,DQA4
464,1,Inicio_DQA4,0,0.0,40.0,40.0,464,DQA4
464,2,1103501,50,205.98,144.51,334.51,464,DQA4
464,3,Regreso_DQA4,0,205.98,144.51,479.02,464,DQA4
465,1,Inicio_DQA4,0,0.0,40.0,40.0,465,DQA4
465,2,1103501,50,205.98,144.51,334.51,465,DQA4
465,3,Regreso_DQA4,0,205.98,144.51,479.02,465,DQA4
466,1,Inicio_DQA4,0,0.0,40.0,40.0,466,DQA4
466,2,1103501,35,205.98,144.51,289.51,466,DQA4
466,3,1103502,8,6.688065894531649,8.025679073437978,321.53567907343796,466,DQA4
466,4,Regreso_DQA4,0,208.44,156.33,477.86567907343795,466,DQA4
467,1,Inicio_DQA4,0,0.0,40.0,40.0,467,DQA4
467,2,1103502,31,208.44,156.33,289.33000000000004,467,DQA4
467,3,1103902,9,39.15062633656683,46.980751603880194,363.31075160388025,467,DQA4
467,4,Regreso_DQA4,0,159.98,115.31,478.62075160388025,467,DQA4
468,1,Inicio_DQA4,0,0.0,40.0,40.0,468,DQA4
468,2,1103801,64,114.28,104.27,336.27,468,DQA4
468,3,Regreso_DQA4,0,114.28,104.27,440.53999999999996,468,DQA4
469,1,Inicio_DQA4,0,0.0,40.0,40.0,469,DQA4
469,2,1103902,12,159.98,115.31,191.31,469,DQA4
469,3,1103903,13,7.793126302768823,9.351751563322587,239.66175156332258,469,DQA4
469,4,Regreso_DQA4,0,150.72,114.58,354.24175156332257,469,DQA4
