id_camion,orden_parada,nodo_ine,paquetes,km_tramo,tiempo_tramo_min,tiempo_acumulado_min,Id_Transportista,Centro_Origen
1,1,Inicio_Amazon_SVQ1,0,0.0,40.0,40.0,1,Amazon_SVQ1
1,2,1400101,32,183.28,129.09,265.09000000000003,1,Amazon_SVQ1
1,3,1405001,15,7.059308086572126,8.47116970388655,318.5611697038866,1,Amazon_SVQ1
1,4,1405002,10,3.4887755153949525,4.1865306184739435,352.7477003223606,1,Amazon_SVQ1
1,5,Regreso_Amazon_SVQ1,0,182.55,126.06,478.8077003223606,1,Amazon_SVQ1
2,1,Inicio_Amazon_SVQ1,0,0.0,40.0,40.0,2,Amazon_SVQ1
2,2,1400201,24,151.82,112.97,224.97,2,Amazon_SVQ1
2,3,1400202,31,1.3195125411866042,1.583415049423925,319.5534150494239,2,Amazon_SVQ1
2,4,1404203,14,6.549007269800079,7.858808723760095,369.412223773184,2,Amazon_SVQ1
2,5,Regreso_Amazon_SVQ1,0,145.89,109.22,478.632223773184,2,Amazon_SVQ1
3,1,Inicio_Amazon_SVQ1,0,0.0,40.0,40.0,3,Amazon_SVQ1
3,2,1400203,51,143.88,105.58,298.58,3,Amazon_SVQ1
3,3,1405605,21,6.90491355036072,8.285896260432864,369.86589626043286,3,Amazon_SVQ1
3,4,1405604,2,4.6804435328936655,5.616532239472399,381.48242849990527,3,Amazon_SVQ1
3,5,Regreso_Amazon_SVQ1,0,135.78,97.65,479.13242849990525,3,Amazon_SVQ1
4,1,Inicio_Amazon_SVQ1,0,0.0,40.0,40.0,4,Amazon_SVQ1
4,2,1400301,13,217.86,163.4,242.4,4,Amazon_SVQ1
4,3,1400601,15,6.837552013721063,8.205062416465275,295.6050624164653,4,Amazon_SVQ1
4,4,1405402,4,5.790069790649425,6.94808374877931,314.5531461652446,4,Amazon_SVQ1
4,5,Regreso_Amazon_SVQ1,0,225.53,165.23,479.7831461652446,4,Amazon_SVQ1
5,1,Inicio_Amazon_SVQ1,0,0.0,40.0,40.0,5,Amazon_SVQ1
5,2,1400401,12,202.82,152.12,228.12,5,Amazon_SVQ1
5,3,1400402,6,2.071520509113101,2.485824610935721,248.6058246109357,5,Amazon_SVQ1
5,4,1403101,5,10.74784178942998,12.897410147315977,276.50323475825166,5,Amazon_SVQ1
5,5,1405504,13,5.228779735338653,6.274535682406384,321.77777044065806,5,Amazon_SVQ1
5,6,1405501,1,7.011382061866342,8.413658474239611,333.19142891489764,5,Amazon_SVQ1
5,7,Regreso_Amazon_SVQ1,0,193.05,145.71,478.9014289148977,5,Amazon_SVQ1
6,1,Inicio_Amazon_SVQ1,0,0.0,40.0,40.0,6,Amazon_SVQ1
6,2,1400501,65,122.3,117.12,352.12,6,Amazon_SVQ1
6,3,1403301,4,7.580702989000205,9.096843586800246,373.2168435868002,6,Amazon_SVQ1
6,4,1401703,5,6.498841588865975,7.79860990663917,396.0154534934394,6,Amazon_SVQ1
6,5,Regreso_Amazon_SVQ1,0,123.11,83.29,479.3054534934394,6,Amazon_SVQ1
7,1,Inicio_Amazon_SVQ1,0,0.0,40.0,40.0,7,Amazon_SVQ1
7,2,1400701,31,185.06,140.87,273.87,7,Amazon_SVQ1
7,3,1400704,12,0.36810129798651614,0.44172155758381937,310.31172155758384,7,Amazon_SVQ1
7,4,1400702,9,0.39607927748825084,0.475295132985901,337.7870166905697,7,Amazon_SVQ1
7,5,Regreso_Amazon_SVQ1,0,184.12,140.09,477.8770166905697,7,Amazon_SVQ1
8,1,Inicio_Amazon_SVQ1,0,0.0,40.0,40.0,8,Amazon_SVQ1
8,2,1400702,2,184.12,140.09,186.09,8,Amazon_SVQ1
8,3,1400703,50,0.8202281597757168,0.9842737917308603,337.0742737917309,8,Amazon_SVQ1
8,4,Regreso_Amazon_SVQ1,0,185.1,140.66,477.73427379173086,8,Amazon_SVQ1
9,1,Inicio_Amazon_SVQ1,0,0.0,40.0,40.0,9,Amazon_SVQ1
9,2,1400703,36,185.1,140.66,288.65999999999997,9,Amazon_SVQ1
9,3,1402202,11,7.888626848462873,9.466352218155446,331.12635221815543,9,Amazon_SVQ1
9,4,1402201,4,0.8457655974832515,1.0149187169799019,344.1412709351353,9,Amazon_SVQ1
9,5,Regreso_Amazon_SVQ1,0,181.49,133.32,477.4612709351353,9,Amazon_SVQ1
10,1,Inicio_Amazon_SVQ1,0,0.0,40.0,40.0,10,Amazon_SVQ1
10,2,1400705,8,195.0,148.57,212.57,10,Amazon_SVQ1
10,3,1406301,7,11.096525449974335,13.315830539969202,246.8858305399692,10,Amazon_SVQ1
10,4,1401402,11,10.69000234893301,12.828002818719613,292.7138333586888,10,Amazon_SVQ1
10,5,1401401,10,8.128639943557367,9.75436793226884,332.46820129095767,10,Amazon_SVQ1
10,6,1401202,2,6.015593941137683,7.21871272936522,345.6869140203229,10,Amazon_SVQ1
10,7,Regreso_Amazon_SVQ1,0,190.34,133.17,478.85691402032285,10,Amazon_SVQ1
11,1,Inicio_Amazon_SVQ1,0,0.0,40.0,40.0,11,Amazon_SVQ1
11,2,1400801,5,250.26,187.69,242.69,11,Amazon_SVQ1
11,3,1400804,8,0.4757664824284305,0.5709197789141166,267.2609197789141,11,Amazon_SVQ1
11,4,1400802,6,0.5503246031476925,0.660389523777231,285.9213093026913,11,Amazon_SVQ1
11,5,1403503,1,8.846635475610253,10.615962570732304,299.5372718734236,11,Amazon_SVQ1
11,6,Regreso_Amazon_SVQ1,0,241.12,177.95,477.4872718734236,11,Amazon_SVQ1
12,1,Inicio_Amazon_SVQ1,0,0.0,40.0,40.0,12,Amazon_SVQ1
12,2,1400803,5,252.15,189.11,244.11,12,Amazon_SVQ1
12,3,1403503,15,10.342264507118482,12.41071740854218,301.52071740854217,12,Amazon_SVQ1
12,4,Regreso_Amazon_SVQ1,0,241.12,177.95,479.47071740854216,12,Amazon_SVQ1
13,1,Inicio_Amazon_SVQ1,0,0.0,40.0,40.0,13,Amazon_SVQ1
13,2,1400901,10,218.83,154.65,224.65,13,Amazon_SVQ1
13,3,1400902,6,0.32648764122173635,0.3917851694660836,243.0417851694661,13,Amazon_SVQ1
13,4,1400903,7,2.1591918249451125,2.591030189934135,266.63281535940024,13,Amazon_SVQ1
13,5,1405202,15,7.623724565423459,9.14846947850815,320.7812848379084,13,Amazon_SVQ1
13,6,4105502,2,74.91441834143812,89.89730200972575,416.67858684763416,13,Amazon_SVQ1
13,7,Regreso_Amazon_SVQ1,0,70.04,61.36,478.0385868476342,13,Amazon_SVQ1
14,1,Inicio_Amazon_SVQ1,0,0.0,40.0,40.0,14,Amazon_SVQ1
14,2,1401001,12,178.29,127.67,203.67000000000002,14,Amazon_SVQ1
14,3,1401002,19,0.4359046163263593,0.5230855395916312,261.19308553959166,14,Amazon_SVQ1
14,4,1401003,10,2.4013021830717247,2.8815626196860697,294.07464815927773,14,Amazon_SVQ1
14,5,1404801,11,4.724193509125741,5.669032210950889,332.7436803702286,14,Amazon_SVQ1
14,6,4101401,10,10.349431631262606,12.419317957515126,375.16299832774376,14,Amazon_SVQ1
14,7,4102601,1,5.083914336268806,6.100697203522567,384.2636955312663,14,Amazon_SVQ1
14,8,Regreso_Amazon_SVQ1,0,131.36,95.73,479.9936955312663,14,Amazon_SVQ1
15,1,Inicio_Amazon_SVQ1,0,0.0,40.0,40.0,15,Amazon_SVQ1
15,2,1401101,5,214.18,160.63,215.63,15,Amazon_SVQ1
15,3,1406401,3,7.861980049568664,9.434376059482396,234.06437605948238,15,Amazon_SVQ1
15,4,1403201,3,11.438359712153966,13.726031654584759,256.79040771406716,15,Amazon_SVQ1
15,5,1405204,2,7.237467271209646,8.684960725451576,271.4753684395187,15,Amazon_SVQ1
15,6,1405203,14,1.286491212070788,1.5437894544849455,315.0191578940037,15,Amazon_SVQ1
15,7,1405202,1,1.9449104917783275,2.333892590133993,320.35305048413767,15,Amazon_SVQ1
15,8,4105502,2,74.91441834143812,89.89730200972575,416.25035249386343,15,Amazon_SVQ1
15,9,Regreso_Amazon_SVQ1,0,70.04,61.36,477.61035249386345,15,Amazon_SVQ1
16,1,Inicio_Amazon_SVQ1,0,0.0,40.0,40.0,16,Amazon_SVQ1
16,2,1401201,16,188.84,132.05,220.05,16,Amazon_SVQ1
16,3,1401204,13,0.5813852595072171,0.6976623114086605,259.7476623114087,16,Amazon_SVQ1
16,4,1401202,12,1.0009510300142717,1.201141236017126,296.9488035474258,16,Amazon_SVQ1
16,5,1401203,13,3.958684289608914,4.750421147530696,340.6992246949565,16,Amazon_SVQ1
16,6,1405002,1,8.218443762441286,9.862132514929542,353.56135720988607,16,Amazon_SVQ1
16,7,Regreso_Amazon_SVQ1,0,182.55,126.06,479.62135720988607,16,Amazon_SVQ1
17,1,Inicio_Amazon_SVQ1,0,0.0,40.0,40.0,17,Amazon_SVQ1
17,2,1401203,2,187.41,137.94,183.94,17,Amazon_SVQ1
17,3,1401801,11,8.932123325425353,10.718547990510425,227.6585479905104,17,Amazon_SVQ1
17,4,1401802,29,0.5936594953920697,0.7123913944704837,315.3709393849809,17,Amazon_SVQ1
17,5,1406701,13,4.5532262444244465,5.463871493309336,359.8348108782902,17,Amazon_SVQ1
17,6,Regreso_Amazon_SVQ1,0,173.89,118.7,478.5348108782902,17,Amazon_SVQ1
18,1,Inicio_Amazon_SVQ1,0,0.0,40.0,40.0,18,Amazon_SVQ1
18,2,1401301,63,171.14,124.34,353.34000000000003,18,Amazon_SVQ1
18,3,Regreso_Amazon_SVQ1,0,171.14,124.34,477.68000000000006,18,Amazon_SVQ1
19,1,Inicio_Amazon_SVQ1,0,0.0,40.0,40.0,19,Amazon_SVQ1
19,2,1401301,20,171.14,124.34,224.34,19,Amazon_SVQ1
19,3,1401302,36,0.35668684846750626,0.4280242181610075,332.76802421816103,19,Amazon_SVQ1
19,4,1401303,7,0.3252917805551321,0.3903501366661585,354.1583743548272,19,Amazon_SVQ1
19,5,Regreso_Amazon_SVQ1,0,171.22,124.05,478.2083743548272,19,Amazon_SVQ1
20,1,Inicio_Amazon_SVQ1,0,0.0,40.0,40.0,20,Amazon_SVQ1
20,2,1401303,28,171.22,124.05,248.05,20,Amazon_SVQ1
20,3,1401304,15,1.9222502562642398,2.3067003075170875,295.3567003075171,20,Amazon_SVQ1
20,4,1403803,18,8.765412067890482,10.51849448146858,359.87519478898565,20,Amazon_SVQ1
20,5,Regreso_Amazon_SVQ1,0,162.35,118.07,477.94519478898565,20,Amazon_SVQ1
21,1,Inicio_Amazon_SVQ1,0,0.0,40.0,40.0,21,Amazon_SVQ1
21,2,1401401,1,200.42,144.83,187.83,21,Amazon_SVQ1
21,3,1406602,25,9.19201005251158,11.030412063013896,273.8604120630139,21,Amazon_SVQ1
21,4,1406601,21,3.9215161396118257,4.705819367534191,341.5662314305481,21,Amazon_SVQ1
21,5,Regreso_Amazon_SVQ1,0,199.49,137.23,478.7962314305481,21,Amazon_SVQ1
22,1,Inicio_Amazon_SVQ1,0,0.0,40.0,40.0,22,Amazon_SVQ1
22,2,1401501,18,181.14,132.34,226.34,22,Amazon_SVQ1
22,3,1407501,5,7.270589716959875,8.72470766035185,250.06470766035184,22,Amazon_SVQ1
22,4,1402201,21,4.357731010843217,5.229277213011861,318.2939848733637,22,Amazon_SVQ1
22,5,1404601,3,8.625839644673906,10.351007573608687,337.64499244697237,22,Amazon_SVQ1
22,6,1401903,1,9.605509347239455,11.526611216687346,352.1716036636597,22,Amazon_SVQ1
22,7,Regreso_Amazon_SVQ1,0,167.03,127.71,479.8816036636597,22,Amazon_SVQ1
23,1,Inicio_Amazon_SVQ1,0,0.0,40.0,40.0,23,Amazon_SVQ1
23,2,1401601,11,228.49,156.23,229.23,23,Amazon_SVQ1
23,3,1402001,3,17.872215080784084,21.4466580969409,259.6766580969409,23,Amazon_SVQ1
23,4,1406904,7,11.404128605728188,13.684954326873825,294.36161242381473,23,Amazon_SVQ1
23,5,1406901,3,6.278207082311757,7.533848498774108,310.8954609225888,23,Amazon_SVQ1
23,6,1402102,1,49.98742858116461,59.98491429739752,373.8803752199864,23,Amazon_SVQ1
23,7,Regreso_Amazon_SVQ1,0,151.34,105.14,479.02037521998636,23,Amazon_SVQ1
24,1,Inicio_Amazon_SVQ1,0,0.0,40.0,40.0,24,Amazon_SVQ1
24,2,1401701,87,119.36,81.01,382.01,24,Amazon_SVQ1
24,3,1401702,4,3.36281701128773,4.035380413545276,398.0453804135453,24,Amazon_SVQ1
24,4,Regreso_Amazon_SVQ1,0,116.99,81.49,479.5353804135453,24,Amazon_SVQ1
25,1,Inicio_Amazon_SVQ1,0,0.0,40.0,40.0,25,Amazon_SVQ1
25,2,1401702,18,116.99,81.49,175.49,25,Amazon_SVQ1
25,3,1490201,11,5.990114582593417,7.1881374991121,215.6781374991121,25,Amazon_SVQ1
25,4,1405901,8,5.620748616117295,6.744898339340754,246.42303583845285,25,Amazon_SVQ1
25,5,1405701,43,1.3522658536283885,1.6227190243540663,377.0457548628069,25,Amazon_SVQ1
25,6,1406501,1,4.8462570060695604,5.815508407283472,385.8612632700904,25,Amazon_SVQ1
25,7,Regreso_Amazon_SVQ1,0,130.57,92.44,478.3012632700904,25,Amazon_SVQ1
26,1,Inicio_Amazon_SVQ1,0,0.0,40.0,40.0,26,Amazon_SVQ1
26,2,1401703,9,123.11,83.29,150.29000000000002,26,Amazon_SVQ1
26,3,1403301,10,6.498841588865975,7.79860990663917,188.0886099066392,26,Amazon_SVQ1
26,4,1406501,20,12.108476108383863,14.530171330060636,262.6187812366998,26,Amazon_SVQ1
26,5,1405701,22,4.8462570060695604,5.815508407283472,334.4342896439833,26,Amazon_SVQ1
26,6,1402701,11,7.90039928356968,9.480479140283617,376.9147687842669,26,Amazon_SVQ1
26,7,Regreso_Amazon_SVQ1,0,148.54,101.05,477.96476878426694,26,Amazon_SVQ1
27,1,Inicio_Amazon_SVQ1,0,0.0,40.0,40.0,27,Amazon_SVQ1
27,2,1401901,9,166.24,126.81,193.81,27,Amazon_SVQ1
27,3,1401904,18,0.3677241040319719,0.4412689248383663,248.25126892483837,27,Amazon_SVQ1
27,4,1401902,15,0.4296080807219491,0.5155296968663389,293.7667986217047,27,Amazon_SVQ1
27,5,1401905,9,0.7287059990791322,0.8744471988949587,321.6412458205997,27,Amazon_SVQ1
27,6,1401903,9,1.2994687208987337,1.5593624650784805,350.2006082856782,27,Amazon_SVQ1
27,7,Regreso_Amazon_SVQ1,0,167.03,127.71,477.91060828567817,27,Amazon_SVQ1
28,1,Inicio_Amazon_SVQ1,0,0.0,40.0,40.0,28,Amazon_SVQ1
28,2,1401903,1,167.03,127.71,170.70999999999998,28,Amazon_SVQ1
28,3,1402501,9,5.0053915976004415,6.00646991712053,203.7164699171205,28,Amazon_SVQ1
28,4,1402502,7,2.24925300201014,2.699103602412168,227.41557351953267,28,Amazon_SVQ1
28,5,1402503,10,3.1324813167509413,3.75897758010113,261.1745510996338,28,Amazon_SVQ1
28,6,1404102,17,7.448725217193776,8.938470260632531,321.1130213602663,28,Amazon_SVQ1
28,7,1404101,15,5.394079805700058,6.47289576684007,372.58591712710637,28,Amazon_SVQ1
28,8,1402701,1,2.5645009223000454,3.0774011067600546,378.66331823386645,28,Amazon_SVQ1
28,9,Regreso_Amazon_SVQ1,0,148.54,101.05,479.71331823386646,28,Amazon_SVQ1
29,1,Inicio_Amazon_SVQ1,0,0.0,40.0,40.0,29,Amazon_SVQ1
29,2,1402101,75,151.99,106.61,371.61,29,Amazon_SVQ1
29,3,1402105,1,0.9157940839316726,1.098952900718007,375.70895290071803,29,Amazon_SVQ1
29,4,Regreso_Amazon_SVQ1,0,150.64,103.46,479.168952900718,29,Amazon_SVQ1
30,1,Inicio_Amazon_SVQ1,0,0.0,40.0,40.0,30,Amazon_SVQ1
30,2,1402101,75,151.99,106.61,371.61,30,Amazon_SVQ1
30,3,1402105,1,0.9157940839316726,1.098952900718007,375.70895290071803,30,Amazon_SVQ1
30,4,Regreso_Amazon_SVQ1,0,150.64,103.46,479.168952900718,30,Amazon_SVQ1
31,1,Inicio_Amazon_SVQ1,0,0.0,40.0,40.0,31,Amazon_SVQ1
31,2,1402101,75,151.99,106.61,371.61,31,Amazon_SVQ1
31,3,1402105,1,0.9157940839316726,1.098952900718007,375.70895290071803,31,Amazon_SVQ1
31,4,Regreso_Amazon_SVQ1,0,150.64,103.46,479.168952900718,31,Amazon_SVQ1
32,1,Inicio_Amazon_SVQ1,0,0.0,40.0,40.0,32,Amazon_SVQ1
32,2,1402101,75,151.99,106.61,371.61,32,Amazon_SVQ1
32,3,1402105,1,0.9157940839316726,1.098952900718007,375.70895290071803,32,Amazon_SVQ1
32,4,Regreso_Amazon_SVQ1,0,150.64,103.46,479.168952900718,32,Amazon_SVQ1
33,1,Inicio_Amazon_SVQ1,0,0.0,40.0,40.0,33,Amazon_SVQ1
33,2,1402101,75,151.99,106.61,371.61,33,Amazon_SVQ1
33,3,1402105,1,0.9157940839316726,1.098952900718007,375.70895290071803,33,Amazon_SVQ1
33,4,Regreso_Amazon_SVQ1,0,150.64,103.46,479.168952900718,33,Amazon_SVQ1
34,1,Inicio_Amazon_SVQ1,0,0.0,40.0,40.0,34,Amazon_SVQ1
34,2,1402101,75,151.99,106.61,371.61,34,Amazon_SVQ1
34,3,1402105,1,0.9157940839316726,1.098952900718007,375.70895290071803,34,Amazon_SVQ1
34,4,Regreso_Amazon_SVQ1,0,150.64,103.46,479.168952900718,34,Amazon_SVQ1
35,1,Inicio_Amazon_SVQ1,0,0.0,40.0,40.0,35,Amazon_SVQ1
35,2,1402101,4,151.99,106.61,158.61,35,Amazon_SVQ1
35,3,1402103,33,0.39891101657701344,0.4786932198924161,258.08869321989243,35,Amazon_SVQ1
35,4,1402108,37,0.2927644824015422,0.35131737888185066,369.4400105987743,35,Amazon_SVQ1
35,5,1402104,1,0.4134328824886834,0.49611945898642007,372.9361300577607,35,Amazon_SVQ1
35,6,1402105,1,0.23880068368274085,0.286560820419289,376.22269087818,35,Amazon_SVQ1
35,7,Regreso_Amazon_SVQ1,0,150.64,103.46,479.68269087818,35,Amazon_SVQ1
36,1,Inicio_Amazon_SVQ1,0,0.0,40.0,40.0,36,Amazon_SVQ1
36,2,1402102,76,151.34,105.14,373.14,36,Amazon_SVQ1
36,3,Regreso_Amazon_SVQ1,0,151.34,105.14,478.28,36,Amazon_SVQ1
37,1,Inicio_Amazon_SVQ1,0,0.0,40.0,40.0,37,Amazon_SVQ1
37,2,1402102,76,151.34,105.14,373.14,37,Amazon_SVQ1
37,3,Regreso_Amazon_SVQ1,0,151.34,105.14,478.28,37,Amazon_SVQ1
38,1,Inicio_Amazon_SVQ1,0,0.0,40.0,40.0,38,Amazon_SVQ1
38,2,1402102,76,151.34,105.14,373.14,38,Amazon_SVQ1
38,3,Regreso_Amazon_SVQ1,0,151.34,105.14,478.28,38,Amazon_SVQ1
39,1,Inicio_Amazon_SVQ1,0,0.0,40.0,40.0,39,Amazon_SVQ1
39,2,1402102,76,151.34,105.14,373.14,39,Amazon_SVQ1
39,3,Regreso_Amazon_SVQ1,0,151.34,105.14,478.28,39,Amazon_SVQ1
40,1,Inicio_Amazon_SVQ1,0,0.0,40.0,40.0,40,Amazon_SVQ1
40,2,1402102,76,151.34,105.14,373.14,40,Amazon_SVQ1
40,3,Regreso_Amazon_SVQ1,0,151.34,105.14,478.28,40,Amazon_SVQ1
41,1,Inicio_Amazon_SVQ1,0,0.0,40.0,40.0,41,Amazon_SVQ1
41,2,1402102,76,151.34,105.14,373.14,41,Amazon_SVQ1
41,3,Regreso_Amazon_SVQ1,0,151.34,105.14,478.28,41,Amazon_SVQ1
42,1,Inicio_Amazon_SVQ1,0,0.0,40.0,40.0,42,Amazon_SVQ1
42,2,1402102,20,151.34,105.14,205.14,42,Amazon_SVQ1
42,3,1402104,56,0.5127857683148918,0.6153429219778701,373.75534292197784,42,Amazon_SVQ1
42,4,Regreso_Amazon_SVQ1,0,151.29,105.88,479.63534292197784,42,Amazon_SVQ1
43,1,Inicio_Amazon_SVQ1,0,0.0,40.0,40.0,43,Amazon_SVQ1
43,2,1402105,77,150.64,103.46,374.46,43,Amazon_SVQ1
43,3,Regreso_Amazon_SVQ1,0,150.64,103.46,477.91999999999996,43,Amazon_SVQ1
44,1,Inicio_Amazon_SVQ1,0,0.0,40.0,40.0,44,Amazon_SVQ1
44,2,1402105,77,150.64,103.46,374.46,44,Amazon_SVQ1
44,3,Regreso_Amazon_SVQ1,0,150.64,103.46,477.91999999999996,44,Amazon_SVQ1
45,1,Inicio_Amazon_SVQ1,0,0.0,40.0,40.0,45,Amazon_SVQ1
45,2,1402105,77,150.64,103.46,374.46,45,Amazon_SVQ1
45,3,Regreso_Amazon_SVQ1,0,150.64,103.46,477.91999999999996,45,Amazon_SVQ1
46,1,Inicio_Amazon_SVQ1,0,0.0,40.0,40.0,46,Amazon_SVQ1
46,2,1402105,45,150.64,103.46,278.46,46,Amazon_SVQ1
46,3,1402108,1,0.4957760325120497,0.5949312390144597,282.0549312390144,46,Amazon_SVQ1
46,4,1402107,30,0.39542133411580865,0.47450560093897043,372.5294368399534,46,Amazon_SVQ1
46,5,Regreso_Amazon_SVQ1,0,152.35,107.45,479.9794368399534,46,Amazon_SVQ1
47,1,Inicio_Amazon_SVQ1,0,0.0,40.0,40.0,47,Amazon_SVQ1
47,2,1402106,75,151.5,106.19,371.19,47,Amazon_SVQ1
47,3,1402110,1,0.46829010257786824,0.5619481230934419,374.7519481230934,47,Amazon_SVQ1
47,4,Regreso_Amazon_SVQ1,0,150.62,104.11,478.86194812309344,47,Amazon_SVQ1
48,1,Inicio_Amazon_SVQ1,0,0.0,40.0,40.0,48,Amazon_SVQ1
48,2,1402106,75,151.5,106.19,371.19,48,Amazon_SVQ1
48,3,1402110,1,0.46829010257786824,0.5619481230934419,374.7519481230934,48,Amazon_SVQ1
48,4,Regreso_Amazon_SVQ1,0,150.62,104.11,478.86194812309344,48,Amazon_SVQ1
49,1,Inicio_Amazon_SVQ1,0,0.0,40.0,40.0,49,Amazon_SVQ1
49,2,1402106,75,151.5,106.19,371.19,49,Amazon_SVQ1
49,3,1402110,1,0.46829010257786824,0.5619481230934419,374.7519481230934,49,Amazon_SVQ1
49,4,Regreso_Amazon_SVQ1,0,150.62,104.11,478.86194812309344,49,Amazon_SVQ1
50,1,Inicio_Amazon_SVQ1,0,0.0,40.0,40.0,50,Amazon_SVQ1
50,2,1402106,75,151.5,106.19,371.19,50,Amazon_SVQ1
50,3,1402110,1,0.46829010257786824,0.5619481230934419,374.7519481230934,50,Amazon_SVQ1
50,4,Regreso_Amazon_SVQ1,0,150.62,104.11,478.86194812309344,50,Amazon_SVQ1
51,1,Inicio_Amazon_SVQ1,0,0.0,40.0,40.0,51,Amazon_SVQ1
51,2,1402106,75,151.5,106.19,371.19,51,Amazon_SVQ1
51,3,1402110,1,0.46829010257786824,0.5619481230934419,374.7519481230934,51,Amazon_SVQ1
51,4,Regreso_Amazon_SVQ1,0,150.62,104.11,478.86194812309344,51,Amazon_SVQ1
52,1,Inicio_Amazon_SVQ1,0,0.0,40.0,40.0,52,Amazon_SVQ1
52,2,1402106,75,151.5,106.19,371.19,52,Amazon_SVQ1
52,3,1402110,1,0.46829010257786824,0.5619481230934419,374.7519481230934,52,Amazon_SVQ1
52,4,Regreso_Amazon_SVQ1,0,150.62,104.11,478.86194812309344,52,Amazon_SVQ1
53,1,Inicio_Amazon_SVQ1,0,0.0,40.0,40.0,53,Amazon_SVQ1
53,2,1402106,75,151.5,106.19,371.19,53,Amazon_SVQ1
53,3,1402110,1,0.46829010257786824,0.5619481230934419,374.7519481230934,53,Amazon_SVQ1
53,4,Regreso_Amazon_SVQ1,0,150.62,104.11,478.86194812309344,53,Amazon_SVQ1
54,1,Inicio_Amazon_SVQ1,0,0.0,40.0,40.0,54,Amazon_SVQ1
54,2,1402106,75,151.5,106.19,371.19,54,Amazon_SVQ1
54,3,1402110,1,0.46829010257786824,0.5619481230934419,374.7519481230934,54,Amazon_SVQ1
54,4,Regreso_Amazon_SVQ1,0,150.62,104.11,478.86194812309344,54,Amazon_SVQ1
55,1,Inicio_Amazon_SVQ1,0,0.0,40.0,40.0,55,Amazon_SVQ1
55,2,1402106,75,151.5,106.19,371.19,55,Amazon_SVQ1
55,3,1402110,1,0.46829010257786824,0.5619481230934419,374.7519481230934,55,Amazon_SVQ1
55,4,Regreso_Amazon_SVQ1,0,150.62,104.11,478.86194812309344,55,Amazon_SVQ1
56,1,Inicio_Amazon_SVQ1,0,0.0,40.0,40.0,56,Amazon_SVQ1
56,2,1402106,75,151.5,106.19,371.19,56,Amazon_SVQ1
56,3,1402110,1,0.46829010257786824,0.5619481230934419,374.7519481230934,56,Amazon_SVQ1
56,4,Regreso_Amazon_SVQ1,0,150.62,104.11,478.86194812309344,56,Amazon_SVQ1
57,1,Inicio_Amazon_SVQ1,0,0.0,40.0,40.0,57,Amazon_SVQ1
57,2,1402106,75,151.5,106.19,371.19,57,Amazon_SVQ1
57,3,1402110,1,0.46829010257786824,0.5619481230934419,374.7519481230934,57,Amazon_SVQ1
57,4,Regreso_Amazon_SVQ1,0,150.62,104.11,478.86194812309344,57,Amazon_SVQ1
58,1,Inicio_Amazon_SVQ1,0,0.0,40.0,40.0,58,Amazon_SVQ1
58,2,1402106,26,151.5,106.19,224.19,58,Amazon_SVQ1
58,3,1402107,34,0.2962067131267151,0.3554480557520581,326.54544805575205,58,Amazon_SVQ1
58,4,1402110,16,0.6553581038513013,0.7864297246215616,375.3318777803736,58,Amazon_SVQ1
58,5,Regreso_Amazon_SVQ1,0,150.62,104.11,479.4418777803736,58,Amazon_SVQ1
59,1,Inicio_Amazon_SVQ1,0,0.0,40.0,40.0,59,Amazon_SVQ1
59,2,1402109,76,150.19,105.15,373.15,59,Amazon_SVQ1
59,3,Regreso_Amazon_SVQ1,0,150.19,105.15,478.29999999999995,59,Amazon_SVQ1
60,1,Inicio_Amazon_SVQ1,0,0.0,40.0,40.0,60,Amazon_SVQ1
60,2,1402109,76,150.19,105.15,373.15,60,Amazon_SVQ1
60,3,Regreso_Amazon_SVQ1,0,150.19,105.15,478.29999999999995,60,Amazon_SVQ1
61,1,Inicio_Amazon_SVQ1,0,0.0,40.0,40.0,61,Amazon_SVQ1
61,2,1402109,76,150.19,105.15,373.15,61,Amazon_SVQ1
61,3,Regreso_Amazon_SVQ1,0,150.19,105.15,478.29999999999995,61,Amazon_SVQ1
62,1,Inicio_Amazon_SVQ1,0,0.0,40.0,40.0,62,Amazon_SVQ1
62,2,1402109,76,150.19,105.15,373.15,62,Amazon_SVQ1
62,3,Regreso_Amazon_SVQ1,0,150.19,105.15,478.29999999999995,62,Amazon_SVQ1
63,1,Inicio_Amazon_SVQ1,0,0.0,40.0,40.0,63,Amazon_SVQ1
63,2,1402109,10,150.19,105.15,175.15,63,Amazon_SVQ1
63,3,1402110,66,0.5967552193831763,0.7161062632598116,373.8661062632598,63,Amazon_SVQ1
63,4,Regreso_Amazon_SVQ1,0,150.62,104.11,477.9761062632598,63,Amazon_SVQ1
64,1,Inicio_Amazon_SVQ1,0,0.0,40.0,40.0,64,Amazon_SVQ1
64,2,1402110,77,150.62,104.11,375.11,64,Amazon_SVQ1
64,3,Regreso_Amazon_SVQ1,0,150.62,104.11,479.22,64,Amazon_SVQ1
65,1,Inicio_Amazon_SVQ1,0,0.0,40.0,40.0,65,Amazon_SVQ1
65,2,1402110,77,150.62,104.11,375.11,65,Amazon_SVQ1
65,3,Regreso_Amazon_SVQ1,0,150.62,104.11,479.22,65,Amazon_SVQ1
66,1,Inicio_Amazon_SVQ1,0,0.0,40.0,40.0,66,Amazon_SVQ1
66,2,1402110,77,150.62,104.11,375.11,66,Amazon_SVQ1
66,3,Regreso_Amazon_SVQ1,0,150.62,104.11,479.22,66,Amazon_SVQ1
67,1,Inicio_Amazon_SVQ1,0,0.0,40.0,40.0,67,Amazon_SVQ1
67,2,1402110,77,150.62,104.11,375.11,67,Amazon_SVQ1
67,3,Regreso_Amazon_SVQ1,0,150.62,104.11,479.22,67,Amazon_SVQ1
68,1,Inicio_Amazon_SVQ1,0,0.0,40.0,40.0,68,Amazon_SVQ1
68,2,1402110,77,150.62,104.11,375.11,68,Amazon_SVQ1
68,3,Regreso_Amazon_SVQ1,0,150.62,104.11,479.22,68,Amazon_SVQ1
69,1,Inicio_Amazon_SVQ1,0,0.0,40.0,40.0,69,Amazon_SVQ1
69,2,1402110,77,150.62,104.11,375.11,69,Amazon_SVQ1
69,3,Regreso_Amazon_SVQ1,0,150.62,104.11,479.22,69,Amazon_SVQ1
70,1,Inicio_Amazon_SVQ1,0,0.0,40.0,40.0,70,Amazon_SVQ1
70,2,1402110,47,150.62,104.11,285.11,70,Amazon_SVQ1
70,3,1406702,16,20.941119870598868,25.12934384471864,358.23934384471863,70,Amazon_SVQ1
70,4,Regreso_Amazon_SVQ1,0,170.65,120.85,479.08934384471866,70,Amazon_SVQ1
71,1,Inicio_Amazon_SVQ1,0,0.0,40.0,40.0,71,Amazon_SVQ1
71,2,1402301,13,235.59,176.69,255.69,71,Amazon_SVQ1
71,3,1402302,9,5.770503782094085,6.924604538512902,289.6146045385129,71,Amazon_SVQ1
71,4,1405403,5,6.2216660045137635,7.465999205416517,312.0806037439294,71,Amazon_SVQ1
71,5,1406801,1,27.383666479936338,32.860399775923604,347.941003519853,71,Amazon_SVQ1
71,6,Regreso_Amazon_SVQ1,0,185.98,131.03,478.97100351985296,71,Amazon_SVQ1
72,1,Inicio_Amazon_SVQ1,0,0.0,40.0,40.0,72,Amazon_SVQ1
72,2,1402401,10,176.43,134.26,204.26,72,Amazon_SVQ1
72,3,1402402,9,3.306718746353291,3.968062495623949,235.22806249562393,72,Amazon_SVQ1
72,4,1403804,20,9.63672353562356,11.56406824274827,306.7921307383722,72,Amazon_SVQ1
72,5,1403805,13,7.8369637657503,9.40435651890036,355.19648725727257,72,Amazon_SVQ1
72,6,4101401,1,15.079345155541233,18.09521418664948,376.291701443922,72,Amazon_SVQ1
72,7,Regreso_Amazon_SVQ1,0,136.47,103.1,479.391701443922,72,Amazon_SVQ1
73,1,Inicio_Amazon_SVQ1,0,0.0,40.0,40.0,73,Amazon_SVQ1
73,2,1402601,7,197.55,138.75,199.75,73,Amazon_SVQ1
73,3,1402603,8,0.4340202985842882,0.5208243583011458,224.27082435830116,73,Amazon_SVQ1
73,4,1402602,6,7.732700243144562,9.279240291773474,251.55006465007463,73,Amazon_SVQ1
73,5,1407101,8,9.938691409356906,11.926429691228288,287.4764943413029,73,Amazon_SVQ1
73,6,1402904,6,15.414230507315132,18.49707660877816,323.97357095008107,73,Amazon_SVQ1
73,7,4108801,1,36.82833628332457,44.19400353998948,371.16757449007054,73,Amazon_SVQ1
73,8,4103301,1,12.748805734978166,15.2985668819738,389.4661413720443,73,Amazon_SVQ1
73,9,4102404,1,43.44822634582226,52.137871614986715,444.604012987031,73,Amazon_SVQ1
73,10,Regreso_Amazon_SVQ1,0,45.34,34.38,478.984012987031,73,Amazon_SVQ1
74,1,Inicio_Amazon_SVQ1,0,0.0,40.0,40.0,74,Amazon_SVQ1
74,2,1490101,9,150.62,109.83,176.82999999999998,74,Amazon_SVQ1
74,3,1402701,32,1.8154313817937067,2.178517658152448,275.0085176581524,74,Amazon_SVQ1
74,4,1404101,1,2.5645009223000454,3.0774011067600546,281.0859187649125,74,Amazon_SVQ1
74,5,1402702,27,5.174853534419562,6.209824241303473,368.29574300621596,74,Amazon_SVQ1
74,6,Regreso_Amazon_SVQ1,0,147.85,109.11,477.40574300621597,74,Amazon_SVQ1
75,1,Inicio_Amazon_SVQ1,0,0.0,40.0,40.0,75,Amazon_SVQ1
75,2,1402702,2,147.85,109.11,155.11,75,Amazon_SVQ1
75,3,1404002,21,12.88031413053718,15.456376956644615,233.56637695664463,75,Amazon_SVQ1
75,4,1404001,16,1.3556159747882996,1.6267391697459597,283.1931161263906,75,Amazon_SVQ1
75,5,1406002,26,7.20322654609665,8.64387185531598,369.83698798170656,75,Amazon_SVQ1
75,6,4103905,5,20.94091787617954,25.129101451415448,409.966089433122,75,Amazon_SVQ1
75,7,Regreso_Amazon_SVQ1,0,99.1,69.85,479.816089433122,75,Amazon_SVQ1
76,1,Inicio_Amazon_SVQ1,0,0.0,40.0,40.0,76,Amazon_SVQ1
76,2,1402703,17,118.52,92.08,183.07999999999998,76,Amazon_SVQ1
76,3,1403001,63,4.3257882266774255,5.19094587201291,377.27094587201293,76,Amazon_SVQ1
76,4,4103902,4,16.98645148570141,20.383741782841692,409.6546876548546,76,Amazon_SVQ1
76,5,Regreso_Amazon_SVQ1,0,99.54,70.22,479.8746876548546,76,Amazon_SVQ1
77,1,Inicio_Amazon_SVQ1,0,0.0,40.0,40.0,77,Amazon_SVQ1
77,2,1402801,3,229.02,165.62,214.62,77,Amazon_SVQ1
77,3,1407002,5,3.2257147896102167,3.8708577475322596,233.49085774753226,77,Amazon_SVQ1
77,4,1407001,6,7.003666074233387,8.404399289080065,259.89525703661235,77,Amazon_SVQ1
77,5,1407201,8,14.193005049333292,17.03160605919995,300.9268630958123,77,Amazon_SVQ1
77,6,1407402,4,3.1932524646300484,3.831902957556058,316.75876605336833,77,Amazon_SVQ1
77,7,Regreso_Amazon_SVQ1,0,231.5,163.07,479.8287660533683,77,Amazon_SVQ1
78,1,Inicio_Amazon_SVQ1,0,0.0,40.0,40.0,78,Amazon_SVQ1
78,2,1402901,8,200.51,150.38,214.38,78,Amazon_SVQ1
78,3,1402903,6,6.876544855519596,8.251853826623513,240.6318538266235,78,Amazon_SVQ1
78,4,1402902,10,9.554360368300669,11.465232441960802,282.0970862685843,78,Amazon_SVQ1
78,5,1402904,1,6.524285377357315,7.829142452828778,292.92622872141305,78,Amazon_SVQ1
78,6,1405201,4,8.880231827167394,10.656278192600873,315.58250691401395,78,Amazon_SVQ1
78,7,1405202,1,2.356478377011624,2.827774052413949,321.4102809664279,78,Amazon_SVQ1
78,8,4105502,2,74.91441834143812,89.89730200972575,417.30758297615364,78,Amazon_SVQ1
78,9,Regreso_Amazon_SVQ1,0,70.04,61.36,478.66758297615365,78,Amazon_SVQ1
79,1,Inicio_Amazon_SVQ1,0,0.0,40.0,40.0,79,Amazon_SVQ1
79,2,1403001,8,123.66,99.79,163.79000000000002,79,Amazon_SVQ1
79,3,1403002,13,5.090265837899673,6.108319005479607,208.89831900547964,79,Amazon_SVQ1
79,4,4103902,46,12.108144377448674,14.52977325293841,361.428092258418,79,Amazon_SVQ1
79,5,4103901,16,0.7822865377214376,0.9387438452657251,410.36683610368374,79,Amazon_SVQ1
79,6,Regreso_Amazon_SVQ1,0,98.81,69.23,479.59683610368376,79,Amazon_SVQ1
80,1,Inicio_Amazon_SVQ1,0,0.0,40.0,40.0,80,Amazon_SVQ1
80,2,1403401,3,246.48,184.86,233.86,80,Amazon_SVQ1
80,3,1406201,8,9.532686845971448,11.439224215165737,269.29922421516574,80,Amazon_SVQ1
80,4,1406202,1,3.1138716280594654,3.7366459536713585,276.0358701688371,80,Amazon_SVQ1
80,5,1405101,4,9.19168462785003,11.030021553420037,299.06589172225716,80,Amazon_SVQ1
80,6,1406801,2,34.693438273290795,41.632125927948955,346.6980176502061,80,Amazon_SVQ1
80,7,Regreso_Amazon_SVQ1,0,185.98,131.03,477.7280176502061,80,Amazon_SVQ1
81,1,Inicio_Amazon_SVQ1,0,0.0,40.0,40.0,81,Amazon_SVQ1
81,2,1403501,7,238.13,178.6,239.6,81,Amazon_SVQ1
81,3,1403502,4,9.527178457974228,11.432614149569073,263.03261414956904,81,Amazon_SVQ1
81,4,1403503,8,0.3995714614274178,0.4794857537129013,287.5120999032819,81,Amazon_SVQ1
81,5,1407402,3,16.434556162858666,19.7214673954304,316.23356729871233,81,Amazon_SVQ1
81,6,Regreso_Amazon_SVQ1,0,231.5,163.07,479.3035672987123,81,Amazon_SVQ1
82,1,Inicio_Amazon_SVQ1,0,0.0,40.0,40.0,82,Amazon_SVQ1
82,2,1403504,13,243.78,182.84,261.84000000000003,82,Amazon_SVQ1
82,3,1407402,2,9.835526568981125,11.80263188277735,279.6426318827774,82,Amazon_SVQ1
82,4,1407401,4,6.686660986049974,8.023993183259968,299.66662506603734,82,Amazon_SVQ1
82,5,Regreso_Amazon_SVQ1,0,239.82,179.87,479.53662506603735,82,Amazon_SVQ1
83,1,Inicio_Amazon_SVQ1,0,0.0,40.0,40.0,83,Amazon_SVQ1
83,2,1403601,16,105.68,103.42,191.42000000000002,83,Amazon_SVQ1
83,3,1403602,22,0.6606976138985836,0.7928371366783004,258.21283713667833,83,Amazon_SVQ1
83,4,1405302,30,11.554941336745584,13.865929604094699,362.07876674077306,83,Amazon_SVQ1
83,5,1405301,2,4.018732034492891,4.822478441391469,372.90124518216453,83,Amazon_SVQ1
83,6,4103901,1,29.01601706377326,34.81922047652791,410.72046565869243,83,Amazon_SVQ1
83,7,Regreso_Amazon_SVQ1,0,98.81,69.23,479.95046565869245,83,Amazon_SVQ1
84,1,Inicio_Amazon_SVQ1,0,0.0,40.0,40.0,84,Amazon_SVQ1
84,2,1403701,15,207.09,146.72,231.72,84,Amazon_SVQ1
84,3,1403702,5,3.104507847035873,3.725409416443047,250.44540941644306,84,Amazon_SVQ1
84,4,1403703,7,6.988147050409386,8.385776460491263,279.83118587693434,84,Amazon_SVQ1
84,5,1405804,13,7.486898167432374,8.984277800918848,327.8154636778532,84,Amazon_SVQ1
84,6,1405801,4,0.39425387853992044,0.47310465424790454,340.2885683321011,84,Amazon_SVQ1
84,7,1403803,1,13.54095212019999,16.249142544239987,359.53771087634107,84,Amazon_SVQ1
84,8,Regreso_Amazon_SVQ1,0,162.35,118.07,477.60771087634106,84,Amazon_SVQ1
85,1,Inicio_Amazon_SVQ1,0,0.0,40.0,40.0,85,Amazon_SVQ1
85,2,1403801,67,162.2,118.94,359.94,85,Amazon_SVQ1
85,3,Regreso_Amazon_SVQ1,0,162.2,118.94,478.88,85,Amazon_SVQ1
86,1,Inicio_Amazon_SVQ1,0,0.0,40.0,40.0,86,Amazon_SVQ1
86,2,1403801,12,162.2,118.94,194.94,86,Amazon_SVQ1
86,3,1403802,55,0.35592270672246873,0.4271072480669625,360.367107248067,86,Amazon_SVQ1
86,4,Regreso_Amazon_SVQ1,0,161.13,116.99,477.357107248067,86,Amazon_SVQ1
87,1,Inicio_Amazon_SVQ1,0,0.0,40.0,40.0,87,Amazon_SVQ1
87,2,1403802,68,161.13,116.99,360.99,87,Amazon_SVQ1
87,3,Regreso_Amazon_SVQ1,0,161.13,116.99,477.98,87,Amazon_SVQ1
88,1,Inicio_Amazon_SVQ1,0,0.0,40.0,40.0,88,Amazon_SVQ1
88,2,1403802,9,161.13,116.99,183.99,88,Amazon_SVQ1
88,3,1403803,58,1.1561946771174623,1.3874336125409548,359.3774336125409,88,Amazon_SVQ1
88,4,Regreso_Amazon_SVQ1,0,162.35,118.07,477.4474336125409,88,Amazon_SVQ1
89,1,Inicio_Amazon_SVQ1,0,0.0,40.0,40.0,89,Amazon_SVQ1
89,2,1403803,46,162.35,118.07,296.07,89,Amazon_SVQ1
89,3,1404401,17,11.520846127509644,13.825015353011572,360.89501535301156,89,Amazon_SVQ1
89,4,Regreso_Amazon_SVQ1,0,158.3,116.9,477.79501535301154,89,Amazon_SVQ1
90,1,Inicio_Amazon_SVQ1,0,0.0,40.0,40.0,90,Amazon_SVQ1
90,2,1403901,22,196.93,149.13,255.13,90,Amazon_SVQ1
90,3,1405501,20,14.041112052113453,16.84933446253614,331.97933446253614,90,Amazon_SVQ1
90,4,Regreso_Amazon_SVQ1,0,193.05,145.71,477.6893344625362,90,Amazon_SVQ1
91,1,Inicio_Amazon_SVQ1,0,0.0,40.0,40.0,91,Amazon_SVQ1
91,2,1404201,23,146.13,109.43,218.43,91,Amazon_SVQ1
91,3,1404203,50,0.26003163723614847,0.31203796468337813,368.7420379646834,91,Amazon_SVQ1
91,4,Regreso_Amazon_SVQ1,0,145.89,109.22,477.9620379646834,91,Amazon_SVQ1
92,1,Inicio_Amazon_SVQ1,0,0.0,40.0,40.0,92,Amazon_SVQ1
92,2,1404202,40,146.46,109.9,269.9,92,Amazon_SVQ1
92,3,1404204,33,0.2784445520690648,0.3341334624828778,369.2341334624829,92,Amazon_SVQ1
92,4,Regreso_Amazon_SVQ1,0,146.79,110.48,479.7141334624829,92,Amazon_SVQ1
93,1,Inicio_Amazon_SVQ1,0,0.0,40.0,40.0,93,Amazon_SVQ1
93,2,1404203,4,145.89,109.22,161.22,93,Amazon_SVQ1
93,3,1404204,19,0.7738448114651776,0.9286137737582132,219.1486137737582,93,Amazon_SVQ1
93,4,1404205,12,7.204902867855376,8.64588344142645,263.79449721518466,93,Amazon_SVQ1
93,5,1404602,17,9.19803753895859,11.03764504675031,325.83214226193496,93,Amazon_SVQ1
93,6,1404601,3,2.606925364896784,3.1283104378761406,337.9604526998111,93,Amazon_SVQ1
93,7,4103905,1,55.920075863475844,67.10409103617101,408.06454373598217,93,Amazon_SVQ1
93,8,4103904,1,0.6273861832372963,0.7528634198847556,411.81740715586693,93,Amazon_SVQ1
93,9,Regreso_Amazon_SVQ1,0,97.9,67.56,479.37740715586693,93,Amazon_SVQ1
94,1,Inicio_Amazon_SVQ1,0,0.0,40.0,40.0,94,Amazon_SVQ1
94,2,1404301,14,192.03,131.96,213.96,94,Amazon_SVQ1
94,3,1404303,13,0.2512038711133238,0.3014446453359886,253.26144464533598,94,Amazon_SVQ1
94,4,1406601,9,7.228350465615168,8.674020558738201,288.9354652040742,94,Amazon_SVQ1
94,5,1404302,6,12.565958983876763,15.079150780652116,322.01461598472633,94,Amazon_SVQ1
94,6,1406701,1,27.95528330302594,33.54633996363113,358.56095594835745,94,Amazon_SVQ1
94,7,Regreso_Amazon_SVQ1,0,173.89,118.7,477.26095594835743,94,Amazon_SVQ1
95,1,Inicio_Amazon_SVQ1,0,0.0,40.0,40.0,95,Amazon_SVQ1
95,2,1404302,3,215.12,155.56,204.56,95,Amazon_SVQ1
95,3,1404304,30,14.627301287502185,17.55276154500262,312.1127615450026,95,Amazon_SVQ1
95,4,1406701,8,20.895949873567133,25.075139848280557,361.1879013932832,95,Amazon_SVQ1
95,5,Regreso_Amazon_SVQ1,0,173.89,118.7,479.8879013932832,95,Amazon_SVQ1
96,1,Inicio_Amazon_SVQ1,0,0.0,40.0,40.0,96,Amazon_SVQ1
96,2,1404304,11,221.04,165.78,238.78,96,Amazon_SVQ1
96,3,1406903,13,18.911911716653627,22.69429405998435,300.47429405998435,96,Amazon_SVQ1
96,4,1404701,4,16.830079251867982,20.19609510224158,332.67038916222594,96,Amazon_SVQ1
96,5,Regreso_Amazon_SVQ1,0,181.56,144.5,477.17038916222594,96,Amazon_SVQ1
97,1,Inicio_Amazon_SVQ1,0,0.0,40.0,40.0,97,Amazon_SVQ1
97,2,1404501,29,151.41,115.95,242.95,97,Amazon_SVQ1
97,3,1405605,34,13.671155678131154,16.40538681375738,361.3553868137574,97,Amazon_SVQ1
97,4,1405604,5,4.6804435328936655,5.616532239472399,381.9719190532298,97,Amazon_SVQ1
97,5,Regreso_Amazon_SVQ1,0,135.78,97.65,479.6219190532298,97,Amazon_SVQ1
98,1,Inicio_Amazon_SVQ1,0,0.0,40.0,40.0,98,Amazon_SVQ1
98,2,1404601,17,169.66,140.57,231.57,98,Amazon_SVQ1
98,3,1405502,22,28.51389671815887,34.21667606179064,331.7866760617907,98,Amazon_SVQ1
98,4,Regreso_Amazon_SVQ1,0,192.65,146.54,478.32667606179064,98,Amazon_SVQ1
99,1,Inicio_Amazon_SVQ1,0,0.0,40.0,40.0,99,Amazon_SVQ1
99,2,1404701,16,181.56,144.5,232.5,99,Amazon_SVQ1
99,3,1406801,2,14.148174293626962,16.977809152352354,255.47780915235236,99,Amazon_SVQ1
99,4,1407301,11,9.172333814996211,11.006800577995454,299.4846097303478,99,Amazon_SVQ1
99,5,1407302,5,8.544682831946268,10.253619398335521,324.7382291286833,99,Amazon_SVQ1
99,6,1405301,6,24.54173193108945,29.45007831730734,372.18830744599063,99,Amazon_SVQ1
99,7,4103901,1,29.01601706377326,34.81922047652791,410.00752792251853,99,Amazon_SVQ1
99,8,Regreso_Amazon_SVQ1,0,98.81,69.23,479.23752792251855,99,Amazon_SVQ1
100,1,Inicio_Amazon_SVQ1,0,0.0,40.0,40.0,100,Amazon_SVQ1
100,2,1404901,60,96.73,89.77,309.77,100,Amazon_SVQ1
100,3,1404902,26,0.5005838349728738,0.6007006019674486,388.3707006019674,100,Amazon_SVQ1
100,4,4105601,3,18.992902142551017,22.79148257106122,420.16218317302867,100,Amazon_SVQ1
100,5,Regreso_Amazon_SVQ1,0,82.38,58.31,478.47218317302867,100,Amazon_SVQ1
101,1,Inicio_Amazon_SVQ1,0,0.0,40.0,40.0,101,Amazon_SVQ1
101,2,1404902,2,96.31,89.46,135.45999999999998,101,Amazon_SVQ1
101,3,1404903,77,0.28121373434859837,0.33745648121831806,366.7974564812183,101,Amazon_SVQ1
101,4,4107401,7,8.218794181397666,9.862553017677198,397.66000949889553,101,Amazon_SVQ1
101,5,Regreso_Amazon_SVQ1,0,89.37,81.6,479.26000949889556,101,Amazon_SVQ1
102,1,Inicio_Amazon_SVQ1,0,0.0,40.0,40.0,102,Amazon_SVQ1
102,2,1405101,3,240.12,180.09,229.09,102,Amazon_SVQ1
102,3,1405102,5,5.562764022377047,6.675316826852457,250.76531682685246,102,Amazon_SVQ1
102,4,1405401,17,7.394975977083341,8.87397117250001,310.63928799935246,102,Amazon_SVQ1
102,5,Regreso_Amazon_SVQ1,0,226.72,166.87,477.50928799935247,102,Amazon_SVQ1
103,1,Inicio_Amazon_SVQ1,0,0.0,40.0,40.0,103,Amazon_SVQ1
103,2,1405201,37,229.61,163.03,314.03,103,Amazon_SVQ1
103,3,1405202,1,2.356478377011624,2.827774052413949,319.8577740524139,103,Amazon_SVQ1
103,4,4105502,2,74.91441834143812,89.89730200972575,415.75507606213966,103,Amazon_SVQ1
103,5,Regreso_Amazon_SVQ1,0,70.04,61.36,477.1150760621397,103,Amazon_SVQ1
104,1,Inicio_Amazon_SVQ1,0,0.0,40.0,40.0,104,Amazon_SVQ1
104,2,1405201,1,229.61,163.03,206.03,104,Amazon_SVQ1
104,3,1405202,5,2.356478377011624,2.827774052413949,223.85777405241396,104,Amazon_SVQ1
104,4,1405203,5,1.9449104917783275,2.333892590133993,241.19166664254794,104,Amazon_SVQ1
104,5,1405403,8,38.22298298279193,45.86757957935032,311.05924622189826,104,Amazon_SVQ1
104,6,Regreso_Amazon_SVQ1,0,226.58,167.07,478.12924622189826,104,Amazon_SVQ1
105,1,Inicio_Amazon_SVQ1,0,0.0,40.0,40.0,105,Amazon_SVQ1
105,2,1405301,23,142.43,105.51,214.51,105,Amazon_SVQ1
105,3,4107401,22,24.414114033053824,29.29693683966459,309.80693683966456,105,Amazon_SVQ1
105,4,4107801,6,5.489151899393311,6.5869822792719726,334.39391911893654,105,Amazon_SVQ1
105,5,4107802,17,0.591362194965651,0.7096346339587812,386.1035537528953,105,Amazon_SVQ1
105,6,4105502,3,18.422272652014787,22.106727182417746,417.21028093531305,105,Amazon_SVQ1
105,7,Regreso_Amazon_SVQ1,0,70.04,61.36,478.57028093531306,105,Amazon_SVQ1
106,1,Inicio_Amazon_SVQ1,0,0.0,40.0,40.0,106,Amazon_SVQ1
106,2,1405401,35,226.72,166.87,311.87,106,Amazon_SVQ1
106,3,Regreso_Amazon_SVQ1,0,226.72,166.87,478.74,106,Amazon_SVQ1
107,1,Inicio_Amazon_SVQ1,0,0.0,40.0,40.0,107,Amazon_SVQ1
107,2,1405401,3,226.72,166.87,215.87,107,Amazon_SVQ1
107,3,1405403,6,1.008085461349211,1.209702553619053,235.07970255361906,107,Amazon_SVQ1
107,4,1405402,26,1.1132944125092072,1.3359532950110486,314.4156558486301,107,Amazon_SVQ1
107,5,Regreso_Amazon_SVQ1,0,225.53,165.23,479.6456558486301,107,Amazon_SVQ1
108,1,Inicio_Amazon_SVQ1,0,0.0,40.0,40.0,108,Amazon_SVQ1
108,2,1405402,31,225.53,165.23,298.23,108,Amazon_SVQ1
108,3,4105601,1,100.36971823431442,120.4436618811773,421.67366188117734,108,Amazon_SVQ1
108,4,Regreso_Amazon_SVQ1,0,82.38,58.31,479.98366188117734,108,Amazon_SVQ1
109,1,Inicio_Amazon_SVQ1,0,0.0,40.0,40.0,109,Amazon_SVQ1
109,2,1405404,27,237.69,178.27,299.27,109,Amazon_SVQ1
109,3,1406701,4,40.14968150101051,48.179617801212615,359.4496178012126,109,Amazon_SVQ1
109,4,Regreso_Amazon_SVQ1,0,173.89,118.7,478.14961780121257,109,Amazon_SVQ1
110,1,Inicio_Amazon_SVQ1,0,0.0,40.0,40.0,110,Amazon_SVQ1
110,2,1405404,2,237.69,178.27,224.27,110,Amazon_SVQ1
110,3,1406902,22,9.252472772481834,11.102967326978202,301.3729673269782,110,Amazon_SVQ1
110,4,1406701,1,34.398699036740695,41.27843884408883,345.65140617106704,110,Amazon_SVQ1
110,5,1406702,3,2.369495751123362,2.843394901348034,357.49480107241504,110,Amazon_SVQ1
110,6,Regreso_Amazon_SVQ1,0,170.65,120.85,478.34480107241507,110,Amazon_SVQ1
111,1,Inicio_Amazon_SVQ1,0,0.0,40.0,40.0,111,Amazon_SVQ1
111,2,1405501,13,193.05,145.71,224.71,111,Amazon_SVQ1
111,3,1405502,35,1.1231613662945554,1.3477936395534664,331.0577936395535,111,Amazon_SVQ1
111,4,Regreso_Amazon_SVQ1,0,192.65,146.54,477.5977936395535,111,Amazon_SVQ1
112,1,Inicio_Amazon_SVQ1,0,0.0,40.0,40.0,112,Amazon_SVQ1
112,2,1405502,48,192.65,146.54,330.53999999999996,112,Amazon_SVQ1
112,3,Regreso_Amazon_SVQ1,0,192.65,146.54,477.0799999999999,112,Amazon_SVQ1
113,1,Inicio_Amazon_SVQ1,0,0.0,40.0,40.0,113,Amazon_SVQ1
113,2,1405502,7,192.65,146.54,207.54,113,Amazon_SVQ1
113,3,1405503,12,6.742285440901217,8.09074252908146,251.63074252908146,113,Amazon_SVQ1
113,4,1405805,19,11.126409578488895,13.351691494186674,321.9824340232681,113,Amazon_SVQ1
113,5,1405803,6,2.372755750623544,2.8473069007482525,342.8297409240164,113,Amazon_SVQ1
113,6,Regreso_Amazon_SVQ1,0,178.01,136.44,479.2697409240164,113,Amazon_SVQ1
114,1,Inicio_Amazon_SVQ1,0,0.0,40.0,40.0,114,Amazon_SVQ1
114,2,1405601,27,129.77,93.34,214.34,114,Amazon_SVQ1
114,3,1405602,33,2.441258607301605,2.9295103287619257,316.26951032876195,114,Amazon_SVQ1
114,4,1405603,22,0.6122159866137066,0.7346591839364479,383.0041695126984,114,Amazon_SVQ1
114,5,Regreso_Amazon_SVQ1,0,133.64,96.78,479.78416951269844,114,Amazon_SVQ1
115,1,Inicio_Amazon_SVQ1,0,0.0,40.0,40.0,115,Amazon_SVQ1
115,2,1405603,36,133.64,96.78,244.78,115,Amazon_SVQ1
115,3,1405604,45,0.6106607625607218,0.7327929150728661,380.51279291507285,115,Amazon_SVQ1
115,4,Regreso_Amazon_SVQ1,0,135.78,97.65,478.1627929150728,115,Amazon_SVQ1
116,1,Inicio_Amazon_SVQ1,0,0.0,40.0,40.0,116,Amazon_SVQ1
116,2,1405604,24,135.78,97.65,209.65,116,Amazon_SVQ1
116,3,4105003,27,7.386938531866123,8.864326238239348,299.51432623823933,116,Amazon_SVQ1
116,4,4105001,8,3.9644100306443883,4.757292036773267,328.2716182750126,116,Amazon_SVQ1
116,5,4105002,13,3.3696150803807523,4.043538096456903,371.31515637146947,116,Amazon_SVQ1
116,6,4106101,2,7.921717176655175,9.50606061198621,386.82121698345566,116,Amazon_SVQ1
116,7,4108401,1,2.968774985519869,3.562529982623843,393.3837469660795,116,Amazon_SVQ1
116,8,Regreso_Amazon_SVQ1,0,115.25,84.25,477.6337469660795,116,Amazon_SVQ1
117,1,Inicio_Amazon_SVQ1,0,0.0,40.0,40.0,117,Amazon_SVQ1
117,2,1405801,16,178.81,138.51,226.51,117,Amazon_SVQ1
117,3,1405802,7,0.2761132851222258,0.331335942146671,247.84133594214666,117,Amazon_SVQ1
117,4,1405803,18,0.46166670594177506,0.5540000471301301,302.39533598927676,117,Amazon_SVQ1
117,5,4101401,12,28.635415490879346,34.362498589055214,372.757834578332,117,Amazon_SVQ1
117,6,4102601,1,5.083914336268806,6.100697203522567,381.85853178185454,117,Amazon_SVQ1
117,7,Regreso_Amazon_SVQ1,0,131.36,95.73,477.58853178185456,117,Amazon_SVQ1
118,1,Inicio_Amazon_SVQ1,0,0.0,40.0,40.0,118,Amazon_SVQ1
118,2,1406101,5,247.48,173.87,228.87,118,Amazon_SVQ1
118,3,1407401,7,9.564674699518243,11.47760963942189,261.3476096394219,118,Amazon_SVQ1
118,4,1406901,4,32.145969898671744,38.575163878406094,311.922773517828,118,Amazon_SVQ1
118,5,Regreso_Amazon_SVQ1,0,223.49,167.62,479.542773517828,118,Amazon_SVQ1
119,1,Inicio_Amazon_SVQ1,0,0.0,40.0,40.0,119,Amazon_SVQ1
119,2,1406001,13,128.62,106.62,185.62,119,Amazon_SVQ1
119,3,4105002,7,15.830581114438052,18.996697337325664,225.61669733732566,119,Amazon_SVQ1
119,4,4106101,18,7.921717176655175,9.50606061198621,289.1227579493119,119,Amazon_SVQ1
119,5,4108401,16,2.968774985519869,3.562529982623843,340.68528793193576,119,Amazon_SVQ1
119,6,4108402,10,1.890170280153276,2.2682043361839312,372.9534922681197,119,Amazon_SVQ1
119,7,4100101,6,10.388964622697364,12.466757547236837,403.42024981535656,119,Amazon_SVQ1
119,8,Regreso_Amazon_SVQ1,0,104.52,75.09,478.5102498153566,119,Amazon_SVQ1
120,1,Inicio_Amazon_SVQ1,0,0.0,40.0,40.0,120,Amazon_SVQ1
120,2,1406901,13,223.49,167.62,246.62,120,Amazon_SVQ1
120,3,1406904,3,6.278207082311757,7.533848498774108,263.1538484987741,120,Amazon_SVQ1
120,4,1406902,1,14.240289105620077,17.08834692674409,283.24219542551816,120,Amazon_SVQ1
120,5,4107802,1,80.00671610670798,96.00805932804958,382.25025475356773,120,Amazon_SVQ1
120,6,4105502,4,18.422272652014787,22.106727182417746,416.35698193598546,120,Amazon_SVQ1
120,7,Regreso_Amazon_SVQ1,0,70.04,61.36,477.7169819359855,120,Amazon_SVQ1
121,1,Inicio_Amazon_SVQ1,0,0.0,40.0,40.0,121,Amazon_SVQ1
121,2,1407302,7,204.52,153.39,214.39,121,Amazon_SVQ1
121,3,4106602,7,40.09944864004526,48.119338368054315,283.5093383680543,121,Amazon_SVQ1
121,4,4106601,6,3.220318994752293,3.8643827937027524,305.37372116175703,121,Amazon_SVQ1
121,5,4103304,8,13.705483151754597,16.446579782105516,345.82030094386255,121,Amazon_SVQ1
121,6,4103301,13,2.6715047526827522,3.2058057032193026,388.02610664708186,121,Amazon_SVQ1
121,7,4102404,1,43.44822634582226,52.137871614986715,443.16397826206855,121,Amazon_SVQ1
121,8,Regreso_Amazon_SVQ1,0,45.34,34.38,477.54397826206855,121,Amazon_SVQ1
122,1,Inicio_Amazon_SVQ1,0,0.0,40.0,40.0,122,Amazon_SVQ1
122,2,2100101,7,122.84,116.94,177.94,122,Amazon_SVQ1
122,3,2104501,3,4.3320000222808375,5.198400026737005,192.138400026737,122,Amazon_SVQ1
122,4,2104801,4,5.469030306718086,6.562836368061703,210.7012363947987,122,Amazon_SVQ1
122,5,2103301,7,3.444574472233368,4.133489366680042,235.83472576147875,122,Amazon_SVQ1
122,6,2102201,2,3.2251969207194273,3.870236304863313,245.70496206634206,122,Amazon_SVQ1
122,7,2103401,11,4.38610013587557,5.263320163050684,283.96828222939274,122,Amazon_SVQ1
122,8,2107101,2,3.2627613899847634,3.915313667981716,293.88359589737445,122,Amazon_SVQ1
122,9,2102601,3,4.151473222825534,4.981767867390642,307.8653637647651,122,Amazon_SVQ1
122,10,2100702,8,6.181128211412118,7.417353853694541,339.2827176184596,122,Amazon_SVQ1
122,11,2100703,16,4.381224394247657,5.257469273097188,392.5401868915568,122,Amazon_SVQ1
122,12,Regreso_Amazon_SVQ1,0,102.28,85.89,478.4301868915568,122,Amazon_SVQ1
123,1,Inicio_Amazon_SVQ1,0,0.0,40.0,40.0,123,Amazon_SVQ1
123,2,2100201,89,114.12,86.36,393.36,123,Amazon_SVQ1
123,3,Regreso_Amazon_SVQ1,0,114.12,86.36,479.72,123,Amazon_SVQ1
124,1,Inicio_Amazon_SVQ1,0,0.0,40.0,40.0,124,Amazon_SVQ1
124,2,2100201,31,114.12,86.36,219.36,124,Amazon_SVQ1
124,3,2100202,56,3.98442067934485,4.78130481521382,392.14130481521386,124,Amazon_SVQ1
124,4,2104108,1,2.3346959919779473,2.8016351903735366,397.9429400055874,124,Amazon_SVQ1
124,5,Regreso_Amazon_SVQ1,0,106.83,79.16,477.10294000558736,124,Amazon_SVQ1
125,1,Inicio_Amazon_SVQ1,0,0.0,40.0,40.0,125,Amazon_SVQ1
125,2,2100202,89,112.39,86.1,393.1,125,Amazon_SVQ1
125,3,2104108,1,2.3346959919779473,2.8016351903735366,398.90163519037355,125,Amazon_SVQ1
125,4,Regreso_Amazon_SVQ1,0,106.83,79.16,478.0616351903735,125,Amazon_SVQ1
126,1,Inicio_Amazon_SVQ1,0,0.0,40.0,40.0,126,Amazon_SVQ1
126,2,2100202,9,112.39,86.1,153.1,126,Amazon_SVQ1
126,3,2104108,81,2.3346959919779473,2.8016351903735366,398.90163519037355,126,Amazon_SVQ1
126,4,Regreso_Amazon_SVQ1,0,106.83,79.16,478.0616351903735,126,Amazon_SVQ1
127,1,Inicio_Amazon_SVQ1,0,0.0,40.0,40.0,127,Amazon_SVQ1
127,2,2100301,8,157.73,136.3,200.3,127,Amazon_SVQ1
127,3,2103701,5,8.599350024725052,10.319220029670062,225.6192200296701,127,Amazon_SVQ1
127,4,2106501,4,8.042737221092134,9.651284665310559,247.27050469498064,127,Amazon_SVQ1
127,5,2106601,6,7.38050516289301,8.856606195471612,274.1271108904523,127,Amazon_SVQ1
127,6,2107301,24,9.626282478792788,11.551538974551347,357.67864986500365,127,Amazon_SVQ1
127,7,2104201,1,8.676140139172334,10.4113681670068,371.09001803201045,127,Amazon_SVQ1
127,8,Regreso_Amazon_SVQ1,0,144.78,106.36,477.45001803201046,127,Amazon_SVQ1
128,1,Inicio_Amazon_SVQ1,0,0.0,40.0,40.0,128,Amazon_SVQ1
128,2,2100401,10,136.41,127.68,197.68,128,Amazon_SVQ1
128,3,2102502,12,4.099636339400535,4.919563607280641,238.59956360728066,128,Amazon_SVQ1
128,4,2102501,28,4.90856981235498,5.890283774825976,328.48984738210663,128,Amazon_SVQ1
128,5,2104301,13,7.541686754454896,9.050024105345875,376.5398714874525,128,Amazon_SVQ1
128,6,Regreso_Amazon_SVQ1,0,121.45,101.67,478.2098714874525,128,Amazon_SVQ1
129,1,Inicio_Amazon_SVQ1,0,0.0,40.0,40.0,129,Amazon_SVQ1
129,2,2100402,7,131.93,125.68,186.68,129,Amazon_SVQ1
129,3,2106701,5,9.04392096408352,10.852705156900225,212.53270515690022,129,Amazon_SVQ1
129,4,2104301,8,6.3557855538153145,7.626942664578377,244.1596478214786,129,Amazon_SVQ1
129,5,2105101,3,7.509886095150555,9.011863314180665,262.1715111356593,129,Amazon_SVQ1
129,6,2102801,3,9.965737036548392,11.95888444385807,283.1303955795173,129,Amazon_SVQ1
129,7,2102701,1,9.083194413385526,10.899833296062631,297.03022887557995,129,Amazon_SVQ1
129,8,2102901,8,5.905502599137232,7.086603118964677,328.1168319945446,129,Amazon_SVQ1
129,9,2102902,4,5.943028904993149,7.131634685991778,347.2484666805364,129,Amazon_SVQ1
129,10,2102001,3,13.677974158726498,16.413568990471795,372.6620356710082,129,Amazon_SVQ1
129,11,2102401,1,6.803245724117465,8.16389486894096,383.8259305399492,129,Amazon_SVQ1
129,12,2105901,1,5.16162950416732,6.193955405000784,393.01988594495,129,Amazon_SVQ1
129,13,2103801,1,6.793538513860199,8.15224621663224,404.1721321615822,129,Amazon_SVQ1
129,14,Regreso_Amazon_SVQ1,0,88.87,74.26,478.4321321615822,129,Amazon_SVQ1
130,1,Inicio_Amazon_SVQ1,0,0.0,40.0,40.0,130,Amazon_SVQ1
130,2,2100501,73,84.44,73.11,332.11,130,Amazon_SVQ1
130,3,2100503,27,3.8452361767284398,4.614283412074128,417.72428341207416,130,Amazon_SVQ1
130,4,Regreso_Amazon_SVQ1,0,68.82,61.8,479.52428341207417,130,Amazon_SVQ1
131,1,Inicio_Amazon_SVQ1,0,0.0,40.0,40.0,131,Amazon_SVQ1
131,2,2100502,33,86.44,94.18,233.18,131,Amazon_SVQ1
131,3,2106102,28,4.662430493615283,5.59491659233834,322.77491659233834,131,Amazon_SVQ1
131,4,2106101,28,3.5225598019679434,4.227071762361533,411.00198835469985,131,Amazon_SVQ1
131,5,Regreso_Amazon_SVQ1,0,85.85,68.05,479.05198835469986,131,Amazon_SVQ1
132,1,Inicio_Amazon_SVQ1,0,0.0,40.0,40.0,132,Amazon_SVQ1
132,2,2100503,78,68.82,61.8,335.8,132,Amazon_SVQ1
132,3,2104001,16,7.372030437615152,8.84643652513818,392.6464365251382,132,Amazon_SVQ1
132,4,2103001,11,4.962838227633536,5.955405873160243,431.60184239829846,132,Amazon_SVQ1
132,5,Regreso_Amazon_SVQ1,0,53.34,45.86,477.4618423982985,132,Amazon_SVQ1
133,1,Inicio_Amazon_SVQ1,0,0.0,40.0,40.0,133,Amazon_SVQ1
133,2,2100601,18,140.57,109.0,203.0,133,Amazon_SVQ1
133,3,2100602,15,5.674821657726833,6.809785989272199,254.8097859892722,133,Amazon_SVQ1
133,4,2107501,3,9.379749000322525,11.25569880038703,275.06548478965925,133,Amazon_SVQ1
133,5,2102301,18,9.916545267382343,11.899854320858811,340.9653391105181,133,Amazon_SVQ1
133,6,2101501,1,10.39760318500268,12.477123822003215,356.44246293252127,133,Amazon_SVQ1
133,7,Regreso_Amazon_SVQ1,0,143.15,122.24,478.6824629325213,133,Amazon_SVQ1
134,1,Inicio_Amazon_SVQ1,0,0.0,40.0,40.0,134,Amazon_SVQ1
134,2,2100701,17,101.74,85.79,176.79000000000002,134,Amazon_SVQ1
134,3,2100703,40,0.8820452582627974,1.058454309915357,297.8484543099154,134,Amazon_SVQ1
134,4,2102401,4,7.260839375592848,8.713007250711417,318.5614615606268,134,Amazon_SVQ1
134,5,2105901,2,5.16162950416732,6.193955405000784,330.7554169656276,134,Amazon_SVQ1
134,6,2103801,9,6.793538513860199,8.15224621663224,365.90766318225985,134,Amazon_SVQ1
134,7,2107901,6,7.45546562163372,8.946558745960463,392.85422192822034,134,Amazon_SVQ1
134,8,2106901,2,13.915480246757287,16.698576296108744,415.5527982243291,134,Amazon_SVQ1
134,9,Regreso_Amazon_SVQ1,0,81.29,62.66,478.21279822432905,134,Amazon_SVQ1
135,1,Inicio_Amazon_SVQ1,0,0.0,40.0,40.0,135,Amazon_SVQ1
135,2,2100801,11,142.48,130.28,203.28,135,Amazon_SVQ1
135,3,2100802,8,11.323741931214808,13.58849031745777,240.86849031745777,135,Amazon_SVQ1
135,4,2100803,6,10.599807005076073,12.719768406091287,271.5882587235491,135,Amazon_SVQ1
135,5,2106201,13,13.796214323390549,16.555457188068658,327.14371591161773,135,Amazon_SVQ1
135,6,2101501,2,18.98859180060211,22.78631016072253,355.93002607234024,135,Amazon_SVQ1
135,7,Regreso_Amazon_SVQ1,0,143.15,122.24,478.17002607234025,135,Amazon_SVQ1
136,1,Inicio_Amazon_SVQ1,0,0.0,40.0,40.0,136,Amazon_SVQ1
136,2,2100901,6,110.33,94.97,152.97,136,Amazon_SVQ1
136,3,2101601,9,9.235791748508715,11.082950098210457,191.05295009821046,136,Amazon_SVQ1
136,4,2106901,16,13.359645944836997,16.031575133804395,255.08452523201487,136,Amazon_SVQ1
136,5,4108001,11,9.893311416245568,11.871973699494683,299.95649893150954,136,Amazon_SVQ1
136,6,4100901,11,10.19576601904359,12.234919222852309,345.1914181543618,136,Amazon_SVQ1
136,7,4108301,12,16.16930261536973,19.403163138443674,400.5945812928055,136,Amazon_SVQ1
136,8,4104301,6,13.051522135645387,15.661826562774465,434.25640785558,136,Amazon_SVQ1
136,9,Regreso_Amazon_SVQ1,0,53.62,44.84,479.09640785557997,136,Amazon_SVQ1
137,1,Inicio_Amazon_SVQ1,0,0.0,40.0,40.0,137,Amazon_SVQ1
137,2,2101001,74,153.88,108.78,370.78,137,Amazon_SVQ1
137,3,Regreso_Amazon_SVQ1,0,153.88,108.78,479.55999999999995,137,Amazon_SVQ1
138,1,Inicio_Amazon_SVQ1,0,0.0,40.0,40.0,138,Amazon_SVQ1
138,2,2101001,9,153.88,108.78,175.78,138,Amazon_SVQ1
138,3,2101002,48,0.3776336480393865,0.4531603776472638,320.23316037764727,138,Amazon_SVQ1
138,4,2101003,12,4.080614718142985,4.896737661771582,361.12989803941883,138,Amazon_SVQ1
138,5,2104202,2,4.445245350235012,5.334294420282014,372.4641924597008,138,Amazon_SVQ1
138,6,Regreso_Amazon_SVQ1,0,148.91,106.59,479.05419245970086,138,Amazon_SVQ1
139,1,Inicio_Amazon_SVQ1,0,0.0,40.0,40.0,139,Amazon_SVQ1
139,2,2101003,44,157.18,118.1,290.1,139,Amazon_SVQ1
139,3,2104202,25,4.445245350235012,5.334294420282014,370.4342944202821,139,Amazon_SVQ1
139,4,Regreso_Amazon_SVQ1,0,148.91,106.59,477.0242944202821,139,Amazon_SVQ1
140,1,Inicio_Amazon_SVQ1,0,0.0,40.0,40.0,140,Amazon_SVQ1
140,2,2101101,38,93.29,83.64,237.64,140,Amazon_SVQ1
140,3,2107002,27,6.789043907568878,8.146852689082655,326.78685268908265,140,Amazon_SVQ1
140,4,2106402,18,3.455572210545764,4.146686652654917,384.93353934173757,140,Amazon_SVQ1
140,5,2105001,4,6.991612626588458,8.389935151906151,405.32347449364374,140,Amazon_SVQ1
140,6,Regreso_Amazon_SVQ1,0,98.28,73.34,478.6634744936438,140,Amazon_SVQ1
141,1,Inicio_Amazon_SVQ1,0,0.0,40.0,40.0,141,Amazon_SVQ1
141,2,2101201,3,101.91,110.22,159.22,141,Amazon_SVQ1
141,3,2107802,11,10.033067492877391,12.039680991452869,204.25968099145285,141,Amazon_SVQ1
141,4,2104901,28,9.028899803475978,10.834679764171174,299.09436075562405,141,Amazon_SVQ1
141,5,2104902,7,1.2084011939494743,1.4500814327393692,321.5444421883634,141,Amazon_SVQ1
141,6,2105201,16,2.5057650293358984,3.006918035203078,372.55136022356646,141,Amazon_SVQ1
141,7,2105202,1,3.054149768027072,3.6649797216324864,379.21633994519897,141,Amazon_SVQ1
141,8,2103601,2,6.278631269656983,7.534357523588379,392.75069746878734,141,Amazon_SVQ1
141,9,4103101,1,18.969457988923413,22.763349586708095,418.51404705549544,141,Amazon_SVQ1
141,10,Regreso_Amazon_SVQ1,0,71.05,61.2,479.7140470554954,141,Amazon_SVQ1
142,1,Inicio_Amazon_SVQ1,0,0.0,40.0,40.0,142,Amazon_SVQ1
142,2,2101301,25,69.88,56.58,171.57999999999998,142,Amazon_SVQ1
142,3,2101302,24,0.486521633210099,0.5838259598521188,244.1638259598521,142,Amazon_SVQ1
142,4,2101304,20,0.6059703420408874,0.7271644104490649,304.89099037030115,142,Amazon_SVQ1
142,5,2101305,18,0.32807321136509643,0.3936878536381157,359.2846782239393,142,Amazon_SVQ1
142,6,2101303,19,2.8745127371431383,3.449415284571766,419.7340935085111,142,Amazon_SVQ1
142,7,Regreso_Amazon_SVQ1,0,75.45,57.99,477.7240935085111,142,Amazon_SVQ1
143,1,Inicio_Amazon_SVQ1,0,0.0,40.0,40.0,143,Amazon_SVQ1
143,2,2101303,14,75.45,57.99,139.99,143,Amazon_SVQ1
143,3,2107702,12,4.29919799153459,5.159037589841508,181.14903758984153,143,Amazon_SVQ1
143,4,2105302,15,4.7358641680645155,5.683037001677419,231.83207459151896,143,Amazon_SVQ1
143,5,2105301,9,1.8801265951582076,2.256151914189849,261.0882265057088,143,Amazon_SVQ1
143,6,2101401,48,3.384052825592853,4.0608633907114235,409.14908989642026,143,Amazon_SVQ1
143,7,Regreso_Amazon_SVQ1,0,80.43,62.08,471.22908989642025,143,Amazon_SVQ1
144,1,Inicio_Amazon_SVQ1,0,0.0,40.0,40.0,144,Amazon_SVQ1
144,2,2101501,3,143.15,122.24,171.24,144,Amazon_SVQ1
144,3,2106801,9,9.087288154625194,10.904745785550233,209.14474578555024,144,Amazon_SVQ1
144,4,2105701,10,11.364620517187879,13.637544620625455,252.7822904061757,144,Amazon_SVQ1
144,5,2105801,9,12.436201335377909,14.923441602453492,294.7057320086292,144,Amazon_SVQ1
144,6,2105802,18,5.1094258754518975,6.131311050542277,354.8370430591715,144,Amazon_SVQ1
144,7,Regreso_Amazon_SVQ1,0,156.41,124.09,478.9270430591715,144,Amazon_SVQ1
145,1,Inicio_Amazon_SVQ1,0,0.0,40.0,40.0,145,Amazon_SVQ1
145,2,2101701,26,119.01,100.81,218.81,145,Amazon_SVQ1
145,3,2101702,1,1.822554652883053,2.1870655834596637,223.99706558345966,145,Amazon_SVQ1
145,4,2190201,10,5.667304335444002,6.800765202532802,260.79783078599246,145,Amazon_SVQ1
145,5,2107801,14,11.459262294594865,13.751114753513837,316.5489455395063,145,Amazon_SVQ1
145,6,2107201,23,9.069766705766295,10.883720046919555,396.43266558642586,145,Amazon_SVQ1
145,7,Regreso_Amazon_SVQ1,0,99.8,82.63,479.06266558642585,145,Amazon_SVQ1
146,1,Inicio_Amazon_SVQ1,0,0.0,40.0,40.0,146,Amazon_SVQ1
146,2,2101801,10,104.38,105.87,175.87,146,Amazon_SVQ1
146,3,2101802,9,2.5541489454640005,3.0649787345568007,205.9349787345568,146,Amazon_SVQ1
146,4,2105202,13,8.3843916400548,10.061269968065758,254.99624870262255,146,Amazon_SVQ1
146,5,2105203,15,4.111612411735287,4.933934894082344,304.93018359670486,146,Amazon_SVQ1
146,6,4105701,3,7.050321400897076,8.460385681076492,322.39056927778137,146,Amazon_SVQ1
146,7,4103101,11,12.443156427826812,14.931787713392175,370.32235699117354,146,Amazon_SVQ1
146,8,4104301,1,13.993337531855381,16.79200503822646,390.1143620294,146,Amazon_SVQ1
146,9,4104501,12,13.29322492400521,15.951869908806252,442.0662319382063,146,Amazon_SVQ1
146,10,Regreso_Amazon_SVQ1,0,39.16,35.31,477.3762319382063,146,Amazon_SVQ1
147,1,Inicio_Amazon_SVQ1,0,0.0,40.0,40.0,147,Amazon_SVQ1
147,2,2101901,7,103.23,89.32,150.32,147,Amazon_SVQ1
147,3,2103901,3,25.682285932197257,30.81874311863671,190.1387431186367,147,Amazon_SVQ1
147,4,2102902,2,8.914783730112923,10.697740476135507,206.83648359477223,147,Amazon_SVQ1
147,5,2103101,10,24.80514690376253,29.766176284515037,266.6026598792873,147,Amazon_SVQ1
147,6,2107201,15,62.76284892152687,75.31541870583224,386.91807858511953,147,Amazon_SVQ1
147,7,2107203,3,0.38137495451885584,0.457649945422627,396.3757285305422,147,Amazon_SVQ1
147,8,Regreso_Amazon_SVQ1,0,100.1,83.33,479.70572853054216,147,Amazon_SVQ1
148,1,Inicio_Amazon_SVQ1,0,0.0,40.0,40.0,148,Amazon_SVQ1
148,2,2102101,72,127.78,94.46,350.46,148,Amazon_SVQ1
148,3,2102102,11,0.3648643523485278,0.4378372228182334,383.8978372228182,148,Amazon_SVQ1
148,4,Regreso_Amazon_SVQ1,0,128.08,94.14,478.0378372228182,148,Amazon_SVQ1
149,1,Inicio_Amazon_SVQ1,0,0.0,40.0,40.0,149,Amazon_SVQ1
149,2,2102102,83,128.08,94.14,383.14,149,Amazon_SVQ1
149,3,Regreso_Amazon_SVQ1,0,128.08,94.14,477.28,149,Amazon_SVQ1
150,1,Inicio_Amazon_SVQ1,0,0.0,40.0,40.0,150,Amazon_SVQ1
150,2,2102102,21,128.08,94.14,197.14,150,Amazon_SVQ1
150,3,2104403,59,2.9558368413021783,3.5470042095626138,377.6870042095626,150,Amazon_SVQ1
150,4,Regreso_Amazon_SVQ1,0,134.29,100.74,478.4270042095626,150,Amazon_SVQ1
151,1,Inicio_Amazon_SVQ1,0,0.0,40.0,40.0,151,Amazon_SVQ1
151,2,2103001,7,53.34,45.86,106.86,151,Amazon_SVQ1
151,3,2104701,8,3.728862073005064,4.474634487606076,135.33463448760608,151,Amazon_SVQ1
151,4,2105602,11,4.323029536603305,5.187635443923965,173.52226993153005,151,Amazon_SVQ1
151,5,2104702,10,5.505795142683893,6.606954171220672,210.12922410275073,151,Amazon_SVQ1
151,6,2107401,25,2.4617347254609325,2.9540816705531188,288.08330577330383,151,Amazon_SVQ1
151,7,2105401,39,8.157207851100985,9.788649421321182,414.871955194625,151,Amazon_SVQ1
151,8,Regreso_Amazon_SVQ1,0,75.16,62.32,477.191955194625,151,Amazon_SVQ1
152,1,Inicio_Amazon_SVQ1,0,0.0,40.0,40.0,152,Amazon_SVQ1
152,2,2103201,20,72.58,86.54,186.54000000000002,152,Amazon_SVQ1
152,3,2105601,16,7.307533813953967,8.769040576744759,243.3090405767448,152,Amazon_SVQ1
152,4,2105401,53,10.061915587392186,12.074298704870623,414.3833392816154,152,Amazon_SVQ1
152,5,Regreso_Amazon_SVQ1,0,75.16,62.32,476.7033392816154,152,Amazon_SVQ1
153,1,Inicio_Amazon_SVQ1,0,0.0,40.0,40.0,153,Amazon_SVQ1
153,2,2103501,50,115.28,99.5,289.5,153,Amazon_SVQ1
153,3,2103502,34,5.6311876244504475,6.757425149340537,398.2574251493405,153,Amazon_SVQ1
153,4,Regreso_Amazon_SVQ1,0,109.23,80.22,478.47742514934055,153,Amazon_SVQ1
154,1,Inicio_Amazon_SVQ1,0,0.0,40.0,40.0,154,Amazon_SVQ1
154,2,2103502,27,109.23,80.22,201.22,154,Amazon_SVQ1
154,3,2104108,58,8.829764558461966,10.595717470154359,385.81571747015437,154,Amazon_SVQ1
154,4,2104102,2,3.6094294270599128,4.3313153124718955,396.14703278262624,154,Amazon_SVQ1
154,5,2104107,1,1.8044669264769002,2.16536031177228,401.31239309439854,154,Amazon_SVQ1
154,6,Regreso_Amazon_SVQ1,0,105.11,77.41,478.7223930943985,154,Amazon_SVQ1
155,1,Inicio_Amazon_SVQ1,0,0.0,40.0,40.0,155,Amazon_SVQ1
155,2,2104002,21,74.38,94.32,197.32,155,Amazon_SVQ1
155,3,4109702,17,12.226660045913707,14.67199205509645,262.99199205509643,155,Amazon_SVQ1
155,4,4109701,20,3.9608896873704915,4.75306762484459,327.74505967994105,155,Amazon_SVQ1
155,5,4107501,31,5.881310266738427,7.057572320086113,427.8026320000272,155,Amazon_SVQ1
155,6,4105101,1,5.436174366585862,6.523409239903034,437.32604123993025,155,Amazon_SVQ1
155,7,Regreso_Amazon_SVQ1,0,45.39,40.89,478.21604123993023,155,Amazon_SVQ1
156,1,Inicio_Amazon_SVQ1,0,0.0,40.0,40.0,156,Amazon_SVQ1
156,2,2104101,92,110.77,81.06,397.06,156,Amazon_SVQ1
156,3,2104107,1,1.618588547499646,1.942306256999575,402.0023062569996,156,Amazon_SVQ1
156,4,Regreso_Amazon_SVQ1,0,105.11,77.41,479.4123062569996,156,Amazon_SVQ1
157,1,Inicio_Amazon_SVQ1,0,0.0,40.0,40.0,157,Amazon_SVQ1
157,2,2104101,92,110.77,81.06,397.06,157,Amazon_SVQ1
157,3,2104107,1,1.618588547499646,1.942306256999575,402.0023062569996,157,Amazon_SVQ1
157,4,Regreso_Amazon_SVQ1,0,105.11,77.41,479.4123062569996,157,Amazon_SVQ1
158,1,Inicio_Amazon_SVQ1,0,0.0,40.0,40.0,158,Amazon_SVQ1
158,2,2104101,56,110.77,81.06,289.06,158,Amazon_SVQ1
158,3,2104103,36,0.447774095863328,0.5373289150359937,397.597328915036,158,Amazon_SVQ1
158,4,Regreso_Amazon_SVQ1,0,110.64,81.51,479.10732891503596,158,Amazon_SVQ1
159,1,Inicio_Amazon_SVQ1,0,0.0,40.0,40.0,159,Amazon_SVQ1
159,2,2104102,92,108.57,81.09,397.09000000000003,159,Amazon_SVQ1
159,3,2104107,1,1.8044669264769002,2.16536031177228,402.25536031177234,159,Amazon_SVQ1
159,4,Regreso_Amazon_SVQ1,0,105.11,77.41,479.66536031177236,159,Amazon_SVQ1
160,1,Inicio_Amazon_SVQ1,0,0.0,40.0,40.0,160,Amazon_SVQ1
160,2,2104102,52,108.57,81.09,277.09000000000003,160,Amazon_SVQ1
160,3,2104103,39,1.329836802065275,1.5958041624783301,395.68580416247835,160,Amazon_SVQ1
160,4,2104104,1,1.9269356390551986,2.312322766866238,400.9981269293446,160,Amazon_SVQ1
160,5,Regreso_Amazon_SVQ1,0,105.52,78.17,479.1681269293446,160,Amazon_SVQ1
161,1,Inicio_Amazon_SVQ1,0,0.0,40.0,40.0,161,Amazon_SVQ1
161,2,2104103,83,110.64,81.51,370.51,161,Amazon_SVQ1
161,3,2104104,9,1.9269356390551986,2.312322766866238,399.82232276686625,161,Amazon_SVQ1
161,4,Regreso_Amazon_SVQ1,0,105.52,78.17,477.99232276686627,161,Amazon_SVQ1
162,1,Inicio_Amazon_SVQ1,0,0.0,40.0,40.0,162,Amazon_SVQ1
162,2,2104104,94,105.52,78.17,400.17,162,Amazon_SVQ1
162,3,Regreso_Amazon_SVQ1,0,105.52,78.17,478.34000000000003,162,Amazon_SVQ1
163,1,Inicio_Amazon_SVQ1,0,0.0,40.0,40.0,163,Amazon_SVQ1
163,2,2104104,62,105.52,78.17,304.17,163,Amazon_SVQ1
163,3,2104105,32,0.30263294013245173,0.3631595281589421,400.533159528159,163,Amazon_SVQ1
163,4,Regreso_Amazon_SVQ1,0,105.17,77.47,478.003159528159,163,Amazon_SVQ1
164,1,Inicio_Amazon_SVQ1,0,0.0,40.0,40.0,164,Amazon_SVQ1
164,2,2104105,95,105.17,77.47,402.47,164,Amazon_SVQ1
164,3,Regreso_Amazon_SVQ1,0,105.17,77.47,479.94000000000005,164,Amazon_SVQ1
165,1,Inicio_Amazon_SVQ1,0,0.0,40.0,40.0,165,Amazon_SVQ1
165,2,2104105,39,105.17,77.47,234.47,165,Amazon_SVQ1
165,3,2104106,55,0.5457587378138197,0.6549104853765836,400.1249104853766,165,Amazon_SVQ1
165,4,Regreso_Amazon_SVQ1,0,105.17,77.43,477.5549104853766,165,Amazon_SVQ1
166,1,Inicio_Amazon_SVQ1,0,0.0,40.0,40.0,166,Amazon_SVQ1
166,2,2104106,31,105.17,77.43,210.43,166,Amazon_SVQ1
166,3,2104107,63,1.1262626759663037,1.3515152111595645,400.78151521115956,166,Amazon_SVQ1
166,4,Regreso_Amazon_SVQ1,0,105.11,77.41,478.1915152111595,166,Amazon_SVQ1
167,1,Inicio_Amazon_SVQ1,0,0.0,40.0,40.0,167,Amazon_SVQ1
167,2,2104107,95,105.11,77.41,402.40999999999997,167,Amazon_SVQ1
167,3,Regreso_Amazon_SVQ1,0,105.11,77.41,479.81999999999994,167,Amazon_SVQ1
168,1,Inicio_Amazon_SVQ1,0,0.0,40.0,40.0,168,Amazon_SVQ1
168,2,2104107,95,105.11,77.41,402.40999999999997,168,Amazon_SVQ1
168,3,Regreso_Amazon_SVQ1,0,105.11,77.41,479.81999999999994,168,Amazon_SVQ1
169,1,Inicio_Amazon_SVQ1,0,0.0,40.0,40.0,169,Amazon_SVQ1
169,2,2104107,19,105.11,77.41,174.41,169,Amazon_SVQ1
169,3,2105501,70,4.953289543736811,5.9439474524841724,390.35394745248414,169,Amazon_SVQ1
169,4,2105002,1,6.975632156943483,8.37075858833218,401.72470604081633,169,Amazon_SVQ1
169,5,Regreso_Amazon_SVQ1,0,100.61,75.53,477.25470604081636,169,Amazon_SVQ1
170,1,Inicio_Amazon_SVQ1,0,0.0,40.0,40.0,170,Amazon_SVQ1
170,2,2104201,16,144.78,106.36,194.36,170,Amazon_SVQ1
170,3,2104203,58,3.701016628049109,4.44121995365893,372.8012199536589,170,Amazon_SVQ1
170,4,Regreso_Amazon_SVQ1,0,148.87,106.54,479.34121995365894,170,Amazon_SVQ1
171,1,Inicio_Amazon_SVQ1,0,0.0,40.0,40.0,171,Amazon_SVQ1
171,2,2104202,37,148.91,106.59,257.59000000000003,171,Amazon_SVQ1
171,3,2104203,16,0.509848911402197,0.6118186936826364,306.20181869368264,171,Amazon_SVQ1
171,4,2104204,17,5.789086449828072,6.946903739793686,364.14872243347634,171,Amazon_SVQ1
171,5,2104402,3,3.212115201793443,3.854538242152132,377.00326067562844,171,Amazon_SVQ1
171,6,Regreso_Amazon_SVQ1,0,142.09,100.14,477.1432606756284,171,Amazon_SVQ1
172,1,Inicio_Amazon_SVQ1,0,0.0,40.0,40.0,172,Amazon_SVQ1
172,2,2104401,80,134.04,99.64,379.64,172,Amazon_SVQ1
172,3,Regreso_Amazon_SVQ1,0,134.04,99.64,479.28,172,Amazon_SVQ1
173,1,Inicio_Amazon_SVQ1,0,0.0,40.0,40.0,173,Amazon_SVQ1
173,2,2104401,22,134.04,99.64,205.64,173,Amazon_SVQ1
173,3,2104402,57,2.345735989776657,2.814883187731988,379.454883187732,173,Amazon_SVQ1
173,4,Regreso_Amazon_SVQ1,0,142.09,100.14,479.59488318773197,173,Amazon_SVQ1
174,1,Inicio_Amazon_SVQ1,0,0.0,40.0,40.0,174,Amazon_SVQ1
174,2,2104402,10,142.09,100.14,170.14,174,Amazon_SVQ1
174,3,2104403,18,4.8514504757024195,5.821740570842903,229.9617405708429,174,Amazon_SVQ1
174,4,2106301,36,18.803736114602906,22.564483337523487,360.5262239083664,174,Amazon_SVQ1
174,5,2105001,4,27.926934854209637,33.512321825051565,406.03854573341795,174,Amazon_SVQ1
174,6,Regreso_Amazon_SVQ1,0,98.28,73.34,479.3785457334179,174,Amazon_SVQ1
175,1,Inicio_Amazon_SVQ1,0,0.0,40.0,40.0,175,Amazon_SVQ1
175,2,2104601,31,95.13,79.01,212.01,175,Amazon_SVQ1
175,3,2105002,40,9.225539114037264,11.070646936844717,343.0806469368447,175,Amazon_SVQ1
175,4,2105001,20,2.168336433761436,2.602003720513723,405.6826506573584,175,Amazon_SVQ1
175,5,Regreso_Amazon_SVQ1,0,98.28,73.34,479.02265065735844,175,Amazon_SVQ1
176,1,Inicio_Amazon_SVQ1,0,0.0,40.0,40.0,176,Amazon_SVQ1
176,2,2105001,24,98.28,73.34,185.34,176,Amazon_SVQ1
176,3,2106401,36,2.062450568972217,2.4749406827666602,295.81494068276663,176,Amazon_SVQ1
176,4,2106402,27,6.2663516503156105,7.519621980378732,384.33456266314533,176,Amazon_SVQ1
176,5,Regreso_Amazon_SVQ1,0,102.62,93.19,477.52456266314533,176,Amazon_SVQ1
177,1,Inicio_Amazon_SVQ1,0,0.0,40.0,40.0,177,Amazon_SVQ1
177,2,2105003,79,114.35,100.99,377.99,177,Amazon_SVQ1
177,3,2105501,1,9.519780505955168,11.423736607146202,392.41373660714623,177,Amazon_SVQ1
177,4,Regreso_Amazon_SVQ1,0,108.49,87.15,479.5637366071462,177,Amazon_SVQ1
178,1,Inicio_Amazon_SVQ1,0,0.0,40.0,40.0,178,Amazon_SVQ1
178,2,2105003,25,114.35,100.99,215.99,178,Amazon_SVQ1
178,3,2105501,49,9.519780505955168,11.423736607146202,374.41373660714623,178,Amazon_SVQ1
178,4,2106101,2,24.272307968575873,29.12676956229105,409.54050616943726,178,Amazon_SVQ1
178,5,Regreso_Amazon_SVQ1,0,85.85,68.05,477.5905061694373,178,Amazon_SVQ1
179,1,Inicio_Amazon_SVQ1,0,0.0,40.0,40.0,179,Amazon_SVQ1
179,2,2105303,13,91.64,80.45,159.45,179,Amazon_SVQ1
179,3,2107701,7,5.277900958421737,6.333481150106085,186.78348115010607,179,Amazon_SVQ1
179,4,2106101,1,12.792766260321327,15.351319512385594,205.13480066249167,179,Amazon_SVQ1
179,5,2106402,7,21.07980172925094,25.295762075101127,251.4305627375928,179,Amazon_SVQ1
179,6,2107001,33,12.23803336516746,14.685640038200953,365.11620277579374,179,Amazon_SVQ1
179,7,2107203,3,16.793646613315683,20.152375935978817,394.26857871177253,179,Amazon_SVQ1
179,8,2107202,1,0.5942747792644838,0.7131297351173805,397.9817084468899,179,Amazon_SVQ1
179,9,Regreso_Amazon_SVQ1,0,99.3,81.99,479.9717084468899,179,Amazon_SVQ1
180,1,Inicio_Amazon_SVQ1,0,0.0,40.0,40.0,180,Amazon_SVQ1
180,2,2106001,79,127.26,100.46,377.46,180,Amazon_SVQ1
180,3,Regreso_Amazon_SVQ1,0,127.26,100.46,477.91999999999996,180,Amazon_SVQ1
181,1,Inicio_Amazon_SVQ1,0,0.0,40.0,40.0,181,Amazon_SVQ1
181,2,2106001,63,127.26,100.46,329.46,181,Amazon_SVQ1
181,3,2107203,3,47.508695702967536,57.01043484356104,395.470434843561,181,Amazon_SVQ1
181,4,Regreso_Amazon_SVQ1,0,100.1,83.33,478.800434843561,181,Amazon_SVQ1
182,1,Inicio_Amazon_SVQ1,0,0.0,40.0,40.0,182,Amazon_SVQ1
182,2,2107001,14,121.42,114.81,196.81,182,Amazon_SVQ1
182,3,2107203,46,16.793646613315683,20.152375935978817,354.9623759359788,182,Amazon_SVQ1
182,4,2107202,14,0.5942747792644838,0.7131297351173805,397.6755056710962,182,Amazon_SVQ1
182,5,Regreso_Amazon_SVQ1,0,99.3,81.99,479.6655056710962,182,Amazon_SVQ1
183,1,Inicio_Amazon_SVQ1,0,0.0,40.0,40.0,183,Amazon_SVQ1
183,2,2107202,12,99.3,81.99,157.99,183,Amazon_SVQ1
183,3,2107601,16,40.06717267199977,48.080607206399726,254.07060720639973,183,Amazon_SVQ1
183,4,2107602,10,6.495828775807365,7.794994530968838,291.8656017373686,183,Amazon_SVQ1
183,5,4103001,5,77.99500761186016,93.59400913423218,400.4596108716008,183,Amazon_SVQ1
183,6,4102501,10,2.855237270237445,3.426284724284934,433.8858955958857,183,Amazon_SVQ1
183,7,4102502,1,1.1329250959314487,1.3595101151177387,438.24540571100346,183,Amazon_SVQ1
183,8,Regreso_Amazon_SVQ1,0,47.42,40.14,478.38540571100344,183,Amazon_SVQ1
184,1,Inicio_Amazon_SVQ1,0,0.0,40.0,40.0,184,Amazon_SVQ1
184,2,4100101,2,104.52,75.09,121.09,184,Amazon_SVQ1
184,3,4100102,10,1.7774781960957524,2.1329738353149033,153.22297383531492,184,Amazon_SVQ1
184,4,4104602,20,4.244389263998116,5.093267116797739,218.31624095211265,184,Amazon_SVQ1
184,5,4104601,13,2.7800491688036484,3.336059002564378,260.652299954677,184,Amazon_SVQ1
184,6,4104101,34,4.9784502414277485,5.974140289713298,368.6264402443903,184,Amazon_SVQ1
184,7,4104104,9,0.8451647678841766,1.0141977214610118,396.64063796585134,184,Amazon_SVQ1
184,8,Regreso_Amazon_SVQ1,0,117.43,83.23,479.87063796585136,184,Amazon_SVQ1
185,1,Inicio_Amazon_SVQ1,0,0.0,40.0,40.0,185,Amazon_SVQ1
185,2,4100201,13,120.59,120.29,199.29000000000002,185,Amazon_SVQ1
185,3,4108801,4,7.115686901966758,8.53882428236011,219.82882428236013,185,Amazon_SVQ1
185,4,4103302,10,11.885150024059989,14.262180028871986,264.0910043112321,185,Amazon_SVQ1
185,5,4103301,5,0.8717269030138988,1.0460722836166787,280.1370765948488,185,Amazon_SVQ1
185,6,4103303,7,3.1467474180630135,3.7760969016756167,304.9131734965244,185,Amazon_SVQ1
185,7,4103201,14,14.007137324386232,16.808564789263478,363.72173828578786,185,Amazon_SVQ1
185,8,4103202,3,0.6561298011035358,0.7873557613242429,373.5090940471121,185,Amazon_SVQ1
185,9,4102302,2,34.87181246063542,41.8461749527625,421.3552689998746,185,Amazon_SVQ1
185,10,4101801,1,9.659003693970536,11.590804432764642,435.94607343263925,185,Amazon_SVQ1
185,11,Regreso_Amazon_SVQ1,0,42.23,42.83,478.77607343263924,185,Amazon_SVQ1
186,1,Inicio_Amazon_SVQ1,0,0.0,40.0,40.0,186,Amazon_SVQ1
186,2,4100301,28,37.67,52.2,176.2,186,Amazon_SVQ1
186,3,4106701,45,3.4535264197027766,4.144231703643332,315.34423170364335,186,Amazon_SVQ1
186,4,4104502,32,4.632014251568499,5.558417101882199,416.90264880552553,186,Amazon_SVQ1
186,5,4104501,7,4.069296785837687,4.883156143005224,442.78580494853077,186,Amazon_SVQ1
186,6,Regreso_Amazon_SVQ1,0,39.16,35.31,478.09580494853077,186,Amazon_SVQ1
187,1,Inicio_Amazon_SVQ1,0,0.0,40.0,40.0,187,Amazon_SVQ1
187,2,4100401,36,21.17,23.11,171.11,187,Amazon_SVQ1
187,3,4100404,95,1.1293534762675241,1.355224171521029,457.465224171521,187,Amazon_SVQ1
187,4,Regreso_Amazon_SVQ1,0,20.23,21.3,478.765224171521,187,Amazon_SVQ1
188,1,Inicio_Amazon_SVQ1,0,0.0,40.0,40.0,188,Amazon_SVQ1
188,2,4100402,81,20.04,21.94,304.94,188,Amazon_SVQ1
188,3,4100403,50,1.1880842428291578,1.4257010913949895,456.36570109139495,188,Amazon_SVQ1
188,4,Regreso_Amazon_SVQ1,0,20.11,21.31,477.67570109139496,188,Amazon_SVQ1
189,1,Inicio_Amazon_SVQ1,0,0.0,40.0,40.0,189,Amazon_SVQ1
189,2,4100403,73,20.11,21.31,280.31,189,Amazon_SVQ1
189,3,4100404,59,0.33603231556676616,0.40323877868011937,457.7132387786801,189,Amazon_SVQ1
189,4,Regreso_Amazon_SVQ1,0,20.23,21.3,479.0132387786801,189,Amazon_SVQ1
190,1,Inicio_Amazon_SVQ1,0,0.0,40.0,40.0,190,Amazon_SVQ1
190,2,4100404,132,20.23,21.3,457.3,190,Amazon_SVQ1
190,3,Regreso_Amazon_SVQ1,0,20.23,21.3,478.6,190,Amazon_SVQ1
191,1,Inicio_Amazon_SVQ1,0,0.0,40.0,40.0,191,Amazon_SVQ1
191,2,4100404,132,20.23,21.3,457.3,191,Amazon_SVQ1
191,3,Regreso_Amazon_SVQ1,0,20.23,21.3,478.6,191,Amazon_SVQ1
192,1,Inicio_Amazon_SVQ1,0,0.0,40.0,40.0,192,Amazon_SVQ1
192,2,4100404,53,20.23,21.3,220.3,192,Amazon_SVQ1
192,3,4109109,76,7.88440500464376,9.461286005572513,457.7612860055725,192,Amazon_SVQ1
192,4,Regreso_Amazon_SVQ1,0,18.71,19.75,477.5112860055725,192,Amazon_SVQ1
193,1,Inicio_Amazon_SVQ1,0,0.0,40.0,40.0,193,Amazon_SVQ1
193,2,4100501,20,36.18,37.07,137.07,193,Amazon_SVQ1
193,3,4100502,92,0.7372202660674034,0.8846643192808841,413.9546643192809,193,Amazon_SVQ1
193,4,4108101,9,3.5206994584203786,4.224839350104455,445.1795036693853,193,Amazon_SVQ1
193,5,Regreso_Amazon_SVQ1,0,32.55,33.85,479.02950366938535,193,Amazon_SVQ1
194,1,Inicio_Amazon_SVQ1,0,0.0,40.0,40.0,194,Amazon_SVQ1
194,2,4100601,12,63.14,59.82,135.82,194,Amazon_SVQ1
194,3,4100602,14,0.4949406715552544,0.5939288058663053,178.4139288058663,194,Amazon_SVQ1
194,4,4109201,40,5.2172464708436195,6.260695765012343,304.6746245708787,194,Amazon_SVQ1
194,5,4109202,38,2.5754145885149997,3.0904975062179996,421.7651220770967,194,Amazon_SVQ1
194,6,4102404,1,16.6980694580943,20.03768334971316,444.80280542680987,194,Amazon_SVQ1
194,7,Regreso_Amazon_SVQ1,0,45.34,34.38,479.18280542680986,194,Amazon_SVQ1
195,1,Inicio_Amazon_SVQ1,0,0.0,40.0,40.0,195,Amazon_SVQ1
195,2,4100701,41,29.0,29.54,192.54,195,Amazon_SVQ1
195,3,4100702,85,0.4053327756397063,0.4863993307676475,448.0263993307676,195,Amazon_SVQ1
195,4,Regreso_Amazon_SVQ1,0,29.73,31.09,479.1163993307676,195,Amazon_SVQ1
196,1,Inicio_Amazon_SVQ1,0,0.0,40.0,40.0,196,Amazon_SVQ1
196,2,4100702,24,29.73,31.09,143.09,196,Amazon_SVQ1
196,3,4108901,15,3.1954520210294013,3.8345424252352815,191.9245424252353,196,Amazon_SVQ1
196,4,4109601,82,3.3927833184433362,4.071339982132003,441.9958824073673,196,Amazon_SVQ1
196,5,4102801,1,1.0454505861608023,1.254540703392963,446.25042311076027,196,Amazon_SVQ1
196,6,4102101,2,1.8246833044353117,2.189619965322374,454.44004307608265,196,Amazon_SVQ1
196,7,Regreso_Amazon_SVQ1,0,22.37,24.79,479.23004307608267,196,Amazon_SVQ1
197,1,Inicio_Amazon_SVQ1,0,0.0,40.0,40.0,197,Amazon_SVQ1
197,2,4100801,11,108.61,98.59,171.59,197,Amazon_SVQ1
197,3,4110001,8,6.54236762289871,7.850841147478452,203.44084114747847,197,Amazon_SVQ1
197,4,4109001,32,8.036545797885177,9.643854957462212,309.0846961049407,197,Amazon_SVQ1
197,5,4103702,18,8.128661703415098,9.754394044098117,372.83909014903884,197,Amazon_SVQ1
197,6,4103701,5,3.2855028683794485,3.9426034420553386,391.78169359109415,197,Amazon_SVQ1
197,7,Regreso_Amazon_SVQ1,0,115.84,86.96,478.74169359109413,197,Amazon_SVQ1
198,1,Inicio_Amazon_SVQ1,0,0.0,40.0,40.0,198,Amazon_SVQ1
198,2,4101001,68,18.89,36.96,280.96000000000004,198,Amazon_SVQ1
198,3,4104401,48,3.734790421836569,4.481748506203883,429.4417485062039,198,Amazon_SVQ1
198,4,4101602,4,3.298484852717459,3.958181823260951,445.39993032946484,198,Amazon_SVQ1
198,5,4105901,1,6.382104281407954,7.658525137689544,456.0584554671544,198,Amazon_SVQ1
198,6,Regreso_Amazon_SVQ1,0,21.41,23.48,479.5384554671544,198,Amazon_SVQ1
199,1,Inicio_Amazon_SVQ1,0,0.0,40.0,40.0,199,Amazon_SVQ1
199,2,4101101,48,52.06,40.49,224.49,199,Amazon_SVQ1
199,3,4101102,31,0.7938918491955961,0.9526702190347152,318.4426702190347,199,Amazon_SVQ1
199,4,4101103,38,1.0444831096115128,1.2533797315338153,433.6960499505685,199,Amazon_SVQ1
199,5,Regreso_Amazon_SVQ1,0,54.65,43.44,477.1360499505685,199,Amazon_SVQ1
200,1,Inicio_Amazon_SVQ1,0,0.0,40.0,40.0,200,Amazon_SVQ1
200,2,4101103,5,54.65,43.44,98.44,200,Amazon_SVQ1
200,3,4107101,16,5.335647747113468,6.402777296536161,152.84277729653616,200,Amazon_SVQ1
200,4,4107103,16,0.26209374391487994,0.3145124926978559,201.15728978923403,200,Amazon_SVQ1
200,5,4107102,24,0.9986090663281759,1.198330879593811,274.35562066882784,200,Amazon_SVQ1
200,6,4106002,31,7.998029692212963,9.597635630655555,376.9532562994834,200,Amazon_SVQ1
200,7,4106003,15,0.3694667368073255,0.4433600841687906,422.3966163836522,200,Amazon_SVQ1
200,8,Regreso_Amazon_SVQ1,0,68.72,55.33,477.7266163836522,200,Amazon_SVQ1
201,1,Inicio_Amazon_SVQ1,0,0.0,40.0,40.0,201,Amazon_SVQ1
201,2,4101104,42,60.01,72.55,238.55,201,Amazon_SVQ1
201,3,4106301,30,11.646339208701358,13.97560705044163,342.52560705044164,201,Amazon_SVQ1
201,4,4109502,34,5.786269601788252,6.943523522145902,451.4691305725876,201,Amazon_SVQ1
201,5,Regreso_Amazon_SVQ1,0,31.42,26.58,478.04913057258756,201,Amazon_SVQ1
202,1,Inicio_Amazon_SVQ1,0,0.0,40.0,40.0,202,Amazon_SVQ1
202,2,4101201,41,45.03,70.16,233.16,202,Amazon_SVQ1
202,3,4101501,22,4.382383018763382,5.258859622516058,304.41885962251604,202,Amazon_SVQ1
202,4,4101502,41,2.2934652048986304,2.7521582458783564,430.1710178683944,202,Amazon_SVQ1
202,5,4108702,2,4.0684461802108185,4.882135416252982,441.0531532846474,202,Amazon_SVQ1
202,6,Regreso_Amazon_SVQ1,0,38.83,36.66,477.71315328464743,202,Amazon_SVQ1
203,1,Inicio_Amazon_SVQ1,0,0.0,40.0,40.0,203,Amazon_SVQ1
203,2,4101301,21,54.57,53.05,156.05,203,Amazon_SVQ1
203,3,4101302,31,0.7987623377776639,0.9585148053331967,250.00851480533322,203,Amazon_SVQ1
203,4,4104502,19,9.047187364610686,10.856624837532824,317.86513964286604,203,Amazon_SVQ1
203,5,4104501,4,4.069296785837687,4.883156143005224,334.7482957858713,203,Amazon_SVQ1
203,6,4104901,34,6.299001792468007,7.5588021509616095,444.30709793683286,203,Amazon_SVQ1
203,7,Regreso_Amazon_SVQ1,0,36.83,34.98,479.2870979368329,203,Amazon_SVQ1
204,1,Inicio_Amazon_SVQ1,0,0.0,40.0,40.0,204,Amazon_SVQ1
204,2,4101601,66,33.75,35.08,273.08,204,Amazon_SVQ1
204,3,4101602,42,1.1006625011941682,1.3207950014330019,400.400795001433,204,Amazon_SVQ1
204,4,4104401,9,3.298484852717459,3.958181823260951,431.3589768246939,204,Amazon_SVQ1
204,5,4105901,7,3.372943279342306,4.047531935210767,456.4065087599047,204,Amazon_SVQ1
204,6,Regreso_Amazon_SVQ1,0,21.41,23.48,479.8865087599047,204,Amazon_SVQ1
205,1,Inicio_Amazon_SVQ1,0,0.0,40.0,40.0,205,Amazon_SVQ1
205,2,4101701,128,23.98,26.53,450.53,205,Amazon_SVQ1
205,3,4109301,1,1.846702325538665,2.216042790646398,455.74604279064636,205,Amazon_SVQ1
205,4,Regreso_Amazon_SVQ1,0,19.4,23.12,478.86604279064636,205,Amazon_SVQ1
206,1,Inicio_Amazon_SVQ1,0,0.0,40.0,40.0,206,Amazon_SVQ1
206,2,4101701,128,23.98,26.53,450.53,206,Amazon_SVQ1
206,3,4109301,1,1.846702325538665,2.216042790646398,455.74604279064636,206,Amazon_SVQ1
206,4,Regreso_Amazon_SVQ1,0,19.4,23.12,478.86604279064636,206,Amazon_SVQ1
207,1,Inicio_Amazon_SVQ1,0,0.0,40.0,40.0,207,Amazon_SVQ1
207,2,4101701,2,23.98,26.53,72.53,207,Amazon_SVQ1
207,3,4104701,126,1.6775362726909762,2.013043527229171,452.5430435272292,207,Amazon_SVQ1
207,4,Regreso_Amazon_SVQ1,0,23.88,26.34,478.8830435272292,207,Amazon_SVQ1
208,1,Inicio_Amazon_SVQ1,0,0.0,40.0,40.0,208,Amazon_SVQ1
208,2,4101801,108,42.23,42.83,406.83,208,Amazon_SVQ1
208,3,4110101,6,4.397723921443457,5.277268705732149,430.1072687057321,208,Amazon_SVQ1
208,4,Regreso_Amazon_SVQ1,0,47.56,48.92,479.0272687057321,208,Amazon_SVQ1
209,1,Inicio_Amazon_SVQ1,0,0.0,40.0,40.0,209,Amazon_SVQ1
209,2,4101901,59,49.15,62.89,279.89,209,Amazon_SVQ1
209,3,4110101,47,7.738616761571126,9.28634011388535,430.1763401138853,209,Amazon_SVQ1
209,4,Regreso_Amazon_SVQ1,0,47.56,48.92,479.09634011388533,209,Amazon_SVQ1
210,1,Inicio_Amazon_SVQ1,0,0.0,40.0,40.0,210,Amazon_SVQ1
210,2,4102001,38,40.64,30.66,184.66,210,Amazon_SVQ1
210,3,4102002,87,1.3658731590597437,1.6390477908716925,447.29904779087167,210,Amazon_SVQ1
210,4,Regreso_Amazon_SVQ1,0,42.24,32.68,479.9790477908717,210,Amazon_SVQ1
211,1,Inicio_Amazon_SVQ1,0,0.0,40.0,40.0,211,Amazon_SVQ1
211,2,4102002,3,42.24,32.68,81.68,211,Amazon_SVQ1
211,3,4105303,48,14.104620588810048,16.925544706572058,242.60554470657206,211,Amazon_SVQ1
211,4,4105301,63,0.6590585992993453,0.7908703191592144,432.39641502573124,211,Amazon_SVQ1
211,5,Regreso_Amazon_SVQ1,0,53.33,45.33,477.7264150257312,211,Amazon_SVQ1
212,1,Inicio_Amazon_SVQ1,0,0.0,40.0,40.0,212,Amazon_SVQ1
212,2,4102101,84,22.37,24.79,316.79,212,Amazon_SVQ1
212,3,4102102,46,0.3126767261092241,0.37521207133106893,455.1652120713311,212,Amazon_SVQ1
212,4,Regreso_Amazon_SVQ1,0,20.01,23.65,478.8152120713311,212,Amazon_SVQ1
213,1,Inicio_Amazon_SVQ1,0,0.0,40.0,40.0,213,Amazon_SVQ1
213,2,4102102,69,20.01,23.65,270.65,213,Amazon_SVQ1
213,3,4102103,29,1.4600963314385917,1.75211559772631,359.40211559772627,213,Amazon_SVQ1
213,4,4102104,22,0.7470912256066606,0.8965094707279927,426.29862506845427,213,Amazon_SVQ1
213,5,4109301,9,1.2261377457812537,1.4713652949375045,454.7699903633918,213,Amazon_SVQ1
213,6,Regreso_Amazon_SVQ1,0,19.4,23.12,477.8899903633918,213,Amazon_SVQ1
214,1,Inicio_Amazon_SVQ1,0,0.0,40.0,40.0,214,Amazon_SVQ1
214,2,4102201,16,79.87,60.07,148.07,214,Amazon_SVQ1
214,3,4102202,23,0.6668633837567716,0.8002360605081259,217.87023606050812,214,Amazon_SVQ1
214,4,4104202,17,13.236683279793667,15.884019935752402,284.75425599626055,214,Amazon_SVQ1
214,5,4104201,9,0.3887551967281916,0.4665062360738299,312.2207622323344,214,Amazon_SVQ1
214,6,4104203,33,1.7912365414528288,2.149483849743395,413.37024608207776,214,Amazon_SVQ1
214,7,Regreso_Amazon_SVQ1,0,77.87,63.67,477.0402460820778,214,Amazon_SVQ1
215,1,Inicio_Amazon_SVQ1,0,0.0,40.0,40.0,215,Amazon_SVQ1
215,2,4102301,44,50.43,55.25,227.25,215,Amazon_SVQ1
215,3,4102302,40,2.0317151563213676,2.438058187585641,349.6880581875856,215,Amazon_SVQ1
215,4,4110101,8,6.101787218071474,7.322144661685768,381.0102028492714,215,Amazon_SVQ1
215,5,4109202,1,12.280216942286973,14.736260330744367,398.7464631800158,215,Amazon_SVQ1
215,6,4109902,2,4.932140213707859,5.918568256449431,410.6650314364652,215,Amazon_SVQ1
215,7,4102404,3,20.40294820091396,24.483537841096755,444.14856927756193,215,Amazon_SVQ1
215,8,Regreso_Amazon_SVQ1,0,45.34,34.38,478.5285692775619,215,Amazon_SVQ1
216,1,Inicio_Amazon_SVQ1,0,0.0,40.0,40.0,216,Amazon_SVQ1
216,2,4190101,29,94.96,95.28,222.28,216,Amazon_SVQ1
216,3,4105601,36,6.657334154423006,7.988800985307607,338.2688009853076,216,Amazon_SVQ1
216,4,4104203,1,12.771790118521892,15.32614814222627,356.5949491275339,216,Amazon_SVQ1
216,5,4106001,14,13.393645430078019,16.07237451609362,414.66732364362747,216,Amazon_SVQ1
216,6,4106003,2,1.1539653490196593,1.3847584188235913,422.05208206245106,216,Amazon_SVQ1
216,7,Regreso_Amazon_SVQ1,0,68.72,55.33,477.38208206245105,216,Amazon_SVQ1
217,1,Inicio_Amazon_SVQ1,0,0.0,40.0,40.0,217,Amazon_SVQ1
217,2,4102401,15,46.19,35.78,120.78,217,Amazon_SVQ1
217,3,4102403,10,0.2655150382772477,0.31861804593269727,151.0986180459327,217,Amazon_SVQ1
217,4,4102404,78,0.4423132194147504,0.5307758632977004,385.62939390923043,217,Amazon_SVQ1
217,5,4102402,9,0.9316896565638176,1.1180275878765813,413.747421497107,217,Amazon_SVQ1
217,6,4102405,10,1.465593487369658,1.7587121848435898,445.5061336819506,217,Amazon_SVQ1
217,7,Regreso_Amazon_SVQ1,0,45.02,33.68,479.1861336819506,217,Amazon_SVQ1
218,1,Inicio_Amazon_SVQ1,0,0.0,40.0,40.0,218,Amazon_SVQ1
218,2,4102405,59,45.02,33.68,250.68,218,Amazon_SVQ1
218,3,4110202,14,10.255319783997445,12.306383740796933,304.98638374079695,218,Amazon_SVQ1
218,4,4110203,46,0.629570741123284,0.7554848893479409,443.7418686301449,218,Amazon_SVQ1
218,5,Regreso_Amazon_SVQ1,0,36.22,34.39,478.1318686301449,218,Amazon_SVQ1
219,1,Inicio_Amazon_SVQ1,0,0.0,40.0,40.0,219,Amazon_SVQ1
219,2,4102406,73,63.05,55.97,314.97,219,Amazon_SVQ1
219,3,4105501,30,10.066419097040018,12.079702916448023,417.04970291644804,219,Amazon_SVQ1
219,4,Regreso_Amazon_SVQ1,0,69.73,61.06,478.10970291644804,219,Amazon_SVQ1
220,1,Inicio_Amazon_SVQ1,0,0.0,40.0,40.0,220,Amazon_SVQ1
220,2,4102501,3,48.39,43.97,92.97,220,Amazon_SVQ1
220,3,4102502,10,1.1329250959314487,1.3595101151177387,124.32951011511774,220,Amazon_SVQ1
220,4,4105101,32,3.263320993538527,3.915985192246232,224.24549530736397,220,Amazon_SVQ1
220,5,4107501,66,5.436174366585862,6.523409239903034,428.76890454726697,220,Amazon_SVQ1
220,6,Regreso_Amazon_SVQ1,0,54.44,49.22,477.988904547267,220,Amazon_SVQ1
221,1,Inicio_Amazon_SVQ1,0,0.0,40.0,40.0,221,Amazon_SVQ1
221,2,4102601,24,131.36,95.73,207.73000000000002,221,Amazon_SVQ1
221,3,4102602,17,0.9834293328883355,1.1801151994660024,259.910115199466,221,Amazon_SVQ1
221,4,4105401,8,5.722272868135053,6.866727441762064,290.7768426412281,221,Amazon_SVQ1
221,5,4104103,21,5.357141299915535,6.428569559898642,360.2054122011267,221,Amazon_SVQ1
221,6,4104102,11,0.4081841855362535,0.48982102264350424,393.69523322377023,221,Amazon_SVQ1
221,7,Regreso_Amazon_SVQ1,0,116.8,84.88,478.5752332237702,221,Amazon_SVQ1
222,1,Inicio_Amazon_SVQ1,0,0.0,40.0,40.0,222,Amazon_SVQ1
222,2,4102701,18,59.31,64.32,158.32,222,Amazon_SVQ1
222,3,4102702,23,0.5047613467627262,0.6057136161152714,227.92571361611527,222,Amazon_SVQ1
222,4,4104901,65,16.02386123475444,19.228633481705327,442.1543470978206,222,Amazon_SVQ1
222,5,Regreso_Amazon_SVQ1,0,36.83,34.98,477.13434709782064,222,Amazon_SVQ1
223,1,Inicio_Amazon_SVQ1,0,0.0,40.0,40.0,223,Amazon_SVQ1
223,2,4102801,34,22.81,33.48,175.48,223,Amazon_SVQ1
223,3,4102901,92,2.262389299522904,2.714867159427485,454.19486715942753,223,Amazon_SVQ1
223,4,Regreso_Amazon_SVQ1,0,20.99,25.35,479.54486715942755,223,Amazon_SVQ1
224,1,Inicio_Amazon_SVQ1,0,0.0,40.0,40.0,224,Amazon_SVQ1
224,2,4102901,67,20.99,25.35,266.35,224,Amazon_SVQ1
224,3,4109301,62,1.5147606558909705,1.8177127870691647,454.16771278706915,224,Amazon_SVQ1
224,4,4108603,1,2.2015501830215873,2.641860219625905,459.8095730066951,224,Amazon_SVQ1
224,5,Regreso_Amazon_SVQ1,0,18.23,20.16,479.9695730066951,224,Amazon_SVQ1
225,1,Inicio_Amazon_SVQ1,0,0.0,40.0,40.0,225,Amazon_SVQ1
225,2,4103202,19,97.05,105.72,202.72,225,Amazon_SVQ1
225,3,4107301,17,16.378351066026962,19.654021279232353,273.37402127923235,225,Amazon_SVQ1
225,4,4109901,14,15.392747376420566,18.47129685170468,333.845318130937,225,Amazon_SVQ1
225,5,4109903,14,0.7139528878650904,0.8567434654381084,376.70206159637513,225,Amazon_SVQ1
225,6,4109902,10,1.0516787327361783,1.262014479283414,407.96407607565857,225,Amazon_SVQ1
225,7,4108102,1,27.81405693232807,33.37686831879369,444.34094439445226,225,Amazon_SVQ1
225,8,4109108,1,10.145426535229985,12.174511842275983,459.51545623672826,225,Amazon_SVQ1
225,9,Regreso_Amazon_SVQ1,0,17.16,19.33,478.84545623672824,225,Amazon_SVQ1
226,1,Inicio_Amazon_SVQ1,0,0.0,40.0,40.0,226,Amazon_SVQ1
226,2,4103401,130,11.55,24.35,454.35,226,Amazon_SVQ1
226,3,Regreso_Amazon_SVQ1,0,11.55,24.35,478.70000000000005,226,Amazon_SVQ1
227,1,Inicio_Amazon_SVQ1,0,0.0,40.0,40.0,227,Amazon_SVQ1
227,2,4103401,16,11.55,24.35,112.35,227,Amazon_SVQ1
227,3,4103403,79,0.34722849407266937,0.4166741928872032,349.7666741928872,227,Amazon_SVQ1
227,4,4103402,33,0.7664440285152744,0.9197328342183293,449.68640702710553,227,Amazon_SVQ1
227,5,4109110,2,9.126096829729674,10.95131619567561,466.6377232227811,227,Amazon_SVQ1
227,6,Regreso_Amazon_SVQ1,0,9.1,12.65,479.2877232227811,227,Amazon_SVQ1
228,1,Inicio_Amazon_SVQ1,0,0.0,40.0,40.0,228,Amazon_SVQ1
228,2,4103501,10,82.29,86.45,156.45,228,Amazon_SVQ1
228,3,1102403,9,7.326696315555154,8.792035578666184,192.24203557866616,228,Amazon_SVQ1
228,4,1102401,5,4.154297810208324,4.985157372249988,212.22719295091616,228,Amazon_SVQ1
228,5,1102402,11,2.8803426435685164,3.4564111722822197,248.6836041231984,228,Amazon_SVQ1
228,6,1103601,7,4.000277819607021,4.800333383528425,274.4839375067268,228,Amazon_SVQ1
228,7,1102404,35,4.506631913460207,5.407958296152248,384.89189580287905,228,Amazon_SVQ1
228,8,1100501,1,11.833562475664037,14.200274970796844,402.0921707736759,228,Amazon_SVQ1
228,9,Regreso_Amazon_SVQ1,0,90.82,77.06,479.1521707736759,228,Amazon_SVQ1
229,1,Inicio_Amazon_SVQ1,0,0.0,40.0,40.0,229,Amazon_SVQ1
229,2,4103601,17,51.23,42.52,133.52,229,Amazon_SVQ1
229,3,4103602,21,0.41329187813953605,0.4959502537674433,197.01595025376747,229,Amazon_SVQ1
229,4,4106403,14,11.377425822272581,13.652910986727097,252.66886124049455,229,Amazon_SVQ1
229,5,4106402,28,1.4431269450661608,1.731752334079393,338.4006135745739,229,Amazon_SVQ1
229,6,4106401,14,1.6370856799774907,1.9645028159729887,382.3651163905469,229,Amazon_SVQ1
229,7,1102901,8,8.118181366804135,9.741817640164962,416.1069340307119,229,Amazon_SVQ1
229,8,Regreso_Amazon_SVQ1,0,72.62,61.06,477.1669340307119,229,Amazon_SVQ1
230,1,Inicio_Amazon_SVQ1,0,0.0,40.0,40.0,230,Amazon_SVQ1
230,2,4103701,10,115.84,86.96,156.95999999999998,230,Amazon_SVQ1
230,3,4106201,21,4.607262298720157,5.528714758464187,225.48871475846417,230,Amazon_SVQ1
230,4,4107201,43,9.969972210387251,11.963966652464702,366.4526814109289,230,Amazon_SVQ1
230,5,4104102,5,10.026774010850758,12.032128813020911,393.4848102239498,230,Amazon_SVQ1
230,6,Regreso_Amazon_SVQ1,0,116.8,84.88,478.3648102239498,230,Amazon_SVQ1
231,1,Inicio_Amazon_SVQ1,0,0.0,40.0,40.0,231,Amazon_SVQ1
231,2,4190301,68,56.28,41.26,285.26,231,Amazon_SVQ1
231,3,1102009,35,6.829532430426647,8.195438916511975,398.455438916512,231,Amazon_SVQ1
231,4,1102005,3,12.15890150544177,14.590681806530124,422.0461207230421,231,Amazon_SVQ1
231,5,Regreso_Amazon_SVQ1,0,78.81,55.96,478.0061207230421,231,Amazon_SVQ1
232,1,Inicio_Amazon_SVQ1,0,0.0,40.0,40.0,232,Amazon_SVQ1
232,2,4103801,94,7.72,11.45,333.45,232,Amazon_SVQ1
232,3,4103802,44,0.5584081712034763,0.6700898054441715,466.1200898054442,232,Amazon_SVQ1
232,4,Regreso_Amazon_SVQ1,0,8.57,11.75,477.8700898054442,232,Amazon_SVQ1
233,1,Inicio_Amazon_SVQ1,0,0.0,40.0,40.0,233,Amazon_SVQ1
233,2,4103802,113,8.57,11.75,390.75,233,Amazon_SVQ1
233,3,4103804,26,0.4918847406485284,0.590261688778234,469.34026168877824,233,Amazon_SVQ1
233,4,Regreso_Amazon_SVQ1,0,7.88,10.31,479.65026168877824,233,Amazon_SVQ1
234,1,Inicio_Amazon_SVQ1,0,0.0,40.0,40.0,234,Amazon_SVQ1
234,2,4103803,139,9.41,10.46,467.46,234,Amazon_SVQ1
234,3,Regreso_Amazon_SVQ1,0,9.41,10.46,477.91999999999996,234,Amazon_SVQ1
235,1,Inicio_Amazon_SVQ1,0,0.0,40.0,40.0,235,Amazon_SVQ1
235,2,4103803,63,9.41,10.46,239.46,235,Amazon_SVQ1
235,3,4103804,75,2.0791920817823533,2.495030498138824,466.95503049813885,235,Amazon_SVQ1
235,4,Regreso_Amazon_SVQ1,0,7.88,10.31,477.26503049813886,235,Amazon_SVQ1
236,1,Inicio_Amazon_SVQ1,0,0.0,40.0,40.0,236,Amazon_SVQ1
236,2,4103804,139,7.88,10.31,467.31,236,Amazon_SVQ1
236,3,Regreso_Amazon_SVQ1,0,7.88,10.31,477.62,236,Amazon_SVQ1
237,1,Inicio_Amazon_SVQ1,0,0.0,40.0,40.0,237,Amazon_SVQ1
237,2,4103804,139,7.88,10.31,467.31,237,Amazon_SVQ1
237,3,Regreso_Amazon_SVQ1,0,7.88,10.31,477.62,237,Amazon_SVQ1
238,1,Inicio_Amazon_SVQ1,0,0.0,40.0,40.0,238,Amazon_SVQ1
238,2,4103804,24,7.88,10.31,122.31,238,Amazon_SVQ1
238,3,4109110,112,5.621376656352818,6.745651987623382,465.0556519876234,238,Amazon_SVQ1
238,4,Regreso_Amazon_SVQ1,0,9.1,12.65,477.70565198762336,238,Amazon_SVQ1
239,1,Inicio_Amazon_SVQ1,0,0.0,40.0,40.0,239,Amazon_SVQ1
239,2,4103805,136,13.9,15.88,463.88,239,Amazon_SVQ1
239,3,Regreso_Amazon_SVQ1,0,13.9,15.88,479.76,239,Amazon_SVQ1
240,1,Inicio_Amazon_SVQ1,0,0.0,40.0,40.0,240,Amazon_SVQ1
240,2,4103805,136,13.9,15.88,463.88,240,Amazon_SVQ1
240,3,Regreso_Amazon_SVQ1,0,13.9,15.88,479.76,240,Amazon_SVQ1
241,1,Inicio_Amazon_SVQ1,0,0.0,40.0,40.0,241,Amazon_SVQ1
241,2,4103805,136,13.9,15.88,463.88,241,Amazon_SVQ1
241,3,Regreso_Amazon_SVQ1,0,13.9,15.88,479.76,241,Amazon_SVQ1
242,1,Inicio_Amazon_SVQ1,0,0.0,40.0,40.0,242,Amazon_SVQ1
242,2,4103805,136,13.9,15.88,463.88,242,Amazon_SVQ1
242,3,Regreso_Amazon_SVQ1,0,13.9,15.88,479.76,242,Amazon_SVQ1
243,1,Inicio_Amazon_SVQ1,0,0.0,40.0,40.0,243,Amazon_SVQ1
243,2,4103805,28,13.9,15.88,139.88,243,Amazon_SVQ1
243,3,4109110,107,3.70410657159114,4.444927885909368,465.32492788590935,243,Amazon_SVQ1
243,4,Regreso_Amazon_SVQ1,0,9.1,12.65,477.9749278859093,243,Amazon_SVQ1
244,1,Inicio_Amazon_SVQ1,0,0.0,40.0,40.0,244,Amazon_SVQ1
244,2,4103901,87,98.81,69.23,370.23,244,Amazon_SVQ1
244,3,4103905,13,0.33120996778448547,0.39745196134138255,409.6274519613414,244,Amazon_SVQ1
244,4,Regreso_Amazon_SVQ1,0,99.1,69.85,479.47745196134144,244,Amazon_SVQ1
245,1,Inicio_Amazon_SVQ1,0,0.0,40.0,40.0,245,Amazon_SVQ1
245,2,4103903,79,97.7,67.14,344.14,245,Amazon_SVQ1
245,3,4103904,22,0.7771061608117064,0.9325273929740476,411.07252739297405,245,Amazon_SVQ1
245,4,Regreso_Amazon_SVQ1,0,97.9,67.56,478.63252739297405,245,Amazon_SVQ1
246,1,Inicio_Amazon_SVQ1,0,0.0,40.0,40.0,246,Amazon_SVQ1
246,2,4103904,41,97.9,67.56,230.56,246,Amazon_SVQ1
246,3,4103905,10,0.6273861832372963,0.7528634198847556,261.31286341988476,246,Amazon_SVQ1
246,4,4105201,33,25.216838448731078,30.260206138477294,390.573069558362,246,Amazon_SVQ1
246,5,4107701,4,15.929749505389548,19.115699406467456,421.6887689648295,246,Amazon_SVQ1
246,6,Regreso_Amazon_SVQ1,0,76.73,58.26,479.94876896482947,246,Amazon_SVQ1
247,1,Inicio_Amazon_SVQ1,0,0.0,40.0,40.0,247,Amazon_SVQ1
247,2,4104001,125,30.37,32.3,447.3,247,Amazon_SVQ1
247,3,Regreso_Amazon_SVQ1,0,30.37,32.3,479.6,247,Amazon_SVQ1
248,1,Inicio_Amazon_SVQ1,0,0.0,40.0,40.0,248,Amazon_SVQ1
248,2,4104001,86,30.37,32.3,330.3,248,Amazon_SVQ1
248,3,4109801,37,1.967637734988971,2.3611652819867652,443.66116528198677,248,Amazon_SVQ1
248,4,4104701,1,5.5310715898298,6.637285907795761,453.29845118978255,248,Amazon_SVQ1
248,5,Regreso_Amazon_SVQ1,0,23.88,26.34,479.63845118978253,248,Amazon_SVQ1
249,1,Inicio_Amazon_SVQ1,0,0.0,40.0,40.0,249,Amazon_SVQ1
249,2,4104102,7,116.8,84.88,145.88,249,Amazon_SVQ1
249,3,4104104,25,0.7945827180526505,0.9534992616631806,221.83349926166318,249,Amazon_SVQ1
249,4,4108201,35,14.65560925242147,17.586731102905762,344.42023036456897,249,Amazon_SVQ1
249,5,4106803,10,29.078736428883317,34.894483714659984,409.31471407922896,249,Amazon_SVQ1
249,6,Regreso_Amazon_SVQ1,0,94.59,69.54,478.854714079229,249,Amazon_SVQ1
250,1,Inicio_Amazon_SVQ1,0,0.0,40.0,40.0,250,Amazon_SVQ1
250,2,4104401,55,32.61,47.77,252.77,250,Amazon_SVQ1
250,3,4105901,66,3.372943279342306,4.047531935210767,454.8175319352108,250,Amazon_SVQ1
250,4,Regreso_Amazon_SVQ1,0,21.41,23.48,478.2975319352108,250,Amazon_SVQ1
251,1,Inicio_Amazon_SVQ1,0,0.0,40.0,40.0,251,Amazon_SVQ1
251,2,4104701,23,23.88,26.34,135.34,251,Amazon_SVQ1
251,3,4109301,106,2.8025298994341536,3.3630358793209845,456.70303587932096,251,Amazon_SVQ1
251,4,Regreso_Amazon_SVQ1,0,19.4,23.12,479.82303587932097,251,Amazon_SVQ1
252,1,Inicio_Amazon_SVQ1,0,0.0,40.0,40.0,252,Amazon_SVQ1
252,2,4104801,7,162.91,135.09,196.09,252,Amazon_SVQ1
252,3,4104802,5,0.30054091994574217,0.3606491039348906,211.4506491039349,252,Amazon_SVQ1
252,4,4104803,7,0.9166768324805106,1.1000121989766125,233.55066130291152,252,Amazon_SVQ1
252,5,4105503,29,54.73973973312796,65.68768767975355,386.23834898266506,252,Amazon_SVQ1
252,6,4105502,10,0.47001603322821117,0.5640192398738534,416.8023682225389,252,Amazon_SVQ1
252,7,Regreso_Amazon_SVQ1,0,70.04,61.36,478.16236822253893,252,Amazon_SVQ1
253,1,Inicio_Amazon_SVQ1,0,0.0,40.0,40.0,253,Amazon_SVQ1
253,2,4104901,24,36.83,34.98,146.98,253,Amazon_SVQ1
253,3,4108101,91,8.152389481875206,9.782867378250247,429.76286737825023,253,Amazon_SVQ1
253,4,4108102,4,3.748264832896852,4.497917799476222,446.26078517772646,253,Amazon_SVQ1
253,5,Regreso_Amazon_SVQ1,0,31.29,33.4,479.66078517772644,253,Amazon_SVQ1
254,1,Inicio_Amazon_SVQ1,0,0.0,40.0,40.0,254,Amazon_SVQ1
254,2,4190201,43,33.5,57.35,226.35,254,Amazon_SVQ1
254,3,4107901,69,14.702189973518172,17.642627968221806,450.99262796822177,254,Amazon_SVQ1
254,4,4109110,1,9.796957681034637,11.756349217241565,465.74897718546333,254,Amazon_SVQ1
254,5,Regreso_Amazon_SVQ1,0,9.1,12.65,478.3989771854633,254,Amazon_SVQ1
255,1,Inicio_Amazon_SVQ1,0,0.0,40.0,40.0,255,Amazon_SVQ1
255,2,4105301,17,53.33,45.33,136.32999999999998,255,Amazon_SVQ1
255,3,4105304,66,0.5327840080511033,0.6393408096613239,334.9693408096613,255,Amazon_SVQ1
255,4,4105302,32,0.812411523408674,0.9748938280904087,431.9442346377517,255,Amazon_SVQ1
255,5,Regreso_Amazon_SVQ1,0,54.06,47.0,478.9442346377517,255,Amazon_SVQ1
256,1,Inicio_Amazon_SVQ1,0,0.0,40.0,40.0,256,Amazon_SVQ1
256,2,4105302,4,54.06,47.0,99.0,256,Amazon_SVQ1
256,3,1103701,66,8.421364298876174,10.10563715865141,307.1056371586514,256,Amazon_SVQ1
256,4,1102009,27,9.408212265888787,11.289854719066545,399.395491877718,256,Amazon_SVQ1
256,5,1102005,3,12.15890150544177,14.590681806530124,422.9861736842481,256,Amazon_SVQ1
256,6,Regreso_Amazon_SVQ1,0,78.81,55.96,478.9461736842481,256,Amazon_SVQ1
257,1,Inicio_Amazon_SVQ1,0,0.0,40.0,40.0,257,Amazon_SVQ1
257,2,4105501,13,69.73,61.06,140.06,257,Amazon_SVQ1
257,3,4105502,50,0.8104236936538046,0.9725084323845655,291.0325084323846,257,Amazon_SVQ1
257,4,4110203,37,33.99828339288482,40.79794007146178,442.83044850384636,257,Amazon_SVQ1
257,5,4105801,1,3.4169045094605046,4.100285411352606,449.93073391519897,257,Amazon_SVQ1
257,6,Regreso_Amazon_SVQ1,0,30.74,29.72,479.650733915199,257,Amazon_SVQ1
258,1,Inicio_Amazon_SVQ1,0,0.0,40.0,40.0,258,Amazon_SVQ1
258,2,4105801,38,30.74,29.72,183.72,258,Amazon_SVQ1
258,3,4105802,83,0.5293057993543984,0.635166959225278,433.35516695922524,258,Amazon_SVQ1
258,4,4105803,4,0.8605317690992355,1.0326381229190826,446.3878050821443,258,Amazon_SVQ1
258,5,Regreso_Amazon_SVQ1,0,31.31,30.87,477.25780508214433,258,Amazon_SVQ1
259,1,Inicio_Amazon_SVQ1,0,0.0,40.0,40.0,259,Amazon_SVQ1
259,2,4105803,107,31.31,30.87,391.87,259,Amazon_SVQ1
259,3,4110201,16,2.386866972958118,2.8642403675497414,442.7342403675498,259,Amazon_SVQ1
259,4,Regreso_Amazon_SVQ1,0,33.91,35.3,478.0342403675498,259,Amazon_SVQ1
260,1,Inicio_Amazon_SVQ1,0,0.0,40.0,40.0,260,Amazon_SVQ1
260,2,4105901,131,21.41,23.48,456.48,260,Amazon_SVQ1
260,3,Regreso_Amazon_SVQ1,0,21.41,23.48,479.96000000000004,260,Amazon_SVQ1
261,1,Inicio_Amazon_SVQ1,0,0.0,40.0,40.0,261,Amazon_SVQ1
261,2,4105901,131,21.41,23.48,456.48,261,Amazon_SVQ1
261,3,Regreso_Amazon_SVQ1,0,21.41,23.48,479.96000000000004,261,Amazon_SVQ1
262,1,Inicio_Amazon_SVQ1,0,0.0,40.0,40.0,262,Amazon_SVQ1
262,2,4105901,131,21.41,23.48,456.48,262,Amazon_SVQ1
262,3,Regreso_Amazon_SVQ1,0,21.41,23.48,479.96000000000004,262,Amazon_SVQ1
263,1,Inicio_Amazon_SVQ1,0,0.0,40.0,40.0,263,Amazon_SVQ1
263,2,4105901,79,21.41,23.48,300.48,263,Amazon_SVQ1
263,3,4108604,50,3.159044993261616,3.790853991913939,454.27085399191395,263,Amazon_SVQ1
263,4,4108603,1,0.17072798426050853,0.20487358111261023,457.4757275730266,263,Amazon_SVQ1
263,5,Regreso_Amazon_SVQ1,0,18.23,20.16,477.6357275730266,263,Amazon_SVQ1
264,1,Inicio_Amazon_SVQ1,0,0.0,40.0,40.0,264,Amazon_SVQ1
264,2,4106001,39,70.02,62.79,219.79,264,Amazon_SVQ1
264,3,4106003,67,1.1539653490196593,1.3847584188235913,422.17475841882356,264,Amazon_SVQ1
264,4,Regreso_Amazon_SVQ1,0,68.72,55.33,477.50475841882354,264,Amazon_SVQ1
265,1,Inicio_Amazon_SVQ1,0,0.0,40.0,40.0,265,Amazon_SVQ1
265,2,4106501,61,69.76,54.97,277.97,265,Amazon_SVQ1
265,3,4106502,48,0.44115669624159365,0.5293880354899124,422.4993880354899,265,Amazon_SVQ1
265,4,Regreso_Amazon_SVQ1,0,70.62,56.43,478.9293880354899,265,Amazon_SVQ1
266,1,Inicio_Amazon_SVQ1,0,0.0,40.0,40.0,266,Amazon_SVQ1
266,2,4106502,26,70.62,56.43,174.43,266,Amazon_SVQ1
266,3,4106504,33,0.4330735905112258,0.5196883086134709,273.9496883086135,266,Amazon_SVQ1
266,4,4106503,49,0.5837726919867823,0.7005272303841388,421.6502155389976,266,Amazon_SVQ1
266,5,Regreso_Amazon_SVQ1,0,70.13,55.36,477.0102155389976,266,Amazon_SVQ1
267,1,Inicio_Amazon_SVQ1,0,0.0,40.0,40.0,267,Amazon_SVQ1
267,2,4106503,2,70.13,55.36,101.36,267,Amazon_SVQ1
267,3,4106505,11,2.333721820156279,2.8004661841875347,137.16046618418753,267,Amazon_SVQ1
267,4,4107703,24,15.419921197072108,18.50390543648653,227.66437162067405,267,Amazon_SVQ1
267,5,4107701,18,0.47765789423934396,0.5731894730872127,282.23756109376126,267,Amazon_SVQ1
267,6,4107702,44,0.6204502507988907,0.7445403009586689,414.98210139471996,267,Amazon_SVQ1
267,7,Regreso_Amazon_SVQ1,0,74.74,55.27,470.25210139471994,267,Amazon_SVQ1
268,1,Inicio_Amazon_SVQ1,0,0.0,40.0,40.0,268,Amazon_SVQ1
268,2,4106702,32,35.12,40.87,176.87,268,Amazon_SVQ1
268,3,4109801,21,2.511614344266674,3.013937213120009,242.88393721312002,268,Amazon_SVQ1
268,4,4108501,58,2.5214326425336213,3.0257191710403455,419.90965638416037,268,Amazon_SVQ1
268,5,4109401,7,5.33766604644492,6.405199255733904,447.3148556398943,268,Amazon_SVQ1
268,6,Regreso_Amazon_SVQ1,0,32.47,31.8,479.1148556398943,268,Amazon_SVQ1
269,1,Inicio_Amazon_SVQ1,0,0.0,40.0,40.0,269,Amazon_SVQ1
269,2,4106801,26,95.04,70.89,188.89,269,Amazon_SVQ1
269,3,4106803,15,1.172668596508402,1.4072023158100824,235.29720231581007,269,Amazon_SVQ1
269,4,4106805,30,1.2517665033554046,1.5021198040264854,326.7993221198366,269,Amazon_SVQ1
269,5,4106804,23,6.328767238636416,7.5945206863637,403.39384280620027,269,Amazon_SVQ1
269,6,Regreso_Amazon_SVQ1,0,99.4,74.5,477.89384280620027,269,Amazon_SVQ1
270,1,Inicio_Amazon_SVQ1,0,0.0,40.0,40.0,270,Amazon_SVQ1
270,2,4106802,16,104.53,88.14,176.14,270,Amazon_SVQ1
270,3,4106804,24,15.410114359157939,18.492137230989528,266.63213723098954,270,Amazon_SVQ1
270,4,4107601,17,24.941263777965624,29.92951653355875,347.5616537645483,270,Amazon_SVQ1
270,5,1100201,1,9.18984580302558,11.027814963630696,361.589468728179,270,Amazon_SVQ1
270,6,1102404,4,9.630962051588245,11.557154461905894,385.1466231900849,270,Amazon_SVQ1
270,7,1100501,1,11.833562475664037,14.200274970796844,402.3468981608817,270,Amazon_SVQ1
270,8,Regreso_Amazon_SVQ1,0,90.82,77.06,479.4068981608817,270,Amazon_SVQ1
271,1,Inicio_Amazon_SVQ1,0,0.0,40.0,40.0,271,Amazon_SVQ1
271,2,4106901,61,17.35,16.66,239.66,271,Amazon_SVQ1
271,3,4106902,57,0.37340801122668216,0.4480896134720186,411.108089613472,271,Amazon_SVQ1
271,4,4106903,17,0.6158659336797219,0.7390391204156663,462.84712873388764,271,Amazon_SVQ1
271,5,Regreso_Amazon_SVQ1,0,18.54,16.4,479.2471287338876,271,Amazon_SVQ1
272,1,Inicio_Amazon_SVQ1,0,0.0,40.0,40.0,272,Amazon_SVQ1
272,2,4106903,82,18.54,16.4,302.4,272,Amazon_SVQ1
272,3,4106904,53,0.7424809398654604,0.8909771278385524,462.2909771278385,272,Amazon_SVQ1
272,4,Regreso_Amazon_SVQ1,0,18.87,17.39,479.6809771278385,272,Amazon_SVQ1
273,1,Inicio_Amazon_SVQ1,0,0.0,40.0,40.0,273,Amazon_SVQ1
273,2,4106904,41,18.87,17.39,180.39,273,Amazon_SVQ1
273,3,4109505,86,10.879895256088105,13.055874307305727,451.4458743073057,273,Amazon_SVQ1
273,4,Regreso_Amazon_SVQ1,0,32.72,27.72,479.16587430730567,273,Amazon_SVQ1
274,1,Inicio_Amazon_SVQ1,0,0.0,40.0,40.0,274,Amazon_SVQ1
274,2,4190401,16,39.13,45.93,133.93,274,Amazon_SVQ1
274,3,4109505,78,12.856326352182716,15.427591622619257,383.3575916226192,274,Amazon_SVQ1
274,4,4109503,22,1.8431750615529225,2.211810073863507,451.5694016964827,274,Amazon_SVQ1
274,5,Regreso_Amazon_SVQ1,0,31.65,27.31,478.8794016964827,274,Amazon_SVQ1
275,1,Inicio_Amazon_SVQ1,0,0.0,40.0,40.0,275,Amazon_SVQ1
275,2,4107001,108,15.09,30.66,394.66,275,Amazon_SVQ1
275,3,4109111,19,4.602902995626971,5.523483594752366,457.1834835947524,275,Amazon_SVQ1
275,4,4109110,1,3.984271983506822,4.781126380208186,464.9646099749606,275,Amazon_SVQ1
275,5,Regreso_Amazon_SVQ1,0,9.1,12.65,477.61460997496056,275,Amazon_SVQ1
276,1,Inicio_Amazon_SVQ1,0,0.0,40.0,40.0,276,Amazon_SVQ1
276,2,4107501,21,54.44,49.22,152.22,276,Amazon_SVQ1
276,3,4108701,67,13.110998513420428,15.733198216104512,368.9531982161045,276,Amazon_SVQ1
276,4,4108702,24,0.9067687519000222,1.0881225022800265,442.04132071838455,276,Amazon_SVQ1
276,5,Regreso_Amazon_SVQ1,0,38.83,36.66,478.7013207183845,276,Amazon_SVQ1
277,1,Inicio_Amazon_SVQ1,0,0.0,40.0,40.0,277,Amazon_SVQ1
277,2,4107901,25,13.38,27.67,142.67000000000002,277,Amazon_SVQ1
277,3,4109111,101,9.246756985051523,11.096108382061827,456.7661083820618,277,Amazon_SVQ1
277,4,4109110,1,3.984271983506822,4.781126380208186,464.54723476227,277,Amazon_SVQ1
277,5,Regreso_Amazon_SVQ1,0,9.1,12.65,477.19723476227,277,Amazon_SVQ1
278,1,Inicio_Amazon_SVQ1,0,0.0,40.0,40.0,278,Amazon_SVQ1
278,2,4108102,124,31.29,33.4,445.4,278,Amazon_SVQ1
278,3,4109108,1,10.145426535229985,12.174511842275983,460.57451184227597,278,Amazon_SVQ1
278,4,Regreso_Amazon_SVQ1,0,17.16,19.33,479.90451184227595,278,Amazon_SVQ1
279,1,Inicio_Amazon_SVQ1,0,0.0,40.0,40.0,279,Amazon_SVQ1
279,2,4108102,124,31.29,33.4,445.4,279,Amazon_SVQ1
279,3,4109108,1,10.145426535229985,12.174511842275983,460.57451184227597,279,Amazon_SVQ1
279,4,Regreso_Amazon_SVQ1,0,17.16,19.33,479.90451184227595,279,Amazon_SVQ1
280,1,Inicio_Amazon_SVQ1,0,0.0,40.0,40.0,280,Amazon_SVQ1
280,2,4108102,20,31.29,33.4,133.4,280,Amazon_SVQ1
280,3,4108902,61,8.374459518901606,10.049351422681926,326.44935142268196,280,Amazon_SVQ1
280,4,4109102,41,3.188800296212521,3.826560355455025,453.275911778137,280,Amazon_SVQ1
280,5,4109101,1,1.2936296730275176,1.5523556076330212,457.82826738577006,280,Amazon_SVQ1
280,6,Regreso_Amazon_SVQ1,0,17.34,21.1,478.9282673857701,280,Amazon_SVQ1
281,1,Inicio_Amazon_SVQ1,0,0.0,40.0,40.0,281,Amazon_SVQ1
281,2,4108601,19,19.14,21.83,118.83,281,Amazon_SVQ1
281,3,4108602,50,0.5477325666364746,0.6572790799637696,269.48727907996374,281,Amazon_SVQ1
281,4,4108603,63,0.7701268754212474,0.9241522505054969,459.4114313304692,281,Amazon_SVQ1
281,5,Regreso_Amazon_SVQ1,0,18.23,20.16,479.57143133046924,281,Amazon_SVQ1
282,1,Inicio_Amazon_SVQ1,0,0.0,40.0,40.0,282,Amazon_SVQ1
282,2,4108603,15,18.23,20.16,105.16,282,Amazon_SVQ1
282,3,4109301,116,2.2015501830215873,2.641860219625905,455.80186021962595,282,Amazon_SVQ1
282,4,Regreso_Amazon_SVQ1,0,19.4,23.12,478.92186021962596,282,Amazon_SVQ1
283,1,Inicio_Amazon_SVQ1,0,0.0,40.0,40.0,283,Amazon_SVQ1
283,2,4108702,33,38.83,36.66,175.66,283,Amazon_SVQ1
283,3,4109401,50,3.651905057100948,4.382286068521138,330.0422860685211,283,Amazon_SVQ1
283,4,4109402,33,0.5982021867438247,0.7178426240925897,429.76012869261365,283,Amazon_SVQ1
283,5,4109301,5,9.375369122618341,11.25044294714201,456.01057163975565,283,Amazon_SVQ1
283,6,Regreso_Amazon_SVQ1,0,19.4,23.12,479.13057163975566,283,Amazon_SVQ1
284,1,Inicio_Amazon_SVQ1,0,0.0,40.0,40.0,284,Amazon_SVQ1
284,2,4109101,132,17.34,21.1,457.1,284,Amazon_SVQ1
284,3,4109105,1,1.9057201216995028,2.2868641460394032,462.38686414603944,284,Amazon_SVQ1
284,4,Regreso_Amazon_SVQ1,0,15.7,17.49,479.87686414603945,284,Amazon_SVQ1
285,1,Inicio_Amazon_SVQ1,0,0.0,40.0,40.0,285,Amazon_SVQ1
285,2,4109101,132,17.34,21.1,457.1,285,Amazon_SVQ1
285,3,4109105,1,1.9057201216995028,2.2868641460394032,462.38686414603944,285,Amazon_SVQ1
285,4,Regreso_Amazon_SVQ1,0,15.7,17.49,479.87686414603945,285,Amazon_SVQ1
286,1,Inicio_Amazon_SVQ1,0,0.0,40.0,40.0,286,Amazon_SVQ1
286,2,4109101,132,17.34,21.1,457.1,286,Amazon_SVQ1
286,3,4109105,1,1.9057201216995028,2.2868641460394032,462.38686414603944,286,Amazon_SVQ1
286,4,Regreso_Amazon_SVQ1,0,15.7,17.49,479.87686414603945,286,Amazon_SVQ1
287,1,Inicio_Amazon_SVQ1,0,0.0,40.0,40.0,287,Amazon_SVQ1
287,2,4109101,132,17.34,21.1,457.1,287,Amazon_SVQ1
287,3,4109105,1,1.9057201216995028,2.2868641460394032,462.38686414603944,287,Amazon_SVQ1
287,4,Regreso_Amazon_SVQ1,0,15.7,17.49,479.87686414603945,287,Amazon_SVQ1
288,1,Inicio_Amazon_SVQ1,0,0.0,40.0,40.0,288,Amazon_SVQ1
288,2,4109101,132,17.34,21.1,457.1,288,Amazon_SVQ1
288,3,4109105,1,1.9057201216995028,2.2868641460394032,462.38686414603944,288,Amazon_SVQ1
288,4,Regreso_Amazon_SVQ1,0,15.7,17.49,479.87686414603945,288,Amazon_SVQ1
289,1,Inicio_Amazon_SVQ1,0,0.0,40.0,40.0,289,Amazon_SVQ1
289,2,4109101,96,17.34,21.1,349.1,289,Amazon_SVQ1
289,3,4109103,36,0.5153629536920847,0.6184355444305016,457.7184355444305,289,Amazon_SVQ1
289,4,4109105,1,1.4414282235269733,1.729713868232368,462.4481494126629,289,Amazon_SVQ1
289,5,Regreso_Amazon_SVQ1,0,15.7,17.49,479.9381494126629,289,Amazon_SVQ1
290,1,Inicio_Amazon_SVQ1,0,0.0,40.0,40.0,290,Amazon_SVQ1
290,2,4109102,129,20.9,25.32,452.32,290,Amazon_SVQ1
290,3,4109103,1,1.7845532380864901,2.1414638857037884,457.4614638857038,290,Amazon_SVQ1
290,4,4109105,1,1.4414282235269733,1.729713868232368,462.19117775393613,290,Amazon_SVQ1
290,5,Regreso_Amazon_SVQ1,0,15.7,17.49,479.68117775393614,290,Amazon_SVQ1
291,1,Inicio_Amazon_SVQ1,0,0.0,40.0,40.0,291,Amazon_SVQ1
291,2,4109102,129,20.9,25.32,452.32,291,Amazon_SVQ1
291,3,4109103,1,1.7845532380864901,2.1414638857037884,457.4614638857038,291,Amazon_SVQ1
291,4,4109105,1,1.4414282235269733,1.729713868232368,462.19117775393613,291,Amazon_SVQ1
291,5,Regreso_Amazon_SVQ1,0,15.7,17.49,479.68117775393614,291,Amazon_SVQ1
292,1,Inicio_Amazon_SVQ1,0,0.0,40.0,40.0,292,Amazon_SVQ1
292,2,4109102,129,20.9,25.32,452.32,292,Amazon_SVQ1
292,3,4109103,1,1.7845532380864901,2.1414638857037884,457.4614638857038,292,Amazon_SVQ1
292,4,4109105,1,1.4414282235269733,1.729713868232368,462.19117775393613,292,Amazon_SVQ1
292,5,Regreso_Amazon_SVQ1,0,15.7,17.49,479.68117775393614,292,Amazon_SVQ1
293,1,Inicio_Amazon_SVQ1,0,0.0,40.0,40.0,293,Amazon_SVQ1
293,2,4109102,129,20.9,25.32,452.32,293,Amazon_SVQ1
293,3,4109103,1,1.7845532380864901,2.1414638857037884,457.4614638857038,293,Amazon_SVQ1
293,4,4109105,1,1.4414282235269733,1.729713868232368,462.19117775393613,293,Amazon_SVQ1
293,5,Regreso_Amazon_SVQ1,0,15.7,17.49,479.68117775393614,293,Amazon_SVQ1
294,1,Inicio_Amazon_SVQ1,0,0.0,40.0,40.0,294,Amazon_SVQ1
294,2,4109102,63,20.9,25.32,254.32,294,Amazon_SVQ1
294,3,4109103,67,1.7845532380864901,2.1414638857037884,457.4614638857038,294,Amazon_SVQ1
294,4,4109105,1,1.4414282235269733,1.729713868232368,462.19117775393613,294,Amazon_SVQ1
294,5,Regreso_Amazon_SVQ1,0,15.7,17.49,479.68117775393614,294,Amazon_SVQ1
295,1,Inicio_Amazon_SVQ1,0,0.0,40.0,40.0,295,Amazon_SVQ1
295,2,4109103,133,17.0,19.95,458.95,295,Amazon_SVQ1
295,3,Regreso_Amazon_SVQ1,0,17.0,19.95,478.9,295,Amazon_SVQ1
296,1,Inicio_Amazon_SVQ1,0,0.0,40.0,40.0,296,Amazon_SVQ1
296,2,4109103,133,17.0,19.95,458.95,296,Amazon_SVQ1
296,3,Regreso_Amazon_SVQ1,0,17.0,19.95,478.9,296,Amazon_SVQ1
297,1,Inicio_Amazon_SVQ1,0,0.0,40.0,40.0,297,Amazon_SVQ1
297,2,4109103,133,17.0,19.95,458.95,297,Amazon_SVQ1
297,3,Regreso_Amazon_SVQ1,0,17.0,19.95,478.9,297,Amazon_SVQ1
298,1,Inicio_Amazon_SVQ1,0,0.0,40.0,40.0,298,Amazon_SVQ1
298,2,4109103,133,17.0,19.95,458.95,298,Amazon_SVQ1
298,3,Regreso_Amazon_SVQ1,0,17.0,19.95,478.9,298,Amazon_SVQ1
299,1,Inicio_Amazon_SVQ1,0,0.0,40.0,40.0,299,Amazon_SVQ1
299,2,4109103,71,17.0,19.95,272.95,299,Amazon_SVQ1
299,3,4109108,62,1.3475662256011771,1.6170794707214127,460.5670794707214,299,Amazon_SVQ1
299,4,Regreso_Amazon_SVQ1,0,17.16,19.33,479.8970794707214,299,Amazon_SVQ1
300,1,Inicio_Amazon_SVQ1,0,0.0,40.0,40.0,300,Amazon_SVQ1
300,2,4109104,132,17.75,20.57,456.57,300,Amazon_SVQ1
300,3,4109105,1,2.3282917269745025,2.793950072369403,462.3639500723694,300,Amazon_SVQ1
300,4,Regreso_Amazon_SVQ1,0,15.7,17.49,479.8539500723694,300,Amazon_SVQ1
301,1,Inicio_Amazon_SVQ1,0,0.0,40.0,40.0,301,Amazon_SVQ1
301,2,4109104,132,17.75,20.57,456.57,301,Amazon_SVQ1
301,3,4109105,1,2.3282917269745025,2.793950072369403,462.3639500723694,301,Amazon_SVQ1
301,4,Regreso_Amazon_SVQ1,0,15.7,17.49,479.8539500723694,301,Amazon_SVQ1
302,1,Inicio_Amazon_SVQ1,0,0.0,40.0,40.0,302,Amazon_SVQ1
302,2,4109104,132,17.75,20.57,456.57,302,Amazon_SVQ1
302,3,4109105,1,2.3282917269745025,2.793950072369403,462.3639500723694,302,Amazon_SVQ1
302,4,Regreso_Amazon_SVQ1,0,15.7,17.49,479.8539500723694,302,Amazon_SVQ1
303,1,Inicio_Amazon_SVQ1,0,0.0,40.0,40.0,303,Amazon_SVQ1
303,2,4109104,132,17.75,20.57,456.57,303,Amazon_SVQ1
303,3,4109105,1,2.3282917269745025,2.793950072369403,462.3639500723694,303,Amazon_SVQ1
303,4,Regreso_Amazon_SVQ1,0,15.7,17.49,479.8539500723694,303,Amazon_SVQ1
304,1,Inicio_Amazon_SVQ1,0,0.0,40.0,40.0,304,Amazon_SVQ1
304,2,4109104,132,17.75,20.57,456.57,304,Amazon_SVQ1
304,3,4109105,1,2.3282917269745025,2.793950072369403,462.3639500723694,304,Amazon_SVQ1
304,4,Regreso_Amazon_SVQ1,0,15.7,17.49,479.8539500723694,304,Amazon_SVQ1
305,1,Inicio_Amazon_SVQ1,0,0.0,40.0,40.0,305,Amazon_SVQ1
305,2,4109104,4,17.75,20.57,72.57,305,Amazon_SVQ1
305,3,4109108,128,1.0582661784996543,1.2699194141995853,457.8399194141996,305,Amazon_SVQ1
305,4,Regreso_Amazon_SVQ1,0,17.16,19.33,477.16991941419957,305,Amazon_SVQ1
306,1,Inicio_Amazon_SVQ1,0,0.0,40.0,40.0,306,Amazon_SVQ1
306,2,4109105,135,15.7,17.49,462.49,306,Amazon_SVQ1
306,3,Regreso_Amazon_SVQ1,0,15.7,17.49,479.98,306,Amazon_SVQ1
307,1,Inicio_Amazon_SVQ1,0,0.0,40.0,40.0,307,Amazon_SVQ1
307,2,4109105,135,15.7,17.49,462.49,307,Amazon_SVQ1
307,3,Regreso_Amazon_SVQ1,0,15.7,17.49,479.98,307,Amazon_SVQ1
308,1,Inicio_Amazon_SVQ1,0,0.0,40.0,40.0,308,Amazon_SVQ1
308,2,4109105,135,15.7,17.49,462.49,308,Amazon_SVQ1
308,3,Regreso_Amazon_SVQ1,0,15.7,17.49,479.98,308,Amazon_SVQ1
309,1,Inicio_Amazon_SVQ1,0,0.0,40.0,40.0,309,Amazon_SVQ1
309,2,4109105,135,15.7,17.49,462.49,309,Amazon_SVQ1
309,3,Regreso_Amazon_SVQ1,0,15.7,17.49,479.98,309,Amazon_SVQ1
310,1,Inicio_Amazon_SVQ1,0,0.0,40.0,40.0,310,Amazon_SVQ1
310,2,4109105,93,15.7,17.49,336.49,310,Amazon_SVQ1
310,3,4109108,40,1.6045294162420527,1.925435299490463,458.41543529949047,310,Amazon_SVQ1
310,4,Regreso_Amazon_SVQ1,0,17.16,19.33,477.74543529949045,310,Amazon_SVQ1
311,1,Inicio_Amazon_SVQ1,0,0.0,40.0,40.0,311,Amazon_SVQ1
311,2,4109106,132,18.2,21.78,457.78,311,Amazon_SVQ1
311,3,Regreso_Amazon_SVQ1,0,18.2,21.78,479.55999999999995,311,Amazon_SVQ1
312,1,Inicio_Amazon_SVQ1,0,0.0,40.0,40.0,312,Amazon_SVQ1
312,2,4109106,132,18.2,21.78,457.78,312,Amazon_SVQ1
312,3,Regreso_Amazon_SVQ1,0,18.2,21.78,479.55999999999995,312,Amazon_SVQ1
313,1,Inicio_Amazon_SVQ1,0,0.0,40.0,40.0,313,Amazon_SVQ1
313,2,4109106,132,18.2,21.78,457.78,313,Amazon_SVQ1
313,3,Regreso_Amazon_SVQ1,0,18.2,21.78,479.55999999999995,313,Amazon_SVQ1
314,1,Inicio_Amazon_SVQ1,0,0.0,40.0,40.0,314,Amazon_SVQ1
314,2,4109106,132,18.2,21.78,457.78,314,Amazon_SVQ1
314,3,Regreso_Amazon_SVQ1,0,18.2,21.78,479.55999999999995,314,Amazon_SVQ1
315,1,Inicio_Amazon_SVQ1,0,0.0,40.0,40.0,315,Amazon_SVQ1
315,2,4109106,1,18.2,21.78,64.78,315,Amazon_SVQ1
315,3,4109108,130,2.834672724194158,3.4016072690329895,458.18160726903295,315,Amazon_SVQ1
315,4,Regreso_Amazon_SVQ1,0,17.16,19.33,477.51160726903294,315,Amazon_SVQ1
316,1,Inicio_Amazon_SVQ1,0,0.0,40.0,40.0,316,Amazon_SVQ1
316,2,4109107,131,19.16,22.78,455.78,316,Amazon_SVQ1
316,3,Regreso_Amazon_SVQ1,0,19.16,22.78,478.55999999999995,316,Amazon_SVQ1
317,1,Inicio_Amazon_SVQ1,0,0.0,40.0,40.0,317,Amazon_SVQ1
317,2,4109107,131,19.16,22.78,455.78,317,Amazon_SVQ1
317,3,Regreso_Amazon_SVQ1,0,19.16,22.78,478.55999999999995,317,Amazon_SVQ1
318,1,Inicio_Amazon_SVQ1,0,0.0,40.0,40.0,318,Amazon_SVQ1
318,2,4109107,131,19.16,22.78,455.78,318,Amazon_SVQ1
318,3,Regreso_Amazon_SVQ1,0,19.16,22.78,478.55999999999995,318,Amazon_SVQ1
319,1,Inicio_Amazon_SVQ1,0,0.0,40.0,40.0,319,Amazon_SVQ1
319,2,4109107,131,19.16,22.78,455.78,319,Amazon_SVQ1
319,3,Regreso_Amazon_SVQ1,0,19.16,22.78,478.55999999999995,319,Amazon_SVQ1
320,1,Inicio_Amazon_SVQ1,0,0.0,40.0,40.0,320,Amazon_SVQ1
320,2,4109107,97,19.16,22.78,353.78,320,Amazon_SVQ1
320,3,4109108,34,1.7682486195992269,2.121898343519072,457.90189834351906,320,Amazon_SVQ1
320,4,Regreso_Amazon_SVQ1,0,17.16,19.33,477.23189834351905,320,Amazon_SVQ1
321,1,Inicio_Amazon_SVQ1,0,0.0,40.0,40.0,321,Amazon_SVQ1
321,2,4109108,133,17.16,19.33,458.33,321,Amazon_SVQ1
321,3,Regreso_Amazon_SVQ1,0,17.16,19.33,477.65999999999997,321,Amazon_SVQ1
322,1,Inicio_Amazon_SVQ1,0,0.0,40.0,40.0,322,Amazon_SVQ1
322,2,4109108,75,17.16,19.33,284.33,322,Amazon_SVQ1
322,3,4109109,56,5.2707318336277575,6.324878200353309,458.6548782003533,322,Amazon_SVQ1
322,4,Regreso_Amazon_SVQ1,0,18.71,19.75,478.4048782003533,322,Amazon_SVQ1
323,1,Inicio_Amazon_SVQ1,0,0.0,40.0,40.0,323,Amazon_SVQ1
323,2,4109109,133,18.71,19.75,458.75,323,Amazon_SVQ1
323,3,Regreso_Amazon_SVQ1,0,18.71,19.75,478.5,323,Amazon_SVQ1
324,1,Inicio_Amazon_SVQ1,0,0.0,40.0,40.0,324,Amazon_SVQ1
324,2,4109109,133,18.71,19.75,458.75,324,Amazon_SVQ1
324,3,Regreso_Amazon_SVQ1,0,18.71,19.75,478.5,324,Amazon_SVQ1
325,1,Inicio_Amazon_SVQ1,0,0.0,40.0,40.0,325,Amazon_SVQ1
325,2,4109109,133,18.71,19.75,458.75,325,Amazon_SVQ1
325,3,Regreso_Amazon_SVQ1,0,18.71,19.75,478.5,325,Amazon_SVQ1
326,1,Inicio_Amazon_SVQ1,0,0.0,40.0,40.0,326,Amazon_SVQ1
326,2,4109109,133,18.71,19.75,458.75,326,Amazon_SVQ1
326,3,Regreso_Amazon_SVQ1,0,18.71,19.75,478.5,326,Amazon_SVQ1
327,1,Inicio_Amazon_SVQ1,0,0.0,40.0,40.0,327,Amazon_SVQ1
327,2,4109109,133,18.71,19.75,458.75,327,Amazon_SVQ1
327,3,Regreso_Amazon_SVQ1,0,18.71,19.75,478.5,327,Amazon_SVQ1
328,1,Inicio_Amazon_SVQ1,0,0.0,40.0,40.0,328,Amazon_SVQ1
328,2,4109109,133,18.71,19.75,458.75,328,Amazon_SVQ1
328,3,Regreso_Amazon_SVQ1,0,18.71,19.75,478.5,328,Amazon_SVQ1
329,1,Inicio_Amazon_SVQ1,0,0.0,40.0,40.0,329,Amazon_SVQ1
329,2,4109109,133,18.71,19.75,458.75,329,Amazon_SVQ1
329,3,Regreso_Amazon_SVQ1,0,18.71,19.75,478.5,329,Amazon_SVQ1
330,1,Inicio_Amazon_SVQ1,0,0.0,40.0,40.0,330,Amazon_SVQ1
330,2,4109109,1,18.71,19.75,62.75,330,Amazon_SVQ1
330,3,4109110,131,8.218946135060545,9.862735362072655,465.61273536207267,330,Amazon_SVQ1
330,4,Regreso_Amazon_SVQ1,0,9.1,12.65,478.26273536207265,330,Amazon_SVQ1
331,1,Inicio_Amazon_SVQ1,0,0.0,40.0,40.0,331,Amazon_SVQ1
331,2,4109110,138,9.1,12.65,466.65,331,Amazon_SVQ1
331,3,Regreso_Amazon_SVQ1,0,9.1,12.65,479.29999999999995,331,Amazon_SVQ1
332,1,Inicio_Amazon_SVQ1,0,0.0,40.0,40.0,332,Amazon_SVQ1
332,2,4109110,32,9.1,12.65,148.65,332,Amazon_SVQ1
332,3,4109111,101,3.984271983506822,4.781126380208186,456.4311263802082,332,Amazon_SVQ1
332,4,Regreso_Amazon_SVQ1,0,16.4,21.27,477.70112638020817,332,Amazon_SVQ1
333,1,Inicio_Amazon_SVQ1,0,0.0,40.0,40.0,333,Amazon_SVQ1
333,2,4109111,132,16.4,21.27,457.27,333,Amazon_SVQ1
333,3,Regreso_Amazon_SVQ1,0,16.4,21.27,478.53999999999996,333,Amazon_SVQ1
334,1,Inicio_Amazon_SVQ1,0,0.0,40.0,40.0,334,Amazon_SVQ1
334,2,4109111,33,16.4,21.27,160.26999999999998,334,Amazon_SVQ1
334,3,4109301,37,4.998574398356797,5.998289278028157,277.26828927802813,334,Amazon_SVQ1
334,4,4110201,44,28.881922298547398,34.65830675825688,443.926596036285,334,Amazon_SVQ1
334,5,Regreso_Amazon_SVQ1,0,33.91,35.3,479.226596036285,334,Amazon_SVQ1
335,1,Inicio_Amazon_SVQ1,0,0.0,40.0,40.0,335,Amazon_SVQ1
335,2,4109501,99,30.91,25.49,362.49,335,Amazon_SVQ1
335,3,4109503,29,0.42459342210359685,0.5095121065243162,449.9995121065243,335,Amazon_SVQ1
335,4,4109504,1,1.200565408481473,1.4406784901777674,454.4401905967021,335,Amazon_SVQ1
335,5,Regreso_Amazon_SVQ1,0,30.65,25.27,479.7101905967021,335,Amazon_SVQ1
336,1,Inicio_Amazon_SVQ1,0,0.0,40.0,40.0,336,Amazon_SVQ1
336,2,4109502,34,31.42,26.58,168.57999999999998,336,Amazon_SVQ1
336,3,4109503,27,0.37932203388703206,0.4551864406644385,250.0351864406644,336,Amazon_SVQ1
336,4,4109504,35,1.200565408481473,1.4406784901777674,356.4758649308422,336,Amazon_SVQ1
336,5,4110201,3,22.294023702999915,26.7528284435999,392.22869337444206,336,Amazon_SVQ1
336,6,4110203,8,0.7281008240554687,0.8737209888665625,417.10241436330864,336,Amazon_SVQ1
336,7,Regreso_Amazon_SVQ1,0,36.22,34.39,451.4924143633086,336,Amazon_SVQ1
337,1,Inicio_Amazon_SVQ1,0,0.0,40.0,40.0,337,Amazon_SVQ1
337,2,1100101,20,127.1,89.05,189.05,337,Amazon_SVQ1
337,3,1100102,23,3.5878891603474705,4.305466992416965,262.35546699241695,337,Amazon_SVQ1
337,4,1102306,15,14.3153554868851,17.17842658426212,324.5338935766791,337,Amazon_SVQ1
337,5,1190101,14,8.293523739269245,9.952228487123095,376.48612206380216,337,Amazon_SVQ1
337,6,1102301,2,16.67214299715362,20.006571596584347,402.4926936603865,337,Amazon_SVQ1
337,7,Regreso_Amazon_SVQ1,0,108.84,76.24,478.73269366038653,337,Amazon_SVQ1
338,1,Inicio_Amazon_SVQ1,0,0.0,40.0,40.0,338,Amazon_SVQ1
338,2,1100201,37,131.11,115.46,266.46,338,Amazon_SVQ1
338,3,1103401,22,5.812952188238267,6.975542625885921,339.4355426258859,338,Amazon_SVQ1
338,4,1102404,2,5.734842033202547,6.881810439843056,352.3173530657289,338,Amazon_SVQ1
338,5,1101801,10,8.02020741515992,9.624248898191905,391.94160196392085,338,Amazon_SVQ1
338,6,1102901,1,19.65003212451902,23.58003854942282,418.52164051334364,338,Amazon_SVQ1
338,7,Regreso_Amazon_SVQ1,0,72.62,61.06,479.58164051334364,338,Amazon_SVQ1
339,1,Inicio_Amazon_SVQ1,0,0.0,40.0,40.0,339,Amazon_SVQ1
339,2,1100301,13,100.79,105.94,184.94,339,Amazon_SVQ1
339,3,1190201,37,14.784802914712492,17.74176349765499,313.68176349765497,339,Amazon_SVQ1
339,4,1102501,24,11.055512012535102,13.266614415042122,398.9483779126971,339,Amazon_SVQ1
339,5,Regreso_Amazon_SVQ1,0,113.28,79.97,478.9183779126971,339,Amazon_SVQ1
340,1,Inicio_Amazon_SVQ1,0,0.0,40.0,40.0,340,Amazon_SVQ1
340,2,1100401,69,172.4,115.82,362.82,340,Amazon_SVQ1
340,3,Regreso_Amazon_SVQ1,0,172.4,115.82,478.64,340,Amazon_SVQ1
341,1,Inicio_Amazon_SVQ1,0,0.0,40.0,40.0,341,Amazon_SVQ1
341,2,1100401,69,172.4,115.82,362.82,341,Amazon_SVQ1
341,3,Regreso_Amazon_SVQ1,0,172.4,115.82,478.64,341,Amazon_SVQ1
342,1,Inicio_Amazon_SVQ1,0,0.0,40.0,40.0,342,Amazon_SVQ1
342,2,1100401,69,172.4,115.82,362.82,342,Amazon_SVQ1
342,3,Regreso_Amazon_SVQ1,0,172.4,115.82,478.64,342,Amazon_SVQ1
343,1,Inicio_Amazon_SVQ1,0,0.0,40.0,40.0,343,Amazon_SVQ1
343,2,1100401,69,172.4,115.82,362.82,343,Amazon_SVQ1
343,3,Regreso_Amazon_SVQ1,0,172.4,115.82,478.64,343,Amazon_SVQ1
344,1,Inicio_Amazon_SVQ1,0,0.0,40.0,40.0,344,Amazon_SVQ1
344,2,1100401,69,172.4,115.82,362.82,344,Amazon_SVQ1
344,3,Regreso_Amazon_SVQ1,0,172.4,115.82,478.64,344,Amazon_SVQ1
345,1,Inicio_Amazon_SVQ1,0,0.0,40.0,40.0,345,Amazon_SVQ1
345,2,1100401,4,172.4,115.82,167.82,345,Amazon_SVQ1
345,3,1100404,65,0.21706176709442687,0.2604741205133122,363.0804741205133,345,Amazon_SVQ1
345,4,Regreso_Amazon_SVQ1,0,171.94,115.74,478.8204741205133,345,Amazon_SVQ1
346,1,Inicio_Amazon_SVQ1,0,0.0,40.0,40.0,346,Amazon_SVQ1
346,2,1100402,68,172.67,117.3,361.3,346,Amazon_SVQ1
346,3,Regreso_Amazon_SVQ1,0,172.67,117.3,478.6,346,Amazon_SVQ1
347,1,Inicio_Amazon_SVQ1,0,0.0,40.0,40.0,347,Amazon_SVQ1
347,2,1100402,68,172.67,117.3,361.3,347,Amazon_SVQ1
347,3,Regreso_Amazon_SVQ1,0,172.67,117.3,478.6,347,Amazon_SVQ1
348,1,Inicio_Amazon_SVQ1,0,0.0,40.0,40.0,348,Amazon_SVQ1
348,2,1100402,68,172.67,117.3,361.3,348,Amazon_SVQ1
348,3,Regreso_Amazon_SVQ1,0,172.67,117.3,478.6,348,Amazon_SVQ1
349,1,Inicio_Amazon_SVQ1,0,0.0,40.0,40.0,349,Amazon_SVQ1
349,2,1100402,68,172.67,117.3,361.3,349,Amazon_SVQ1
349,3,Regreso_Amazon_SVQ1,0,172.67,117.3,478.6,349,Amazon_SVQ1
350,1,Inicio_Amazon_SVQ1,0,0.0,40.0,40.0,350,Amazon_SVQ1
350,2,1100402,23,172.67,117.3,226.3,350,Amazon_SVQ1
350,3,1100404,45,1.1308608772397386,1.3570330526876864,362.65703305268767,350,Amazon_SVQ1
350,4,Regreso_Amazon_SVQ1,0,171.94,115.74,478.3970330526877,350,Amazon_SVQ1
351,1,Inicio_Amazon_SVQ1,0,0.0,40.0,40.0,351,Amazon_SVQ1
351,2,1100403,69,172.54,116.37,363.37,351,Amazon_SVQ1
351,3,Regreso_Amazon_SVQ1,0,172.54,116.37,479.74,351,Amazon_SVQ1
352,1,Inicio_Amazon_SVQ1,0,0.0,40.0,40.0,352,Amazon_SVQ1
352,2,1100403,69,172.54,116.37,363.37,352,Amazon_SVQ1
352,3,Regreso_Amazon_SVQ1,0,172.54,116.37,479.74,352,Amazon_SVQ1
353,1,Inicio_Amazon_SVQ1,0,0.0,40.0,40.0,353,Amazon_SVQ1
353,2,1100403,30,172.54,116.37,246.37,353,Amazon_SVQ1
353,3,1100404,39,0.2995653735789619,0.3594784482947543,363.72947844829474,353,Amazon_SVQ1
353,4,Regreso_Amazon_SVQ1,0,171.94,115.74,479.46947844829475,353,Amazon_SVQ1
354,1,Inicio_Amazon_SVQ1,0,0.0,40.0,40.0,354,Amazon_SVQ1
354,2,1100404,69,171.94,115.74,362.74,354,Amazon_SVQ1
354,3,Regreso_Amazon_SVQ1,0,171.94,115.74,478.48,354,Amazon_SVQ1
355,1,Inicio_Amazon_SVQ1,0,0.0,40.0,40.0,355,Amazon_SVQ1
355,2,1100404,69,171.94,115.74,362.74,355,Amazon_SVQ1
355,3,Regreso_Amazon_SVQ1,0,171.94,115.74,478.48,355,Amazon_SVQ1
356,1,Inicio_Amazon_SVQ1,0,0.0,40.0,40.0,356,Amazon_SVQ1
356,2,1100404,56,171.94,115.74,323.74,356,Amazon_SVQ1
356,3,1100802,11,5.855605013071896,7.026726015686275,363.7667260156863,356,Amazon_SVQ1
356,4,Regreso_Amazon_SVQ1,0,170.46,115.2,478.9667260156863,356,Amazon_SVQ1
357,1,Inicio_Amazon_SVQ1,0,0.0,40.0,40.0,357,Amazon_SVQ1
357,2,1100501,32,90.82,77.06,213.06,357,Amazon_SVQ1
357,3,1100502,8,2.657786762330796,3.1893441147969552,240.24934411479697,357,Amazon_SVQ1
357,4,1104201,12,6.896182271286631,8.275418725543958,284.52476284034094,357,Amazon_SVQ1
357,5,1101801,5,9.066523063207248,10.879827675848697,310.4045905161896,357,Amazon_SVQ1
357,6,1101901,17,9.868463964021364,11.842156756825636,373.2467472730153,357,Amazon_SVQ1
357,7,1101101,3,12.451205747275191,14.941446896730229,397.1881941697455,357,Amazon_SVQ1
357,8,Regreso_Amazon_SVQ1,0,90.44,80.12,477.3081941697455,357,Amazon_SVQ1
358,1,Inicio_Amazon_SVQ1,0,0.0,40.0,40.0,358,Amazon_SVQ1
358,2,1100601,45,101.82,73.27,248.26999999999998,358,Amazon_SVQ1
358,3,1100602,53,0.277527196066289,0.3330326352795468,407.60303263527953,358,Amazon_SVQ1
358,4,Regreso_Amazon_SVQ1,0,79.06,71.8,479.40303263527954,358,Amazon_SVQ1
359,1,Inicio_Amazon_SVQ1,0,0.0,40.0,40.0,359,Amazon_SVQ1
359,2,1100602,57,79.06,71.8,282.8,359,Amazon_SVQ1
359,3,1100604,38,2.933178212523441,3.5198138550281293,400.31981385502814,359,Amazon_SVQ1
359,4,1101002,1,6.659963083124507,7.991955699749408,411.3117695547775,359,Amazon_SVQ1
359,5,Regreso_Amazon_SVQ1,0,78.0,65.77,477.0817695547775,359,Amazon_SVQ1
360,1,Inicio_Amazon_SVQ1,0,0.0,40.0,40.0,360,Amazon_SVQ1
360,2,1100603,42,100.49,70.19,236.19,360,Amazon_SVQ1
360,3,1100604,8,7.61336355032838,9.136036260394055,269.32603626039406,360,Amazon_SVQ1
360,4,1101002,29,6.659963083124507,7.991955699749408,364.31799196014344,360,Amazon_SVQ1
360,5,1101001,16,0.3648568247467833,0.43782818969613996,412.75582014983956,360,Amazon_SVQ1
360,6,Regreso_Amazon_SVQ1,0,77.21,65.27,478.02582014983955,360,Amazon_SVQ1
361,1,Inicio_Amazon_SVQ1,0,0.0,40.0,40.0,361,Amazon_SVQ1
361,2,1100701,51,155.24,109.58,302.58,361,Amazon_SVQ1
361,3,1100702,22,0.352337002867611,0.4228044034411332,369.00280440344113,361,Amazon_SVQ1
361,4,Regreso_Amazon_SVQ1,0,155.67,110.27,479.2728044034411,361,Amazon_SVQ1
362,1,Inicio_Amazon_SVQ1,0,0.0,40.0,40.0,362,Amazon_SVQ1
362,2,1100702,45,155.67,110.27,285.27,362,Amazon_SVQ1
362,3,1100703,27,1.019171154315961,1.2230053851791531,367.4930053851791,362,Amazon_SVQ1
362,4,Regreso_Amazon_SVQ1,0,156.08,110.74,478.2330053851791,362,Amazon_SVQ1
363,1,Inicio_Amazon_SVQ1,0,0.0,40.0,40.0,363,Amazon_SVQ1
363,2,1100703,1,156.08,110.74,153.74,363,Amazon_SVQ1
363,3,1100704,24,5.011222504833083,6.0134670057997,231.7534670057997,363,Amazon_SVQ1
363,4,1103902,42,10.984564019753538,13.181476823704246,370.93494382950394,363,Amazon_SVQ1
363,5,1102301,1,22.633041466098874,27.15964975931865,401.0945935888226,363,Amazon_SVQ1
363,6,1102305,1,0.9932882150352567,1.191945858042308,405.2865394468649,363,Amazon_SVQ1
363,7,Regreso_Amazon_SVQ1,0,107.64,74.45,479.73653944686487,363,Amazon_SVQ1
364,1,Inicio_Amazon_SVQ1,0,0.0,40.0,40.0,364,Amazon_SVQ1
364,2,1100801,77,153.73,103.25,374.25,364,Amazon_SVQ1
364,3,Regreso_Amazon_SVQ1,0,153.73,103.25,477.5,364,Amazon_SVQ1
365,1,Inicio_Amazon_SVQ1,0,0.0,40.0,40.0,365,Amazon_SVQ1
365,2,1100801,77,153.73,103.25,374.25,365,Amazon_SVQ1
365,3,Regreso_Amazon_SVQ1,0,153.73,103.25,477.5,365,Amazon_SVQ1
366,1,Inicio_Amazon_SVQ1,0,0.0,40.0,40.0,366,Amazon_SVQ1
366,2,1100801,20,153.73,103.25,203.25,366,Amazon_SVQ1
366,3,1100803,47,10.615581828344459,12.73869819401335,356.98869819401335,366,Amazon_SVQ1
366,4,Regreso_Amazon_SVQ1,0,167.88,120.11,477.09869819401337,366,Amazon_SVQ1
367,1,Inicio_Amazon_SVQ1,0,0.0,40.0,40.0,367,Amazon_SVQ1
367,2,1100802,8,170.46,115.2,179.2,367,Amazon_SVQ1
367,3,1103304,49,3.1150416244812096,3.7380499493774515,329.93804994937744,367,Amazon_SVQ1
367,4,1103302,8,3.0274848617876406,3.632981834145169,357.5710317835226,367,Amazon_SVQ1
367,5,Regreso_Amazon_SVQ1,0,177.7,120.01,477.5810317835226,367,Amazon_SVQ1
368,1,Inicio_Amazon_SVQ1,0,0.0,40.0,40.0,368,Amazon_SVQ1
368,2,1100803,9,167.88,120.11,187.11,368,Amazon_SVQ1
368,3,1103302,54,7.019810811581318,8.423772973897583,357.5337729738976,368,Amazon_SVQ1
368,4,Regreso_Amazon_SVQ1,0,177.7,120.01,477.5437729738976,368,Amazon_SVQ1
369,1,Inicio_Amazon_SVQ1,0,0.0,40.0,40.0,369,Amazon_SVQ1
369,2,1190101,47,129.35,101.29,282.29,369,Amazon_SVQ1
369,3,1102301,3,16.67214299715362,20.006571596584347,311.2965715965844,369,Amazon_SVQ1
369,4,1102303,6,0.3003628655834057,0.3604354387000868,329.6570070352845,369,Amazon_SVQ1
369,5,1102302,7,0.27299557657693596,0.32759469189232315,350.9846017271768,369,Amazon_SVQ1
369,6,1102304,7,0.5452676287092151,0.6543211544510581,372.6389228816279,369,Amazon_SVQ1
369,7,1102305,10,0.639129534199222,0.7669554410390664,403.4058783226669,369,Amazon_SVQ1
369,8,Regreso_Amazon_SVQ1,0,107.64,74.45,477.8558783226669,369,Amazon_SVQ1
370,1,Inicio_Amazon_SVQ1,0,0.0,40.0,40.0,370,Amazon_SVQ1
370,2,1100901,7,100.87,101.9,162.9,370,Amazon_SVQ1
370,3,1103801,72,3.647591226652097,4.377109471982516,383.2771094719825,370,Amazon_SVQ1
370,4,1101101,1,10.064221940199204,12.077066328239045,398.3541758002215,370,Amazon_SVQ1
370,5,Regreso_Amazon_SVQ1,0,90.44,80.12,478.47417580022153,370,Amazon_SVQ1
371,1,Inicio_Amazon_SVQ1,0,0.0,40.0,40.0,371,Amazon_SVQ1
371,2,1101001,5,77.21,65.27,120.27,371,Amazon_SVQ1
371,3,1101003,7,6.425884024320765,7.711060829184918,148.9810608291849,371,Amazon_SVQ1
371,4,1104102,71,4.532786096201125,5.43934331544135,367.4204041446263,371,Amazon_SVQ1
371,5,1104101,16,0.576816492465542,0.6921797909586505,416.1125839355849,371,Amazon_SVQ1
371,6,Regreso_Amazon_SVQ1,0,73.05,62.67,478.7825839355849,371,Amazon_SVQ1
372,1,Inicio_Amazon_SVQ1,0,0.0,40.0,40.0,372,Amazon_SVQ1
372,2,1101101,18,90.44,80.12,174.12,372,Amazon_SVQ1
372,3,1102602,25,5.248436635967617,6.2981239631611405,255.41812396316115,372,Amazon_SVQ1
372,4,1102601,20,0.4544652271254811,0.5453582725505773,315.96348223571175,372,Amazon_SVQ1
372,5,1104101,16,11.73138857198672,14.077666286384064,378.0411485220958,372,Amazon_SVQ1
372,6,1102901,9,10.471692512178743,12.566031014614492,417.6071795367103,372,Amazon_SVQ1
372,7,Regreso_Amazon_SVQ1,0,72.62,61.06,478.6671795367103,372,Amazon_SVQ1
373,1,Inicio_Amazon_SVQ1,0,0.0,40.0,40.0,373,Amazon_SVQ1
373,2,1101201,59,109.6,78.32,295.32,373,Amazon_SVQ1
373,3,1101203,35,0.20398239437268112,0.24477887324721734,400.5647788732472,373,Amazon_SVQ1
373,4,1101208,1,1.6759873659578817,2.011184839149458,405.57596371239663,373,Amazon_SVQ1
373,5,Regreso_Amazon_SVQ1,0,107.84,74.04,479.61596371239665,373,Amazon_SVQ1
374,1,Inicio_Amazon_SVQ1,0,0.0,40.0,40.0,374,Amazon_SVQ1
374,2,1101202,57,109.62,79.01,290.01,374,Amazon_SVQ1
374,3,1101203,22,0.1640972106368737,0.19691665276424844,356.2069166527642,374,Amazon_SVQ1
374,4,1101205,14,0.3542710771900077,0.4251252926280093,398.63204194539225,374,Amazon_SVQ1
374,5,1101206,1,0.2980574668065243,0.3576689601678292,401.98971090556006,374,Amazon_SVQ1
374,6,Regreso_Amazon_SVQ1,0,108.9,76.26,478.24971090556005,374,Amazon_SVQ1
375,1,Inicio_Amazon_SVQ1,0,0.0,40.0,40.0,375,Amazon_SVQ1
375,2,1101204,33,109.75,79.44,218.44,375,Amazon_SVQ1
375,3,1101205,25,0.33548850217894843,0.40258620261473815,293.8425862026147,375,Amazon_SVQ1
375,4,1101206,36,0.2980574668065243,0.3576689601678292,402.2002551627825,375,Amazon_SVQ1
375,5,Regreso_Amazon_SVQ1,0,108.9,76.26,478.4602551627825,375,Amazon_SVQ1
376,1,Inicio_Amazon_SVQ1,0,0.0,40.0,40.0,376,Amazon_SVQ1
376,2,1101207,27,107.94,75.07,196.07,376,Amazon_SVQ1
376,3,1101208,69,0.7650106721654121,0.9180128065984945,403.9880128065985,376,Amazon_SVQ1
376,4,Regreso_Amazon_SVQ1,0,107.84,74.04,478.0280128065985,376,Amazon_SVQ1
377,1,Inicio_Amazon_SVQ1,0,0.0,40.0,40.0,377,Amazon_SVQ1
377,2,1101208,97,107.84,74.04,405.04,377,Amazon_SVQ1
377,3,Regreso_Amazon_SVQ1,0,107.84,74.04,479.08000000000004,377,Amazon_SVQ1
378,1,Inicio_Amazon_SVQ1,0,0.0,40.0,40.0,378,Amazon_SVQ1
378,2,1101208,97,107.84,74.04,405.04,378,Amazon_SVQ1
378,3,Regreso_Amazon_SVQ1,0,107.84,74.04,479.08000000000004,378,Amazon_SVQ1
379,1,Inicio_Amazon_SVQ1,0,0.0,40.0,40.0,379,Amazon_SVQ1
379,2,1101208,13,107.84,74.04,153.04000000000002,379,Amazon_SVQ1
379,3,1101209,83,1.166236808575326,1.3994841702903913,403.43948417029037,379,Amazon_SVQ1
379,4,Regreso_Amazon_SVQ1,0,107.52,74.08,477.51948417029035,379,Amazon_SVQ1
380,1,Inicio_Amazon_SVQ1,0,0.0,40.0,40.0,380,Amazon_SVQ1
380,2,1101209,97,107.52,74.08,405.08,380,Amazon_SVQ1
380,3,Regreso_Amazon_SVQ1,0,107.52,74.08,479.15999999999997,380,Amazon_SVQ1
381,1,Inicio_Amazon_SVQ1,0,0.0,40.0,40.0,381,Amazon_SVQ1
381,2,1101209,44,107.52,74.08,246.07999999999998,381,Amazon_SVQ1
381,3,1101210,52,0.9296233182472802,1.1155479818967362,403.1955479818967,381,Amazon_SVQ1
381,4,Regreso_Amazon_SVQ1,0,108.29,75.36,478.5555479818967,381,Amazon_SVQ1
382,1,Inicio_Amazon_SVQ1,0,0.0,40.0,40.0,382,Amazon_SVQ1
382,2,1101210,96,108.29,75.36,403.36,382,Amazon_SVQ1
382,3,Regreso_Amazon_SVQ1,0,108.29,75.36,478.72,382,Amazon_SVQ1
383,1,Inicio_Amazon_SVQ1,0,0.0,40.0,40.0,383,Amazon_SVQ1
383,2,1101210,96,108.29,75.36,403.36,383,Amazon_SVQ1
383,3,Regreso_Amazon_SVQ1,0,108.29,75.36,478.72,383,Amazon_SVQ1
384,1,Inicio_Amazon_SVQ1,0,0.0,40.0,40.0,384,Amazon_SVQ1
384,2,1101210,38,108.29,75.36,229.36,384,Amazon_SVQ1
384,3,1102801,57,7.611229195596312,9.133475034715575,409.49347503471563,384,Amazon_SVQ1
384,4,Regreso_Amazon_SVQ1,0,99.89,68.28,477.7734750347156,384,Amazon_SVQ1
385,1,Inicio_Amazon_SVQ1,0,0.0,40.0,40.0,385,Amazon_SVQ1
385,2,1101301,28,187.62,132.69,256.69,385,Amazon_SVQ1
385,3,1102102,20,10.288637282990669,12.346364739588802,329.0363647395888,385,Amazon_SVQ1
385,4,1103302,2,20.595159506075507,24.71419140729061,359.75055614687943,385,Amazon_SVQ1
385,5,Regreso_Amazon_SVQ1,0,177.7,120.01,479.7605561468794,385,Amazon_SVQ1
386,1,Inicio_Amazon_SVQ1,0,0.0,40.0,40.0,386,Amazon_SVQ1
386,2,1101501,92,114.06,81.33,397.33,386,Amazon_SVQ1
386,3,Regreso_Amazon_SVQ1,0,114.06,81.33,478.65999999999997,386,Amazon_SVQ1
387,1,Inicio_Amazon_SVQ1,0,0.0,40.0,40.0,387,Amazon_SVQ1
387,2,1101501,58,114.06,81.33,295.33,387,Amazon_SVQ1
387,3,1101504,34,0.46353467110718416,0.556241605328621,397.8862416053286,387,Amazon_SVQ1
387,4,Regreso_Amazon_SVQ1,0,112.99,80.55,478.43624160532863,387,Amazon_SVQ1
388,1,Inicio_Amazon_SVQ1,0,0.0,40.0,40.0,388,Amazon_SVQ1
388,2,1101502,79,115.26,83.91,360.90999999999997,388,Amazon_SVQ1
388,3,1101503,12,0.6220972667598266,0.7465167201117919,397.65651672011177,388,Amazon_SVQ1
388,4,Regreso_Amazon_SVQ1,0,114.49,82.14,479.79651672011175,388,Amazon_SVQ1
389,1,Inicio_Amazon_SVQ1,0,0.0,40.0,40.0,389,Amazon_SVQ1
389,2,1101503,69,114.49,82.14,329.14,389,Amazon_SVQ1
389,3,1101504,23,0.91754222192663,1.1010506663119561,399.24105066631193,389,Amazon_SVQ1
389,4,Regreso_Amazon_SVQ1,0,112.99,80.55,479.79105066631195,389,Amazon_SVQ1
390,1,Inicio_Amazon_SVQ1,0,0.0,40.0,40.0,390,Amazon_SVQ1
390,2,1101504,92,112.99,80.55,396.55,390,Amazon_SVQ1
390,3,Regreso_Amazon_SVQ1,0,112.99,80.55,477.1,390,Amazon_SVQ1
391,1,Inicio_Amazon_SVQ1,0,0.0,40.0,40.0,391,Amazon_SVQ1
391,2,1101504,44,112.99,80.55,252.55,391,Amazon_SVQ1
391,3,1103106,46,6.506039762107262,7.807247714528714,398.35724771452874,391,Amazon_SVQ1
391,4,1103104,1,0.5647412713096115,0.6776895255715338,402.03493724010025,391,Amazon_SVQ1
391,5,Regreso_Amazon_SVQ1,0,110.3,77.95,479.98493724010024,391,Amazon_SVQ1
392,1,Inicio_Amazon_SVQ1,0,0.0,40.0,40.0,392,Amazon_SVQ1
392,2,1101505,82,126.47,95.83,381.83,392,Amazon_SVQ1
392,3,1103106,1,12.641650546608538,15.169980655930246,399.99998065593024,392,Amazon_SVQ1
392,4,Regreso_Amazon_SVQ1,0,111.49,79.35,479.34998065593027,392,Amazon_SVQ1
393,1,Inicio_Amazon_SVQ1,0,0.0,40.0,40.0,393,Amazon_SVQ1
393,2,1101505,82,126.47,95.83,381.83,393,Amazon_SVQ1
393,3,1103106,1,12.641650546608538,15.169980655930246,399.99998065593024,393,Amazon_SVQ1
393,4,Regreso_Amazon_SVQ1,0,111.49,79.35,479.34998065593027,393,Amazon_SVQ1
394,1,Inicio_Amazon_SVQ1,0,0.0,40.0,40.0,394,Amazon_SVQ1
394,2,1101505,82,126.47,95.83,381.83,394,Amazon_SVQ1
394,3,1103106,1,12.641650546608538,15.169980655930246,399.99998065593024,394,Amazon_SVQ1
394,4,Regreso_Amazon_SVQ1,0,111.49,79.35,479.34998065593027,394,Amazon_SVQ1
395,1,Inicio_Amazon_SVQ1,0,0.0,40.0,40.0,395,Amazon_SVQ1
395,2,1101505,52,126.47,95.83,291.83,395,Amazon_SVQ1
395,3,1101402,27,10.35288619333759,12.423463432005107,385.2534634320051,395,Amazon_SVQ1
395,4,Regreso_Amazon_SVQ1,0,132.96,94.71,479.9634634320051,395,Amazon_SVQ1
396,1,Inicio_Amazon_SVQ1,0,0.0,40.0,40.0,396,Amazon_SVQ1
396,2,1101601,15,113.46,81.37,166.37,396,Amazon_SVQ1
396,3,1101602,63,0.3473981953231064,0.4168778343877277,355.7868778343877,396,Amazon_SVQ1
396,4,1101603,13,3.2882336625315625,3.9458803950378747,398.7327582294256,396,Amazon_SVQ1
396,5,Regreso_Amazon_SVQ1,0,111.43,81.01,479.7427582294256,396,Amazon_SVQ1
397,1,Inicio_Amazon_SVQ1,0,0.0,40.0,40.0,397,Amazon_SVQ1
397,2,1101603,51,111.43,81.01,274.01,397,Amazon_SVQ1
397,3,1103202,40,6.377989587559311,7.653587505071174,401.6635875050712,397,Amazon_SVQ1
397,4,Regreso_Amazon_SVQ1,0,106.48,76.93,478.5935875050712,397,Amazon_SVQ1
398,1,Inicio_Amazon_SVQ1,0,0.0,40.0,40.0,398,Amazon_SVQ1
398,2,1101401,82,133.47,96.51,382.51,398,Amazon_SVQ1
398,3,Regreso_Amazon_SVQ1,0,133.47,96.51,479.02,398,Amazon_SVQ1
399,1,Inicio_Amazon_SVQ1,0,0.0,40.0,40.0,399,Amazon_SVQ1
399,2,1101401,10,133.47,96.51,166.51,399,Amazon_SVQ1
399,3,1101403,52,0.43242093410846966,0.5189051209301636,323.0289051209302,399,Amazon_SVQ1
399,4,1101402,20,0.9271267125990728,1.1125520551188874,384.1414571760491,399,Amazon_SVQ1
399,5,Regreso_Amazon_SVQ1,0,132.96,94.71,478.85145717604905,399,Amazon_SVQ1
400,1,Inicio_Amazon_SVQ1,0,0.0,40.0,40.0,400,Amazon_SVQ1
400,2,1101402,20,132.96,94.71,194.70999999999998,400,Amazon_SVQ1
400,3,1103903,41,5.819569469156384,6.983483362987662,324.69348336298765,400,Amazon_SVQ1
400,4,1103901,9,6.7773341265912,8.13280095190944,359.82628431489707,400,Amazon_SVQ1
400,5,1103902,2,5.041109230064485,6.049331076077382,371.8756153909745,400,Amazon_SVQ1
400,6,1102305,1,23.56742360511644,28.280908326139727,403.1565237171142,400,Amazon_SVQ1
400,7,Regreso_Amazon_SVQ1,0,107.64,74.45,477.6065237171142,400,Amazon_SVQ1
401,1,Inicio_Amazon_SVQ1,0,0.0,40.0,40.0,401,Amazon_SVQ1
401,2,1101701,32,64.65,55.76,191.76,401,Amazon_SVQ1
401,3,1102901,37,23.695115267645782,28.43413832117494,331.19413832117493,401,Amazon_SVQ1
401,4,1103801,6,28.102822795390118,33.723387354468144,382.9175256756431,401,Amazon_SVQ1
401,5,Regreso_Amazon_SVQ1,0,102.74,95.05,477.9675256756431,401,Amazon_SVQ1
402,1,Inicio_Amazon_SVQ1,0,0.0,40.0,40.0,402,Amazon_SVQ1
402,2,1102001,40,81.12,62.15,222.15,402,Amazon_SVQ1
402,3,1102002,66,0.8506383653790529,1.0207660384548636,421.1707660384549,402,Amazon_SVQ1
402,4,1102004,1,0.976951716469757,1.1723420597637084,425.3431080982186,402,Amazon_SVQ1
402,5,Regreso_Amazon_SVQ1,0,77.33,54.32,479.6631080982186,402,Amazon_SVQ1
403,1,Inicio_Amazon_SVQ1,0,0.0,40.0,40.0,403,Amazon_SVQ1
403,2,1102002,109,78.76,56.5,423.5,403,Amazon_SVQ1
403,3,Regreso_Amazon_SVQ1,0,78.76,56.5,480.0,403,Amazon_SVQ1
404,1,Inicio_Amazon_SVQ1,0,0.0,40.0,40.0,404,Amazon_SVQ1
404,2,1102002,77,78.76,56.5,327.5,404,Amazon_SVQ1
404,3,1102004,32,0.976951716469757,1.1723420597637084,424.6723420597637,404,Amazon_SVQ1
404,4,Regreso_Amazon_SVQ1,0,77.33,54.32,478.9923420597637,404,Amazon_SVQ1
405,1,Inicio_Amazon_SVQ1,0,0.0,40.0,40.0,405,Amazon_SVQ1
405,2,1102003,105,81.91,61.22,416.22,405,Amazon_SVQ1
405,3,1102005,1,2.5104966326476297,3.0125959591771556,422.23259595917716,405,Amazon_SVQ1
405,4,Regreso_Amazon_SVQ1,0,78.81,55.96,478.19259595917714,405,Amazon_SVQ1
406,1,Inicio_Amazon_SVQ1,0,0.0,40.0,40.0,406,Amazon_SVQ1
406,2,1102003,49,81.91,61.22,248.22,406,Amazon_SVQ1
406,3,1102007,56,1.3201864001919763,1.5842236802303717,417.8042236802304,406,Amazon_SVQ1
406,4,1102006,1,2.179594999517054,2.6155139994204646,423.41973767965084,406,Amazon_SVQ1
406,5,Regreso_Amazon_SVQ1,0,77.81,54.96,478.3797376796508,406,Amazon_SVQ1
407,1,Inicio_Amazon_SVQ1,0,0.0,40.0,40.0,407,Amazon_SVQ1
407,2,1102004,110,77.33,54.32,424.32,407,Amazon_SVQ1
407,3,Regreso_Amazon_SVQ1,0,77.33,54.32,478.64,407,Amazon_SVQ1
408,1,Inicio_Amazon_SVQ1,0,0.0,40.0,40.0,408,Amazon_SVQ1
408,2,1102004,110,77.33,54.32,424.32,408,Amazon_SVQ1
408,3,Regreso_Amazon_SVQ1,0,77.33,54.32,478.64,408,Amazon_SVQ1
409,1,Inicio_Amazon_SVQ1,0,0.0,40.0,40.0,409,Amazon_SVQ1
409,2,1102004,48,77.33,54.32,238.32,409,Amazon_SVQ1
409,3,1102006,61,0.6561751417064892,0.787410170047787,422.1074101700478,409,Amazon_SVQ1
409,4,Regreso_Amazon_SVQ1,0,77.81,54.96,477.06741017004776,409,Amazon_SVQ1
410,1,Inicio_Amazon_SVQ1,0,0.0,40.0,40.0,410,Amazon_SVQ1
410,2,1102005,108,78.81,55.96,419.96,410,Amazon_SVQ1
410,3,Regreso_Amazon_SVQ1,0,78.81,55.96,475.91999999999996,410,Amazon_SVQ1
411,1,Inicio_Amazon_SVQ1,0,0.0,40.0,40.0,411,Amazon_SVQ1
411,2,1102006,110,77.81,54.96,424.96,411,Amazon_SVQ1
411,3,Regreso_Amazon_SVQ1,0,77.81,54.96,479.91999999999996,411,Amazon_SVQ1
412,1,Inicio_Amazon_SVQ1,0,0.0,40.0,40.0,412,Amazon_SVQ1
412,2,1102006,110,77.81,54.96,424.96,412,Amazon_SVQ1
412,3,Regreso_Amazon_SVQ1,0,77.81,54.96,479.91999999999996,412,Amazon_SVQ1
413,1,Inicio_Amazon_SVQ1,0,0.0,40.0,40.0,413,Amazon_SVQ1
413,2,1102006,110,77.81,54.96,424.96,413,Amazon_SVQ1
413,3,Regreso_Amazon_SVQ1,0,77.81,54.96,479.91999999999996,413,Amazon_SVQ1
414,1,Inicio_Amazon_SVQ1,0,0.0,40.0,40.0,414,Amazon_SVQ1
414,2,1102006,110,77.81,54.96,424.96,414,Amazon_SVQ1
414,3,Regreso_Amazon_SVQ1,0,77.81,54.96,479.91999999999996,414,Amazon_SVQ1
415,1,Inicio_Amazon_SVQ1,0,0.0,40.0,40.0,415,Amazon_SVQ1
415,2,1102006,110,77.81,54.96,424.96,415,Amazon_SVQ1
415,3,Regreso_Amazon_SVQ1,0,77.81,54.96,479.91999999999996,415,Amazon_SVQ1
416,1,Inicio_Amazon_SVQ1,0,0.0,40.0,40.0,416,Amazon_SVQ1
416,2,1102006,21,77.81,54.96,157.96,416,Amazon_SVQ1
416,3,1102007,86,2.179594999517054,2.6155139994204646,418.5755139994204,416,Amazon_SVQ1
416,4,Regreso_Amazon_SVQ1,0,80.5,59.47,478.04551399942045,416,Amazon_SVQ1
417,1,Inicio_Amazon_SVQ1,0,0.0,40.0,40.0,417,Amazon_SVQ1
417,2,1102007,78,80.5,59.47,333.47,417,Amazon_SVQ1
417,3,1102008,27,3.0309461161812545,3.6371353394175054,418.10713533941754,417,Amazon_SVQ1
417,4,Regreso_Amazon_SVQ1,0,83.44,59.16,477.26713533941756,417,Amazon_SVQ1
418,1,Inicio_Amazon_SVQ1,0,0.0,40.0,40.0,418,Amazon_SVQ1
418,2,1102008,2,83.44,59.16,105.16,418,Amazon_SVQ1
418,3,1102010,26,6.80720301196267,8.168643614355204,191.3286436143552,418,Amazon_SVQ1
418,4,1102704,57,9.7748213091313,11.72978557095756,374.0584291853128,418,Amazon_SVQ1
418,5,1102701,10,3.8735923466941427,4.648310816032971,408.70674000134574,418,Amazon_SVQ1
418,6,Regreso_Amazon_SVQ1,0,96.86,69.28,477.98674000134577,418,Amazon_SVQ1
419,1,Inicio_Amazon_SVQ1,0,0.0,40.0,40.0,419,Amazon_SVQ1
419,2,1102009,77,69.14,79.29,350.29,419,Amazon_SVQ1
419,3,1103201,8,23.504332978285245,28.205199573942295,402.49519957394233,419,Amazon_SVQ1
419,4,Regreso_Amazon_SVQ1,0,105.71,75.36,477.85519957394234,419,Amazon_SVQ1
420,1,Inicio_Amazon_SVQ1,0,0.0,40.0,40.0,420,Amazon_SVQ1
420,2,1102101,24,203.17,147.6,259.6,420,Amazon_SVQ1
420,3,1102103,13,5.143454430387582,6.172145316465098,304.7721453164651,420,Amazon_SVQ1
420,4,1190301,2,12.285331586286077,14.742397903543292,325.5145432200084,420,Amazon_SVQ1
420,5,1103305,3,7.010916878134188,8.413100253761026,342.9276434737694,420,Amazon_SVQ1
420,6,1103302,1,11.079197715211569,13.295037258253883,359.2226807320233,420,Amazon_SVQ1
420,7,Regreso_Amazon_SVQ1,0,177.7,120.01,479.2326807320233,420,Amazon_SVQ1
421,1,Inicio_Amazon_SVQ1,0,0.0,40.0,40.0,421,Amazon_SVQ1
421,2,1102201,62,182.44,126.0,352.0,421,Amazon_SVQ1
421,3,1103303,1,2.598589925622169,3.118307910746603,358.1183079107466,421,Amazon_SVQ1
421,4,Regreso_Amazon_SVQ1,0,179.46,121.61,479.7283079107466,421,Amazon_SVQ1
422,1,Inicio_Amazon_SVQ1,0,0.0,40.0,40.0,422,Amazon_SVQ1
422,2,1102201,12,182.44,126.0,202.0,422,Amazon_SVQ1
422,3,1102203,50,0.25803882558579877,0.3096465907029585,352.309646590703,422,Amazon_SVQ1
422,4,1103303,1,2.4780622227277056,2.973674667273247,358.28332125797624,422,Amazon_SVQ1
422,5,Regreso_Amazon_SVQ1,0,179.46,121.61,479.89332125797625,422,Amazon_SVQ1
423,1,Inicio_Amazon_SVQ1,0,0.0,40.0,40.0,423,Amazon_SVQ1
423,2,1102202,62,182.91,126.38,352.38,423,Amazon_SVQ1
423,3,Regreso_Amazon_SVQ1,0,182.91,126.38,478.76,423,Amazon_SVQ1
424,1,Inicio_Amazon_SVQ1,0,0.0,40.0,40.0,424,Amazon_SVQ1
424,2,1102202,35,182.91,126.38,271.38,424,Amazon_SVQ1
424,3,1102203,27,0.7182915848766478,0.8619499018519774,353.24194990185197,424,Amazon_SVQ1
424,4,Regreso_Amazon_SVQ1,0,182.11,125.24,478.481949901852,424,Amazon_SVQ1
425,1,Inicio_Amazon_SVQ1,0,0.0,40.0,40.0,425,Amazon_SVQ1
425,2,1102203,63,182.11,125.24,354.24,425,Amazon_SVQ1
425,3,Regreso_Amazon_SVQ1,0,182.11,125.24,479.48,425,Amazon_SVQ1
426,1,Inicio_Amazon_SVQ1,0,0.0,40.0,40.0,426,Amazon_SVQ1
426,2,1102203,5,182.11,125.24,180.24,426,Amazon_SVQ1
426,3,1102204,47,0.521780984726463,0.6261371816717556,321.8661371816718,426,Amazon_SVQ1
426,4,1102205,11,0.7934731233831842,0.952167748059821,355.8183049297316,426,Amazon_SVQ1
426,5,Regreso_Amazon_SVQ1,0,180.94,123.54,479.3583049297316,426,Amazon_SVQ1
427,1,Inicio_Amazon_SVQ1,0,0.0,40.0,40.0,427,Amazon_SVQ1
427,2,1102205,34,180.94,123.54,265.54,427,Amazon_SVQ1
427,3,1103303,30,1.3467016446337867,1.6160419735605442,357.15604197356055,427,Amazon_SVQ1
427,4,Regreso_Amazon_SVQ1,0,179.46,121.61,478.76604197356056,427,Amazon_SVQ1
428,1,Inicio_Amazon_SVQ1,0,0.0,40.0,40.0,428,Amazon_SVQ1
428,2,1102206,42,183.05,127.09,293.09000000000003,428,Amazon_SVQ1
428,3,1102207,18,1.3451438806764346,1.6141726568117214,348.70417265681175,428,Amazon_SVQ1
428,4,1103303,1,3.3481474801548448,4.017776976185814,355.72194963299756,428,Amazon_SVQ1
428,5,Regreso_Amazon_SVQ1,0,179.46,121.61,477.3319496329976,428,Amazon_SVQ1
429,1,Inicio_Amazon_SVQ1,0,0.0,40.0,40.0,429,Amazon_SVQ1
429,2,1102207,60,183.9,128.86,348.86,429,Amazon_SVQ1
429,3,1103303,1,3.3481474801548448,4.017776976185814,355.8777769761858,429,Amazon_SVQ1
429,4,Regreso_Amazon_SVQ1,0,179.46,121.61,477.48777697618584,429,Amazon_SVQ1
430,1,Inicio_Amazon_SVQ1,0,0.0,40.0,40.0,430,Amazon_SVQ1
430,2,1102207,16,183.9,128.86,216.86,430,Amazon_SVQ1
430,3,1103303,6,3.3481474801548448,4.017776976185814,238.87777697618583,430,Amazon_SVQ1
430,4,1103301,33,3.794464170317621,4.553357004381145,342.431133980567,430,Amazon_SVQ1
430,5,1103302,5,0.5912948605352608,0.709553832642313,358.1406878132093,430,Amazon_SVQ1
430,6,Regreso_Amazon_SVQ1,0,177.7,120.01,478.1506878132093,430,Amazon_SVQ1
431,1,Inicio_Amazon_SVQ1,0,0.0,40.0,40.0,431,Amazon_SVQ1
431,2,1102305,47,107.64,74.45,255.45,431,Amazon_SVQ1
431,3,1102501,22,8.78033433393877,10.536401200726525,331.9864012007265,431,Amazon_SVQ1
431,4,1102804,16,20.287316838090423,24.344780205708506,404.331181406435,431,Amazon_SVQ1
431,5,Regreso_Amazon_SVQ1,0,106.33,75.41,479.741181406435,431,Amazon_SVQ1
432,1,Inicio_Amazon_SVQ1,0,0.0,40.0,40.0,432,Amazon_SVQ1
432,2,1102701,100,96.86,69.28,409.28,432,Amazon_SVQ1
432,3,Regreso_Amazon_SVQ1,0,96.86,69.28,478.55999999999995,432,Amazon_SVQ1
433,1,Inicio_Amazon_SVQ1,0,0.0,40.0,40.0,433,Amazon_SVQ1
433,2,1102701,100,96.86,69.28,409.28,433,Amazon_SVQ1
433,3,Regreso_Amazon_SVQ1,0,96.86,69.28,478.55999999999995,433,Amazon_SVQ1
434,1,Inicio_Amazon_SVQ1,0,0.0,40.0,40.0,434,Amazon_SVQ1
434,2,1102701,100,96.86,69.28,409.28,434,Amazon_SVQ1
434,3,Regreso_Amazon_SVQ1,0,96.86,69.28,478.55999999999995,434,Amazon_SVQ1
435,1,Inicio_Amazon_SVQ1,0,0.0,40.0,40.0,435,Amazon_SVQ1
435,2,1102701,30,96.86,69.28,199.28,435,Amazon_SVQ1
435,3,1102703,68,1.1131423559226925,1.335770827107231,404.6157708271072,435,Amazon_SVQ1
435,4,Regreso_Amazon_SVQ1,0,102.16,72.41,477.0257708271072,435,Amazon_SVQ1
436,1,Inicio_Amazon_SVQ1,0,0.0,40.0,40.0,436,Amazon_SVQ1
436,2,1102702,97,104.56,74.22,405.22,436,Amazon_SVQ1
436,3,Regreso_Amazon_SVQ1,0,104.56,74.22,479.44000000000005,436,Amazon_SVQ1
437,1,Inicio_Amazon_SVQ1,0,0.0,40.0,40.0,437,Amazon_SVQ1
437,2,1102702,97,104.56,74.22,405.22,437,Amazon_SVQ1
437,3,Regreso_Amazon_SVQ1,0,104.56,74.22,479.44000000000005,437,Amazon_SVQ1
438,1,Inicio_Amazon_SVQ1,0,0.0,40.0,40.0,438,Amazon_SVQ1
438,2,1102702,35,104.56,74.22,219.22,438,Amazon_SVQ1
438,3,1102703,61,3.538716268079371,4.246459521695246,406.46645952169524,438,Amazon_SVQ1
438,4,Regreso_Amazon_SVQ1,0,102.16,72.41,478.8764595216952,438,Amazon_SVQ1
439,1,Inicio_Amazon_SVQ1,0,0.0,40.0,40.0,439,Amazon_SVQ1
439,2,1102703,97,102.16,72.41,403.40999999999997,439,Amazon_SVQ1
439,3,Regreso_Amazon_SVQ1,0,102.16,72.41,475.81999999999994,439,Amazon_SVQ1
440,1,Inicio_Amazon_SVQ1,0,0.0,40.0,40.0,440,Amazon_SVQ1
440,2,1102704,11,93.72,105.87,178.87,440,Amazon_SVQ1
440,3,1102803,74,6.030019936829485,7.236023924195382,408.10602392419537,440,Amazon_SVQ1
440,4,Regreso_Amazon_SVQ1,0,100.26,69.04,477.1460239241954,440,Amazon_SVQ1
441,1,Inicio_Amazon_SVQ1,0,0.0,40.0,40.0,441,Amazon_SVQ1
441,2,1102801,27,99.89,68.28,189.28,441,Amazon_SVQ1
441,3,1102802,24,0.5335778954241297,0.6402934745089557,261.920293474509,441,Amazon_SVQ1
441,4,1102803,40,0.4212157304749225,0.5054588765699071,382.42575235107887,441,Amazon_SVQ1
441,5,1103101,4,6.238814621413327,7.486577545695992,401.91232989677485,441,Amazon_SVQ1
441,6,Regreso_Amazon_SVQ1,0,109.36,76.35,478.2623298967749,441,Amazon_SVQ1
442,1,Inicio_Amazon_SVQ1,0,0.0,40.0,40.0,442,Amazon_SVQ1
442,2,1102804,96,106.33,75.41,403.40999999999997,442,Amazon_SVQ1
442,3,Regreso_Amazon_SVQ1,0,106.33,75.41,478.81999999999994,442,Amazon_SVQ1
443,1,Inicio_Amazon_SVQ1,0,0.0,40.0,40.0,443,Amazon_SVQ1
443,2,1102804,77,106.33,75.41,346.40999999999997,443,Amazon_SVQ1
443,3,1103101,15,8.092202281384436,9.710642737661324,401.1206427376613,443,Amazon_SVQ1
443,4,Regreso_Amazon_SVQ1,0,109.36,76.35,477.47064273766125,443,Amazon_SVQ1
444,1,Inicio_Amazon_SVQ1,0,0.0,40.0,40.0,444,Amazon_SVQ1
444,2,1103001,87,112.34,88.42,389.42,444,Amazon_SVQ1
444,3,1103002,1,0.7666548195647013,0.9199857834776416,393.33998578347763,444,Amazon_SVQ1
444,4,Regreso_Amazon_SVQ1,0,111.72,86.6,479.9399857834776,444,Amazon_SVQ1
445,1,Inicio_Amazon_SVQ1,0,0.0,40.0,40.0,445,Amazon_SVQ1
445,2,1103001,7,112.34,88.42,149.42000000000002,445,Amazon_SVQ1
445,3,1103003,80,0.4367860962301748,0.5241433154762097,389.94414331547625,445,Amazon_SVQ1
445,4,Regreso_Amazon_SVQ1,0,112.08,87.39,477.33414331547624,445,Amazon_SVQ1
446,1,Inicio_Amazon_SVQ1,0,0.0,40.0,40.0,446,Amazon_SVQ1
446,2,1103002,55,111.72,86.6,291.6,446,Amazon_SVQ1
446,3,1103003,33,0.4201778180583257,0.5042133816699909,391.10421338167,446,Amazon_SVQ1
446,4,Regreso_Amazon_SVQ1,0,112.08,87.39,478.49421338166997,446,Amazon_SVQ1
447,1,Inicio_Amazon_SVQ1,0,0.0,40.0,40.0,447,Amazon_SVQ1
447,2,1103003,24,112.08,87.39,199.39,447,Amazon_SVQ1
447,3,1103202,27,16.979236942568434,20.37508433108212,300.7650843310821,447,Amazon_SVQ1
447,4,1103204,30,0.4511481319864084,0.5413777583836901,391.3064620894658,447,Amazon_SVQ1
447,5,1103203,3,0.23474569826945602,0.2816948379233472,400.58815692738915,447,Amazon_SVQ1
447,6,Regreso_Amazon_SVQ1,0,107.54,78.6,479.1881569273892,447,Amazon_SVQ1
448,1,Inicio_Amazon_SVQ1,0,0.0,40.0,40.0,448,Amazon_SVQ1
448,2,1103101,95,109.36,76.35,401.35,448,Amazon_SVQ1
448,3,Regreso_Amazon_SVQ1,0,109.36,76.35,477.70000000000005,448,Amazon_SVQ1
449,1,Inicio_Amazon_SVQ1,0,0.0,40.0,40.0,449,Amazon_SVQ1
449,2,1103101,84,109.36,76.35,368.35,449,Amazon_SVQ1
449,3,1103102,9,1.019671597503058,1.2236059170036695,396.5736059170037,449,Amazon_SVQ1
449,4,1103104,1,0.5514243424846832,0.6617092109816198,400.2353151279853,449,Amazon_SVQ1
449,5,Regreso_Amazon_SVQ1,0,110.3,77.95,478.1853151279853,449,Amazon_SVQ1
450,1,Inicio_Amazon_SVQ1,0,0.0,40.0,40.0,450,Amazon_SVQ1
450,2,1103103,73,110.31,77.34,336.34000000000003,450,Amazon_SVQ1
450,3,1103104,21,0.6790051549697974,0.8148061859637569,400.15480618596376,450,Amazon_SVQ1
450,4,Regreso_Amazon_SVQ1,0,110.3,77.95,478.10480618596375,450,Amazon_SVQ1
451,1,Inicio_Amazon_SVQ1,0,0.0,40.0,40.0,451,Amazon_SVQ1
451,2,1103104,50,110.3,77.95,267.95,451,Amazon_SVQ1
451,3,1103106,44,0.5647412713096115,0.6776895255715338,400.62768952557155,451,Amazon_SVQ1
451,4,Regreso_Amazon_SVQ1,0,111.49,79.35,479.9776895255716,451,Amazon_SVQ1
452,1,Inicio_Amazon_SVQ1,0,0.0,40.0,40.0,452,Amazon_SVQ1
452,2,1103105,93,111.4,79.1,398.1,452,Amazon_SVQ1
452,3,Regreso_Amazon_SVQ1,0,111.4,79.1,477.20000000000005,452,Amazon_SVQ1
453,1,Inicio_Amazon_SVQ1,0,0.0,40.0,40.0,453,Amazon_SVQ1
453,2,1103105,12,111.4,79.1,155.1,453,Amazon_SVQ1
453,3,1103106,81,0.321945666207136,0.3863347994485632,398.48633479944857,453,Amazon_SVQ1
453,4,Regreso_Amazon_SVQ1,0,111.49,79.35,477.83633479944854,453,Amazon_SVQ1
454,1,Inicio_Amazon_SVQ1,0,0.0,40.0,40.0,454,Amazon_SVQ1
454,2,1103106,93,111.49,79.35,398.35,454,Amazon_SVQ1
454,3,Regreso_Amazon_SVQ1,0,111.49,79.35,477.70000000000005,454,Amazon_SVQ1
455,1,Inicio_Amazon_SVQ1,0,0.0,40.0,40.0,455,Amazon_SVQ1
455,2,1103106,93,111.49,79.35,398.35,455,Amazon_SVQ1
455,3,Regreso_Amazon_SVQ1,0,111.49,79.35,477.70000000000005,455,Amazon_SVQ1
456,1,Inicio_Amazon_SVQ1,0,0.0,40.0,40.0,456,Amazon_SVQ1
456,2,1103106,64,111.49,79.35,311.35,456,Amazon_SVQ1
456,3,1103902,7,31.47577418033654,37.77092901640385,370.12092901640386,456,Amazon_SVQ1
456,4,Regreso_Amazon_SVQ1,0,148.44,106.09,476.21092901640384,456,Amazon_SVQ1
457,1,Inicio_Amazon_SVQ1,0,0.0,40.0,40.0,457,Amazon_SVQ1
457,2,1190301,20,203.9,152.93,252.93,457,Amazon_SVQ1
457,3,1103305,27,7.010916878134188,8.413100253761026,342.343100253761,457,Amazon_SVQ1
457,4,1103302,1,11.079197715211569,13.295037258253883,358.6381375120149,457,Amazon_SVQ1
457,5,Regreso_Amazon_SVQ1,0,177.7,120.01,478.6481375120149,457,Amazon_SVQ1
458,1,Inicio_Amazon_SVQ1,0,0.0,40.0,40.0,458,Amazon_SVQ1
458,2,1103302,24,177.7,120.01,232.01,458,Amazon_SVQ1
458,3,1103305,32,11.079197715211569,13.295037258253883,341.3050372582539,458,Amazon_SVQ1
458,4,Regreso_Amazon_SVQ1,0,193.23,137.03,478.3350372582539,458,Amazon_SVQ1
459,1,Inicio_Amazon_SVQ1,0,0.0,40.0,40.0,459,Amazon_SVQ1
459,2,1103305,49,193.23,137.03,324.03,459,Amazon_SVQ1
459,3,1103801,2,43.28829679421666,51.945956153059996,381.97595615306,459,Amazon_SVQ1
459,4,Regreso_Amazon_SVQ1,0,102.74,95.05,477.02595615306,459,Amazon_SVQ1
460,1,Inicio_Amazon_SVQ1,0,0.0,40.0,40.0,460,Amazon_SVQ1
460,2,1103201,96,105.71,75.36,403.36,460,Amazon_SVQ1
460,3,Regreso_Amazon_SVQ1,0,105.71,75.36,478.72,460,Amazon_SVQ1
461,1,Inicio_Amazon_SVQ1,0,0.0,40.0,40.0,461,Amazon_SVQ1
461,2,1103201,89,105.71,75.36,382.36,461,Amazon_SVQ1
461,3,1103205,5,1.135294381120285,1.3623532573443418,398.72235325734437,461,Amazon_SVQ1
461,4,Regreso_Amazon_SVQ1,0,107.87,79.75,478.47235325734437,461,Amazon_SVQ1
462,1,Inicio_Amazon_SVQ1,0,0.0,40.0,40.0,462,Amazon_SVQ1
462,2,1103203,63,107.54,78.6,307.6,462,Amazon_SVQ1
462,3,1103205,30,0.5182668197312027,0.6219201836774432,398.22192018367747,462,Amazon_SVQ1
462,4,Regreso_Amazon_SVQ1,0,107.87,79.75,477.97192018367747,462,Amazon_SVQ1
463,1,Inicio_Amazon_SVQ1,0,0.0,40.0,40.0,463,Amazon_SVQ1
463,2,1103205,93,107.87,79.75,398.75,463,Amazon_SVQ1
463,3,Regreso_Amazon_SVQ1,0,107.87,79.75,478.5,463,Amazon_SVQ1
464,1,Inicio_Amazon_SVQ1,0,0.0,40.0,40.0,464,Amazon_SVQ1
464,2,1103205,28,107.87,79.75,203.75,464,Amazon_SVQ1
464,3,1103801,27,81.4522956429828,97.74275477157937,382.49275477157937,464,Amazon_SVQ1
464,4,Regreso_Amazon_SVQ1,0,102.74,95.05,477.5427547715794,464,Amazon_SVQ1
465,1,Inicio_Amazon_SVQ1,0,0.0,40.0,40.0,465,Amazon_SVQ1
465,2,1103501,56,194.43,135.29,343.28999999999996,465,Amazon_SVQ1
465,3,Regreso_Amazon_SVQ1,0,194.43,135.29,478.5799999999999,465,Amazon_SVQ1
466,1,Inicio_Amazon_SVQ1,0,0.0,40.0,40.0,466,Amazon_SVQ1
466,2,1103501,56,194.43,135.29,343.28999999999996,466,Amazon_SVQ1
466,3,Regreso_Amazon_SVQ1,0,194.43,135.29,478.5799999999999,466,Amazon_SVQ1
467,1,Inicio_Amazon_SVQ1,0,0.0,40.0,40.0,467,Amazon_SVQ1
467,2,1103501,23,194.43,135.29,244.29,467,Amazon_SVQ1
467,3,1103502,26,6.688065894531649,8.025679073437978,330.315679073438,467,Amazon_SVQ1
467,4,Regreso_Amazon_SVQ1,0,196.9,148.05,478.365679073438,467,Amazon_SVQ1
468,1,Inicio_Amazon_SVQ1,0,0.0,40.0,40.0,468,Amazon_SVQ1
468,2,1103502,13,196.9,148.05,227.05,468,Amazon_SVQ1
468,3,1103801,25,68.944957989371,82.7339495872452,384.7839495872452,468,Amazon_SVQ1
468,4,Regreso_Amazon_SVQ1,0,102.74,95.05,479.83394958724523,468,Amazon_SVQ1
469,1,Inicio_Amazon_SVQ1,0,0.0,40.0,40.0,469,Amazon_SVQ1
469,2,1103801,13,102.74,95.05,174.05,469,Amazon_SVQ1
469,3,1104001,5,6.9769739132043735,8.372368695845248,197.42236869584525,469,Amazon_SVQ1
469,4,Regreso_Amazon_SVQ1,0,115.45,117.18,314.60236869584526,469,Amazon_SVQ1
