Nombre,Latitud,Longitud,Municipio,Tipo,Area_Ha,Descripcion,pendiente_pct,enp_dist_m,agua_dist_m,usos_dist_m,dist_autopista_km,autopista_cercana,cobertura_pct,poblacion_30km,dist_competencia_km,estacion_cercana,subst_dist_m,subst_encontrada,desv_centroide_km,concentracion_30km_pct,dist_nucleo_km,nucleo_cercano,motivos_rechazo,aprobado,eliminado_dedup
Refinería de La Rábida,37.181103,-6.902295,Huelva,industrial,536.64,OSM: industrial | 536.6 ha | Huelva,2.67,,,,4.04,nodo_9034942679,11.4,315209,83.75,Amazon DSP Sevilla,429,True,12.85,62.7,9.94,Huelva,,True,True
Poligono_Brownfield_001,37.67994,-6.556287,Huelva,brownfield,395.73,OSM: brownfield | 395.7 ha | Huelva,17.67,,111,,34.15,771,34.6,68337,62.69,Amazon DSP Sevilla,2117,True,43.02,4.2,58.27,Huelva,F1(pendiente=17.7%) | F3(Agua a 111 m (mín 140 m)) | F5(34.1 km>15.0 km) | F12(Huelva 58.3 km>50.0 km),False,False
Poligono_Industrial_001,36.660897,-5.839486,Cádiz,industrial,386.65,OSM: industrial | 386.6 ha | Cádiz,1.0,,,,9.5,20,26.2,327623,34.42,Amazon El Puerto de Santa María (Cádiz),1296,True,17.67,26.4,26.64,Jerez de la Frontera,,True,False
Polígono Industrial Carretera de la Isla,37.283007,-5.994877,Sevilla,industrial,308.0,OSM: industrial | 308.0 ha | Sevilla,2.0,,600,,1.6,549,46.5,1507796,7.56,Amazon DSP Sevilla,1227,True,4.99,78.1,11.55,Dos Hermanas,,True,True
Polígono Industrial Tartessos,37.308076,-6.87099,Huelva,industrial,294.64,OSM: industrial | 294.6 ha | Huelva,1.0,,319,,0.95,77,12.5,326056,78.92,Amazon DSP Sevilla,624,True,4.34,58.7,8.94,Huelva,,True,True
Puerto de Algeciras,36.130864,-5.433775,Cádiz,industrial,292.62,OSM: industrial | 292.6 ha | Cádiz,0.0,2432,,,2.4,1118,8.4,271529,88.28,Amazon El Puerto de Santa María (Cádiz),873,True,14.64,72.3,87.84,Jerez de la Frontera,F12(Jerez de la Frontera 87.8 km>50.0 km),False,False
Poligono_Industrial_002,37.187989,-6.924669,Huelva,industrial,288.38,OSM: industrial | 288.4 ha | Huelva,0.67,,588,,2.16,nodo_9034942679,11.2,315351,85.51,Amazon DSP Sevilla,258,True,13.35,63.8,8.48,Huelva,,True,True
Poligono_Industrial_003,36.609523,-6.198314,Cádiz,industrial,264.79,OSM: industrial | 264.8 ha | Cádiz,1.33,954,444,,0.3,nodo_260566068,21.0,772909,1.94,Amazon El Puerto de Santa María (Cádiz),259,True,4.51,80.7,9.74,Jerez de la Frontera,,True,True
Refinería de Gibraltar-San Roque,36.188149,-5.400182,Cádiz,industrial,258.71,OSM: industrial | 258.7 ha | Cádiz,8.67,1519,505,,1.5,2,8.5,274460,87.09,Amazon El Puerto de Santa María (Cádiz),913,True,13.99,72.1,85.79,Jerez de la Frontera,F1(pendiente=8.7%) | F12(Jerez de la Frontera 85.8 km>50.0 km),False,False
Polígono Industrial Francisco Montenegro,37.229327,-6.946866,Huelva,industrial,248.76,OSM: industrial | 248.8 ha | Huelva,2.33,,399,,1.75,18,11.2,326270,86.58,Amazon DSP Sevilla,213,True,10.18,65.5,3.55,Huelva,,True,False
Minas de Aguas Teñidas,37.774391,-6.852944,Huelva,industrial,246.31,OSM: industrial | 246.3 ha | Huelva,6.67,,0,,47.22,87,9.4,56973,90.26,Amazon DSP Sevilla,137,True,42.37,13.0,57.77,Huelva,F1(pendiente=6.7%) | F3(Agua a 0 m (mín 140 m)) | F5(47.2 km>15.0 km) | F12(Huelva 57.8 km>50.0 km),False,False
Polígono Industrial Las Quemadas,37.904495,-4.717417,Córdoba,industrial,236.64,OSM: industrial | 236.6 ha | Córdoba,2.67,,,,1.65,396,16.5,374803,11.87,Correos Express Hub Córdoba,1391,True,14.01,53.6,5.73,Córdoba,,True,False
General Dynamics European Land Systems / Santa Bárbara Sistemas,37.346633,-5.787958,Sevilla,industrial,196.58,OSM: industrial | 196.6 ha | Sevilla,2.33,,,,2.43,15,45.1,1445622,12.82,SEUR Hub Sevilla,2808,True,12.35,77.1,17.53,Dos Hermanas,,True,True
Polígono Industrial El Portal,36.656878,-6.130845,Cádiz,industrial,174.65,OSM: industrial | 174.7 ha | Cádiz,3.0,,472,,2.58,641,22.9,788907,9.51,Amazon El Puerto de Santa María (Cádiz),1201,True,2.86,74.8,2.85,Jerez de la Frontera,,True,False
Parque de Actividades Medioambientales de Andalucía,37.507264,-6.249718,Sevilla,industrial,126.61,OSM: industrial | 126.6 ha | Sevilla,3.33,2124,88,,13.99,795,43.3,1008449,29.55,Amazon DSP Sevilla,1792,True,23.4,56.7,27.07,Sevilla,F1(pendiente=3.3%) | F3(Agua a 88 m (mín 140 m)),False,False
Parque Empresarial El Esparragal,37.5174,-6.084425,Sevilla,industrial,125.23,OSM: industrial | 125.2 ha | Sevilla,3.0,,,,0.97,798,43.4,1366843,20.77,Amazon DSP Sevilla,327,True,17.38,76.9,16.96,Sevilla,,True,True
Polígono Industrial Carretera Amarilla,37.391382,-5.950075,Sevilla,industrial,122.64,OSM: industrial | 122.6 ha | Sevilla,1.67,,,364,0.69,2,45.0,1536349,2.97,SEUR Hub Sevilla,295,True,4.17,82.0,2.71,Dos Hermanas,,True,True
Parque Empresarial Príncipe Felipe,37.385055,-4.505896,Córdoba,industrial,121.68,OSM: industrial | 121.7 ha | Córdoba,9.0,,,325,3.01,62,16.1,202082,54.87,Correos Express Hub Córdoba,1064,True,37.89,24.8,60.91,Córdoba,F1(pendiente=9.0%) | F12(Córdoba 60.9 km>50.0 km),False,False
Parque Empresarial,36.711024,-6.118536,Cádiz,industrial,119.61,OSM: industrial | 119.6 ha | Cádiz,1.67,2944,,,0.65,635,25.0,740542,14.43,Amazon El Puerto de Santa María (Cádiz),554,True,3.25,64.3,3.62,Jerez de la Frontera,,True,True
Central Termosolar Solnova 1,37.412295,-6.26723,Sevilla,industrial,117.1,OSM: industrial | 117.1 ha | Sevilla,3.33,,,,5.58,23,47.7,1120251,26.31,Amazon DSP Sevilla,2516,True,14.93,57.1,25.31,Sevilla,F1(pendiente=3.3%),False,False
Navantia Puerto Real,36.515044,-6.240434,Cádiz,industrial,115.36,OSM: industrial | 115.4 ha | Cádiz,3.67,693,622,,0.77,3,20.4,686026,10.72,Amazon El Puerto de Santa María (Cádiz),563,True,10.77,75.5,4.5,Cádiz,F1(pendiente=3.7%),False,False
Polígono Industrial La Viñuela,37.416151,-4.475493,Córdoba,industrial,109.71,OSM: industrial | 109.7 ha | Córdoba,4.67,,225,353,2.11,nodo_878923531,16.2,222230,53.23,Correos Express Hub Córdoba,1041,True,37.0,27.1,58.91,Córdoba,F1(pendiente=4.7%) | F12(Córdoba 58.9 km>50.0 km),False,False
Acerinox,36.179842,-5.427893,Cádiz,industrial,104.19,OSM: industrial | 104.2 ha | Cádiz,1.33,783,297,279,1.16,1112 B,8.5,274460,85.52,Amazon El Puerto de Santa María (Cádiz),476,True,12.08,72.1,84.51,Jerez de la Frontera,F12(Jerez de la Frontera 84.5 km>50.0 km),False,False
Poligono_Industrial_004,36.621184,-6.291071,Cádiz,industrial,103.75,OSM: industrial | 103.8 ha | Cádiz,3.0,,,,7.59,nodo_960792737,20.8,732159,6.46,Amazon El Puerto de Santa María (Cádiz),760,True,12.46,77.0,10.48,Cádiz,,True,True
Parque Fotovoltaico El Esparragal II,37.54013,-6.102303,Sevilla,industrial,100.41,OSM: industrial | 100.4 ha | Sevilla,6.67,,330,,0.81,795,43.2,1227002,23.74,Amazon DSP Sevilla,1535,True,20.08,69.9,19.94,Sevilla,F1(pendiente=6.7%),False,False
Central Termosolar PS20,37.44398,-6.259377,Sevilla,industrial,97.73,OSM: industrial | 97.7 ha | Sevilla,2.0,,,,9.13,23,46.5,1107783,26.8,Amazon DSP Sevilla,647,True,17.28,58.0,25.24,Sevilla,,True,True
Planta Solar Fotovoltaica Poleo,37.720582,-5.936144,Sevilla,industrial,92.47,OSM: industrial | 92.5 ha | Sevilla,1.33,,,,20.61,771,42.0,157964,38.99,SEUR Hub Sevilla,,False,36.49,7.8,37.18,Sevilla,F5(20.6 km>15.0 km),False,False
Polígono Industrial La Red Sur,37.371523,-5.88766,Sevilla,industrial,86.13,OSM: industrial | 86.1 ha | Sevilla,1.67,,,,0.62,5,45.3,1544511,3.75,SEUR Hub Sevilla,1054,True,5.34,81.9,8.32,Dos Hermanas,,True,False
Poligono_Industrial_005,37.564541,-7.23633,Huelva,industrial,84.78,OSM: industrial | 84.8 ha | Huelva,3.67,,,,26.74,105,10.0,24981,113.43,Amazon DSP Sevilla,352,True,35.19,5.0,42.04,Huelva,"F1(pendiente=3.7%) | F5(26.7 km>15.0 km) | F7(población 24,981 hab. en 30 km)",False,False
Cantera Isabelita,36.752646,-5.764632,Cádiz,industrial,83.99,OSM: industrial | 84.0 ha | Cádiz,3.0,,41,382,4.8,27,29.2,129481,43.6,Amazon El Puerto de Santa María (Cádiz),4215,True,23.8,8.7,34.11,Jerez de la Frontera,F3(Agua a 41 m (mín 140 m)),False,False
Polígono Industrial de las Cabezuelas,36.522158,-6.239893,Cádiz,industrial,83.76,OSM: industrial | 83.8 ha | Cádiz,3.0,860,,,0.35,4,20.4,715243,9.93,Amazon El Puerto de Santa María (Cádiz),906,True,10.15,77.6,4.39,Cádiz,,True,True
Complejo Medioambiental de la Vega,37.594871,-6.00739,Sevilla,industrial,83.05,OSM: industrial | 83.0 ha | Sevilla,7.67,,222,,9.03,790,42.9,1123373,25.92,SEUR Hub Sevilla,1377,True,23.36,64.2,23.09,Sevilla,F1(pendiente=7.7%),False,False
Polígono Industrial La Red Norte,37.375096,-5.881595,Sevilla,industrial,81.36,OSM: industrial | 81.4 ha | Sevilla,2.0,,,,0.72,5,45.2,1544511,4.31,SEUR Hub Sevilla,900,True,5.95,82.1,8.78,Dos Hermanas,,True,True
Planta Solar Fotovoltaica Cornicabra,37.715922,-5.933379,Sevilla,industrial,81.35,OSM: industrial | 81.3 ha | Sevilla,3.33,,,,20.84,771,42.1,157964,38.47,SEUR Hub Sevilla,,False,36.02,7.8,36.7,Sevilla,F1(pendiente=3.3%) | F5(20.8 km>15.0 km),False,False
Polígono Industrial Alcalá X,37.36065,-5.882097,Sevilla,industrial,79.18,OSM: industrial | 79.2 ha | Sevilla,0.67,,,,1.62,10,45.3,1539815,4.36,SEUR Hub Sevilla,449,True,6.16,81.7,9.11,Dos Hermanas,,True,True
Central Termosolar PS10,37.44555,-6.24988,Sevilla,industrial,78.31,OSM: industrial | 78.3 ha | Sevilla,3.33,2374,563,,9.41,23,46.0,1156443,26.1,Amazon DSP Sevilla,1475,True,17.5,61.6,24.48,Sevilla,F1(pendiente=3.3%),False,False
Polígono Industrial La Jara,37.297988,-6.819969,Huelva,industrial,78.15,OSM: industrial | 78.2 ha | Huelva,6.0,,627,,3.33,75,14.1,327508,74.5,Amazon DSP Sevilla,646,True,7.53,52.2,12.46,Huelva,F1(pendiente=6.0%),False,False
Zona Franca,36.500483,-6.265386,Cádiz,industrial,77.2,OSM: industrial | 77.2 ha | Cádiz,2.67,1498,,334,1.28,1,20.4,682134,12.83,Amazon El Puerto de Santa María (Cádiz),402,True,13.47,75.2,3.61,Cádiz,,True,True
Planta Solar Fotovoltaica Santiponce,37.638223,-5.971112,Sevilla,industrial,69.75,OSM: industrial | 69.8 ha | Sevilla,8.0,,452,,14.0,790,42.8,899759,30.04,SEUR Hub Sevilla,2549,True,27.75,50.0,27.82,Sevilla,F1(pendiente=8.0%),False,False
APM Terminal Algeciras,36.141522,-5.438319,Cádiz,industrial,68.92,OSM: industrial | 68.9 ha | Cádiz,1.33,2769,,,1.47,1118,8.4,271529,87.24,Amazon El Puerto de Santa María (Cádiz),1342,True,13.52,72.3,86.72,Jerez de la Frontera,F12(Jerez de la Frontera 86.7 km>50.0 km),False,False
Poligono_Brownfield_002,38.295382,-5.271582,Córdoba,brownfield,66.64,OSM: brownfield | 66.6 ha | Córdoba,3.33,1319,495,425,27.13,nodo_946210215,10.0,31556,67.07,Correos Express Hub Córdoba,392,True,52.86,5.9,62.49,Córdoba,"F1(pendiente=3.3%) | F5(27.1 km>15.0 km) | F7(población 31,556 hab. en 30 km) | F12(Córdoba 62.5 km>50.0 km)",False,False
Zona de Actividades Logísticas de San Roque,36.232276,-5.431756,Cádiz,industrial,66.61,OSM: industrial | 66.6 ha | Cádiz,4.0,1530,157,,3.35,1110,8.6,276105,82.09,Amazon El Puerto de Santa María (Cádiz),373,True,10.36,71.6,80.49,Jerez de la Frontera,F1(pendiente=4.0%) | F12(Jerez de la Frontera 80.5 km>50.0 km),False,False
Poligono_Industrial_006,37.902263,-4.765766,Córdoba,industrial,66.42,OSM: industrial | 66.4 ha | Córdoba,4.0,2418,214,382,1.24,266,16.6,381089,9.63,Correos Express Hub Córdoba,631,True,12.69,54.1,1.97,Córdoba,F1(pendiente=4.0%),False,False
Poligono_Industrial_007,37.712706,-6.589198,Huelva,industrial,65.94,OSM: industrial | 65.9 ha | Huelva,7.0,,,,36.56,768,27.5,61046,67.17,Amazon DSP Sevilla,189,True,43.59,4.7,59.61,Huelva,F1(pendiente=7.0%) | F5(36.6 km>15.0 km) | F12(Huelva 59.6 km>50.0 km),False,False
Polígono Industrial Calonge,37.409208,-5.954661,Sevilla,industrial,65.89,OSM: industrial | 65.9 ha | Sevilla,1.0,,,366,0.32,nodo_206128450,44.8,1535956,4.87,SEUR Hub Sevilla,538,True,5.49,82.4,3.38,Sevilla,,True,True
Polígono Industrial La Torrecilla,37.853292,-4.793338,Córdoba,industrial,65.85,OSM: industrial | 65.8 ha | Córdoba,2.33,937,420,,1.31,3,17.1,388547,3.75,Correos Express Hub Córdoba,951,True,9.74,53.5,4.07,Córdoba,,True,False
Instalaciones Portuarias de Campamento,36.170047,-5.376093,Cádiz,puerto,65.43,OSM: puerto | 65.4 ha | Cádiz,4.67,,,346,1.5,3,8.0,274460,90.0,Amazon El Puerto de Santa María (Cádiz),308,True,14.34,76.4,88.74,Jerez de la Frontera,F1(pendiente=4.7%) | F12(Jerez de la Frontera 88.7 km>50.0 km),False,False
Parque Industrial y de Servicios del Aljarafe,37.354803,-6.058094,Sevilla,industrial,64.92,OSM: industrial | 64.9 ha | Sevilla,2.0,,340,73,2.56,1,44.6,1471743,6.92,Amazon DSP Sevilla,1179,True,7.14,79.8,7.66,Sevilla,F4(clinic a 73 m (mín 200 m)),False,False
Central Térmica de Los Barrios,36.182592,-5.419691,Cádiz,industrial,64.86,OSM: industrial | 64.9 ha | Cádiz,3.0,1458,113,357,1.56,1112 A,8.5,274460,85.96,Amazon El Puerto de Santa María (Cádiz),113,True,12.6,72.1,84.86,Jerez de la Frontera,F3(Agua a 113 m (mín 140 m)) | F12(Jerez de la Frontera 84.9 km>50.0 km),False,False
Polígono Industrial La Campiña,37.530003,-5.121207,Sevilla,industrial,64.73,OSM: industrial | 64.7 ha | Sevilla,2.0,,,,0.55,457,20.2,132114,42.88,Correos Express Hub Córdoba,3730,True,15.8,13.0,49.91,Córdoba,,True,False
Parque Científico y Tecnológico Cartuja,37.406388,-6.006498,Sevilla,comercial,64.3,OSM: comercial | 64.3 ha | Sevilla,1.67,,18,374,0.81,nodo_306104985,44.5,1501215,6.69,Amazon DSP Sevilla,62,True,6.11,81.3,2.94,Sevilla,F3(Agua a 18 m (mín 140 m)),False,False
Poligono_Brownfield_003,37.691589,-6.57208,Huelva,brownfield,63.24,OSM: brownfield | 63.2 ha | Huelva,11.0,,407,,35.35,768,34.5,58768,64.57,Amazon DSP Sevilla,2240,True,44.84,3.6,58.5,Huelva,F1(pendiente=11.0%) | F5(35.4 km>15.0 km) | F12(Huelva 58.5 km>50.0 km),False,False
Poligono_Industrial_008,37.196124,-5.79205,Sevilla,industrial,62.89,OSM: industrial | 62.9 ha | Sevilla,1.33,,502,,2.34,nodo_1713120889,48.9,1208824,22.86,SEUR Hub Sevilla,1277,True,16.33,59.4,26.89,Dos Hermanas,,True,True
Polígono Industrial El Pino,37.38017,-5.92457,Sevilla,industrial,62.75,OSM: industrial | 62.8 ha | Sevilla,1.0,,,,1.15,nodo_249613175,44.9,1536186,1.23,SEUR Hub Sevilla,840,True,3.95,82.2,4.94,Dos Hermanas,,True,True
Polígono Industrial El Zabal,36.18524,-5.350187,Cádiz,industrial,61.55,OSM: industrial | 61.5 ha | Cádiz,4.0,2119,463,437,2.55,3,8.0,274460,91.06,Amazon El Puerto de Santa María (Cádiz),2081,True,15.3,76.7,89.47,Jerez de la Frontera,F1(pendiente=4.0%) | F12(Jerez de la Frontera 89.5 km>50.0 km),False,False
Airbus Defence and Space - San Pablo Sur,37.411447,-5.881805,Sevilla,industrial,58.78,OSM: industrial | 58.8 ha | Sevilla,1.33,,324,,2.35,532,45.0,1541588,6.27,SEUR Hub Sevilla,480,True,8.01,82.3,9.12,Dos Hermanas,,True,True
Poligono_Industrial_009,37.241383,-5.880567,Sevilla,industrial,58.44,OSM: industrial | 58.4 ha | Sevilla,1.67,,,,2.68,15,46.6,1451318,14.94,Amazon DSP Sevilla,1684,True,10.67,75.3,18.35,Dos Hermanas,,True,False
Polígono Industrial Los Espartales,37.437355,-5.879047,Sevilla,industrial,58.4,OSM: industrial | 58.4 ha | Sevilla,2.0,,73,,0.42,530,44.6,1502810,8.74,SEUR Hub Sevilla,661,True,10.0,81.3,10.58,Dos Hermanas,F3(Agua a 73 m (mín 140 m)),False,False
Poligono_Industrial_010,37.502007,-4.665543,Córdoba,industrial,58.08,OSM: industrial | 58.1 ha | Córdoba,6.0,,,,3.62,40,17.6,216180,37.29,Correos Express Hub Córdoba,1447,True,21.57,24.6,44.1,Córdoba,F1(pendiente=6.0%),False,False
Puerto de Huelva,37.153753,-6.881165,Huelva,industrial,56.91,OSM: industrial | 56.9 ha | Huelva,2.0,,141,,7.52,nodo_9034942679,12.8,298780,82.69,Amazon DSP Sevilla,3030,True,10.83,52.9,13.5,Huelva,,True,False
Polígono Industrial Ciudad del Transporte,36.725212,-6.093016,Cádiz,industrial,56.33,OSM: industrial | 56.3 ha | Cádiz,2.33,,,,0.34,632,26.8,676287,17.1,Amazon El Puerto de Santa María (Cádiz),482,True,0.71,54.8,6.2,Jerez de la Frontera,,True,True
Poligono_Industrial_011,37.246267,-5.550903,Sevilla,industrial,56.32,OSM: industrial | 56.3 ha | Sevilla,4.33,,556,,0.49,40,46.7,295382,36.24,SEUR Hub Sevilla,1186,True,29.32,13.4,41.01,Dos Hermanas,F1(pendiente=4.3%),False,False
Parque logístico de Carmona,37.441104,-5.780591,Sevilla,industrial,56.3,OSM: industrial | 56.3 ha | Sevilla,2.0,,496,,0.56,521,44.9,1389987,15.38,SEUR Hub Sevilla,1922,True,14.3,74.8,18.64,Dos Hermanas,,True,False
Parque Empresarial PIBO,37.355069,-6.143043,Sevilla,industrial,56.27,OSM: industrial | 56.3 ha | Sevilla,2.33,,294,435,0.49,11,44.8,1431312,14.42,Amazon DSP Sevilla,211,True,11.92,77.4,14.67,Sevilla,,True,False
Polígono Industrial Pelagatos,36.40385,-6.129797,Cádiz,industrial,55.61,OSM: industrial | 55.6 ha | Cádiz,5.0,838,,,0.37,10,21.3,492256,24.3,Amazon El Puerto de Santa María (Cádiz),407,True,17.34,52.1,19.73,Cádiz,F1(pendiente=5.0%),False,False
Fábrica de Cemento de Jerez,36.620197,-6.074268,Cádiz,industrial,55.44,OSM: industrial | 55.4 ha | Cádiz,5.0,,,,0.58,4,23.2,724723,13.06,Amazon El Puerto de Santa María (Cádiz),171,True,2.68,68.8,8.86,Jerez de la Frontera,F1(pendiente=5.0%),False,False
POLIVISO,37.400926,-5.712294,Sevilla,industrial,55.39,OSM: industrial | 55.4 ha | Sevilla,6.67,,,359,6.99,516,45.2,1274978,19.54,SEUR Hub Sevilla,153,True,16.87,67.6,23.71,Dos Hermanas,F1(pendiente=6.7%),False,False
Polígono Industrial Dehesa Boyal,38.360323,-4.839372,Córdoba,industrial,55.25,OSM: industrial | 55.2 ha | Córdoba,3.33,3188,,,25.1,nodo_946210140,10.1,42303,60.18,Correos Express Hub Córdoba,974,True,44.73,8.9,52.76,Córdoba,F1(pendiente=3.3%) | F5(25.1 km>15.0 km) | F12(Córdoba 52.8 km>50.0 km),False,False
Polígono Industrial deLa Menacha,36.159993,-5.465081,Cádiz,industrial,54.26,OSM: industrial | 54.3 ha | Cádiz,2.33,597,140,132,0.5,1116A,8.4,271529,84.09,Amazon El Puerto de Santa María (Cádiz),194,True,10.37,72.3,83.57,Jerez de la Frontera,F4(residential a 132 m (mín 200 m)) | F12(Jerez de la Frontera 83.6 km>50.0 km),False,False
Polígono Industrial Cortijo Real,36.111862,-5.471642,Cádiz,industrial,54.0,OSM: industrial | 54.0 ha | Cádiz,5.33,1643,416,324,1.22,1122,8.4,269340,86.94,Amazon El Puerto de Santa María (Cádiz),947,True,14.23,71.8,86.53,Cádiz,F1(pendiente=5.3%) | F12(Cádiz 86.5 km>50.0 km),False,False
Piscifactoria,37.242973,-7.41674,Huelva,industrial,53.23,OSM: industrial | 53.2 ha | Huelva,2.33,556,0,,0.74,131,8.3,98112,127.55,Amazon El Puerto de Santa María (Cádiz),651,True,35.15,24.2,41.11,Huelva,F3(Agua a 0 m (mín 140 m)),False,False
Polígono Industrial Amargacena,37.84779,-4.797301,Córdoba,industrial,52.92,OSM: industrial | 52.9 ha | Córdoba,4.0,1614,444,,0.62,3,17.1,392982,3.1,Correos Express Hub Córdoba,1476,True,9.3,54.0,4.76,Córdoba,F1(pendiente=4.0%),False,False
Puerto de Cádiz,36.535186,-6.286685,Cádiz,industrial,52.5,OSM: industrial | 52.5 ha | Cádiz,3.67,2236,662,336,4.35,4,20.4,738415,10.23,Amazon El Puerto de Santa María (Cádiz),1506,True,12.67,79.6,0.93,Cádiz,F1(pendiente=3.7%),False,False
Polígono Industrial Sepes,36.20238,-5.410542,Cádiz,industrial,52.32,OSM: industrial | 52.3 ha | Cádiz,2.0,379,257,495,0.47,1109,8.5,276105,85.45,Amazon El Puerto de Santa María (Cádiz),692,True,12.63,72.5,84.06,Jerez de la Frontera,F2(ENP a 379 m (mín 500 m): Estación Ambiental Madrev) | F12(Jerez de la Frontera 84.1 km>50.0 km),False,False
Polígono Industrial La Negrilla,37.380892,-5.930971,Sevilla,industrial,50.28,OSM: industrial | 50.3 ha | Sevilla,2.0,,267,,0.7,nodo_249613175,44.8,1541021,1.21,SEUR Hub Sevilla,908,True,3.79,82.6,4.37,Dos Hermanas,,True,True
Polígono Industrial Laguna Larga,37.37987,-5.879321,Sevilla,industrial,50.0,OSM: industrial | 50.0 ha | Sevilla,1.0,,,411,0.96,5,45.2,1541934,4.61,SEUR Hub Sevilla,868,True,6.34,82.0,8.92,Dos Hermanas,,True,True
Aerópolis - Parque Tecnológico Aeroespacial de Andalucía,37.434879,-5.85985,Sevilla,industrial,49.81,OSM: industrial | 49.8 ha | Sevilla,0.67,,18,236,0.56,528,44.5,1483777,9.51,SEUR Hub Sevilla,418,True,10.79,80.6,11.91,Dos Hermanas,F3(Agua a 18 m (mín 140 m)),False,False
Parque Empresarial Argentum,37.460155,-6.048863,Sevilla,industrial,48.96,OSM: industrial | 49.0 ha | Sevilla,5.0,1521,1,,0.38,nodo_860467083,44.2,1447854,13.68,Amazon DSP Sevilla,1012,True,11.9,79.5,9.93,Sevilla,F1(pendiente=5.0%) | F3(Agua a 1 m (mín 140 m)),False,False
Poligono_Industrial_012,37.929141,-4.650232,Córdoba,industrial,48.89,OSM: industrial | 48.9 ha | Córdoba,1.0,,,432,3.56,391,16.0,364014,17.89,Correos Express Hub Córdoba,2188,True,18.39,53.9,12.21,Córdoba,,True,True
Poligono_Industrial_013,36.470586,-6.171954,Cádiz,industrial,48.78,OSM: industrial | 48.8 ha | Cádiz,1.0,155,77,,0.37,nodo_1136283333,21.1,696633,16.09,Amazon El Puerto de Santa María (Cádiz),628,True,12.84,74.1,12.17,Cádiz,F2(ENP a 155 m (mín 500 m): Parque Natural de Bahía d) | F3(Agua a 77 m (mín 140 m)),False,False
Polígono Industrial El Garrotal,37.703805,-5.25891,Córdoba,industrial,48.45,OSM: industrial | 48.5 ha | Córdoba,1.67,,,,19.64,471,18.6,152356,42.36,Correos Express Hub Córdoba,4668,True,17.82,16.1,46.86,Córdoba,F5(19.6 km>15.0 km),False,False
Polígono Industrial El Cáñamo III,37.48154,-5.931267,Sevilla,industrial,48.34,OSM: industrial | 48.3 ha | Sevilla,1.33,,124,269,4.42,nodo_1064874500,44.6,1468094,12.4,SEUR Hub Sevilla,659,True,12.64,79.8,11.31,Sevilla,F3(Agua a 124 m (mín 140 m)),False,False
Centro de Transporte de Mercancías de Sevilla,37.380711,-5.93779,Sevilla,industrial,46.49,OSM: industrial | 46.5 ha | Sevilla,2.0,,337,303,0.43,3,44.8,1536349,1.38,SEUR Hub Sevilla,1073,True,3.43,82.3,3.78,Dos Hermanas,,True,True
Parque Logístico,36.867899,-6.033722,Sevilla,industrial,46.36,OSM: industrial | 46.4 ha | Sevilla,2.33,2220,,,7.44,53,56.5,365467,33.13,Amazon El Puerto de Santa María (Cádiz),1261,True,23.85,13.1,22.63,Jerez de la Frontera,,True,True
Polígono Industrial Ciudad del Transporte,36.720874,-6.088685,Cádiz,industrial,46.31,OSM: industrial | 46.3 ha | Cádiz,1.33,,,274,0.92,632,26.8,683761,17.01,Amazon El Puerto de Santa María (Cádiz),370,True,0.24,55.5,6.1,Jerez de la Frontera,,True,True
Polígono Industrial Incosur,36.177931,-5.369585,Cádiz,industrial,45.82,OSM: industrial | 45.8 ha | Cádiz,3.0,,610,306,1.19,3,7.9,274460,90.01,Amazon El Puerto de Santa María (Cádiz),699,True,13.82,77.2,88.63,Jerez de la Frontera,F12(Jerez de la Frontera 88.6 km>50.0 km),False,False
Polígono Industrial Gandul,37.361023,-5.757277,Sevilla,industrial,45.27,OSM: industrial | 45.3 ha | Sevilla,3.0,,,330,5.19,nodo_249567328,45.6,1451970,15.3,SEUR Hub Sevilla,2370,True,13.41,76.3,19.88,Dos Hermanas,,True,False
Huerto del Francés,37.40198,-4.754922,Córdoba,industrial,44.81,OSM: industrial | 44.8 ha | Córdoba,5.67,,209,248,14.81,113,18.0,216649,46.65,Correos Express Hub Córdoba,646,True,28.68,24.4,54.11,Córdoba,F1(pendiente=5.7%) | F12(Córdoba 54.1 km>50.0 km),False,False
Polígono Industrial El Carpio,36.52883,-6.129945,Cádiz,industrial,44.72,OSM: industrial | 44.7 ha | Cádiz,4.0,2754,,135,2.83,660,21.7,691477,12.09,Amazon El Puerto de Santa María (Cádiz),1663,True,6.34,71.5,14.18,Cádiz,F1(pendiente=4.0%) | F4(residential a 135 m (mín 200 m)),False,False
Polígono Industrial San Nicolás,37.372377,-5.900185,Sevilla,industrial,44.36,OSM: industrial | 44.4 ha | Sevilla,2.33,,185,,1.07,5,44.9,1539815,2.65,SEUR Hub Sevilla,1599,True,5.04,82.4,7.22,Dos Hermanas,,True,True
Polígono Industrial Antolín,38.292912,-5.250144,Córdoba,industrial,43.72,OSM: industrial | 43.7 ha | Córdoba,5.67,2885,297,357,25.38,nodo_946210215,10.0,32610,65.72,Correos Express Hub Córdoba,1149,True,51.42,6.1,61.01,Córdoba,"F1(pendiente=5.7%) | F5(25.4 km>15.0 km) | F7(población 32,610 hab. en 30 km) | F12(Córdoba 61.0 km>50.0 km)",False,False
Poligono_Industrial_014,37.192954,-6.883076,Huelva,industrial,43.63,OSM: industrial | 43.6 ha | Huelva,2.67,,289,,4.94,nodo_9034942679,11.9,316043,81.8,Amazon DSP Sevilla,323,True,12.22,59.9,9.76,Huelva,,True,True
Parque Empresarial Oeste,36.679745,-6.155974,Cádiz,industrial,43.19,OSM: industrial | 43.2 ha | Cádiz,4.0,960,512,,0.44,26,23.3,768408,9.63,Amazon El Puerto de Santa María (Cádiz),853,True,5.69,71.9,1.71,Jerez de la Frontera,F1(pendiente=4.0%),False,False
Polígono Ganadero La Jarosa,37.511948,-6.280809,Sevilla,industrial,43.0,OSM: industrial | 43.0 ha | Sevilla,8.0,,351,,16.58,795,45.1,682508,32.09,Amazon DSP Sevilla,4523,True,22.91,38.0,29.73,Sevilla,F1(pendiente=8.0%) | F5(16.6 km>15.0 km),False,False
Polígono Industrial San Pancracio,37.394034,-4.74093,Córdoba,industrial,42.03,OSM: industrial | 42.0 ha | Córdoba,6.33,,305,342,14.44,113,17.8,204689,47.65,Correos Express Hub Córdoba,797,True,29.48,23.1,55.05,Córdoba,F1(pendiente=6.3%) | F12(Córdoba 55.0 km>50.0 km),False,False
Dragados Off-shore,36.526992,-6.248973,Cádiz,industrial,41.73,OSM: industrial | 41.7 ha | Cádiz,2.67,1442,,,0.86,4,20.4,748405,9.59,Amazon El Puerto de Santa María (Cádiz),1850,True,10.38,80.6,3.54,Cádiz,,True,True
Poligono_Industrial_015,37.498208,-6.231308,Sevilla,industrial,41.45,OSM: industrial | 41.5 ha | Sevilla,3.0,628,570,,12.7,795,43.4,1040690,27.64,Amazon DSP Sevilla,1238,True,22.02,58.1,25.16,Sevilla,,True,False
Polígono Industrial Store,37.410473,-5.960109,Sevilla,industrial,41.25,OSM: industrial | 41.2 ha | Sevilla,2.0,,216,,0.81,nodo_206128450,44.7,1521266,5.23,SEUR Hub Sevilla,42,True,5.58,81.8,3.16,Sevilla,,True,True
Polígono Industrial El Cerro,37.557119,-6.033655,Sevilla,industrial,41.09,OSM: industrial | 41.1 ha | Sevilla,3.0,,75,260,5.73,795,43.5,1264370,22.73,SEUR Hub Sevilla,1341,True,19.95,71.5,19.32,Sevilla,F3(Agua a 75 m (mín 140 m)),False,False
Poligono_Industrial_016,37.460244,-6.056521,Sevilla,industrial,40.99,OSM: industrial | 41.0 ha | Sevilla,3.67,1747,,,1.04,nodo_860467083,43.9,1439811,14.0,Amazon DSP Sevilla,478,True,11.76,79.6,10.35,Sevilla,F1(pendiente=3.7%),False,False
Polígono Industrial El Cruce,37.311522,-5.892109,Sevilla,industrial,40.79,OSM: industrial | 40.8 ha | Sevilla,2.67,,,99,0.12,8,45.5,1512359,7.31,SEUR Hub Sevilla,1809,True,5.97,80.1,11.37,Dos Hermanas,F4(residential a 99 m (mín 200 m)),False,False
Poligono_Brownfield_004,36.729857,-5.92164,Cádiz,brownfield,40.75,OSM: brownfield | 40.8 ha | Cádiz,6.0,,96,,0.86,15,28.3,392229,29.76,Amazon El Puerto de Santa María (Cádiz),2454,True,11.54,28.8,19.92,Jerez de la Frontera,F1(pendiente=6.0%) | F3(Agua a 96 m (mín 140 m)),False,False
Zona Franca,37.335716,-5.999145,Sevilla,industrial,40.6,OSM: industrial | 40.6 ha | Sevilla,3.0,,268,,1.35,545,45.1,1522267,2.32,Amazon DSP Sevilla,171,True,3.13,81.2,5.86,Dos Hermanas,,True,True
Poligono_Industrial_017,37.319032,-4.369681,Córdoba,industrial,40.5,OSM: industrial | 40.5 ha | Córdoba,16.67,1158,60,257,11.12,72,6.7,127431,53.12,Amazon DQA8 Escúzar (Granada),5119,True,26.58,37.4,72.86,Córdoba,F1(pendiente=16.7%) | F3(Agua a 60 m (mín 140 m)) | F12(Córdoba 72.9 km>50.0 km),False,False
Polígono Industrial Los Santos,37.422149,-4.520607,Córdoba,industrial,39.44,OSM: industrial | 39.4 ha | Córdoba,3.0,,,50,1.92,56,16.4,229879,50.62,Correos Express Hub Córdoba,3114,True,34.02,27.7,56.61,Córdoba,F4(residential a 50 m (mín 200 m)) | F12(Córdoba 56.6 km>50.0 km),False,False
Polígono Industrial Tecnocórdoba,37.899379,-4.732079,Córdoba,industrial,39.25,OSM: industrial | 39.2 ha | Córdoba,3.67,,302,,0.52,398,16.5,374670,10.65,Correos Express Hub Córdoba,2314,True,13.09,53.5,4.33,Córdoba,F1(pendiente=3.7%),False,False
Parque Empresarial Dehesa Boyal,37.363534,-6.54308,Huelva,industrial,38.39,OSM: industrial | 38.4 ha | Huelva,5.0,,569,,0.76,50,45.8,163305,49.79,Amazon DSP Sevilla,1912,True,31.62,7.2,37.99,Huelva,F1(pendiente=5.0%),False,False
Poligono_Industrial_018,37.608955,-4.294842,Córdoba,industrial,38.18,OSM: industrial | 38.2 ha | Córdoba,13.67,,,,22.33,47,14.6,135784,50.25,Correos Express Hub Córdoba,240,True,35.9,18.2,52.72,Córdoba,F1(pendiente=13.7%) | F5(22.3 km>15.0 km) | F12(Córdoba 52.7 km>50.0 km),False,False
Exolum Arahal I,37.249236,-5.581471,Sevilla,industrial,37.43,OSM: industrial | 37.4 ha | Sevilla,6.33,,500,,0.8,37,46.8,309384,33.62,SEUR Hub Sevilla,388,True,27.31,13.9,38.39,Dos Hermanas,F1(pendiente=6.3%),False,False
Polígono Industrial Las Palomas,37.396581,-4.506075,Córdoba,industrial,37.36,OSM: industrial | 37.4 ha | Córdoba,9.0,,,410,2.38,nodo_878923531,16.3,224612,53.73,Correos Express Hub Córdoba,848,True,37.08,27.2,59.73,Córdoba,F1(pendiente=9.0%) | F12(Córdoba 59.7 km>50.0 km),False,False
Poligono_Industrial_019,37.355397,-5.831464,Sevilla,industrial,37.14,OSM: industrial | 37.1 ha | Sevilla,3.33,,,,0.89,11A,45.3,1525702,8.86,SEUR Hub Sevilla,2097,True,9.57,80.9,13.57,Dos Hermanas,F1(pendiente=3.3%),False,False
Polígono Industrial La Gravera,37.280349,-7.235956,Huelva,industrial,36.87,OSM: industrial | 36.9 ha | Huelva,3.67,,324,,1.03,117,9.6,291705,111.34,Amazon DSP Sevilla,3085,True,23.69,68.2,25.15,Huelva,F1(pendiente=3.7%),False,False
Cementos Portland Valderrivas,37.358831,-5.864135,Alcalá de Guadaira,industrial,36.8,OSM: industrial | 36.8 ha | Sevilla,5.33,,,,1.28,9,45.3,1534388,5.95,SEUR Hub Sevilla,215,True,7.0,81.4,10.68,Dos Hermanas,F1(pendiente=5.3%),False,False
Muelle de las Cabezuelas,36.521678,-6.252762,Cádiz,puerto,36.59,OSM: puerto | 36.6 ha | Cádiz,2.33,1850,,,1.24,4,20.4,717213,10.25,Amazon El Puerto de Santa María (Cádiz),1816,True,11.02,77.8,3.26,Cádiz,,True,True
Heineken España,37.391289,-5.863058,Sevilla,industrial,36.44,OSM: industrial | 36.4 ha | Sevilla,1.67,,417,,0.4,5,45.0,1534390,6.37,SEUR Hub Sevilla,275,True,8.13,81.9,10.35,Dos Hermanas,,True,True
Total Terminal International Algeciras,36.129784,-5.425452,Cádiz,industrial,36.18,OSM: industrial | 36.2 ha | Cádiz,0.0,2316,,,3.08,1118,8.4,271529,88.95,Amazon El Puerto de Santa María (Cádiz),841,True,15.26,72.3,88.46,Jerez de la Frontera,F12(Jerez de la Frontera 88.5 km>50.0 km),False,False
Polígono Industrial Sepes,37.233339,-7.391172,Huelva,industrial,35.94,OSM: industrial | 35.9 ha | Huelva,14.0,2142,218,,0.86,131,8.4,98112,125.07,Amazon El Puerto de Santa María (Cádiz),682,True,33.56,23.8,38.92,Huelva,F1(pendiente=14.0%),False,False
Poligono_Industrial_020,37.297673,-5.911264,Sevilla,industrial,35.82,OSM: industrial | 35.8 ha | Sevilla,2.0,,,92,1.78,14,45.6,1500936,8.21,SEUR Hub Sevilla,283,True,5.54,79.4,11.57,Dos Hermanas,F4(residential a 92 m (mín 200 m)),False,False
Polígono de Astilleros,37.34202,-5.997453,Sevilla,industrial,35.65,OSM: industrial | 35.6 ha | Sevilla,2.0,,222,,0.99,9A,45.1,1530008,1.78,Amazon DSP Sevilla,722,True,2.83,81.5,5.15,Dos Hermanas,,True,True
Polígono Industrial Aceitunero,37.267829,-5.929749,Sevilla,industrial,35.62,OSM: industrial | 35.6 ha | Sevilla,0.67,,,288,1.67,558,45.5,1466156,10.16,Amazon DSP Sevilla,1406,True,7.62,77.9,13.89,Dos Hermanas,,True,True
Parque Empresarial Zaudín,37.361036,-6.051193,Sevilla,industrial,35.44,OSM: industrial | 35.4 ha | Sevilla,5.33,,296,392,1.76,0B,44.6,1487616,6.41,Amazon DSP Sevilla,912,True,6.6,80.5,6.8,Sevilla,F1(pendiente=5.3%),False,False
Polígono Industrial Los Palillos,37.369743,-5.87499,Sevilla,industrial,34.89,OSM: industrial | 34.9 ha | Sevilla,3.0,,,192,0.85,9,45.3,1541934,4.86,SEUR Hub Sevilla,663,True,6.34,81.8,9.46,Dos Hermanas,F4(residential a 192 m (mín 200 m)),False,False
Antiguo Hospital militar de San Pablo,37.405908,-5.89056,Sevilla,brownfield,34.84,OSM: brownfield | 34.8 ha | Sevilla,2.33,,357,,2.43,532,45.1,1540882,5.3,SEUR Hub Sevilla,589,True,7.21,82.0,8.2,Dos Hermanas,,True,True
Parque Sevilla Industrial - Parsi,37.375516,-5.920436,Sevilla,industrial,34.72,OSM: industrial | 34.7 ha | Sevilla,1.0,,,,1.76,nodo_249613175,45.0,1536186,1.04,SEUR Hub Sevilla,1284,True,3.86,82.1,5.4,Dos Hermanas,,True,True
Polígono Industrial El Palmar,36.616614,-6.206785,Cádiz,industrial,33.94,OSM: industrial | 33.9 ha | Cádiz,1.33,1447,540,455,0.55,nodo_960792737,21.0,762919,1.39,Amazon El Puerto de Santa María (Cádiz),374,True,5.49,79.7,9.57,Jerez de la Frontera,,True,False
Polígono Industrial El Blanquillo,38.279035,-5.402695,Córdoba,industrial,33.59,OSM: industrial | 33.6 ha | Córdoba,1.67,,,,36.89,nodo_946210215,2.2,20739,73.42,Correos Express Hub Córdoba,,False,26.32,17.2,69.75,Córdoba,"F5(36.9 km>15.0 km) | F7(población 20,739 hab. en 30 km) | F12(Córdoba 69.8 km>50.0 km)",False,False
Polígono Industrial El Algarrobito,37.257725,-6.823244,Huelva,industrial,33.13,OSM: industrial | 33.1 ha | Huelva,4.33,,,,7.49,77,14.0,332841,75.29,Amazon DSP Sevilla,2629,True,10.18,53.2,11.47,Huelva,F1(pendiente=4.3%),False,False
Área Logística de Córdoba,37.877487,-4.829381,Córdoba,industrial,33.08,OSM: industrial | 33.1 ha | Córdoba,2.33,,,,4.42,3,16.9,382350,6.89,Correos Express Hub Córdoba,1376,True,11.95,53.3,4.55,Córdoba,,True,True
Polígono Industrial Los Polvillares,37.413576,-4.508315,Córdoba,industrial,32.74,OSM: industrial | 32.7 ha | Córdoba,3.0,,352,,0.89,nodo_878923531,16.3,228721,51.98,Correos Express Hub Córdoba,2250,True,35.39,27.7,57.92,Córdoba,F12(Córdoba 57.9 km>50.0 km),False,False
Polígono Industrial El Pilero,37.481794,-5.65,Sevilla,industrial,32.63,OSM: industrial | 32.6 ha | Sevilla,4.33,1295,361,,0.34,508,44.2,692422,27.67,SEUR Hub Sevilla,632,True,24.27,34.7,31.02,Dos Hermanas,F1(pendiente=4.3%),False,False
comercial,37.358923,-5.977786,Sevilla,comercial,32.19,OSM: comercial | 32.2 ha | Sevilla,2.0,970,260,39,1.79,0A,45.2,1527395,1.01,Amazon DSP Sevilla,502,True,1.87,81.3,3.04,Dos Hermanas,F4(school a 39 m (mín 200 m)),False,False
Poligono_Brownfield_005,36.52107,-6.220729,Cádiz,brownfield,32.12,OSM: brownfield | 32.1 ha | Cádiz,2.67,596,372,300,0.28,2,20.6,686026,9.89,Amazon El Puerto de Santa María (Cádiz),209,True,9.76,74.6,6.1,Cádiz,,True,True
Poligono_Industrial_021,37.346572,-5.991534,Sevilla,industrial,31.43,OSM: industrial | 31.4 ha | Sevilla,3.33,2267,100,,0.59,9A,45.1,1530008,1.09,Amazon DSP Sevilla,787,True,2.3,81.5,4.52,Dos Hermanas,F1(pendiente=3.3%) | F3(Agua a 100 m (mín 140 m)),False,False
Zona de Actividades Logísticas Área del Fresno,36.169606,-5.460807,Cádiz,industrial,31.23,OSM: industrial | 31.2 ha | Cádiz,0.67,424,12,,0.27,nodo_567472149,8.4,274460,83.76,Amazon El Puerto de Santa María (Cádiz),368,True,9.95,72.9,83.1,Jerez de la Frontera,F2(ENP a 424 m (mín 500 m): Parque Natural los Alcorn) | F3(Agua a 12 m (mín 140 m)) | F12(Jerez de la Frontera 83.1 km>50.0 km),False,False
Zona de actividades logísticas Batán,37.351423,-5.9988,Sevilla,industrial,30.88,OSM: industrial | 30.9 ha | Sevilla,1.0,2082,395,,0.76,12,45.2,1533629,1.67,Amazon DSP Sevilla,1573,True,2.91,81.5,4.21,Dos Hermanas,,True,False
Poligono_Industrial_022,37.341878,-5.436097,Sevilla,industrial,30.47,OSM: industrial | 30.5 ha | Sevilla,0.67,,266,,7.36,49A,45.9,170514,43.77,SEUR Hub Sevilla,1975,True,34.16,7.7,48.32,Dos Hermanas,,True,False
Autologística de Andalucía,37.218894,-4.773828,Sevilla,comercial,30.29,OSM: comercial | 30.3 ha | Sevilla,1.0,,411,,1.06,120,10.0,113693,54.76,Amazon DQA3 Málaga,1002,True,22.08,22.5,71.53,Algeciras,F12(Algeciras 71.5 km>50.0 km),False,False
Poligono_Industrial_023,37.245422,-5.109495,Sevilla,industrial,30.1,OSM: industrial | 30.1 ha | Sevilla,9.67,,386,0,1.91,82,13.9,104733,69.47,Correos Express Hub Córdoba,1707,True,15.51,15.1,77.17,Córdoba,F1(pendiente=9.7%) | F4(residential a 0 m (mín 200 m)) | F12(Córdoba 77.2 km>50.0 km),False,False
Parque Joyero,37.874808,-4.81499,Córdoba,industrial,29.96,OSM: industrial | 30.0 ha | Córdoba,2.0,2523,,389,3.61,3,16.9,386903,6.23,Correos Express Hub Córdoba,239,True,11.6,53.9,3.46,Córdoba,,True,True
Parque Tecnológico de TecnoBahía,36.650848,-6.263138,Cádiz,industrial,29.94,OSM: industrial | 29.9 ha | Cádiz,3.33,,,,6.48,21,21.6,740817,5.95,Amazon El Puerto de Santa María (Cádiz),305,True,11.04,74.9,11.77,Jerez de la Frontera,F1(pendiente=3.3%),False,False
Astilleros de Cádiz - Navantia,36.528345,-6.280334,Cádiz,industrial,29.64,OSM: industrial | 29.6 ha | Cádiz,3.33,1304,,460,3.66,4,20.4,738415,10.56,Amazon El Puerto de Santa María (Cádiz),605,True,12.55,79.6,0.75,Cádiz,F1(pendiente=3.3%),False,False
Polígono Industrial Espaldillas,37.367092,-5.891668,Sevilla,industrial,29.53,OSM: industrial | 29.5 ha | Sevilla,1.33,,,,1.1,5,44.9,1539815,3.4,SEUR Hub Sevilla,675,True,5.44,82.4,8.09,Dos Hermanas,,True,True
Poligono_Comercial_001,37.322183,-5.41155,Sevilla,comercial,29.46,OSM: comercial | 29.5 ha | Sevilla,1.33,,,323,6.07,49A,45.7,156231,46.14,SEUR Hub Sevilla,807,True,35.39,6.9,50.75,Dos Hermanas,F12(Dos Hermanas 50.8 km>50.0 km),False,False
Parque de Innovación Empresarial Soland,37.399914,-6.248765,Sevilla,industrial,29.39,OSM: industrial | 29.4 ha | Sevilla,0.67,1429,502,,4.53,23,47.8,1168911,24.39,Amazon DSP Sevilla,3493,True,13.93,59.8,23.58,Sevilla,,True,False
Parque Tecnológico Agroindustrial de Jerez,36.73116,-6.08701,Cádiz,industrial,29.37,OSM: industrial | 29.4 ha | Cádiz,1.33,,164,,0.34,631,26.9,643417,17.95,Amazon El Puerto de Santa María (Cádiz),348,True,0.64,51.5,7.05,Jerez de la Frontera,,True,False
Polígono Industrial Piedra Hincada,37.349532,-5.828687,Sevilla,industrial,28.78,OSM: industrial | 28.8 ha | Sevilla,2.0,,,281,0.28,nodo_249065618,45.1,1514853,9.24,SEUR Hub Sevilla,1401,True,9.54,80.9,13.98,Dos Hermanas,,True,True
Poligono_Industrial_024,38.494068,-5.136809,Córdoba,industrial,28.65,OSM: industrial | 28.6 ha | Córdoba,2.33,,229,302,37.47,nodo_946210215,1.5,46717,80.53,Correos Express Hub Córdoba,274,True,22.58,62.8,74.26,Córdoba,F5(37.5 km>15.0 km) | F12(Córdoba 74.3 km>50.0 km),False,False
Poligono_Industrial_025,36.956057,-5.800801,Sevilla,industrial,28.63,OSM: industrial | 28.6 ha | Sevilla,6.67,,,,13.29,nodo_325136207,54.4,226964,46.59,Amazon DSP Sevilla,,False,27.67,8.1,42.71,Jerez de la Frontera,F1(pendiente=6.7%),False,False
Parque Empresarial Palmetillo,37.37494,-5.906406,Sevilla,industrial,28.62,OSM: industrial | 28.6 ha | Sevilla,1.67,,389,435,1.51,5,45.0,1539815,2.16,SEUR Hub Sevilla,1850,True,4.79,82.2,6.62,Dos Hermanas,,True,True
Parque Empresarial Vega del Rey,37.38073,-6.029772,Sevilla,comercial,28.59,OSM: comercial | 28.6 ha | Sevilla,1.0,,,306,0.47,15B,44.6,1484700,5.57,Amazon DSP Sevilla,450,True,5.65,80.4,4.28,Sevilla,,True,True
Poligono_Industrial_026,37.416226,-4.489938,Córdoba,industrial,28.49,OSM: industrial | 28.5 ha | Córdoba,6.33,,59,279,0.84,nodo_878923531,16.2,225575,52.55,Correos Express Hub Córdoba,792,True,36.29,27.4,58.34,Córdoba,F1(pendiente=6.3%) | F3(Agua a 59 m (mín 140 m)) | F12(Córdoba 58.3 km>50.0 km),False,False
Poligono_Industrial_027,37.300104,-4.879809,Sevilla,industrial,28.47,OSM: industrial | 28.5 ha | Sevilla,5.67,,,170,0.35,105,11.9,121272,58.24,Correos Express Hub Córdoba,595,True,17.68,20.3,65.99,Córdoba,F1(pendiente=5.7%) | F4(residential a 170 m (mín 200 m)) | F12(Córdoba 66.0 km>50.0 km),False,False
Palmones II - P.E.T. Las Marismas,36.183317,-5.433025,Cádiz,industrial,28.4,OSM: industrial | 28.4 ha | Cádiz,1.67,994,,255,0.57,1112 B,8.5,274460,84.93,Amazon El Puerto de Santa María (Cádiz),768,True,11.49,72.1,83.91,Jerez de la Frontera,F12(Jerez de la Frontera 83.9 km>50.0 km),False,False
Poligono_Industrial_028,36.750793,-6.338418,Cádiz,industrial,28.26,OSM: industrial | 28.3 ha | Cádiz,2.33,,,102,1.08,9,23.3,584573,18.88,Amazon El Puerto de Santa María (Cádiz),214,True,16.46,54.3,19.51,Jerez de la Frontera,F4(residential a 102 m (mín 200 m)),False,False
Polígono Industrial San Jorge,37.222025,-6.880237,Huelva,industrial,27.8,OSM: industrial | 27.8 ha | Huelva,2.0,,,305,5.27,18,11.9,321360,80.9,Amazon DSP Sevilla,1139,True,10.46,60.8,7.74,Huelva,,True,True
Polígono Industrial El Cáñamo II,37.4865,-5.928941,Sevilla,industrial,27.47,OSM: industrial | 27.5 ha | Sevilla,0.67,,429,262,4.94,nodo_1064874500,44.6,1473729,12.95,SEUR Hub Sevilla,1119,True,13.21,80.0,11.9,Sevilla,,True,False
Polígono Industrial La Palmera,37.304487,-5.971974,Sevilla,industrial,27.28,OSM: industrial | 27.3 ha | Sevilla,4.0,864,228,417,0.86,nodo_249510577,45.5,1515969,5.11,Amazon DSP Sevilla,1250,True,3.7,80.3,9.11,Dos Hermanas,F1(pendiente=4.0%),False,False
Polígono Industrial El Machorro,36.482482,-5.923973,Cádiz,industrial,27.05,OSM: industrial | 27.1 ha | Cádiz,9.33,,,,0.83,24,27.7,503536,30.01,Amazon El Puerto de Santa María (Cádiz),1142,True,5.0,39.9,29.22,Jerez de la Frontera,F1(pendiente=9.3%),False,False
Torneo Parque Empresarial,37.427027,-5.975157,Sevilla,comercial,26.85,OSM: comercial | 26.9 ha | Sevilla,1.0,,,268,2.45,21,44.6,1486676,7.49,SEUR Hub Sevilla,343,True,7.45,80.5,4.36,Sevilla,,True,True
Factoria de Hidrocarburos,37.807369,-4.79708,Córdoba,industrial,26.83,OSM: industrial | 26.8 ha | Córdoba,5.0,,345,,0.54,nodo_248477208,17.3,420638,1.43,Correos Express Hub Córdoba,4485,True,6.83,56.6,9.12,Córdoba,F1(pendiente=5.0%),False,False
Polígono Cabeza Hermosa,37.35427,-5.864611,Sevilla,industrial,26.5,OSM: industrial | 26.5 ha | Sevilla,5.0,,,,1.78,9,45.5,1529055,6.04,SEUR Hub Sevilla,238,True,7.07,80.7,10.8,Dos Hermanas,F1(pendiente=5.0%),False,False
Poligono_Industrial_029,37.628046,-4.284043,Córdoba,industrial,26.48,OSM: industrial | 26.5 ha | Córdoba,12.67,,,,24.58,47,14.5,108263,50.15,Correos Express Hub Córdoba,2553,True,36.18,14.5,52.28,Córdoba,F1(pendiente=12.7%) | F5(24.6 km>15.0 km) | F12(Córdoba 52.3 km>50.0 km),False,False
Poligono_Industrial_030,37.224682,-4.781061,Sevilla,industrial,26.35,OSM: industrial | 26.4 ha | Sevilla,1.67,,442,,0.5,120,10.0,122903,55.6,Amazon DQA3 Málaga,1749,True,21.3,24.3,72.36,Algeciras,F12(Algeciras 72.4 km>50.0 km),False,False
Polígono Industrial Los Arroyos,37.270876,-6.830511,Huelva,industrial,26.26,OSM: industrial | 26.3 ha | Huelva,3.33,,139,167,5.9,77,13.8,336815,75.73,Amazon DSP Sevilla,1920,True,8.81,54.9,10.88,Huelva,F1(pendiente=3.3%) | F3(Agua a 139 m (mín 140 m)) | F4(residential a 167 m (mín 200 m)),False,False
Polígono Industrial Santa Bárbara,37.289923,-4.781033,Sevilla,industrial,26.24,OSM: industrial | 26.2 ha | Sevilla,4.0,,,,2.64,113,10.7,148899,58.97,Correos Express Hub Córdoba,3740,True,17.16,27.5,66.53,Córdoba,F1(pendiente=4.0%) | F12(Córdoba 66.5 km>50.0 km),False,False
Polígono Industrial Fuente del Rey,37.310366,-5.972546,Sevilla,industrial,26.21,OSM: industrial | 26.2 ha | Sevilla,2.0,597,419,167,0.42,549,45.5,1515969,4.46,Amazon DSP Sevilla,1363,True,3.08,80.3,8.46,Dos Hermanas,F4(residential a 167 m (mín 200 m)),False,False
Parque Empresarial La Raya,37.257332,-7.0169,Huelva,industrial,26.04,OSM: industrial | 26.0 ha | Huelva,3.0,1493,403,,0.67,5,11.2,335130,92.29,Amazon DSP Sevilla,4400,True,12.19,67.5,5.69,Huelva,,True,True
Polígono Industrial La Estrella,37.295918,-6.05807,Sevilla,industrial,25.85,OSM: industrial | 25.9 ha | Sevilla,4.33,,,242,3.83,35,46.6,1488105,9.16,Amazon DSP Sevilla,2010,True,7.49,77.0,12.18,Dos Hermanas,F1(pendiente=4.3%),False,False
Central Térmica de Puente Nuevo,38.111687,-4.934391,Córdoba,industrial,25.83,OSM: industrial | 25.8 ha | Córdoba,4.0,542,279,,3.1,nodo_1665598422,13.4,340309,34.51,Correos Express Hub Córdoba,0,True,26.63,60.3,28.32,Córdoba,F1(pendiente=4.0%),False,False
Cobre Las Cruces,37.497368,-6.103194,Sevilla,industrial,25.56,OSM: industrial | 25.6 ha | Sevilla,5.33,,108,,3.1,798,43.9,1416381,19.67,Amazon DSP Sevilla,174,True,16.81,78.4,16.16,Sevilla,F1(pendiente=5.3%) | F3(Agua a 108 m (mín 140 m)),False,False
Poligono_Comercial_002,37.564581,-6.752988,Huelva,comercial,25.32,OSM: comercial | 25.3 ha | Huelva,3.33,,423,184,25.5,60,16.4,95055,72.28,Amazon DSP Sevilla,766,True,23.92,12.1,38.1,Huelva,F1(pendiente=3.3%) | F4(residential a 184 m (mín 200 m)) | F5(25.5 km>15.0 km),False,False
Polígono Industrial El Lirio,37.352902,-6.54173,Huelva,industrial,25.06,OSM: industrial | 25.1 ha | Huelva,2.0,,,333,0.71,50,45.9,160460,49.65,Amazon DSP Sevilla,2938,True,31.47,7.0,37.77,Huelva,,True,False
Polígono Industrial Los Alberos,37.289064,-5.503424,Sevilla,industrial,24.97,OSM: industrial | 25.0 ha | Sevilla,6.33,,,165,2.1,46,45.6,224655,38.78,SEUR Hub Sevilla,4237,True,31.99,10.2,43.5,Dos Hermanas,F1(pendiente=6.3%) | F4(residential a 165 m (mín 200 m)),False,False
Polígono Industrial La Vega,37.989479,-4.306874,Córdoba,industrial,24.76,OSM: industrial | 24.8 ha | Córdoba,0.33,,,,0.36,350,12.2,42859,47.19,Correos Express Hub Córdoba,466,True,37.14,7.0,42.94,Córdoba,,True,False
Parque Solar Almodóvar del Río,37.836708,-4.980612,Córdoba,industrial,24.59,OSM: industrial | 24.6 ha | Córdoba,9.67,2881,238,,15.41,420,17.8,386995,15.97,Correos Express Hub Córdoba,435,True,16.21,51.1,18.57,Córdoba,F1(pendiente=9.7%) | F5(15.4 km>15.0 km),False,False
Central Térmica de Ciclo Combinado de Palos de la Frontera,37.184457,-6.884078,Huelva,industrial,24.57,OSM: industrial | 24.6 ha | Huelva,3.33,,417,,5.19,nodo_9034942679,11.9,310827,82.09,Amazon DSP Sevilla,17,True,13.16,58.9,10.45,Huelva,F1(pendiente=3.3%),False,False
Parque Solar Pasajesol,37.838782,-4.971579,Córdoba,industrial,24.52,OSM: industrial | 24.5 ha | Córdoba,10.33,,181,,14.82,nodo_309865933,17.8,388060,15.21,Correos Express Hub Córdoba,521,True,15.67,51.1,17.74,Córdoba,F1(pendiente=10.3%),False,False
Poligono_Industrial_031,37.623957,-4.312269,Córdoba,industrial,23.99,OSM: industrial | 24.0 ha | Córdoba,7.67,,,209,22.75,47,14.7,155517,48.12,Correos Express Hub Córdoba,1086,True,33.96,21.0,50.5,Córdoba,F1(pendiente=7.7%) | F5(22.8 km>15.0 km) | F12(Córdoba 50.5 km>50.0 km),False,False
Polígono Industrial Los Alfares,37.612893,-4.725054,Córdoba,industrial,23.96,OSM: industrial | 24.0 ha | Córdoba,6.0,,,426,2.3,27,17.9,198949,23.95,Correos Express Hub Córdoba,660,True,9.03,22.2,30.98,Córdoba,F1(pendiente=6.0%),False,False
Polígono Industrial Los Bermejales,37.351348,-6.678483,Huelva,industrial,23.95,OSM: industrial | 23.9 ha | Huelva,2.0,,,,0.98,60,36.2,323736,61.74,Amazon DSP Sevilla,1013,True,34.75,19.9,26.26,Huelva,,True,False
Puerto Sevilla,37.361498,-5.990838,Sevilla,industrial,23.6,OSM: industrial | 23.6 ha | Sevilla,4.67,779,98,260,1.17,12,45.3,1532441,1.6,Amazon DSP Sevilla,817,True,2.76,81.3,2.91,Dos Hermanas,F1(pendiente=4.7%) | F3(Agua a 98 m (mín 140 m)),False,False
Polígono Industrial El Peral,36.767109,-5.811788,Cádiz,industrial,23.48,OSM: industrial | 23.5 ha | Cádiz,11.0,1536,,,0.62,27,31.9,241970,40.37,Amazon El Puerto de Santa María (Cádiz),2269,True,19.15,16.1,30.49,Jerez de la Frontera,F1(pendiente=11.0%),False,False
Los Llanos,37.593235,-4.303278,Córdoba,industrial,22.95,OSM: industrial | 22.9 ha | Córdoba,10.0,,,,20.52,47,14.6,156496,50.45,Correos Express Hub Córdoba,1643,True,35.86,21.2,53.18,Córdoba,F1(pendiente=10.0%) | F5(20.5 km>15.0 km) | F12(Córdoba 53.2 km>50.0 km),False,False
Poligono_Industrial_032,37.573141,-4.66013,Córdoba,industrial,22.82,OSM: industrial | 22.8 ha | Córdoba,6.0,,,357,3.95,36,17.6,214409,30.08,Correos Express Hub Córdoba,3859,True,15.25,24.5,36.57,Córdoba,F1(pendiente=6.0%),False,False
Polígono Industrial Tejares,37.226911,-5.322517,Sevilla,industrial,22.69,OSM: industrial | 22.7 ha | Sevilla,2.67,,478,181,0.45,63,37.2,123226,56.04,SEUR Hub Sevilla,,False,41.05,6.6,60.79,Dos Hermanas,F4(residential a 181 m (mín 200 m)) | F12(Dos Hermanas 60.8 km>50.0 km),False,False
Polígono Industrial Los Santos,37.360322,-4.486004,Córdoba,industrial,22.64,OSM: industrial | 22.6 ha | Córdoba,3.67,,,,0.47,62,15.6,195797,58.12,Correos Express Hub Córdoba,1250,True,40.71,24.8,64.13,Córdoba,F1(pendiente=3.7%) | F12(Córdoba 64.1 km>50.0 km),False,False
Poligono_Industrial_033,37.238153,-4.573515,Córdoba,industrial,22.64,OSM: industrial | 22.6 ha | Córdoba,9.33,,,,2.92,79,8.0,158057,53.21,Amazon DQA3 Málaga,,False,25.44,39.8,69.71,Algeciras,F1(pendiente=9.3%) | F12(Algeciras 69.7 km>50.0 km),False,False
Polígono Industrial La Morera,37.202165,-5.804754,Sevilla,industrial,22.62,OSM: industrial | 22.6 ha | Sevilla,2.0,,,301,1.22,nodo_1713120889,48.8,1260373,21.7,SEUR Hub Sevilla,280,True,15.17,62.4,25.67,Dos Hermanas,,True,True
Poligono_Industrial_034,37.508217,-5.383029,Sevilla,industrial,22.46,OSM: industrial | 22.5 ha | Sevilla,1.67,,447,,0.52,482,43.2,169587,50.68,SEUR Hub Sevilla,,False,38.77,7.8,54.42,Dos Hermanas,F12(Dos Hermanas 54.4 km>50.0 km),False,False
Parque Empresarial Cuarto de la Huerta,37.582073,-5.958607,Sevilla,industrial,22.41,OSM: industrial | 22.4 ha | Sevilla,4.0,,234,413,12.66,798,43.0,1247038,23.72,SEUR Hub Sevilla,373,True,21.67,71.2,21.66,Sevilla,F1(pendiente=4.0%),False,False
Poligono_Industrial_035,37.133894,-5.454018,Sevilla,industrial,22.35,OSM: industrial | 22.4 ha | Sevilla,3.67,,466,323,13.32,nodo_250138512,43.9,153257,49.64,SEUR Hub Sevilla,326,True,40.72,6.9,54.35,Dos Hermanas,F1(pendiente=3.7%) | F12(Dos Hermanas 54.4 km>50.0 km),False,False
Polígono Industrial Tablada,37.364217,-6.002138,Sevilla,industrial,22.2,OSM: industrial | 22.2 ha | Sevilla,1.0,1557,,,0.61,12,45.0,1536713,2.52,Amazon DSP Sevilla,258,True,3.54,82.0,3.13,Dos Hermanas,,True,True
Poligono_Industrial_036,37.938854,-4.466119,Córdoba,industrial,22.03,OSM: industrial | 22.0 ha | Córdoba,1.67,307,,308,1.7,370,14.3,371495,32.15,Correos Express Hub Córdoba,2732,True,25.36,60.8,28.05,Córdoba,F2(ENP a 307 m (mín 500 m)),False,False
Los Remedios Picasat,36.939735,-5.223151,Sevilla,industrial,21.89,OSM: industrial | 21.9 ha | Sevilla,12.33,,34,,31.68,nodo_5020438739,8.2,81943,63.14,Amazon DQA3 Málaga,1508,True,23.55,19.6,73.89,Algeciras,F1(pendiente=12.3%) | F3(Agua a 34 m (mín 140 m)) | F5(31.7 km>15.0 km) | F12(Algeciras 73.9 km>50.0 km),False,False
Poligono_Greenfield_001,37.87327,-4.844642,Córdoba,greenfield,21.72,OSM: greenfield | 21.7 ha | Córdoba,2.0,2208,,328,4.94,3,17.2,389325,7.1,Correos Express Hub Córdoba,2607,True,12.25,53.2,5.96,Córdoba,,True,True
Polígono Industrial La Molina,37.259766,-4.991121,Sevilla,industrial,21.69,OSM: industrial | 21.7 ha | Sevilla,4.0,,,412,0.47,95,11.4,122147,64.53,Correos Express Hub Córdoba,,False,16.02,21.2,72.33,Córdoba,F1(pendiente=4.0%) | F12(Córdoba 72.3 km>50.0 km),False,False
Polígono Industrial Majaloba,37.45714,-5.977572,Sevilla,industrial,21.64,OSM: industrial | 21.6 ha | Sevilla,2.0,,25,,0.68,nodo_1064874500,44.4,1466195,10.56,SEUR Hub Sevilla,1507,True,10.23,80.0,7.68,Sevilla,F3(Agua a 25 m (mín 140 m)),False,False
Poligono_Comercial_003,37.239215,-5.131025,Sevilla,comercial,21.62,OSM: comercial | 21.6 ha | Sevilla,1.67,,,,0.33,80,15.3,101824,70.87,Correos Express Hub Córdoba,1643,True,19.19,13.4,76.84,Dos Hermanas,F12(Dos Hermanas 76.8 km>50.0 km),False,False
Polígono Industrial El Muro,37.166026,-5.939258,Sevilla,industrial,21.6,OSM: industrial | 21.6 ha | Sevilla,1.33,,158,0,1.9,565,51.1,1359158,20.77,Amazon DSP Sevilla,1262,True,10.84,64.7,24.75,Dos Hermanas,F4(residential a 0 m (mín 200 m)),False,False
Siderúrgica Sevillana,37.362734,-5.887424,Alcalá de Guadaira,industrial,21.54,OSM: industrial | 21.5 ha | Sevilla,4.33,,,,1.58,5,45.2,1539815,3.85,SEUR Hub Sevilla,78,True,5.87,81.8,8.59,Dos Hermanas,F1(pendiente=4.3%),False,False
Poligono_Industrial_037,37.138891,-6.160925,Sevilla,industrial,21.46,OSM: industrial | 21.5 ha | Sevilla,1.33,,208,158,19.68,35,53.1,569388,28.42,Amazon DSP Sevilla,921,True,15.05,26.1,31.82,Dos Hermanas,F4(residential a 158 m (mín 200 m)) | F5(19.7 km>15.0 km),False,False
Poligono_Industrial_038,37.508842,-6.229595,Sevilla,industrial,21.41,OSM: industrial | 21.4 ha | Sevilla,14.67,336,270,,12.22,795,43.4,1022707,28.24,Amazon DSP Sevilla,49,True,22.62,57.3,25.62,Sevilla,F1(pendiente=14.7%) | F2(ENP a 336 m (mín 500 m): Paisaje Protegido Corredo),False,False
Polígono Industrial Los Postigos,37.596659,-4.483236,Córdoba,industrial,21.3,OSM: industrial | 21.3 ha | Córdoba,7.67,,345,,15.61,40,16.3,171234,37.33,Correos Express Hub Córdoba,,False,23.8,21.0,41.58,Córdoba,F1(pendiente=7.7%) | F5(15.6 km>15.0 km),False,False
Poligono_Industrial_039,37.578649,-4.283902,Córdoba,industrial,21.29,OSM: industrial | 21.3 ha | Córdoba,4.33,1292,,,20.55,47,14.6,143262,52.74,Correos Express Hub Córdoba,3362,True,38.08,19.2,55.53,Córdoba,F1(pendiente=4.3%) | F5(20.6 km>15.0 km) | F12(Córdoba 55.5 km>50.0 km),False,False
Parque Empresarial Higuerón Sur,37.432319,-5.970927,Sevilla,comercial,21.24,OSM: comercial | 21.2 ha | Sevilla,1.67,,396,117,2.16,nodo_1064874523,44.6,1466195,7.82,SEUR Hub Sevilla,302,True,7.79,79.7,5.01,Sevilla,F4(residential a 117 m (mín 200 m)),False,False
Polígono Industrial El Olivar,36.205128,-5.927465,Cádiz,industrial,21.24,OSM: industrial | 21.2 ha | Cádiz,5.33,,,555,7.33,36,23.1,108800,52.08,Amazon El Puerto de Santa María (Cádiz),1423,True,26.43,9.7,48.23,Cádiz,F1(pendiente=5.3%),False,False
Polígono Industrial Camino Morente,38.005693,-4.385068,Córdoba,industrial,21.24,OSM: industrial | 21.2 ha | Córdoba,5.0,,,,0.3,359,12.4,42859,41.85,Correos Express Hub Córdoba,5254,True,33.61,6.9,36.96,Córdoba,F1(pendiente=5.0%),False,False
Polígono Industrial El Olmo,38.00412,-4.415293,Córdoba,industrial,21.22,OSM: industrial | 21.2 ha | Córdoba,7.67,,,,1.39,364,12.7,43573,39.47,Correos Express Hub Córdoba,2934,True,31.72,6.8,34.43,Córdoba,F1(pendiente=7.7%),False,False
Poligono_Industrial_040,36.290053,-6.068625,Cádiz,industrial,21.07,OSM: industrial | 21.1 ha | Cádiz,5.33,2515,257,,1.19,26,24.1,302269,38.07,Amazon El Puerto de Santa María (Cádiz),281,True,22.46,27.3,32.89,Cádiz,F1(pendiente=5.3%),False,False
Central Térmica de Arcos,36.671985,-5.815949,Cádiz,industrial,20.89,OSM: industrial | 20.9 ha | Cádiz,2.0,,95,,9.31,20,26.3,288463,36.7,Amazon El Puerto de Santa María (Cádiz),297,True,19.64,23.2,28.65,Jerez de la Frontera,F3(Agua a 95 m (mín 140 m)),False,False
Estación de Tratamiento de Agua Potable Montañes,36.520722,-6.04309,Cádiz,industrial,20.88,OSM: industrial | 20.9 ha | Cádiz,8.0,,,,5.21,17,22.3,676629,18.66,Amazon El Puerto de Santa María (Cádiz),5195,True,9.06,68.0,19.8,Jerez de la Frontera,F1(pendiente=8.0%),False,False
Polígono Industrial Los Cantosales,37.37674,-5.73667,Sevilla,industrial,20.77,OSM: industrial | 20.8 ha | Sevilla,7.33,,,194,7.13,nodo_249567328,45.2,1442129,17.1,SEUR Hub Sevilla,2589,True,14.95,76.5,21.53,Dos Hermanas,F1(pendiente=7.3%) | F4(residential a 194 m (mín 200 m)),False,False
Polígono Industrial Fuente Sol,37.378861,-5.7289,Sevilla,industrial,20.68,OSM: industrial | 20.7 ha | Sevilla,4.33,,,224,7.54,nodo_249567328,45.2,1373242,17.8,SEUR Hub Sevilla,2668,True,15.49,73.1,22.2,Dos Hermanas,F1(pendiente=4.3%),False,False
Polígono Industrial Bansur,37.380071,-5.891627,Sevilla,industrial,20.62,OSM: industrial | 20.6 ha | Sevilla,2.0,,,,0.4,5,45.2,1544511,3.57,SEUR Hub Sevilla,1875,True,5.41,82.0,7.84,Dos Hermanas,,True,True
Polígono Industrial Guadial,37.364824,-6.247762,Sevilla,industrial,20.55,OSM: industrial | 20.6 ha | Sevilla,1.67,1073,265,254,1.81,23,47.9,1314024,23.72,Amazon DSP Sevilla,427,True,13.34,67.1,23.6,Sevilla,,True,True
Poligono_Industrial_041,37.16343,-6.895397,Huelva,industrial,20.52,OSM: industrial | 20.5 ha | Huelva,3.67,,94,,5.89,nodo_9034942679,12.1,310827,83.63,Amazon DSP Sevilla,1715,True,11.77,58.1,11.97,Huelva,F1(pendiente=3.7%) | F3(Agua a 94 m (mín 140 m)),False,False
Polígono Industrial Torrealcázar,37.309109,-6.240701,Sevilla,industrial,20.44,OSM: industrial | 20.4 ha | Sevilla,2.33,551,,226,6.37,23,49.4,1195006,23.49,Amazon DSP Sevilla,6182,True,11.99,59.2,24.48,Sevilla,,True,False
Centro de Comunicaciones por Satélite de Carmona,37.537717,-5.482802,Sevilla,industrial,20.34,OSM: industrial | 20.3 ha | Sevilla,7.0,,242,,4.84,491,44.5,173673,43.66,SEUR Hub Sevilla,,False,35.44,7.9,47.01,Dos Hermanas,F1(pendiente=7.0%),False,False
Polígono Industrial Aeropuerto,37.393932,-5.94082,Sevilla,industrial,20.19,OSM: industrial | 20.2 ha | Sevilla,1.67,,,358,0.4,nodo_206120407,44.9,1545717,2.83,SEUR Hub Sevilla,872,True,4.53,82.6,3.57,Dos Hermanas,,True,True
Polígono Industrial Labacante,37.37155,-6.247027,Sevilla,industrial,20.18,OSM: industrial | 20.2 ha | Sevilla,1.67,1027,,,2.12,23,47.7,1314833,23.72,Amazon DSP Sevilla,516,True,13.16,67.4,23.46,Sevilla,,True,True
Polígono Industrial El Cañuelo,37.581499,-4.851348,Córdoba,industrial,20.09,OSM: industrial | 20.1 ha | Córdoba,8.67,,100,,10.47,nodo_2255862954,18.7,193607,26.9,Correos Express Hub Córdoba,4702,True,10.51,20.9,34.69,Córdoba,F1(pendiente=8.7%) | F3(Agua a 100 m (mín 140 m)),False,False
Ence Biomasa 40,37.30599,-6.865216,Huelva,industrial,19.94,OSM: industrial | 19.9 ha | Huelva,2.33,,174,,1.09,77,12.9,336661,78.42,Amazon DSP Sevilla,106,True,5.47,58.8,9.23,Huelva,,True,True
Parque Empresarial Parque Plata,37.419467,-6.032876,Sevilla,industrial,19.81,OSM: industrial | 19.8 ha | Sevilla,2.67,2190,,358,0.3,nodo_5534308047,44.5,1456778,9.03,Amazon DSP Sevilla,753,True,8.29,79.4,5.66,Sevilla,,True,True
Fábrica Santa Filomena,37.529443,-5.241581,Sevilla,industrial,19.44,OSM: industrial | 19.4 ha | Sevilla,1.0,,,180,0.59,468,26.9,144960,50.54,Correos Express Hub Córdoba,,False,5.15,10.7,56.96,Córdoba,F4(residential a 180 m (mín 200 m)) | F12(Córdoba 57.0 km>50.0 km),False,False
Parque Empresarial de Levante,36.492973,-6.264936,Cádiz,industrial,19.43,OSM: industrial | 19.4 ha | Cádiz,3.33,2284,,271,0.47,1,20.4,682134,13.62,Amazon El Puerto de Santa María (Cádiz),268,True,14.06,75.2,4.33,Cádiz,F1(pendiente=3.3%),False,False
Polígono Industrial Navaestrella,36.697233,-6.082935,Cádiz,industrial,19.42,OSM: industrial | 19.4 ha | Cádiz,1.67,1225,268,102,0.56,80,24.2,747935,15.61,Amazon El Puerto de Santa María (Cádiz),1222,True,4.41,67.4,5.11,Jerez de la Frontera,F4(residential a 102 m (mín 200 m)),False,False
Poligono_Industrial_042,36.718814,-6.097651,Cádiz,industrial,18.84,OSM: industrial | 18.8 ha | Cádiz,5.33,,,,0.83,632,26.7,705093,16.29,Amazon El Puerto de Santa María (Cádiz),1203,True,1.04,57.1,5.39,Jerez de la Frontera,F1(pendiente=5.3%),False,False
Fertiberia,37.221127,-6.945926,Huelva,industrial,18.79,OSM: industrial | 18.8 ha | Huelva,1.67,,239,,0.92,18,11.2,326270,86.65,Amazon DSP Sevilla,364,True,10.93,65.5,4.46,Huelva,,True,True
Poligono_Industrial_043,37.174278,-5.795295,Sevilla,industrial,18.74,OSM: industrial | 18.7 ha | Sevilla,2.33,,258,,4.44,nodo_1713120889,50.3,1091443,24.81,SEUR Hub Sevilla,1012,True,16.49,52.4,28.68,Dos Hermanas,,True,False
Polígono Industrial de Trocadero,36.525594,-6.210578,Cádiz,industrial,18.55,OSM: industrial | 18.6 ha | Cádiz,2.67,359,340,,1.05,105BA,20.6,691542,9.42,Amazon El Puerto de Santa María (Cádiz),1195,True,8.82,75.2,6.97,Cádiz,F2(ENP a 359 m (mín 500 m): Parque Natural de Bahía d),False,False
Poligono_Industrial_044,37.163174,-5.456758,Sevilla,industrial,18.52,OSM: industrial | 18.5 ha | Sevilla,2.67,,237,,10.83,nodo_250138512,44.8,150561,47.78,SEUR Hub Sevilla,3323,True,39.25,6.7,52.52,Dos Hermanas,F12(Dos Hermanas 52.5 km>50.0 km),False,False
Polígono Industrial La Atalaya,37.479821,-4.43976,Córdoba,industrial,18.47,OSM: industrial | 18.5 ha | Córdoba,13.33,786,501,0,3.21,47,16.1,203669,49.36,Correos Express Hub Córdoba,1184,True,34.15,24.8,54.36,Córdoba,F1(pendiente=13.3%) | F4(residential a 0 m (mín 200 m)) | F12(Córdoba 54.4 km>50.0 km),False,False
Explotación minera inactiva,36.959588,-5.333681,Cádiz,brownfield,18.46,OSM: brownfield | 18.5 ha | Cádiz,6.33,,,,29.87,63,13.8,113972,69.82,SEUR Hub Sevilla,,False,35.48,16.1,74.36,Dos Hermanas,F1(pendiente=6.3%) | F5(29.9 km>15.0 km) | F12(Dos Hermanas 74.4 km>50.0 km),False,False
Campus Palmas Altas,37.338917,-5.978106,Sevilla,industrial,18.43,OSM: industrial | 18.4 ha | Sevilla,1.67,,311,340,0.2,9,45.2,1527395,1.24,Amazon DSP Sevilla,159,True,1.29,81.3,5.26,Dos Hermanas,,True,True
Airbus Defence and Space - San Pablo Norte,37.424416,-5.883452,Sevilla,industrial,18.21,OSM: industrial | 18.2 ha | Sevilla,2.33,,,,1.2,530,44.6,1545095,7.32,SEUR Hub Sevilla,1744,True,8.67,83.2,9.53,Dos Hermanas,,True,True
Poligono_Comercial_004,37.376539,-6.833765,Huelva,comercial,18.16,OSM: comercial | 18.2 ha | Huelva,3.67,,,103,5.52,nodo_799716403,14.3,319849,75.51,Amazon DSP Sevilla,6511,True,7.98,50.3,16.62,Huelva,F1(pendiente=3.7%) | F4(residential a 103 m (mín 200 m)),False,False
Puerto Comercial,36.593236,-6.22428,Cádiz,industrial,18.16,OSM: industrial | 18.2 ha | Cádiz,1.0,566,97,167,2.57,nodo_960792737,20.9,755898,1.9,Amazon El Puerto de Santa María (Cádiz),116,True,6.49,79.2,9.34,Cádiz,F3(Agua a 97 m (mín 140 m)) | F4(residential a 167 m (mín 200 m)),False,False
Polígono Industrial Zahorí,36.350403,-5.819261,Cádiz,industrial,17.98,OSM: industrial | 18.0 ha | Cádiz,2.0,,,172,12.52,42,25.0,138599,46.01,Amazon El Puerto de Santa María (Cádiz),4016,True,17.57,11.6,46.35,Cádiz,F4(residential a 172 m (mín 200 m)),False,False
Polígono Industrial La Chaparrilla,37.381076,-5.905114,Sevilla,industrial,17.93,OSM: industrial | 17.9 ha | Sevilla,2.67,,107,371,1.46,5,44.9,1540882,2.52,SEUR Hub Sevilla,1532,True,5.18,82.4,6.64,Dos Hermanas,F3(Agua a 107 m (mín 140 m)),False,False
Polígono Industrial Ciudad Blanca,37.266214,-5.922769,Sevilla,industrial,17.92,OSM: industrial | 17.9 ha | Sevilla,3.0,,,0,1.59,558,45.5,1465889,10.6,Amazon DSP Sevilla,864,True,7.98,77.9,14.27,Dos Hermanas,F4(residential a 0 m (mín 200 m)),False,False
Poligono_Industrial_045,37.401096,-4.581113,Córdoba,industrial,17.8,OSM: industrial | 17.8 ha | Córdoba,4.67,,501,,4.49,56,16.6,213997,50.41,Correos Express Hub Córdoba,,False,33.62,25.7,56.91,Córdoba,F1(pendiente=4.7%) | F12(Córdoba 56.9 km>50.0 km),False,False
Poligono_Greenfield_002,37.557038,-6.039679,Sevilla,greenfield,17.68,OSM: greenfield | 17.7 ha | Sevilla,4.0,,104,319,5.27,795,43.5,1212518,22.94,SEUR Hub Sevilla,1843,True,20.06,68.9,19.44,Sevilla,F1(pendiente=4.0%) | F3(Agua a 104 m (mín 140 m)),False,False
Poligono_Industrial_046,37.777432,-6.771872,Huelva,industrial,17.67,OSM: industrial | 17.7 ha | Huelva,11.67,,641,,49.02,60,10.0,62087,84.44,Amazon DSP Sevilla,896,True,42.7,13.2,59.61,Huelva,F1(pendiente=11.7%) | F5(49.0 km>15.0 km) | F12(Huelva 59.6 km>50.0 km),False,False
Polígono Industrial Quintos-Aeropuerto,37.85227,-4.862641,Córdoba,industrial,17.59,OSM: industrial | 17.6 ha | Córdoba,3.67,,,164,5.37,3,17.6,387453,6.57,Correos Express Hub Córdoba,3176,True,11.15,51.5,8.33,Córdoba,F1(pendiente=3.7%) | F4(residential a 164 m (mín 200 m)),False,False
Poligono_Industrial_047,37.72376,-6.170078,Sevilla,industrial,17.56,OSM: industrial | 17.6 ha | Sevilla,7.33,,610,94,1.32,771,40.4,69817,44.67,SEUR Hub Sevilla,,False,38.26,3.6,40.82,Sevilla,F1(pendiente=7.3%) | F4(residential a 94 m (mín 200 m)),False,False
Parque Tecnológico Dehesa de Valme,37.307335,-5.938159,Sevilla,comercial,17.32,OSM: comercial | 17.3 ha | Sevilla,2.0,,149,,0.8,19,45.4,1498540,6.02,Amazon DSP Sevilla,919,True,3.65,79.7,9.52,Dos Hermanas,,True,True
Poligono_Industrial_048,37.227314,-5.305764,Sevilla,industrial,17.22,OSM: industrial | 17.2 ha | Sevilla,1.67,,236,248,0.61,65,36.7,127769,57.45,SEUR Hub Sevilla,,False,41.66,6.9,62.19,Dos Hermanas,F12(Dos Hermanas 62.2 km>50.0 km),False,False
Poligono_Industrial_049,37.450436,-4.810893,Córdoba,industrial,17.15,OSM: industrial | 17.1 ha | Córdoba,4.33,2096,237,,17.13,36,18.2,249207,41.1,Correos Express Hub Córdoba,286,True,22.99,27.6,48.76,Córdoba,F1(pendiente=4.3%) | F5(17.1 km>15.0 km),False,False
Poligono_Industrial_050,37.890347,-4.375998,Córdoba,industrial,16.65,OSM: industrial | 16.6 ha | Córdoba,6.33,,,0,10.6,370,13.9,53400,38.04,Correos Express Hub Córdoba,,False,29.35,7.6,35.4,Córdoba,F1(pendiente=6.3%) | F4(residential a 0 m (mín 200 m)),False,False
Polígono Industrial Puerta del Parque Natural,37.824329,-6.442415,Huelva,industrial,16.5,OSM: industrial | 16.5 ha | Huelva,5.67,198,158,,21.84,745,27.3,42837,66.65,Amazon DSP Sevilla,57,True,53.75,3.2,63.2,Sevilla,F1(pendiente=5.7%) | F2(ENP a 198 m (mín 500 m): Parque Natural de Sierra ) | F5(21.8 km>15.0 km) | F12(Sevilla 63.2 km>50.0 km),False,False
Amazon SVQ1,37.271283,-5.989964,Dos Hermanas,industrial,16.49,OSM: industrial | 16.5 ha | Sevilla,1.0,,,,1.24,553,46.9,1483733,8.8,Amazon DSP Sevilla,137,True,5.38,76.3,12.81,Dos Hermanas,,True,False
Poligono_Industrial_051,37.1944,-5.752092,Sevilla,industrial,16.46,OSM: industrial | 16.5 ha | Sevilla,3.0,,,,5.38,nodo_1713120889,46.8,994692,25.08,SEUR Hub Sevilla,1979,True,19.69,49.7,29.35,Dos Hermanas,,True,True
Polígono Industrial Las Lagunillas,37.66278,-4.927576,Córdoba,industrial,16.38,OSM: industrial | 16.4 ha | Córdoba,2.33,,,336,1.76,432,18.5,471153,20.77,Correos Express Hub Córdoba,1712,True,8.62,58.2,28.25,Córdoba,,True,False
Polígono Industrial Fuente Palma,37.268351,-4.53268,Córdoba,industrial,16.35,OSM: industrial | 16.4 ha | Córdoba,7.0,,,262,1.11,76,7.9,146990,56.55,Amazon DQA3 Málaga,,False,24.91,37.2,72.27,Córdoba,F1(pendiente=7.0%) | F12(Córdoba 72.3 km>50.0 km),False,False
Cementos Cosmos,37.359315,-6.672213,Huelva,industrial,16.34,OSM: industrial | 16.3 ha | Huelva,5.0,,341,395,1.89,60,36.2,326658,61.19,Amazon DSP Sevilla,33,True,34.17,20.0,27.12,Huelva,F1(pendiente=5.0%),False,False
Vipren,36.41915,-6.178211,Cádiz,industrial,16.11,OSM: industrial | 16.1 ha | Cádiz,1.33,667,,237,4.09,3,20.6,569128,21.55,Amazon El Puerto de Santa María (Cádiz),1567,True,17.37,61.3,15.53,Cádiz,,True,True
Polígono Industrial de Fadricas,36.473545,-6.204837,Cádiz,industrial,15.96,OSM: industrial | 16.0 ha | Cádiz,1.33,745,201,217,2.12,7,20.8,689448,15.23,Amazon El Puerto de Santa María (Cádiz),710,True,12.9,74.4,9.56,Cádiz,,True,False
Polígono Industrial SAU15,37.676613,-4.925044,Córdoba,industrial,15.93,OSM: industrial | 15.9 ha | Córdoba,5.0,,375,274,0.56,432,18.5,464151,19.37,Correos Express Hub Córdoba,270,True,8.41,57.3,26.78,Córdoba,F1(pendiente=5.0%),False,False
Polígono Industrial El Rosal,37.591483,-5.200131,Sevilla,industrial,15.77,OSM: industrial | 15.8 ha | Sevilla,3.67,,,155,7.6,464,21.0,148491,43.41,Correos Express Hub Córdoba,1837,True,8.18,14.0,49.57,Córdoba,F1(pendiente=3.7%) | F4(residential a 155 m (mín 200 m)),False,False
Palmones I,36.178676,-5.442749,Cádiz,industrial,15.68,OSM: industrial | 15.7 ha | Cádiz,2.67,173,236,291,0.47,1113,8.5,274460,84.5,Amazon El Puerto de Santa María (Cádiz),1726,True,10.99,72.1,83.61,Jerez de la Frontera,F2(ENP a 173 m (mín 500 m): Paraje Natural Río Palmon) | F12(Jerez de la Frontera 83.6 km>50.0 km),False,False
Sociedad Cooperativa Andaluza Las Palmeras,37.110441,-5.946048,Sevilla,industrial,15.43,OSM: industrial | 15.4 ha | Sevilla,1.0,165,117,118,6.32,24,53.2,644593,26.81,Amazon DSP Sevilla,,False,13.63,28.7,30.81,Dos Hermanas,F2(ENP a 165 m (mín 500 m)) | F3(Agua a 117 m (mín 140 m)) | F4(residential a 118 m (mín 200 m)),False,False
Polígono Industrial VI Centenario,37.392993,-6.557565,Huelva,industrial,15.41,OSM: industrial | 15.4 ha | Huelva,2.33,,,207,4.24,50,45.4,166892,51.26,Amazon DSP Sevilla,1525,True,32.67,7.4,37.91,Huelva,,True,True
Bioenergía Santamaría,37.359299,-4.501548,Córdoba,industrial,15.4,OSM: industrial | 15.4 ha | Córdoba,9.67,,68,,0.92,62,15.7,199775,57.58,Correos Express Hub Córdoba,128,True,40.06,25.2,63.7,Córdoba,F1(pendiente=9.7%) | F3(Agua a 68 m (mín 140 m)) | F12(Córdoba 63.7 km>50.0 km),False,False
Polígono Industrial Fernando Guerrero,36.97867,-5.946795,Sevilla,industrial,15.37,OSM: industrial | 15.4 ha | Sevilla,5.33,,536,0,0.64,44,59.2,235859,41.39,Amazon DSP Sevilla,4592,True,16.62,7.8,37.08,Jerez de la Frontera,F1(pendiente=5.3%) | F4(residential a 0 m (mín 200 m)),False,False
Poligono_Industrial_052,37.973906,-4.4495,Córdoba,industrial,15.32,OSM: industrial | 15.3 ha | Córdoba,6.33,,360,322,0.33,367,14.0,139933,35.2,Correos Express Hub Córdoba,556,True,28.13,20.5,30.46,Córdoba,F1(pendiente=6.3%),False,False
Poligono_Industrial_053,38.189606,-5.038546,Córdoba,industrial,15.28,OSM: industrial | 15.3 ha | Córdoba,6.33,,,,3.62,nodo_946210215,11.8,46015,46.11,Correos Express Hub Córdoba,,False,34.24,8.3,40.48,Córdoba,F1(pendiente=6.3%),False,False
Hytasal,37.367751,-5.963168,Sevilla,industrial,15.23,OSM: industrial | 15.2 ha | Sevilla,1.67,1740,92,233,0.96,0A,45.2,1526557,2.47,Amazon DSP Sevilla,234,True,2.27,81.3,2.53,Dos Hermanas,F3(Agua a 92 m (mín 140 m)),False,False
Polígono Industrial Pineda,37.335834,-5.966971,Sevilla,industrial,15.22,OSM: industrial | 15.2 ha | Sevilla,1.33,,539,0,0.72,8B,45.1,1516948,1.95,Amazon DSP Sevilla,589,True,0.94,81.0,5.72,Dos Hermanas,F4(residential a 0 m (mín 200 m)),False,False
Poligono_Comercial_005,37.231024,-4.901103,Sevilla,comercial,15.15,OSM: comercial | 15.2 ha | Sevilla,6.67,,39,167,6.35,97,10.3,107980,60.95,Amazon DQA3 Málaga,5893,True,18.9,20.7,73.86,Córdoba,F1(pendiente=6.7%) | F3(Agua a 39 m (mín 140 m)) | F4(residential a 167 m (mín 200 m)) | F12(Córdoba 73.9 km>50.0 km),False,False
Polígono Industrial Solucar,37.364945,-6.200384,Sevilla,industrial,15.11,OSM: industrial | 15.1 ha | Sevilla,3.0,2026,,225,0.46,16,44.5,1344365,19.55,Amazon DSP Sevilla,2982,True,15.28,73.6,19.44,Sevilla,,True,True
Polígono Industrial San Roque,38.436501,-4.893313,Córdoba,industrial,15.11,OSM: industrial | 15.1 ha | Córdoba,2.33,,240,,30.69,nodo_946210215,9.7,46576,69.04,Correos Express Hub Córdoba,,False,53.33,10.0,61.78,Córdoba,F5(30.7 km>15.0 km) | F12(Córdoba 61.8 km>50.0 km),False,False
Poligono_Greenfield_003,37.293899,-5.917048,Sevilla,greenfield,15.06,OSM: greenfield | 15.1 ha | Sevilla,3.33,,,0,2.0,19,45.6,1492828,8.36,Amazon DSP Sevilla,329,True,5.55,79.0,11.68,Dos Hermanas,F1(pendiente=3.3%) | F4(residential a 0 m (mín 200 m)),False,False
Central Térmica de Ciclo Combinado Cristóbal Colón,37.216041,-6.943596,Huelva,industrial,15.04,OSM: industrial | 15.0 ha | Huelva,2.33,,192,,0.42,18,11.2,326270,86.54,Amazon DSP Sevilla,0,True,11.32,65.6,5.05,Huelva,,True,True
Polígono Industrial Itálica,37.452439,-6.046038,Sevilla,industrial,14.93,OSM: industrial | 14.9 ha | Sevilla,4.0,650,226,,0.29,805,44.2,1455052,12.8,Amazon DSP Sevilla,1733,True,11.03,79.9,9.09,Sevilla,F1(pendiente=4.0%),False,False
Central Térmica de Ciclo Combinado de la Bahía de Algeciras,36.183908,-5.388342,Cádiz,industrial,14.93,OSM: industrial | 14.9 ha | Cádiz,4.33,2442,157,171,0.48,2,8.5,274460,88.24,Amazon El Puerto de Santa María (Cádiz),25,True,15.15,72.1,86.91,Jerez de la Frontera,F1(pendiente=4.3%) | F4(residential a 171 m (mín 200 m)) | F12(Jerez de la Frontera 86.9 km>50.0 km),False,False
Poligono_Industrial_054,36.298961,-5.874801,Cádiz,industrial,14.76,OSM: industrial | 14.8 ha | Cádiz,4.67,555,123,483,10.52,36,24.5,213454,46.36,Amazon El Puerto de Santa María (Cádiz),4492,True,19.22,18.5,44.88,Cádiz,F1(pendiente=4.7%) | F3(Agua a 123 m (mín 140 m)),False,False
Parque Tecnológico-Empresarial I,36.209051,-5.43071,Cádiz,comercial,14.74,OSM: comercial | 14.7 ha | Cádiz,8.67,2334,144,130,0.99,1110,8.5,276105,83.53,Amazon El Puerto de Santa María (Cádiz),250,True,10.7,72.5,82.2,Jerez de la Frontera,F1(pendiente=8.7%) | F4(residential a 130 m (mín 200 m)) | F12(Jerez de la Frontera 82.2 km>50.0 km),False,False
Poligono_Industrial_055,37.249212,-7.197155,Huelva,industrial,14.73,OSM: industrial | 14.7 ha | Huelva,1.0,,68,149,5.53,117,10.1,303518,108.24,Amazon DSP Sevilla,912,True,22.67,68.2,21.67,Huelva,F3(Agua a 68 m (mín 140 m)) | F4(residential a 149 m (mín 200 m)),False,False
Poligono_Comercial_006,37.304884,-4.880227,Sevilla,comercial,14.64,OSM: comercial | 14.6 ha | Sevilla,7.67,,381,,0.35,105,14.1,121272,57.71,Correos Express Hub Córdoba,888,True,24.6,17.1,65.47,Córdoba,F1(pendiente=7.7%) | F12(Córdoba 65.5 km>50.0 km),False,False
Williams & Humbert,36.672561,-6.155665,Cádiz,industrial,14.62,OSM: industrial | 14.6 ha | Cádiz,3.0,1263,28,427,0.32,nodo_561608628,22.8,773924,9.02,Amazon El Puerto de Santa María (Cádiz),601,True,5.55,73.8,1.97,Jerez de la Frontera,F3(Agua a 28 m (mín 140 m)),False,False
Ceramica,36.204927,-5.399025,Cádiz,industrial,14.58,OSM: industrial | 14.6 ha | Cádiz,13.33,474,287,385,0.3,1108,8.5,276105,86.18,Amazon El Puerto de Santa María (Cádiz),314,True,13.57,72.5,84.69,Jerez de la Frontera,F1(pendiente=13.3%) | F2(ENP a 474 m (mín 500 m): Estación Ambiental Madrev) | F12(Jerez de la Frontera 84.7 km>50.0 km),False,False
Polígono Industrial Cerro de la Virgen,37.884911,-4.374989,Córdoba,industrial,14.37,OSM: industrial | 14.4 ha | Córdoba,4.67,,,0,11.08,370,14.0,53400,38.01,Correos Express Hub Córdoba,,False,29.53,7.5,35.49,Córdoba,F1(pendiente=4.7%) | F4(residential a 0 m (mín 200 m)),False,False
Polígono el Junquillo,37.472161,-4.451688,Córdoba,industrial,14.24,OSM: industrial | 14.2 ha | Córdoba,9.67,2119,211,287,2.05,47,16.3,224162,49.36,Correos Express Hub Córdoba,990,True,33.95,27.1,54.51,Córdoba,F1(pendiente=9.7%) | F12(Córdoba 54.5 km>50.0 km),False,False
Polígono Industrial La Orejona,37.468678,-5.340791,Sevilla,industrial,14.1,OSM: industrial | 14.1 ha | Sevilla,3.67,,,0,4.77,480,41.2,190518,53.18,SEUR Hub Sevilla,,False,37.72,9.2,57.18,Dos Hermanas,F1(pendiente=3.7%) | F4(residential a 0 m (mín 200 m)) | F12(Dos Hermanas 57.2 km>50.0 km),False,False
Ence I,37.308622,-6.858755,Huelva,industrial,14.09,OSM: industrial | 14.1 ha | Huelva,3.0,,547,,1.03,77,13.1,336661,77.83,Amazon DSP Sevilla,259,True,6.05,57.5,9.87,Huelva,,True,True
Parque Empresarial Vereda de la Herrería,37.366912,-6.256667,Sevilla,industrial,14.09,OSM: industrial | 14.1 ha | Sevilla,2.33,1828,591,286,1.13,23,48.4,1138780,24.53,Amazon DSP Sevilla,1152,True,13.4,57.6,24.36,Sevilla,,True,True
Poligono_Industrial_056,38.182334,-5.044173,Córdoba,industrial,14.07,OSM: industrial | 14.1 ha | Córdoba,12.33,,512,,3.79,nodo_946210215,11.8,45041,45.62,Correos Express Hub Córdoba,,False,33.75,8.1,40.09,Córdoba,F1(pendiente=12.3%),False,False
Polígono Industrial La Cañada,37.589637,-5.206092,Sevilla,industrial,14.05,OSM: industrial | 14.1 ha | Sevilla,3.33,,509,369,7.36,468,20.9,157575,43.96,Correos Express Hub Córdoba,1987,True,8.7,14.9,50.1,Córdoba,F1(pendiente=3.3%) | F12(Córdoba 50.1 km>50.0 km),False,False
Poligono_Comercial_007,37.874708,-4.835699,Córdoba,comercial,13.99,OSM: comercial | 14.0 ha | Córdoba,2.0,,,,4.5,3,16.9,381093,6.84,Correos Express Hub Córdoba,1834,True,11.87,53.2,5.16,Córdoba,,True,True
Poligono_Industrial_057,37.512564,-4.649111,Córdoba,industrial,13.96,OSM: industrial | 14.0 ha | Córdoba,8.0,,,166,1.84,40,17.6,211503,36.67,Correos Express Hub Córdoba,422,True,21.18,24.1,43.31,Córdoba,F1(pendiente=8.0%) | F4(residential a 166 m (mín 200 m)),False,False
Poligono_Industrial_058,37.082736,-5.89303,Sevilla,industrial,13.89,OSM: industrial | 13.9 ha | Sevilla,0.33,,129,,8.65,24,53.1,477370,30.7,Amazon DSP Sevilla,3890,True,17.16,20.4,34.61,Dos Hermanas,F3(Agua a 129 m (mín 140 m)),False,False
Polígono Industrial San Ildefonso,37.82059,-4.997591,Córdoba,industrial,13.84,OSM: industrial | 13.8 ha | Córdoba,1.67,,469,,15.15,430,17.9,407414,17.36,Correos Express Hub Córdoba,2162,True,16.47,52.9,20.58,Córdoba,F5(15.2 km>15.0 km),False,False
Poligono_Industrial_059,37.421579,-4.48837,Córdoba,industrial,13.83,OSM: industrial | 13.8 ha | Córdoba,8.67,,,7,1.08,nodo_878923531,16.2,230667,52.12,Correos Express Hub Córdoba,276,True,35.89,28.0,57.87,Córdoba,F1(pendiente=8.7%) | F4(residential a 7 m (mín 200 m)) | F12(Córdoba 57.9 km>50.0 km),False,False
Poligono_Industrial_060,36.711931,-6.037786,Cádiz,industrial,13.75,OSM: industrial | 13.8 ha | Cádiz,5.33,,159,354,0.46,3,26.8,538348,19.81,Amazon El Puerto de Santa María (Cádiz),256,True,4.08,42.4,9.45,Jerez de la Frontera,F1(pendiente=5.3%),False,False
Polígono Industrial La Vega,37.460538,-4.190682,Córdoba,industrial,13.71,OSM: industrial | 13.7 ha | Córdoba,25.67,,290,150,23.42,47,6.4,130430,46.12,Amazon DQA8 Escúzar (Granada),3016,True,32.36,40.2,70.33,Córdoba,F1(pendiente=25.7%) | F4(residential a 150 m (mín 200 m)) | F5(23.4 km>15.0 km) | F12(Córdoba 70.3 km>50.0 km),False,False
Polígono Industrial Los Baldíos,37.104606,-4.989162,Sevilla,industrial,13.6,OSM: industrial | 13.6 ha | Sevilla,6.0,,415,244,15.42,nodo_3066939248,10.0,73917,54.7,Amazon DQA3 Málaga,5125,True,21.37,14.5,69.79,Algeciras,F1(pendiente=6.0%) | F5(15.4 km>15.0 km) | F12(Algeciras 69.8 km>50.0 km),False,False
Exolum Arahal II,37.239297,-5.60059,Sevilla,industrial,13.38,OSM: industrial | 13.4 ha | Sevilla,2.0,,648,,2.15,nodo_249568050,47.3,407521,32.56,SEUR Hub Sevilla,185,True,26.29,18.4,37.32,Dos Hermanas,,True,False
Maxam El Garrobo,37.600449,-6.168393,Sevilla,industrial,13.38,OSM: industrial | 13.4 ha | Sevilla,3.67,,,,3.71,782,42.3,843175,32.43,Amazon DSP Sevilla,,False,27.35,49.3,28.75,Sevilla,F1(pendiente=3.7%),False,False
Polígono Industrial El Gran Poder-Pelagatos,37.53981,-5.880899,Sevilla,industrial,13.38,OSM: industrial | 13.4 ha | Sevilla,2.67,,305,0,11.77,530,43.9,1360877,19.37,SEUR Hub Sevilla,348,True,18.9,75.7,19.09,Sevilla,F4(residential a 0 m (mín 200 m)),False,False
Polígono Industrial Polirrosa,37.264683,-6.921165,Huelva,industrial,13.36,OSM: industrial | 13.4 ha | Huelva,2.33,1778,234,0,0.24,11,11.7,327287,83.78,Amazon DSP Sevilla,350,True,7.57,62.8,2.83,Huelva,F4(residential a 0 m (mín 200 m)),False,False
Polígono Industrial El Bujeo,37.363631,-4.839306,Sevilla,industrial,13.26,OSM: industrial | 13.3 ha | Sevilla,7.0,,,213,7.35,106,18.8,169900,50.86,Correos Express Hub Córdoba,2953,True,28.63,17.9,58.57,Córdoba,F1(pendiente=7.0%) | F12(Córdoba 58.6 km>50.0 km),False,False
Poligono_Industrial_061,37.588488,-5.749834,Sevilla,industrial,13.23,OSM: industrial | 13.2 ha | Sevilla,1.0,,,,13.67,514,43.5,722939,29.03,SEUR Hub Sevilla,3457,True,26.36,35.8,30.28,Sevilla,,True,False
Dragados,36.217209,-5.438045,Cádiz,industrial,13.15,OSM: industrial | 13.2 ha | Cádiz,1.0,,186,222,2.1,1110,8.6,276105,82.48,Amazon El Puerto de Santa María (Cádiz),351,True,10.03,71.6,81.11,Jerez de la Frontera,F12(Jerez de la Frontera 81.1 km>50.0 km),False,False
Poligono_Industrial_062,37.302139,-5.89235,Sevilla,industrial,13.05,OSM: industrial | 13.1 ha | Sevilla,5.67,,,,0.95,8,45.6,1514533,8.25,SEUR Hub Sevilla,1165,True,6.32,80.0,12.14,Dos Hermanas,F1(pendiente=5.7%),False,False
Poligono_Industrial_063,36.74678,-6.067217,Cádiz,industrial,13.03,OSM: industrial | 13.0 ha | Cádiz,3.33,,,86,1.18,628,28.8,562432,20.42,Amazon El Puerto de Santa María (Cádiz),2818,True,2.3,41.1,9.52,Jerez de la Frontera,F1(pendiente=3.3%) | F4(school a 86 m (mín 200 m)),False,False
Polígono Industrial Guadalquivir,37.320105,-6.030608,Gelves,industrial,12.99,OSM: industrial | 13.0 ha | Sevilla,1.33,,525,355,4.54,549,45.3,1520202,5.57,Amazon DSP Sevilla,1761,True,6.19,80.8,8.6,Dos Hermanas,,True,True
Polígono Industrial El Pontón,37.918139,-6.83527,Huelva,industrial,12.78,OSM: industrial | 12.8 ha | Huelva,13.0,0,131,,53.16,741,3.1,38049,98.3,Amazon DSP Sevilla,,False,33.9,25.8,73.81,Huelva,F1(pendiente=13.0%) | F2(ENP a 0 m (mín 500 m): Parque Natural de Sierra de) | F3(Agua a 131 m (mín 140 m)) | F5(53.2 km>15.0 km) | F12(Huelva 73.8 km>50.0 km),False,False
Poligono_Brownfield_006,37.370748,-5.910211,Sevilla,brownfield,12.74,OSM: brownfield | 12.7 ha | Sevilla,1.67,,,142,1.95,5,45.1,1539815,1.75,SEUR Hub Sevilla,2038,True,4.32,82.0,6.4,Dos Hermanas,F4(residential a 142 m (mín 200 m)),False,False
Terminal logística ferroviaria Majarabique,37.447957,-5.966564,Sevilla,logistica,12.66,OSM: logistica | 12.7 ha | Sevilla,1.0,,,,0.54,nodo_1064874523,44.3,1467079,9.25,SEUR Hub Sevilla,843,True,9.22,80.1,6.79,Sevilla,,True,True
Poligono_Industrial_064,37.466643,-4.568731,Córdoba,industrial,12.6,OSM: industrial | 12.6 ha | Córdoba,2.67,,533,305,0.86,49,16.9,229874,44.25,Correos Express Hub Córdoba,,False,28.16,27.1,50.41,Córdoba,F12(Córdoba 50.4 km>50.0 km),False,False
Poligono_Industrial_065,37.128833,-6.171338,Sevilla,industrial,12.54,OSM: industrial | 12.5 ha | Sevilla,2.33,2959,101,58,21.02,35,52.9,553772,29.86,Amazon DSP Sevilla,708,True,16.31,25.5,33.25,Dos Hermanas,F3(Agua a 101 m (mín 140 m)) | F4(residential a 58 m (mín 200 m)) | F5(21.0 km>15.0 km),False,False
Polígono Industrial La Vega,36.026191,-5.609236,Cádiz,industrial,12.41,OSM: industrial | 12.4 ha | Cádiz,13.67,1015,233,310,16.68,1122,9.0,248654,84.9,Amazon El Puerto de Santa María (Cádiz),118,True,21.46,60.7,82.52,Cádiz,F1(pendiente=13.7%) | F5(16.7 km>15.0 km) | F12(Cádiz 82.5 km>50.0 km),False,False
Poligono_Industrial_066,37.022392,-5.968585,Sevilla,industrial,12.41,OSM: industrial | 12.4 ha | Sevilla,1.33,,243,191,3.7,nodo_325136207,57.5,294742,36.44,Amazon DSP Sevilla,2148,True,15.11,10.6,40.47,Dos Hermanas,F4(residential a 191 m (mín 200 m)),False,False
Cooperativa Agraria Nuestra Señora de las Virtudes,37.223521,-5.288801,Sevilla,industrial,12.41,OSM: industrial | 12.4 ha | Sevilla,4.67,,,,1.25,65,33.1,129882,59.01,SEUR Hub Sevilla,,False,40.12,7.8,63.75,Dos Hermanas,F1(pendiente=4.7%) | F12(Dos Hermanas 63.8 km>50.0 km),False,False
Poligono_Industrial_067,37.257128,-5.534332,Sevilla,industrial,12.35,OSM: industrial | 12.3 ha | Sevilla,4.0,,,291,0.28,41,46.7,302485,37.17,SEUR Hub Sevilla,536,True,30.34,13.7,41.94,Dos Hermanas,F1(pendiente=4.0%),False,False
Poligono_Industrial_068,37.508013,-4.657551,Córdoba,industrial,12.34,OSM: industrial | 12.3 ha | Córdoba,9.0,,,105,2.7,40,17.6,212394,36.89,Correos Express Hub Córdoba,477,True,21.32,24.2,43.61,Córdoba,F1(pendiente=9.0%) | F4(residential a 105 m (mín 200 m)),False,False
Desguace Pedro García,37.243528,-5.83263,Sevilla,industrial,12.26,OSM: industrial | 12.3 ha | Sevilla,2.33,,,,0.45,17,45.7,1402933,16.49,SEUR Hub Sevilla,827,True,13.16,74.3,20.53,Dos Hermanas,,True,True
Parque Solar El Rocío II - Instalación 1,37.155085,-6.50482,Huelva,industrial,12.21,OSM: industrial | 12.2 ha | Huelva,1.0,3047,,,1.43,25,52.7,113477,51.26,Amazon DSP Sevilla,1433,True,31.77,4.3,41.38,Huelva,,True,True
Polígono Industrial El Gordillo,37.455696,-5.948621,Sevilla,industrial,12.1,OSM: industrial | 12.1 ha | Sevilla,5.67,,338,,1.88,nodo_1064874500,44.5,1463909,9.67,SEUR Hub Sevilla,1059,True,9.86,79.7,8.07,Sevilla,F1(pendiente=5.7%),False,False
Polígono Industrial Huerta del Pino,37.361213,-6.328337,Sevilla,industrial,12.1,OSM: industrial | 12.1 ha | Sevilla,3.0,,,218,0.25,28,48.6,567740,30.81,Amazon DSP Sevilla,4076,True,17.71,28.1,30.72,Sevilla,,True,True
Polígono Industrial Los Emprendedores,37.575522,-5.430951,Sevilla,industrial,12.1,OSM: industrial | 12.1 ha | Sevilla,6.0,,218,175,7.49,487,43.3,134419,49.62,SEUR Hub Sevilla,,False,39.73,6.2,52.82,Dos Hermanas,F1(pendiente=6.0%) | F4(residential a 175 m (mín 200 m)) | F12(Dos Hermanas 52.8 km>50.0 km),False,False
Poligono_Industrial_069,38.088493,-5.811262,Sevilla,industrial,12.07,OSM: industrial | 12.1 ha | Sevilla,8.0,223,,218,36.62,730,3.6,13130,80.57,SEUR Hub Sevilla,,False,40.29,6.5,79.31,Sevilla,"F1(pendiente=8.0%) | F2(ENP a 223 m (mín 500 m): Parque Natural Sierra Mor) | F5(36.6 km>15.0 km) | F7(población 13,130 hab. en 30 km) | F12(Sevilla 79.3 km>50.0 km)",False,False
Polígono Industrial El Barrial,36.864487,-6.171494,Cádiz,industrial,12.04,OSM: industrial | 12.0 ha | Cádiz,10.0,,,0,14.41,nodo_309822232,54.5,425982,28.63,Amazon El Puerto de Santa María (Cádiz),,False,26.52,15.8,20.52,Jerez de la Frontera,F1(pendiente=10.0%) | F4(residential a 0 m (mín 200 m)),False,False
Poligono_Industrial_070,37.195884,-4.769444,Sevilla,industrial,12.04,OSM: industrial | 12.0 ha | Sevilla,2.67,,,317,1.59,125,10.0,103773,52.24,Amazon DQA3 Málaga,675,True,24.47,20.7,69.0,Algeciras,F12(Algeciras 69.0 km>50.0 km),False,False
Poligono_Industrial_071,37.456243,-4.701264,Córdoba,industrial,12.02,OSM: industrial | 12.0 ha | Córdoba,2.33,,,,9.25,40,17.9,219411,41.37,Correos Express Hub Córdoba,174,True,23.99,24.7,48.52,Córdoba,,True,False
Polígono Industrial La Palmosa,36.439088,-5.71629,Cádiz,industrial,11.91,OSM: industrial | 11.9 ha | Cádiz,11.33,0,,,0.26,45,26.3,65649,48.86,Amazon El Puerto de Santa María (Cádiz),,False,21.29,5.2,46.28,Jerez de la Frontera,F1(pendiente=11.3%) | F2(ENP a 0 m (mín 500 m): Parque Natural los Alcornoc),False,False
Poligono_Industrial_072,38.270814,-5.202051,Córdoba,industrial,11.86,OSM: industrial | 11.9 ha | Córdoba,3.33,,225,124,20.52,nodo_946210215,10.6,35610,61.26,Correos Express Hub Córdoba,,False,46.86,6.3,56.38,Córdoba,F1(pendiente=3.3%) | F4(residential a 124 m (mín 200 m)) | F5(20.5 km>15.0 km) | F12(Córdoba 56.4 km>50.0 km),False,False
Poligono_Industrial_073,37.15248,-5.979437,Sevilla,industrial,11.86,OSM: industrial | 11.9 ha | Sevilla,0.67,,156,0,5.54,565,52.3,1336738,21.96,Amazon DSP Sevilla,4400,True,9.73,62.1,25.99,Dos Hermanas,F4(residential a 0 m (mín 200 m)),False,False
Poligono_Industrial_074,37.464262,-4.268286,Córdoba,industrial,11.82,OSM: industrial | 11.8 ha | Córdoba,6.0,0,253,,16.6,47,11.0,139925,51.81,Amazon DQA8 Escúzar (Granada),,False,39.72,24.8,65.16,Córdoba,F1(pendiente=6.0%) | F2(ENP a 0 m (mín 500 m): Parque Natural Sierras Subb) | F5(16.6 km>15.0 km) | F12(Córdoba 65.2 km>50.0 km),False,False
Polígono Industrial La Jarilla,37.481804,-5.914919,Sevilla,industrial,11.82,OSM: industrial | 11.8 ha | Sevilla,2.67,,478,181,5.63,nodo_1064874500,44.6,1470108,12.5,SEUR Hub Sevilla,2088,True,12.95,79.9,11.99,Sevilla,F4(residential a 181 m (mín 200 m)),False,False
Polígono Industrial El Buitrón,37.326906,-6.842778,San Juan del Puerto,industrial,11.8,OSM: industrial | 11.8 ha | Huelva,1.33,,497,,0.49,75,14.0,340980,76.32,Amazon DSP Sevilla,995,True,7.6,54.7,12.19,Huelva,,True,True
Puerto Comercial,36.582499,-6.234262,Cádiz,industrial,11.72,OSM: industrial | 11.7 ha | Cádiz,1.67,1829,74,,3.42,nodo_563359111,20.8,755898,3.31,Amazon El Puerto de Santa María (Cádiz),1580,True,7.42,79.7,7.85,Cádiz,F3(Agua a 74 m (mín 140 m)),False,False
FV Vela Energy,37.45739,-5.846063,Sevilla,industrial,11.71,OSM: industrial | 11.7 ha | Sevilla,2.67,,536,,3.01,526,44.3,1450266,12.22,SEUR Hub Sevilla,2276,True,13.39,79.3,14.23,Dos Hermanas,,True,True
Polígono Industrial Mantón de Manila,37.474236,-4.457855,Córdoba,industrial,11.58,OSM: industrial | 11.6 ha | Córdoba,6.67,2502,490,,2.26,47,16.3,229833,48.84,Correos Express Hub Córdoba,1582,True,33.41,27.8,54.03,Córdoba,F1(pendiente=6.7%) | F12(Córdoba 54.0 km>50.0 km),False,False
Polígono Industrial Los Viñazos,37.347971,-4.992254,Sevilla,industrial,11.56,OSM: industrial | 11.6 ha | Sevilla,2.67,,495,124,9.69,97,19.9,156439,55.15,Correos Express Hub Córdoba,,False,28.52,15.6,62.93,Córdoba,F4(residential a 124 m (mín 200 m)) | F12(Córdoba 62.9 km>50.0 km),False,False
Instalación de Almacenamiento de Rota,36.624599,-6.284633,Cádiz,industrial,11.52,OSM: industrial | 11.5 ha | Cádiz,2.0,,,,7.09,nodo_960792737,20.8,732159,5.99,Amazon El Puerto de Santa María (Cádiz),348,True,12.03,76.9,10.86,Cádiz,,True,True
Poligono_Brownfield_007,37.327784,-5.988023,Sevilla,brownfield,11.51,OSM: brownfield | 11.5 ha | Sevilla,2.0,1809,182,,1.16,545,45.1,1513765,2.57,Amazon DSP Sevilla,481,True,2.72,80.8,6.53,Dos Hermanas,,True,True
Polígono Industrial Gallardo,37.664267,-4.937566,Córdoba,industrial,11.51,OSM: industrial | 11.5 ha | Córdoba,1.33,,,114,1.3,434,18.7,478267,21.12,Correos Express Hub Córdoba,2006,True,8.73,58.4,28.52,Córdoba,F4(residential a 114 m (mín 200 m)),False,False
Poligono_Industrial_075,37.437902,-5.807299,Sevilla,industrial,11.46,OSM: industrial | 11.5 ha | Sevilla,0.67,,,355,0.37,nodo_861711665,44.4,1457017,13.21,SEUR Hub Sevilla,1383,True,13.39,79.4,16.3,Dos Hermanas,,True,True
Poligono_Industrial_076,37.116156,-6.013154,Sevilla,industrial,11.45,OSM: industrial | 11.4 ha | Sevilla,1.0,,174,448,10.35,24,53.6,754987,26.17,Amazon DSP Sevilla,5270,True,11.79,34.2,30.17,Dos Hermanas,,True,False
Poligono_Industrial_077,37.140993,-5.452216,Sevilla,industrial,11.4,OSM: industrial | 11.4 ha | Sevilla,2.33,,,,12.57,nodo_250138512,43.9,154950,49.36,SEUR Hub Sevilla,993,True,40.44,7.0,54.08,Dos Hermanas,F12(Dos Hermanas 54.1 km>50.0 km),False,False
Polígono Industrial Cerro del Prado (Repsol),36.199098,-5.419147,Cádiz,industrial,11.31,OSM: industrial | 11.3 ha | Cádiz,2.67,1172,370,311,0.53,1110,8.5,276105,85.0,Amazon El Puerto de Santa María (Cádiz),416,True,11.99,72.5,83.71,Jerez de la Frontera,F12(Jerez de la Frontera 83.7 km>50.0 km),False,False
Polígono Industrial Piedra Blanca,37.245587,-4.928047,Sevilla,industrial,11.23,OSM: industrial | 11.2 ha | Sevilla,7.33,,482,159,3.47,97,10.6,112842,63.58,Amazon DQA3 Málaga,6678,True,17.7,21.0,72.65,Córdoba,F1(pendiente=7.3%) | F4(residential a 159 m (mín 200 m)) | F12(Córdoba 72.7 km>50.0 km),False,False
Hitachi Energy Spain Córdoba,37.874763,-4.808254,Córdoba,industrial,11.2,OSM: industrial | 11.2 ha | Córdoba,1.33,1991,,,3.47,3,16.9,386903,6.13,Correos Express Hub Córdoba,475,True,11.36,53.8,2.94,Córdoba,,True,True
Bodegas Garvey,36.701931,-6.144802,Cádiz,industrial,11.19,OSM: industrial | 11.2 ha | Cádiz,8.67,604,,320,1.79,639,24.0,714967,12.23,Amazon El Puerto de Santa María (Cádiz),199,True,5.82,65.1,2.32,Jerez de la Frontera,F1(pendiente=8.7%),False,False
Polígono Industrial Heliche,37.422797,-6.150533,Sevilla,industrial,11.14,OSM: industrial | 11.1 ha | Sevilla,2.33,,322,41,6.44,nodo_1516337901,44.2,1412075,17.1,Amazon DSP Sevilla,1482,True,13.48,77.6,15.35,Sevilla,F4(residential a 41 m (mín 200 m)),False,False
Poligono_Brownfield_008,36.683433,-6.125445,Cádiz,brownfield,11.11,OSM: brownfield | 11.1 ha | Cádiz,1.67,1596,157,242,2.27,nodo_309836383,23.6,798976,11.74,Amazon El Puerto de Santa María (Cádiz),118,True,4.01,73.2,1.04,Jerez de la Frontera,,True,True
Polígono Industrial Virgen del Rocío,37.525327,-5.083182,Sevilla,industrial,11.04,OSM: industrial | 11.0 ha | Sevilla,3.67,,303,,0.46,455,20.0,146438,41.17,Correos Express Hub Córdoba,2745,True,14.55,14.5,48.4,Córdoba,F1(pendiente=3.7%),False,False
Polígono Industrial Navisur,37.427946,-6.040145,Sevilla,industrial,11.03,OSM: industrial | 11.0 ha | Sevilla,3.0,1078,,262,0.84,808,44.6,1456778,10.17,Amazon DSP Sevilla,147,True,9.31,79.2,6.76,Sevilla,,True,False
Poligono_Brownfield_009,36.48294,-6.193398,Cádiz,brownfield,11.03,OSM: brownfield | 11.0 ha | Cádiz,3.67,985,214,202,2.22,13,21.0,689808,14.33,Amazon El Puerto de Santa María (Cádiz),692,True,11.92,73.9,9.82,Cádiz,F1(pendiente=3.7%),False,False
Poligono_Industrial_078,37.331467,-5.401206,Sevilla,industrial,10.98,OSM: industrial | 11.0 ha | Sevilla,9.67,,,489,7.44,49A,45.5,156231,46.94,SEUR Hub Sevilla,1881,True,36.02,6.9,51.52,Dos Hermanas,F1(pendiente=9.7%) | F12(Dos Hermanas 51.5 km>50.0 km),False,False
Poligono_Industrial_079,37.192248,-6.891893,Huelva,industrial,10.83,OSM: industrial | 10.8 ha | Huelva,5.0,,,,4.21,nodo_9034942679,11.7,316043,82.57,Amazon DSP Sevilla,548,True,12.21,61.1,9.35,Huelva,F1(pendiente=5.0%),False,False
Subestación de Don Rodrigo,37.245196,-5.843468,Sevilla,industrial,10.8,OSM: industrial | 10.8 ha | Sevilla,2.33,,,,0.33,16,45.6,1427848,15.85,SEUR Hub Sevilla,0,True,12.83,75.9,19.79,Dos Hermanas,,True,True
Cuesta del Molino,37.393599,-4.772127,Córdoba,industrial,10.8,OSM: industrial | 10.8 ha | Córdoba,11.0,,351,118,13.2,106,17.9,183753,47.48,Correos Express Hub Córdoba,1270,True,28.93,20.7,55.0,Córdoba,F1(pendiente=11.0%) | F4(residential a 118 m (mín 200 m)) | F12(Córdoba 55.0 km>50.0 km),False,False
Polígono Industrial La Estación,37.517564,-6.261015,Sevilla,industrial,10.78,OSM: industrial | 10.8 ha | Sevilla,7.67,,503,0,14.75,790,43.1,919254,31.03,Amazon DSP Sevilla,2893,True,24.4,53.2,28.5,Sevilla,F1(pendiente=7.7%) | F4(residential a 0 m (mín 200 m)),False,False
Polígono Industrial La Barca,37.285493,-7.168582,Huelva,industrial,10.74,OSM: industrial | 10.7 ha | Huelva,2.0,,315,,4.39,113,10.2,332347,105.35,Amazon DSP Sevilla,943,True,19.93,73.3,19.29,Huelva,,True,True
Polígono Industrial Servialsa,37.381703,-6.085849,Sevilla,industrial,10.68,OSM: industrial | 10.7 ha | Sevilla,3.0,,190,114,0.82,5,44.8,1479560,10.0,Amazon DSP Sevilla,397,True,9.38,79.8,9.18,Sevilla,F4(nursing_home a 114 m (mín 200 m)),False,False
Polígono Industrial La Fuentecilla,37.34992,-5.219709,Sevilla,industrial,10.68,OSM: industrial | 10.7 ha | Sevilla,2.67,1458,,0,13.01,nodo_357954523,21.3,131430,62.82,SEUR Hub Sevilla,,False,24.62,12.3,67.31,Dos Hermanas,F4(residential a 0 m (mín 200 m)) | F12(Dos Hermanas 67.3 km>50.0 km),False,False
Poligono Industrial La Lagunilla,36.737219,-6.422778,Cádiz,industrial,10.67,OSM: industrial | 10.7 ha | Cádiz,1.33,1798,,37,4.98,5,21.8,517829,22.96,Amazon El Puerto de Santa María (Cádiz),2363,True,22.7,51.9,26.2,Jerez de la Frontera,F4(residential a 37 m (mín 200 m)),False,False
Poligono_Industrial_080,37.896324,-6.623178,Huelva,industrial,10.64,OSM: industrial | 10.6 ha | Huelva,20.67,,,,34.96,745,4.2,45455,83.06,Amazon DSP Sevilla,249,True,35.66,22.2,76.39,Huelva,F1(pendiente=20.7%) | F5(35.0 km>15.0 km) | F12(Huelva 76.4 km>50.0 km),False,False
Ayala,37.222004,-5.814797,Sevilla,comercial,10.62,OSM: comercial | 10.6 ha | Sevilla,2.67,,,,0.6,nodo_249547843,45.8,1340188,19.36,SEUR Hub Sevilla,2141,True,15.45,70.8,23.38,Dos Hermanas,,True,True
Poligono_Industrial_081,38.375899,-4.864374,Córdoba,industrial,10.61,OSM: industrial | 10.6 ha | Córdoba,4.33,430,,,25.46,nodo_946210215,10.0,47086,62.07,Correos Express Hub Córdoba,937,True,46.62,9.7,54.74,Córdoba,F1(pendiente=4.3%) | F2(ENP a 430 m (mín 500 m)) | F5(25.5 km>15.0 km) | F12(Córdoba 54.7 km>50.0 km),False,False
Complejo Industrial Zero Waste Energy,37.470863,-4.494827,Córdoba,industrial,10.6,OSM: industrial | 10.6 ha | Córdoba,10.0,,217,475,3.83,47,16.4,234684,47.21,Correos Express Hub Córdoba,52,True,31.37,28.1,52.73,Córdoba,F1(pendiente=10.0%) | F12(Córdoba 52.7 km>50.0 km),False,False
FASA Renault,37.433296,-5.976644,Sevilla,industrial,10.52,OSM: industrial | 10.5 ha | Sevilla,1.67,,200,155,2.12,nodo_1064874523,44.3,1463465,8.16,SEUR Hub Sevilla,109,True,7.76,80.0,5.04,Sevilla,F4(residential a 155 m (mín 200 m)),False,False
Polígono Industrial El Limero,37.551991,-5.077976,Sevilla,industrial,10.52,OSM: industrial | 10.5 ha | Sevilla,1.33,,292,0,2.58,455,20.1,150317,38.55,Correos Express Hub Córdoba,1490,True,12.5,14.9,45.69,Córdoba,F4(residential a 0 m (mín 200 m)),False,False
Polígono Industrial La Matallana,37.593752,-4.740429,Córdoba,industrial,10.51,OSM: industrial | 10.5 ha | Córdoba,6.0,,,,4.32,27,17.8,163876,25.7,Correos Express Hub Córdoba,1350,True,10.49,18.6,32.92,Córdoba,F1(pendiente=6.0%),False,False
Poligono_Industrial_082,37.527235,-4.654139,Córdoba,industrial,10.5,OSM: industrial | 10.5 ha | Córdoba,11.0,,436,270,1.24,36,17.6,216425,34.99,Correos Express Hub Córdoba,497,True,19.53,24.8,41.62,Córdoba,F1(pendiente=11.0%),False,False
Polígono Industrial Los Bermejales,37.437244,-4.100266,Córdoba,industrial,10.49,OSM: industrial | 10.5 ha | Córdoba,11.33,,,183,28.01,203,5.2,65733,38.45,Amazon DQA8 Escúzar (Granada),,False,36.66,24.1,78.03,Córdoba,F1(pendiente=11.3%) | F4(residential a 183 m (mín 200 m)) | F5(28.0 km>15.0 km) | F12(Córdoba 78.0 km>50.0 km),False,False
TomSur,37.014438,-5.946633,Las Cabezas de San Juan,industrial,10.47,OSM: industrial | 10.5 ha | Sevilla,6.67,,213,,1.97,nodo_325136207,57.4,234343,37.43,Amazon DSP Sevilla,646,True,15.98,8.1,40.66,Jerez de la Frontera,F1(pendiente=6.7%),False,False
Parque Solar El Rocío I - Fotoisla 10,37.150579,-6.503947,Huelva,industrial,10.4,OSM: industrial | 10.4 ha | Huelva,2.0,2524,,,0.94,25,53.2,113477,51.4,Amazon DSP Sevilla,1030,True,31.59,4.3,41.6,Huelva,,True,False
Poligono_Industrial_083,37.434832,-4.538006,Córdoba,industrial,10.4,OSM: industrial | 10.4 ha | Córdoba,5.33,,,,0.78,51,16.6,235048,48.65,Correos Express Hub Córdoba,4468,True,32.26,27.9,54.71,Córdoba,F1(pendiente=5.3%) | F12(Córdoba 54.7 km>50.0 km),False,False
Polígono Las Baderas,37.307142,-6.29564,Sevilla,industrial,10.32,OSM: industrial | 10.3 ha | Sevilla,6.0,2444,514,0,6.22,23,49.7,846751,28.31,Amazon DSP Sevilla,1740,True,15.03,43.0,29.13,Sevilla,F1(pendiente=6.0%) | F4(residential a 0 m (mín 200 m)),False,False
Poligono_Industrial_084,37.122843,-5.433703,Sevilla,industrial,10.29,OSM: industrial | 10.3 ha | Sevilla,16.67,,,,13.57,nodo_2641813660,42.9,132466,51.82,SEUR Hub Sevilla,2364,True,42.84,6.1,56.53,Dos Hermanas,F1(pendiente=16.7%) | F12(Dos Hermanas 56.5 km>50.0 km),False,False
Polígono Industrial Los Ruedos,37.861386,-4.31938,Córdoba,industrial,10.25,OSM: industrial | 10.2 ha | Córdoba,5.33,,,128,13.96,350,13.8,65866,42.45,Correos Express Hub Córdoba,,False,32.64,9.3,40.49,Córdoba,F1(pendiente=5.3%) | F4(residential a 128 m (mín 200 m)),False,False
Nueva Fábrica Ybarra,37.256804,-5.93062,Sevilla,industrial,10.24,OSM: industrial | 10.2 ha | Sevilla,2.67,,,0,0.47,558,46.2,1473862,11.25,Amazon DSP Sevilla,1154,True,8.01,77.1,15.04,Dos Hermanas,F4(residential a 0 m (mín 200 m)),False,False
Poligono_Industrial_085,36.585871,-6.181645,Cádiz,industrial,10.23,OSM: industrial | 10.2 ha | Cádiz,2.0,286,0,,2.37,665,21.0,771404,4.35,Amazon El Puerto de Santa María (Cádiz),1897,True,3.09,80.4,11.41,Jerez de la Frontera,F2(ENP a 286 m (mín 500 m): Parque Natural de Bahía d) | F3(Agua a 0 m (mín 140 m)),False,False
Poligono_Industrial_086,37.363249,-5.996259,Sevilla,industrial,10.18,OSM: industrial | 10.2 ha | Sevilla,3.0,1100,241,,0.88,12,45.0,1536106,2.06,Amazon DSP Sevilla,389,True,3.04,82.0,2.93,Dos Hermanas,,True,True
Poligono_Industrial_087,37.943525,-4.488348,Córdoba,industrial,10.16,OSM: industrial | 10.2 ha | Córdoba,2.0,1607,293,134,2.29,374,14.3,371495,30.61,Correos Express Hub Córdoba,1166,True,24.26,60.8,26.26,Córdoba,F4(residential a 134 m (mín 200 m)),False,False
Polígono Industrial El Granadal,37.889616,-4.748649,Córdoba,industrial,10.14,OSM: industrial | 10.1 ha | Córdoba,1.33,2085,344,219,0.32,268,16.5,386285,8.96,Correos Express Hub Córdoba,1116,True,12.12,54.9,2.7,Córdoba,,True,True
Poligono_Industrial_088,37.181281,-5.811681,Sevilla,industrial,10.09,OSM: industrial | 10.1 ha | Sevilla,3.0,,259,,3.52,nodo_1713120889,50.3,1202030,23.45,SEUR Hub Sevilla,1733,True,14.87,57.6,27.22,Dos Hermanas,,True,True
Poligono_Industrial_089,37.926682,-6.773903,Huelva,industrial,10.05,OSM: industrial | 10.1 ha | Huelva,23.0,,104,134,47.72,741,3.2,34165,94.86,Amazon DSP Sevilla,215,True,34.93,21.9,75.69,Huelva,"F1(pendiente=23.0%) | F3(Agua a 104 m (mín 140 m)) | F4(residential a 134 m (mín 200 m)) | F5(47.7 km>15.0 km) | F7(población 34,165 hab. en 30 km) | F12(Huelva 75.7 km>50.0 km)",False,False
Poligono_Industrial_090,37.267645,-5.503771,Sevilla,industrial,10.05,OSM: industrial | 10.1 ha | Sevilla,2.67,,,,0.26,nodo_356493216,46.2,226415,39.37,SEUR Hub Sevilla,3371,True,32.62,10.1,44.12,Dos Hermanas,,True,False
Polígono Industrial Cantalgallo,37.897084,-6.570128,Huelva,industrial,10.04,OSM: industrial | 10.0 ha | Huelva,11.0,,529,308,30.32,745,4.2,43123,80.01,Amazon DSP Sevilla,194,True,34.91,21.4,76.69,Sevilla,F1(pendiente=11.0%) | F5(30.3 km>15.0 km) | F12(Sevilla 76.7 km>50.0 km),False,False
Polígono Industrial de Almodaine,37.1756,-5.927058,Sevilla,industrial,10.03,OSM: industrial | 10.0 ha | Sevilla,1.67,,,,0.53,565,51.0,1352320,19.95,Amazon DSP Sevilla,1222,True,10.71,64.6,23.88,Dos Hermanas,,True,False
Pantoja Grupo Logistico,37.442072,-6.032678,Santiponce,logistica,6.69,OSM: logistica | 6.7 ha | Sevilla,1.0,734,239,470,0.85,808,43.9,1456778,11.25,Amazon DSP Sevilla,1791,True,9.99,80.5,7.46,Sevilla,,True,True
Poligono_Puerto_001,36.010027,-5.603904,Cádiz,puerto,6.34,OSM: puerto | 6.3 ha | Cádiz,6.0,495,156,173,17.4,1122,8.6,238590,86.59,Amazon El Puerto de Santa María (Cádiz),123,True,22.24,61.6,84.1,Cádiz,F1(pendiente=6.0%) | F2(ENP a 495 m (mín 500 m): Parque Natural del Estrec) | F4(hospital a 173 m (mín 200 m)) | F5(17.4 km>15.0 km) | F12(Cádiz 84.1 km>50.0 km),False,False
CANLA,37.400945,-5.731144,Sevilla,nave_industrial,6.14,OSM: nave_industrial | 6.1 ha | Sevilla,5.67,,,,6.37,nodo_3589376205,45.1,1388652,17.9,SEUR Hub Sevilla,1490,True,15.42,74.3,22.05,Dos Hermanas,F1(pendiente=5.7%),False,False
Almacén Merkamueble,37.361263,-6.149181,Sevilla,almacen,4.32,OSM: almacen | 4.3 ha | Sevilla,1.67,,378,317,0.43,11,44.8,1420611,15.01,Amazon DSP Sevilla,981,True,12.44,77.0,15.05,Sevilla,,True,True
Depósitos de tabaco,36.506828,-6.272096,Cádiz,almacen,4.0,OSM: almacen | 4.0 ha | Cádiz,2.33,630,,0,2.03,1,20.4,669007,12.38,Amazon El Puerto de Santa María (Cádiz),575,True,13.41,73.6,2.68,Cádiz,F4(residential a 0 m (mín 200 m)),False,False
Poligono_Nave_industrial_001,37.883098,-4.830813,Córdoba,nave_industrial,3.98,OSM: nave_industrial | 4.0 ha | Córdoba,1.33,,400,,5.02,3,16.6,382350,7.52,Correos Express Hub Córdoba,1773,True,11.79,54.1,4.55,Córdoba,,True,True
Poligono_Nave_industrial_002,37.845887,-4.912402,Córdoba,nave_industrial,3.27,OSM: nave_industrial | 3.3 ha | Córdoba,3.0,1627,635,109,9.66,3,17.6,391967,10.28,Correos Express Hub Córdoba,302,True,12.75,52.1,12.59,Córdoba,F4(residential a 109 m (mín 200 m)),False,False
Antigua Flex,37.353026,-5.843272,Sevilla,nave_industrial,2.97,OSM: nave_industrial | 3.0 ha | Sevilla,4.67,,,151,0.57,11A,45.5,1520369,7.89,SEUR Hub Sevilla,1871,True,8.82,80.4,12.63,Dos Hermanas,F1(pendiente=4.7%) | F4(residential a 151 m (mín 200 m)),False,False
Sociedad Cooperativa Agraria Virgen del Rocío,36.829917,-6.317241,Cádiz,nave_industrial,2.93,OSM: nave_industrial | 2.9 ha | Cádiz,1.0,803,,0,8.9,60,33.6,461158,25.94,Amazon El Puerto de Santa María (Cádiz),,False,18.12,28.9,22.99,Jerez de la Frontera,F4(residential a 0 m (mín 200 m)),False,False
Poligono_Nave_industrial_003,37.181741,-6.923311,Huelva,nave_industrial,2.8,OSM: nave_industrial | 2.8 ha | Huelva,2.33,,177,,2.83,nodo_9034942679,11.1,313480,85.55,Amazon DSP Sevilla,806,True,13.86,63.8,9.18,Huelva,,True,True
Poligono_Nave_industrial_004,37.34562,-5.939737,Sevilla,nave_industrial,2.71,OSM: nave_industrial | 2.7 ha | Sevilla,2.33,,283,0,0.36,nodo_560171139,45.1,1531563,2.84,SEUR Hub Sevilla,1131,True,1.63,81.6,5.75,Dos Hermanas,F4(residential a 0 m (mín 200 m)),False,False
Centro de Recepción de Residuos Las Calandrias,36.608163,-6.125528,Cádiz,nave_industrial,2.47,OSM: nave_industrial | 2.5 ha | Cádiz,9.33,,291,,5.29,4,22.7,780752,8.43,Amazon El Puerto de Santa María (Cádiz),1126,True,1.05,75.2,8.27,Jerez de la Frontera,F1(pendiente=9.3%),False,False
Poligono_Nave_industrial_005,37.322823,-6.676233,Huelva,nave_industrial,2.34,OSM: nave_industrial | 2.3 ha | Huelva,5.67,,,0,2.19,60,35.9,338117,61.63,Amazon DSP Sevilla,3949,True,35.11,20.9,25.42,Huelva,F1(pendiente=5.7%) | F4(residential a 0 m (mín 200 m)),False,False
Grupag,37.269906,-5.995413,Sevilla,nave_industrial,2.24,OSM: nave_industrial | 2.2 ha | Sevilla,1.33,,,,1.74,553,46.9,1486053,9.01,Amazon DSP Sevilla,557,True,5.71,76.4,13.0,Dos Hermanas,,True,True
Poligono_Nave_industrial_006,37.476456,-5.954922,Sevilla,nave_industrial,2.24,OSM: nave_industrial | 2.2 ha | Sevilla,1.33,,181,0,2.61,nodo_1064874500,44.7,1470571,12.04,SEUR Hub Sevilla,349,True,11.94,79.6,10.11,Sevilla,F4(residential a 0 m (mín 200 m)),False,False
Empresa de químicos,37.802057,-5.119426,Córdoba,nave_industrial,2.21,OSM: nave_industrial | 2.2 ha | Córdoba,5.33,2245,345,168,21.09,430,17.0,123218,28.13,Correos Express Hub Córdoba,1329,True,16.79,14.4,31.36,Córdoba,F1(pendiente=5.3%) | F4(residential a 168 m (mín 200 m)) | F5(21.1 km>15.0 km),False,False
Alcaidesa Varadero,36.159285,-5.357647,Cádiz,puerto,2.17,OSM: puerto | 2.2 ha | Cádiz,2.0,1629,294,265,3.38,3,7.9,271529,92.04,Amazon El Puerto de Santa María (Cádiz),974,True,15.58,76.9,90.78,Jerez de la Frontera,F12(Jerez de la Frontera 90.8 km>50.0 km),False,False
Poligono_Nave_industrial_007,37.388511,-5.94363,Sevilla,nave_industrial,2.16,OSM: nave_industrial | 2.2 ha | Sevilla,2.0,,,450,0.2,nodo_499423894,45.0,1536349,2.38,SEUR Hub Sevilla,440,True,4.02,82.1,3.22,Dos Hermanas,,True,True
Poligono_Nave_industrial_008,37.342304,-4.852917,Sevilla,nave_industrial,2.14,OSM: nave_industrial | 2.1 ha | Sevilla,2.0,,,,4.73,106,18.9,160544,53.32,Correos Express Hub Córdoba,3287,True,30.5,16.9,61.05,Córdoba,F12(Córdoba 61.0 km>50.0 km),False,False
Polisur Nave,37.292456,-7.214906,Huelva,almacen,1.97,OSM: almacen | 2.0 ha | Huelva,3.67,,209,,0.7,113,9.8,311600,109.39,Amazon DSP Sevilla,1711,True,22.56,71.4,23.46,Huelva,F1(pendiente=3.7%),False,False
Poligono_Nave_industrial_009,37.804843,-5.109473,Córdoba,nave_industrial,1.86,OSM: nave_industrial | 1.9 ha | Córdoba,1.33,,,107,20.53,430,16.9,180209,27.24,Correos Express Hub Córdoba,431,True,16.65,23.0,30.43,Córdoba,F4(residential a 107 m (mín 200 m)) | F5(20.5 km>15.0 km),False,False
Bayport,36.604695,-6.191165,Cádiz,nave_industrial,1.86,OSM: nave_industrial | 1.9 ha | Cádiz,1.33,556,,,0.75,nodo_260565973,21.0,778425,2.64,Amazon El Puerto de Santa María (Cádiz),338,True,3.75,81.2,9.86,Jerez de la Frontera,,True,True
Transformaciones Ferricas Centrosur S.L,37.276068,-5.99713,Sevilla,nave_industrial,1.79,OSM: nave_industrial | 1.8 ha | Sevilla,2.33,,,,1.91,553,46.7,1507796,8.36,Amazon DSP Sevilla,734,True,5.54,77.9,12.34,Dos Hermanas,,True,True
Poligono_Nave_industrial_010,38.4804,-5.121501,Córdoba,nave_industrial,1.71,OSM: nave_industrial | 1.7 ha | Córdoba,2.0,,,,35.62,nodo_946210215,1.5,48781,78.63,Correos Express Hub Córdoba,119,True,20.57,65.8,72.32,Córdoba,F5(35.6 km>15.0 km) | F12(Córdoba 72.3 km>50.0 km),False,False
Sweeps - La Casera,37.377957,-5.898117,Sevilla,nave_industrial,1.69,OSM: nave_industrial | 1.7 ha | Sevilla,2.0,,341,,0.77,5,45.0,1544511,2.95,SEUR Hub Sevilla,2005,True,5.39,82.5,7.29,Dos Hermanas,,True,True
General Dynamics European Land Systems / Santa Bárbara Sistemas,37.338743,-5.80077,Alcalá de Guadaíra,nave_industrial,1.6,OSM: nave_industrial | 1.6 ha | Sevilla,3.33,,,310,1.25,15,45.5,1474150,11.94,SEUR Hub Sevilla,1425,True,11.35,78.1,16.7,Dos Hermanas,F1(pendiente=3.3%),False,False
Poligono_Nave_industrial_011,37.252982,-7.229966,Huelva,nave_industrial,1.54,OSM: nave_industrial | 1.5 ha | Huelva,4.33,,547,,3.02,117,9.8,303518,111.08,Amazon DSP Sevilla,1983,True,24.36,69.9,24.55,Huelva,F1(pendiente=4.3%),False,False
Poligono_Nave_industrial_012,37.490386,-5.932336,Sevilla,nave_industrial,1.51,OSM: nave_industrial | 1.5 ha | Sevilla,1.0,,,0,5.04,nodo_1064874500,44.5,1467994,13.39,SEUR Hub Sevilla,861,True,13.49,79.9,12.19,Sevilla,F4(residential a 0 m (mín 200 m)),False,False
Poligono_Nave_industrial_013,37.431149,-5.886616,Sevilla,nave_industrial,1.51,OSM: nave_industrial | 1.5 ha | Sevilla,1.33,,597,73,0.91,530,44.6,1501082,7.81,SEUR Hub Sevilla,985,True,9.09,81.2,9.64,Dos Hermanas,F4(residential a 73 m (mín 200 m)),False,False
Centro logístico Amazon - Puerto,37.346767,-5.999934,Sevilla,nave_industrial,1.48,OSM: nave_industrial | 1.5 ha | Sevilla,2.0,2562,435,,1.21,12,45.2,1533629,1.8,Amazon DSP Sevilla,1167,True,2.94,81.5,4.73,Dos Hermanas,,True,True
Poligono_Nave_industrial_014,38.211283,-5.143235,Córdoba,nave_industrial,1.47,OSM: nave_industrial | 1.5 ha | Córdoba,3.0,,,,13.01,nodo_946210215,11.3,29236,52.89,Correos Express Hub Córdoba,,False,39.56,5.0,48.02,Córdoba,"F7(población 29,236 hab. en 30 km)",False,False
Poligono_Nave_industrial_015,37.299042,-6.31334,Sevilla,nave_industrial,1.45,OSM: nave_industrial | 1.4 ha | Sevilla,1.67,1639,,171,6.77,28,49.7,545556,30.01,Amazon DSP Sevilla,650,True,16.48,26.6,30.9,Sevilla,F4(residential a 171 m (mín 200 m)),False,False
BAUBLOCK,36.611045,-6.191383,Cádiz,nave_industrial,1.41,OSM: nave_industrial | 1.4 ha | Cádiz,0.67,1256,,,0.42,nodo_260565973,21.0,787083,2.56,Amazon El Puerto de Santa María (Cádiz),474,True,3.99,82.0,9.26,Jerez de la Frontera,,True,True
Poligono_Almacen_001,37.569593,-5.430992,Sevilla,almacen,1.41,OSM: almacen | 1.4 ha | Sevilla,4.67,,149,0,6.84,487,43.9,134419,49.31,SEUR Hub Sevilla,,False,39.67,6.1,52.56,Dos Hermanas,F1(pendiente=4.7%) | F4(residential a 0 m (mín 200 m)) | F12(Dos Hermanas 52.6 km>50.0 km),False,False
Cisternas Amarillo SL,37.453155,-5.7649,Carmona,logistica,1.37,OSM: logistica | 1.4 ha | Sevilla,2.0,,264,0,0.19,519,44.3,1336671,17.27,SEUR Hub Sevilla,3851,True,15.09,73.4,20.4,Dos Hermanas,F4(residential a 0 m (mín 200 m)),False,False
Poligono_Nave_industrial_016,37.989935,-4.280544,Córdoba,nave_industrial,1.37,OSM: nave_industrial | 1.4 ha | Córdoba,3.0,,281,397,0.42,348,11.8,42859,49.34,Correos Express Hub Córdoba,1033,True,39.48,7.2,45.19,Córdoba,,True,True
Poligono_Nave_industrial_017,36.946944,-6.097069,Sevilla,nave_industrial,1.36,OSM: nave_industrial | 1.4 ha | Sevilla,1.33,,376,,11.97,53,57.5,362212,39.03,Amazon El Puerto de Santa María (Cádiz),2251,True,19.16,12.8,29.67,Jerez de la Frontera,,True,False
Poligono_Nave_industrial_018,37.388927,-5.95609,Sevilla,nave_industrial,1.34,OSM: nave_industrial | 1.3 ha | Sevilla,2.67,3347,393,257,1.23,2,45.0,1536349,3.12,SEUR Hub Sevilla,232,True,3.8,82.0,2.13,Dos Hermanas,,True,True
Poligono_Nave_industrial_019,37.463531,-6.000669,Sevilla,nave_industrial,1.32,OSM: nave_industrial | 1.3 ha | Sevilla,1.33,2685,377,397,2.83,nodo_1064874500,44.0,1448850,12.13,SEUR Hub Sevilla,314,True,11.07,79.9,8.53,Sevilla,,True,True
Poligono_Nave_industrial_020,37.926074,-4.643405,Córdoba,nave_industrial,1.32,OSM: nave_industrial | 1.3 ha | Córdoba,1.0,,,,3.51,391,16.0,369784,18.11,Correos Express Hub Córdoba,2854,True,18.43,54.6,12.65,Córdoba,,True,True
Harineras VILAFRANQUINA,36.505338,-6.264234,Cádiz,nave_industrial,1.31,OSM: nave_industrial | 1.3 ha | Cádiz,4.0,1117,361,114,1.83,1,20.4,676036,12.29,Amazon El Puerto de Santa María (Cádiz),57,True,13.01,74.6,3.25,Cádiz,F1(pendiente=4.0%) | F4(residential a 114 m (mín 200 m)),False,False
Poligono_Nave_industrial_021,36.727016,-5.927477,Cádiz,nave_industrial,1.23,OSM: nave_industrial | 1.2 ha | Cádiz,1.33,,242,94,1.0,15,28.3,437043,29.15,Amazon El Puerto de Santa María (Cádiz),2668,True,11.04,32.4,19.34,Jerez de la Frontera,F4(residential a 94 m (mín 200 m)),False,False
Plastienvase,37.857182,-4.891653,Córdoba,nave_industrial,1.2,OSM: nave_industrial | 1.2 ha | Córdoba,2.0,,338,237,7.97,3,17.6,387614,9.05,Correos Express Hub Córdoba,1970,True,12.43,51.6,10.44,Córdoba,,True,False
Antiguo Vivero Alcaidesa,36.270067,-5.37382,Cádiz,almacen,1.19,OSM: almacen | 1.2 ha | Cádiz,10.33,,155,,3.94,1098,8.7,262201,84.61,Amazon El Puerto de Santa María (Cádiz),3006,True,15.88,66.5,82.19,Jerez de la Frontera,F1(pendiente=10.3%) | F12(Jerez de la Frontera 82.2 km>50.0 km),False,False
Poligono_Nave_industrial_022,37.238267,-6.953219,Huelva,nave_industrial,1.14,OSM: nave_industrial | 1.1 ha | Huelva,2.33,,144,,1.14,15,11.2,326270,86.98,Amazon DSP Sevilla,822,True,9.69,65.4,2.52,Huelva,,True,True
Poligono_Nave_industrial_023,37.375456,-6.030347,Sevilla,nave_industrial,1.13,OSM: nave_industrial | 1.1 ha | Sevilla,6.67,,,268,0.29,15A,44.6,1487020,5.27,Amazon DSP Sevilla,763,True,5.43,80.6,4.48,Sevilla,F1(pendiente=6.7%),False,False
Poligono_Nave_industrial_024,37.192284,-6.926482,Huelva,nave_industrial,1.12,OSM: nave_industrial | 1.1 ha | Huelva,2.0,,,,1.67,nodo_9034942679,11.1,321054,85.57,Amazon DSP Sevilla,535,True,12.85,65.2,7.98,Huelva,,True,True
Poligono_Nave_industrial_025,37.710228,-5.283442,Córdoba,nave_industrial,1.12,OSM: nave_industrial | 1.1 ha | Córdoba,3.0,3171,,161,20.35,nodo_3056339523,20.6,140262,44.21,Correos Express Hub Córdoba,3283,True,13.17,13.4,48.51,Córdoba,F4(residential a 161 m (mín 200 m)) | F5(20.4 km>15.0 km),False,False
Poligono_Nave_industrial_026,37.221082,-5.88724,Sevilla,nave_industrial,1.12,OSM: nave_industrial | 1.1 ha | Sevilla,2.0,,580,,2.91,15,50.9,1430024,16.52,Amazon DSP Sevilla,1773,True,9.12,68.0,20.11,Dos Hermanas,,True,True
Poligono_Nave_industrial_027,37.900092,-4.72523,Córdoba,nave_industrial,1.11,OSM: nave_industrial | 1.1 ha | Córdoba,3.0,,,305,0.88,398,16.5,374922,11.06,Correos Express Hub Córdoba,2171,True,13.33,53.5,4.93,Córdoba,,True,True
Poligono_Nave_industrial_028,37.211314,-5.772255,Sevilla,nave_industrial,1.1,OSM: nave_industrial | 1.1 ha | Sevilla,1.0,,,217,3.19,nodo_1713120889,45.7,1220771,22.5,SEUR Hub Sevilla,2856,True,18.58,64.2,26.76,Dos Hermanas,,True,True
Poligono_Nave_industrial_029,37.272547,-5.942958,Sevilla,nave_industrial,1.05,OSM: nave_industrial | 1.1 ha | Sevilla,2.0,,,35,2.3,553,45.5,1466156,9.21,Amazon DSP Sevilla,1766,True,6.89,77.9,13.06,Dos Hermanas,F4(residential a 35 m (mín 200 m)),False,False
Poligono_Nave_industrial_030,37.350755,-7.012339,Huelva,nave_industrial,1.04,OSM: nave_industrial | 1.0 ha | Huelva,2.67,,,,1.69,94,11.4,329005,91.25,Amazon DSP Sevilla,4788,True,11.1,65.2,11.29,Huelva,,True,False
Poligono_Nave_industrial_031,37.320518,-7.078772,Huelva,nave_industrial,1.04,OSM: nave_industrial | 1.0 ha | Huelva,3.0,,508,,0.41,99,10.7,340749,97.2,Amazon DSP Sevilla,3592,True,13.73,71.6,12.97,Huelva,,True,True
Poligono_Nave_industrial_032,36.631934,-6.364253,Cádiz,nave_industrial,1.02,OSM: nave_industrial | 1.0 ha | Cádiz,3.33,1651,,164,12.61,9,20.5,649221,13.1,Amazon El Puerto de Santa María (Cádiz),359,True,18.54,69.9,13.48,Cádiz,F1(pendiente=3.3%) | F4(school a 164 m (mín 200 m)),False,False
Antigua Azucarera,37.58889,-5.735764,Tocina,nave_industrial,0.99,OSM: nave_industrial | 1.0 ha | Sevilla,2.0,,,0,13.46,514,43.4,572231,29.77,SEUR Hub Sevilla,3956,True,27.02,28.1,31.16,Sevilla,F4(residential a 0 m (mín 200 m)),False,False
Poligono_Nave_industrial_033,37.244798,-7.252443,Huelva,nave_industrial,0.99,OSM: nave_industrial | 1.0 ha | Huelva,3.0,,,,3.12,117,9.6,291705,113.16,Amazon DSP Sevilla,4033,True,25.8,68.2,26.58,Huelva,,True,False
Poligono_Nave_industrial_034,37.179194,-6.912071,Huelva,nave_industrial,0.98,OSM: nave_industrial | 1.0 ha | Huelva,2.0,,489,,3.6,nodo_9034942679,11.4,315209,84.64,Amazon DSP Sevilla,108,True,13.21,62.7,9.77,Huelva,,True,True
Poligono_Nave_industrial_035,37.683383,-5.306731,Córdoba,nave_industrial,0.97,OSM: nave_industrial | 1.0 ha | Córdoba,1.0,1722,,,17.58,nodo_3056339523,24.3,145412,47.07,Correos Express Hub Córdoba,,False,10.29,11.8,51.63,Córdoba,F5(17.6 km>15.0 km) | F12(Córdoba 51.6 km>50.0 km),False,False
Poligono_Nave_industrial_036,37.547156,-5.944541,Sevilla,nave_industrial,0.96,OSM: nave_industrial | 1.0 ha | Sevilla,4.0,58,579,0,10.36,nodo_1064874500,43.7,1401768,19.74,SEUR Hub Sevilla,4211,True,18.75,78.1,17.99,Sevilla,F1(pendiente=4.0%) | F2(ENP a 58 m (mín 500 m)) | F4(residential a 0 m (mín 200 m)),False,False
Poligono_Nave_industrial_037,37.522871,-6.082428,Sevilla,nave_industrial,0.96,OSM: nave_industrial | 1.0 ha | Sevilla,4.0,,,,1.2,798,43.4,1366843,21.24,Amazon DSP Sevilla,807,True,17.86,77.0,17.39,Sevilla,F1(pendiente=4.0%),False,False
Poligono_Nave_industrial_038,36.659392,-6.144389,Cádiz,nave_industrial,0.95,OSM: nave_industrial | 0.9 ha | Cádiz,12.0,2276,179,368,1.36,641,22.8,783914,8.7,Amazon El Puerto de Santa María (Cádiz),1171,True,3.81,74.8,2.6,Jerez de la Frontera,F1(pendiente=12.0%),False,False
Poligono_Nave_industrial_039,37.29302,-7.153468,Huelva,nave_industrial,0.89,OSM: nave_industrial | 0.9 ha | Huelva,1.67,,,288,4.31,105,10.3,340452,103.96,Amazon DSP Sevilla,637,True,18.81,74.4,18.11,Huelva,,True,False
Poligono_Nave_industrial_040,37.578573,-5.973717,Sevilla,nave_industrial,0.84,OSM: nave_industrial | 0.8 ha | Sevilla,11.67,,277,309,11.37,798,43.1,1266216,23.51,SEUR Hub Sevilla,637,True,21.34,72.3,21.18,Sevilla,F1(pendiente=11.7%),False,False
Poligono_Almacen_002,36.594468,-6.231526,Cádiz,almacen,0.84,OSM: almacen | 0.8 ha | Cádiz,2.33,1168,404,0,2.92,nodo_960792737,20.9,755898,2.01,Amazon El Puerto de Santa María (Cádiz),678,True,7.13,79.2,9.07,Cádiz,F4(residential a 0 m (mín 200 m)),False,False
Poligono_Nave_industrial_041,37.560688,-5.06942,Sevilla,nave_industrial,0.84,OSM: nave_industrial | 0.8 ha | Sevilla,4.0,,128,,2.7,450,20.2,148624,37.33,Correos Express Hub Córdoba,1825,True,11.47,14.7,44.46,Córdoba,F1(pendiente=4.0%) | F3(Agua a 128 m (mín 140 m)),False,False
Poligono_Nave_industrial_042,37.285365,-4.780263,Sevilla,nave_industrial,0.84,OSM: nave_industrial | 0.8 ha | Sevilla,1.67,,,,2.3,113,10.7,148899,59.47,Correos Express Hub Córdoba,3231,True,17.48,27.7,67.03,Córdoba,F12(Córdoba 67.0 km>50.0 km),False,False
Gar & Cía,36.52081,-6.232203,Cádiz,almacen,0.84,OSM: almacen | 0.8 ha | Cádiz,1.67,574,,177,0.46,3,20.6,704630,9.98,Amazon El Puerto de Santa María (Cádiz),606,True,10.24,76.1,5.09,Cádiz,F4(residential a 177 m (mín 200 m)),False,False
Poligono_Nave_industrial_043,36.697829,-6.114564,Cádiz,nave_industrial,0.84,OSM: nave_industrial | 0.8 ha | Cádiz,1.67,,133,,2.14,635,24.0,745011,13.56,Amazon El Puerto de Santa María (Cádiz),257,True,4.25,67.4,2.66,Jerez de la Frontera,F3(Agua a 133 m (mín 140 m)),False,False
Poligono_Nave_industrial_044,36.690429,-6.146463,Cádiz,nave_industrial,0.83,OSM: nave_industrial | 0.8 ha | Cádiz,3.33,614,409,85,1.35,nodo_309836383,23.7,754643,11.09,Amazon El Puerto de Santa María (Cádiz),360,True,5.57,69.4,1.26,Jerez de la Frontera,F1(pendiente=3.3%) | F4(school a 85 m (mín 200 m)),False,False
Schott Solar CSP,37.504416,-6.244249,Aznalcollar,nave_industrial,0.81,OSM: nave_industrial | 0.8 ha | Sevilla,2.33,1691,375,,13.59,795,43.4,1035632,28.97,Amazon DSP Sevilla,1422,True,22.94,57.8,26.49,Sevilla,,True,True
Poligono_Nave_industrial_045,36.665002,-6.130555,Cádiz,nave_industrial,0.79,OSM: nave_industrial | 0.8 ha | Cádiz,3.67,2084,,,2.15,640,22.9,788907,10.05,Amazon El Puerto de Santa María (Cádiz),343,True,3.68,74.8,1.98,Jerez de la Frontera,F1(pendiente=3.7%),False,False
Poligono_Almacen_003,36.533199,-6.128425,Cádiz,almacen,0.78,OSM: almacen | 0.8 ha | Cádiz,2.67,3166,,209,3.14,101,21.7,708960,11.82,Amazon El Puerto de Santa María (Cádiz),2107,True,5.84,73.0,14.33,Cádiz,,True,False
Muebles Escalu,37.353383,-4.998364,Sevilla,nave_industrial,0.78,OSM: nave_industrial | 0.8 ha | Sevilla,3.33,,,0,10.44,97,19.9,161070,54.75,Correos Express Hub Córdoba,,False,28.03,16.1,62.52,Córdoba,F1(pendiente=3.3%) | F4(residential a 0 m (mín 200 m)) | F12(Córdoba 62.5 km>50.0 km),False,False
Poligono_Nave_industrial_046,37.343188,-4.996093,Sevilla,nave_industrial,0.77,OSM: nave_industrial | 0.8 ha | Sevilla,3.33,,221,,9.3,97,20.0,156439,55.76,Correos Express Hub Córdoba,,False,28.98,15.6,63.54,Córdoba,F1(pendiente=3.3%) | F12(Córdoba 63.5 km>50.0 km),False,False
Poligono_Nave_industrial_047,37.31389,-6.850104,Huelva,nave_industrial,0.75,OSM: nave_industrial | 0.8 ha | Huelva,2.67,,92,98,1.1,75,13.8,345367,77.03,Amazon DSP Sevilla,450,True,7.85,56.2,10.83,Huelva,F3(Agua a 92 m (mín 140 m)) | F4(residential a 98 m (mín 200 m)),False,False
Poligono_Nave_industrial_048,36.649727,-6.126377,Cádiz,nave_industrial,0.74,OSM: nave_industrial | 0.7 ha | Cádiz,3.33,,354,,3.28,641,22.8,770211,9.45,Amazon El Puerto de Santa María (Cádiz),2062,True,2.16,73.5,3.71,Jerez de la Frontera,F1(pendiente=3.3%),False,False
Poligono_Nave_industrial_049,37.200904,-5.795917,Sevilla,nave_industrial,0.74,OSM: nave_industrial | 0.7 ha | Sevilla,1.33,,385,286,1.72,nodo_1713120889,48.8,1236644,22.23,SEUR Hub Sevilla,782,True,15.79,61.3,26.26,Dos Hermanas,,True,True
Poligono_Nave_industrial_050,37.4151,-5.957065,Sevilla,nave_industrial,0.73,OSM: nave_industrial | 0.7 ha | Sevilla,3.0,,447,,0.92,nodo_206128434,44.7,1508663,5.56,SEUR Hub Sevilla,377,True,6.13,81.3,3.73,Sevilla,,True,True
Poligono_Nave_industrial_051,36.910191,-5.968095,Sevilla,nave_industrial,0.72,OSM: nave_industrial | 0.7 ha | Sevilla,1.67,,,,0.21,53,58.1,310363,40.22,Amazon El Puerto de Santa María (Cádiz),4485,True,20.85,11.3,29.5,Jerez de la Frontera,,True,False
Poligono_Almacen_004,37.206614,-4.774485,Sevilla,almacen,0.72,OSM: almacen | 0.7 ha | Sevilla,1.33,,61,96,1.92,120,10.0,113693,53.51,Amazon DQA3 Málaga,228,True,23.22,22.4,70.27,Algeciras,F3(Agua a 61 m (mín 140 m)) | F4(residential a 96 m (mín 200 m)) | F12(Algeciras 70.3 km>50.0 km),False,False
Poligono_Nave_industrial_052,37.367504,-5.900144,Sevilla,nave_industrial,0.71,OSM: nave_industrial | 0.7 ha | Sevilla,2.33,,241,,1.4,5,45.0,1539815,2.65,SEUR Hub Sevilla,1247,True,4.87,82.2,7.36,Dos Hermanas,,True,True
Poligono_Nave_industrial_053,37.288746,-5.914452,Sevilla,nave_industrial,0.69,OSM: nave_industrial | 0.7 ha | Sevilla,3.33,,520,277,2.46,19,45.6,1479094,8.94,Amazon DSP Sevilla,807,True,6.06,78.3,12.29,Dos Hermanas,F1(pendiente=3.3%),False,False
Poligono_Nave_industrial_054,38.157314,-5.833986,Sevilla,nave_industrial,0.69,OSM: nave_industrial | 0.7 ha | Sevilla,2.0,,130,,36.73,730,2.4,9429,87.95,SEUR Hub Sevilla,,False,41.02,6.9,86.51,Sevilla,"F3(Agua a 130 m (mín 140 m)) | F5(36.7 km>15.0 km) | F7(población 9,429 hab. en 30 km) | F12(Sevilla 86.5 km>50.0 km)",False,False
Poligono_Nave_industrial_055,37.294751,-7.127727,Huelva,nave_industrial,0.68,OSM: nave_industrial | 0.7 ha | Huelva,4.0,,303,,4.46,105,10.4,340452,101.67,Amazon DSP Sevilla,1565,True,17.05,73.4,15.93,Huelva,F1(pendiente=4.0%),False,False
Nanta,37.290038,-5.899539,Sevilla,nave_industrial,0.68,OSM: nave_industrial | 0.7 ha | Sevilla,3.33,,,92,2.2,11,45.6,1487079,9.29,SEUR Hub Sevilla,971,True,6.78,78.7,12.84,Dos Hermanas,F1(pendiente=3.3%) | F4(residential a 92 m (mín 200 m)),False,False
Poligono_Nave_industrial_056,37.411527,-5.888436,Sevilla,nave_industrial,0.67,OSM: nave_industrial | 0.7 ha | Sevilla,1.33,,254,,1.97,532,45.0,1538305,5.9,SEUR Hub Sevilla,616,True,7.62,82.2,8.56,Dos Hermanas,,True,True
Poligono_Nave_industrial_057,36.642923,-6.132434,Cádiz,nave_industrial,0.67,OSM: nave_industrial | 0.7 ha | Cádiz,4.67,2838,262,333,3.33,641,22.3,756323,8.63,Amazon El Puerto de Santa María (Cádiz),2344,True,2.52,73.8,4.36,Jerez de la Frontera,F1(pendiente=4.7%),False,False
Poligono_Nave_industrial_058,37.272909,-4.811831,Sevilla,nave_industrial,0.65,OSM: nave_industrial | 0.7 ha | Sevilla,8.33,,247,,0.44,113,10.8,123468,60.84,Correos Express Hub Córdoba,3445,True,18.19,22.7,68.48,Córdoba,F1(pendiente=8.3%) | F12(Córdoba 68.5 km>50.0 km),False,False
Poligono_Nave_industrial_059,37.160052,-6.498865,Huelva,nave_industrial,0.65,OSM: nave_industrial | 0.7 ha | Huelva,1.0,,,,1.87,25,52.7,126093,50.55,Amazon DSP Sevilla,1700,True,31.08,4.8,41.73,Huelva,,True,True
Poligono_Nave_industrial_060,37.071848,-5.090357,Sevilla,nave_industrial,0.64,OSM: nave_industrial | 0.6 ha | Sevilla,4.0,,,118,17.37,84,8.9,71630,59.25,Amazon DQA3 Málaga,,False,22.04,15.6,73.16,Algeciras,F1(pendiente=4.0%) | F4(residential a 118 m (mín 200 m)) | F5(17.4 km>15.0 km) | F12(Algeciras 73.2 km>50.0 km),False,False
Poligono_Nave_industrial_061,37.902387,-4.706399,Córdoba,nave_industrial,0.64,OSM: nave_industrial | 0.6 ha | Córdoba,9.67,,144,238,1.7,396,16.4,378397,12.31,Correos Express Hub Córdoba,1520,True,14.31,54.1,6.6,Córdoba,F1(pendiente=9.7%),False,False
Poligono_Nave_industrial_062,37.6624,-4.721196,Córdoba,nave_industrial,0.62,OSM: nave_industrial | 0.6 ha | Córdoba,3.0,,,246,3.42,16,17.9,430348,18.84,Correos Express Hub Córdoba,6473,True,4.93,55.4,25.62,Córdoba,,True,False
Supply Bldg 55,36.640179,-6.353352,Cádiz,nave_industrial,0.62,OSM: nave_industrial | 0.6 ha | Cádiz,2.67,2942,,,11.52,9,20.5,649221,12.36,Amazon El Puerto de Santa María (Cádiz),1530,True,17.78,69.7,13.85,Cádiz,,True,False
SYRSA Automoción (Renault),37.403718,-5.959269,Sevilla,nave_industrial,0.61,OSM: nave_industrial | 0.6 ha | Sevilla,2.67,,,175,0.76,nodo_206128450,44.7,1544642,4.55,SEUR Hub Sevilla,84,True,4.91,83.0,2.67,Sevilla,F4(nursing_home a 175 m (mín 200 m)),False,False
Poligono_Nave_industrial_063,37.291797,-6.897511,Huelva,nave_industrial,0.61,OSM: nave_industrial | 0.6 ha | Huelva,1.67,1747,453,,1.72,80,11.9,332059,81.39,Amazon DSP Sevilla,1905,True,4.7,62.6,5.98,Huelva,,True,True
Poligono_Nave_industrial_064,37.610996,-4.734442,Córdoba,nave_industrial,0.6,OSM: nave_industrial | 0.6 ha | Córdoba,10.67,,,0,3.14,27,17.9,145998,23.94,Correos Express Hub Córdoba,278,True,8.97,16.4,31.08,Córdoba,F1(pendiente=10.7%) | F4(residential a 0 m (mín 200 m)),False,False
Poligono_Nave_industrial_065,37.499631,-6.012193,Sevilla,nave_industrial,0.6,OSM: nave_industrial | 0.6 ha | Sevilla,1.67,,203,,5.04,805,43.8,1445497,16.14,SEUR Hub Sevilla,2803,True,14.86,80.0,12.67,Sevilla,,True,True
Poligono_Nave_industrial_066,36.712054,-6.126514,Cádiz,nave_industrial,0.59,OSM: nave_industrial | 0.6 ha | Cádiz,3.67,2466,,,0.53,635,25.0,735026,14.08,Amazon El Puerto de Santa María (Cádiz),812,True,3.75,63.8,3.47,Jerez de la Frontera,F1(pendiente=3.7%),False,False
Poligono_Nave_industrial_067,37.393539,-5.956584,Sevilla,nave_industrial,0.59,OSM: nave_industrial | 0.6 ha | Sevilla,1.0,,,278,1.1,nodo_206120407,44.9,1536349,3.52,SEUR Hub Sevilla,182,True,4.1,82.3,2.22,Dos Hermanas,,True,True
Poligono_Nave_industrial_068,36.281102,-5.429439,Cádiz,nave_industrial,0.58,OSM: nave_industrial | 0.6 ha | Cádiz,4.33,94,71,238,8.43,116,9.6,264796,79.61,Amazon El Puerto de Santa María (Cádiz),3838,True,13.94,61.2,77.39,Jerez de la Frontera,F1(pendiente=4.3%) | F2(ENP a 94 m (mín 500 m): Parque Natural los Alcorno) | F3(Agua a 71 m (mín 140 m)) | F12(Jerez de la Frontera 77.4 km>50.0 km),False,False
Poligono_Nave_industrial_069,36.866014,-5.645709,Cádiz,nave_industrial,0.58,OSM: nave_industrial | 0.6 ha | Cádiz,13.33,,490,0,17.46,27,36.6,128756,58.56,Amazon El Puerto de Santa María (Cádiz),1457,True,35.21,6.8,48.31,Jerez de la Frontera,F1(pendiente=13.3%) | F4(residential a 0 m (mín 200 m)) | F5(17.5 km>15.0 km),False,False
Poligono_Nave_industrial_070,37.304813,-6.374002,Huelva,nave_industrial,0.58,OSM: nave_industrial | 0.6 ha | Huelva,2.67,2096,,,5.56,34,48.9,412470,35.2,Amazon DSP Sevilla,4109,True,20.96,19.7,35.85,Sevilla,,True,False
Poligono_Nave_industrial_071,37.687107,-4.476611,Córdoba,nave_industrial,0.57,OSM: nave_industrial | 0.6 ha | Córdoba,2.0,,143,0,20.82,27,16.2,132942,32.04,Correos Express Hub Córdoba,,False,21.13,16.3,34.76,Córdoba,F4(residential a 0 m (mín 200 m)) | F5(20.8 km>15.0 km),False,False
Poligono_Nave_industrial_072,37.783111,-6.80257,Huelva,nave_industrial,0.57,OSM: nave_industrial | 0.6 ha | Huelva,6.67,,279,142,49.15,87,9.6,60673,87.04,Amazon DSP Sevilla,133,True,43.16,13.5,59.56,Huelva,F1(pendiente=6.7%) | F4(residential a 142 m (mín 200 m)) | F5(49.1 km>15.0 km) | F12(Huelva 59.6 km>50.0 km),False,False
Poligono_Nave_industrial_073,37.311385,-6.845259,Huelva,nave_industrial,0.57,OSM: nave_industrial | 0.6 ha | Huelva,1.33,,75,0,1.28,75,13.8,334187,76.62,Amazon DSP Sevilla,467,True,7.49,54.5,11.05,Huelva,F3(Agua a 75 m (mín 140 m)) | F4(residential a 0 m (mín 200 m)),False,False
Poligono_Nave_industrial_074,37.537237,-6.034324,Sevilla,nave_industrial,0.55,OSM: nave_industrial | 0.6 ha | Sevilla,2.0,,185,,4.33,798,43.5,1364534,20.75,SEUR Hub Sevilla,3040,True,17.88,76.7,17.2,Sevilla,,True,False
Kaura Coproducts (C3),37.488681,-6.094368,Sevilla,nave_industrial,0.55,OSM: nave_industrial | 0.6 ha | Sevilla,3.0,,95,,2.95,798,43.9,1418427,18.43,Amazon DSP Sevilla,970,True,15.59,78.6,14.92,Sevilla,F3(Agua a 95 m (mín 140 m)),False,False
Poligono_Nave_industrial_075,37.396757,-5.945927,Sevilla,nave_industrial,0.54,OSM: nave_industrial | 0.5 ha | Sevilla,2.33,,,174,0.15,nodo_206120407,44.8,1541021,3.29,SEUR Hub Sevilla,386,True,4.65,82.6,3.23,Dos Hermanas,F4(school a 174 m (mín 200 m)),False,False
Cernaval,36.174359,-5.378589,Cádiz,almacen,0.54,OSM: almacen | 0.5 ha | Cádiz,3.0,,,80,0.98,3,8.4,274460,89.55,Amazon El Puerto de Santa María (Cádiz),397,True,16.21,72.9,88.26,Jerez de la Frontera,F4(residential a 80 m (mín 200 m)) | F12(Jerez de la Frontera 88.3 km>50.0 km),False,False
Poligono_Nave_industrial_076,37.381171,-5.917635,Sevilla,nave_industrial,0.53,OSM: nave_industrial | 0.5 ha | Sevilla,2.0,,,,1.64,nodo_249613175,45.0,1540882,1.65,SEUR Hub Sevilla,710,True,4.47,82.3,5.54,Dos Hermanas,,True,True
Poligono_Nave_industrial_077,37.906883,-4.71003,Córdoba,nave_industrial,0.53,OSM: nave_industrial | 0.5 ha | Córdoba,5.0,,479,84,2.1,396,16.5,376336,12.48,Correos Express Hub Córdoba,981,True,14.5,53.7,6.43,Córdoba,F1(pendiente=5.0%) | F4(residential a 84 m (mín 200 m)),False,False
Poligono_Nave_industrial_078,36.714012,-6.109703,Cádiz,nave_industrial,0.53,OSM: nave_industrial | 0.5 ha | Cádiz,2.67,,,,0.34,633,25.1,740542,15.18,Amazon El Puerto de Santa María (Cádiz),821,True,3.25,64.1,4.31,Jerez de la Frontera,,True,True
Poligono_Nave_industrial_079,37.319066,-6.823348,Huelva,nave_industrial,0.52,OSM: nave_industrial | 0.5 ha | Huelva,2.33,,,,1.38,75,14.2,349469,74.64,Amazon DSP Sevilla,1996,True,7.08,55.2,13.15,Huelva,,True,False
Poligono_Nave_industrial_080,37.444923,-4.215837,Córdoba,nave_industrial,0.51,OSM: nave_industrial | 0.5 ha | Córdoba,13.0,2001,227,118,21.22,47,6.4,133778,46.8,Amazon DQA8 Escúzar (Granada),2283,True,30.57,41.2,69.93,Córdoba,F1(pendiente=13.0%) | F4(residential a 118 m (mín 200 m)) | F5(21.2 km>15.0 km) | F12(Córdoba 69.9 km>50.0 km),False,False
Poligono_Almacen_005,37.91614,-4.725628,Córdoba,almacen,0.51,OSM: almacen | 0.5 ha | Córdoba,5.0,,61,387,2.46,398,16.5,374143,12.53,Correos Express Hub Córdoba,1269,True,14.58,53.5,5.65,Córdoba,F1(pendiente=5.0%) | F3(Agua a 61 m (mín 140 m)),False,False
